<?xml version="1.0" encoding="UTF-8" standalone="no"?><gpx xmlns="http://www.topografix.com/GPX/1/1" xmlns:gpxtpx="http://www.garmin.com/xmlschemas/TrackPointExtension/v1" xmlns:xsi="http://www.w3.org/2001/XMLSchema-instance" creator="Suunto app" version="1.1" xsi:schemaLocation="http://www.topografix.com/GPX/1/1 http://www.topografix.com/GPX/1/1/gpx.xsd http://www.garmin.com/xmlschemas/TrackPointExtension/v1 http://www.garmin.com/xmlschemas/TrackPointExtensionv1.xsd"><metadata><name>suuntoapp-Running-2020-01-01T00-00-00Z</name><desc/><author><name>synthetic</name></author></metadata><rte><name>suuntoapp-Running-2020-01-01T00-00-00Z</name><rtept lat="27.55849" lon="109.976756"><ele>40.0</ele></rtept><rtept lat="27.55862" lon="109.976753"><ele>40.1</ele></rtept><rtept lat="27.558756" lon="109.976744"><ele>40.1</ele></rtept><rtept lat="27.558891" lon="109.976728"><ele>40.2</ele></rtept><rtept lat="27.55902" lon="109.97671"><ele>40.3</ele></rtept><rtept lat="27.559157" lon="109.976679"><ele>40.3</ele></rtept><rtept lat="27.559288" lon="109.976645"><ele>40.4</ele></rtept><rtept lat="27.559418" lon="109.97660"><ele>40.4</ele></rtept><rtept lat="27.559547" lon="109.976559"><ele>40.5</ele></rtept><rtept lat="27.55967" lon="109.976507"><ele>40.6</ele></rtept><rtept lat="27.559799" lon="109.976449"><ele>40.6</ele></rtept><rtept lat="27.559921" lon="109.9764"><ele>40.7</ele></rtept><rtept lat="27.560042" lon="109.976317"><ele>40.8</ele></rtept><rtept lat="27.560159" lon="109.976243"><ele>40.8</ele></rtept><rtept lat="27.560274" lon="109.976163"><ele>40.9</ele></rtept><rtept lat="27.560386" lon="109.976078"><ele>40.9</ele></rtept><rtept lat="27.560" lon="109.9760"><ele>41.0</ele></rtept><rtept lat="27.560600" lon="109.975893"><ele>41.0</ele></rtept><rtept lat="27.560702" lon="109.975793"><ele>41.1</ele></rtept><rtept lat="27.560800" lon="109.97569"><ele>41.2</ele></rtept><rtept lat="27.560894" lon="109.97558"><ele>41.2</ele></rtept><rtept lat="27.56098" lon="109.975466"><ele>41.3</ele></rtept><rtept lat="27.561070" lon="109.975349"><ele>41.3</ele></rtept><rtept lat="27.561152" lon="109.975228"><ele>41.4</ele></rtept><rtept lat="27.561229" lon="109.975103"><ele>41.4</ele></rtept><rtept lat="27.561302" lon="109.974975"><ele>41.4</ele></rtept><rtept lat="27.561370" lon="109.974844"><ele>41.5</ele></rtept><rtept lat="27.561433" lon="109.974709"><ele>41.5</ele></rtept><rtept lat="27.561491" lon="109.974572"><ele>41.6</ele></rtept><rtept lat="27.561544" lon="109.974432"><ele>41.6</ele></rtept><rtept lat="27.561592" lon="109.974290"><ele>41.6</ele></rtept><rtept lat="27.561635" lon="109.974146"><ele>41.7</ele></rtept><rtept lat="27.561673" lon="109.973999"><ele>41.7</ele></rtept><rtept lat="27.561705" lon="109.973852"><ele>41.7</ele></rtept><rtept lat="27.561732" lon="109.97370"><ele>41.8</ele></rtept><rtept lat="27.561753" lon="109.973552"><ele>41.8</ele></rtept><rtept lat="27.561769" lon="109.973401"><ele>41.8</ele></rtept><rtept lat="27.561780" lon="109.97325"><ele>41.9</ele></rtept><rtept lat="27.561785" lon="109.97310"><ele>41.9</ele></rtept><rtept lat="27.561784" lon="109.972945"><ele>41.9</ele></rtept><rtept lat="27.561778" lon="109.972793"><ele>41.9</ele></rtept><rtept lat="27.561767" lon="109.972642"><ele>41.9</ele></rtept><rtept lat="27.56175" lon="109.97249"><ele>42.0</ele></rtept><rtept lat="27.561727" lon="109.972341"><ele>42.0</ele></rtept><rtept lat="27.561699" lon="109.972192"><ele>42.0</ele></rtept><rtept lat="27.561666" lon="109.972045"><ele>42.0</ele></rtept><rtept lat="27.561627" lon="109.971899"><ele>42.0</ele></rtept><rtept lat="27.561584" lon="109.971755"><ele>42.0</ele></rtept><rtept lat="27.561535" lon="109.9716"><ele>42.0</ele></rtept><rtept lat="27.561480" lon="109.971474"><ele>42.0</ele></rtept><rtept lat="27.561421" lon="109.971337"><ele>42.0</ele></rtept><rtept lat="27.561357" lon="109.971203"><ele>42.0</ele></rtept><rtept lat="27.561288" lon="109.971072"><ele>42.0</ele></rtept><rtept lat="27.561215" lon="109.970945"><ele>42.0</ele></rtept><rtept lat="27.561137" lon="109.970821"><ele>42.0</ele></rtept><rtept lat="27.561054" lon="109.970700"><ele>42.0</ele></rtept><rtept lat="27.560967" lon="109.970584"><ele>41.9</ele></rtept><rtept lat="27.560876" lon="109.970471"><ele>41.9</ele></rtept><rtept lat="27.560782" lon="109.970363"><ele>41.9</ele></rtept><rtept lat="27.560683" lon="109.970260"><ele>41.9</ele></rtept><rtept lat="27.560580" lon="109.970161"><ele>41.9</ele></rtept><rtept lat="27.560474" lon="109.970067"><ele>41.8</ele></rtept><rtept lat="27.560365" lon="109.969978"><ele>41.8</ele></rtept><rtept lat="27.560253" lon="109.969894"><ele>41.8</ele></rtept><rtept lat="27.560137" lon="109.969815"><ele>41.8</ele></rtept><rtept lat="27.56002" lon="109.96974"><ele>41.7</ele></rtept><rtept lat="27.559898" lon="109.96967"><ele>41.7</ele></rtept><rtept lat="27.559775" lon="109.969611"><ele>41.7</ele></rtept><rtept lat="27.559650" lon="109.969555"><ele>41.6</ele></rtept><rtept lat="27.559523" lon="109.96950"><ele>41.6</ele></rtept><rtept lat="27.559394" lon="109.969459"><ele>41.5</ele></rtept><rtept lat="27.559264" lon="109.969420"><ele>41.5</ele></rtept><rtept lat="27.559132" lon="109.969387"><ele>41.5</ele></rtept><rtept lat="27.55900" lon="109.969361"><ele>41.4</ele></rtept><rtept lat="27.558865" lon="109.969340"><ele>41.4</ele></rtept><rtept lat="27.558731" lon="109.969326"><ele>41.3</ele></rtept><rtept lat="27.55860" lon="109.969318"><ele>41.3</ele></rtept><rtept lat="27.558461" lon="109.96932"><ele>41.2</ele></rtept><rtept lat="27.558327" lon="109.969320"><ele>41.2</ele></rtept><rtept lat="27.558192" lon="109.969330"><ele>41.1</ele></rtept><rtept lat="27.55806" lon="109.969347"><ele>41.1</ele></rtept><rtept lat="27.557925" lon="109.96937"><ele>41.0</ele></rtept><rtept lat="27.557792" lon="109.969399"><ele>41.0</ele></rtept><rtept lat="27.557661" lon="109.969434"><ele>40.9</ele></rtept><rtept lat="27.557531" lon="109.969475"><ele>40.8</ele></rtept><rtept lat="27.55740" lon="109.969522"><ele>40.8</ele></rtept><rtept lat="27.557276" lon="109.96958"><ele>40.7</ele></rtept><rtept lat="27.557152" lon="109.969634"><ele>40.7</ele></rtept><rtept lat="27.557030" lon="109.969698"><ele>40.6</ele></rtept><rtept lat="27.556910" lon="109.96977"><ele>40.5</ele></rtept><rtept lat="27.55679" lon="109.969844"><ele>40.5</ele></rtept><rtept lat="27.556679" lon="109.96992"><ele>40.4</ele></rtept><rtept lat="27.556567" lon="109.970011"><ele>40.3</ele></rtept><rtept lat="27.556459" lon="109.97010"><ele>40.3</ele></rtept><rtept lat="27.556355" lon="109.970198"><ele>40.2</ele></rtept><rtept lat="27.55625" lon="109.970298"><ele>40.2</ele></rtept><rtept lat="27.556156" lon="109.970404"><ele>40.1</ele></rtept><rtept lat="27.556063" lon="109.97051"><ele>40.0</ele></rtept><rtept lat="27.555973" lon="109.970627"><ele>40.0</ele></rtept><rtept lat="27.555888" lon="109.970745"><ele>39.9</ele></rtept><rtept lat="27.555807" lon="109.970867"><ele>39.8</ele></rtept><rtept lat="27.555731" lon="109.97099"><ele>39.8</ele></rtept><rtept lat="27.555659" lon="109.97112"><ele>39.7</ele></rtept><rtept lat="27.555592" lon="109.971253"><ele>39.6</ele></rtept><rtept lat="27.555530" lon="109.971388"><ele>39.6</ele></rtept><rtept lat="27.555473" lon="109.971526"><ele>39.5</ele></rtept><rtept lat="27.555420" lon="109.971667"><ele>39.5</ele></rtept><rtept lat="27.555373" lon="109.971809"><ele>39.4</ele></rtept><rtept lat="27.555331" lon="109.97195"><ele>39.3</ele></rtept><rtept lat="27.55529" lon="109.972100"><ele>39.3</ele></rtept><rtept lat="27.555264" lon="109.972248"><ele>39.2</ele></rtept><rtept lat="27.555238" lon="109.97240"><ele>39.1</ele></rtept><rtept lat="27.555217" lon="109.97255"><ele>39.1</ele></rtept><rtept lat="27.555202" lon="109.972699"><ele>39.0</ele></rtept><rtept lat="27.555193" lon="109.972851"><ele>39.0</ele></rtept><rtept lat="27.555189" lon="109.973003"><ele>38.9</ele></rtept><rtept lat="27.555190" lon="109.973155"><ele>38.9</ele></rtept><rtept lat="27.555198" lon="109.973307"><ele>38.8</ele></rtept><rtept lat="27.55521" lon="109.9735"><ele>38.8</ele></rtept><rtept lat="27.55523" lon="109.973609"><ele>38.7</ele></rtept><rtept lat="27.555252" lon="109.97376"><ele>38.7</ele></rtept><rtept lat="27.555281" lon="109.973908"><ele>38.6</ele></rtept><rtept lat="27.555315" lon="109.974055"><ele>38.6</ele></rtept><rtept lat="27.555355" lon="109.97420"><ele>38.5</ele></rtept><rtept lat="27.555399" lon="109.974344"><ele>38.5</ele></rtept><rtept lat="27.555449" lon="109.974485"><ele>38.4</ele></rtept><rtept lat="27.555504" lon="109.974624"><ele>38.4</ele></rtept><rtept lat="27.555564" lon="109.974760"><ele>38.4</ele></rtept><rtept lat="27.555629" lon="109.974894"><ele>38.3</ele></rtept><rtept lat="27.55570" lon="109.975024"><ele>38.3</ele></rtept><rtept lat="27.555774" lon="109.975151"><ele>38.3</ele></rtept><rtept lat="27.555852" lon="109.975274"><ele>38.2</ele></rtept><rtept lat="27.555936" lon="109.975394"><ele>38.2</ele></rtept><rtept lat="27.556023" lon="109.975510"><ele>38.2</ele></rtept><rtept lat="27.55612" lon="109.975621"><ele>38.2</ele></rtept><rtept lat="27.556211" lon="109.975728"><ele>38.1</ele></rtept><rtept lat="27.556310" lon="109.975831"><ele>38.1</ele></rtept><rtept lat="27.556414" lon="109.975929"><ele>38.1</ele></rtept><rtept lat="27.556520" lon="109.976022"><ele>38.1</ele></rtept><rtept lat="27.556630" lon="109.976111"><ele>38.1</ele></rtept><rtept lat="27.556743" lon="109.97619"><ele>38.0</ele></rtept><rtept lat="27.556859" lon="109.9763"><ele>38.0</ele></rtept><rtept lat="27.556978" lon="109.976344"><ele>38.0</ele></rtept><rtept lat="27.557099" lon="109.976411"><ele>38.0</ele></rtept><rtept lat="27.557222" lon="109.976472"><ele>38.0</ele></rtept><rtept lat="27.557348" lon="109.976527"><ele>38.0</ele></rtept><rtept lat="27.557475" lon="109.976577"><ele>38.0</ele></rtept><rtept lat="27.557605" lon="109.976621"><ele>38.0</ele></rtept><rtept lat="27.55774" lon="109.976658"><ele>38.0</ele></rtept><rtept lat="27.55787" lon="109.976690"><ele>38.0</ele></rtept><rtept lat="27.558000" lon="109.976716"><ele>38.0</ele></rtept><rtept lat="27.558134" lon="109.976735"><ele>38.0</ele></rtept><rtept lat="27.558268" lon="109.976748"><ele>38.0</ele></rtept><rtept lat="27.558403" lon="109.976755"><ele>38.0</ele></rtept><rtept lat="27.558538" lon="109.976756"><ele>38.1</ele></rtept><rtept lat="27.558673" lon="109.976750"><ele>38.1</ele></rtept><rtept lat="27.558807" lon="109.976739"><ele>38.1</ele></rtept><rtept lat="27.558941" lon="109.976721"><ele>38.1</ele></rtept><rtept lat="27.559074" lon="109.976697"><ele>38.1</ele></rtept><rtept lat="27.55921" lon="109.976667"><ele>38.2</ele></rtept><rtept lat="27.559338" lon="109.97663"><ele>38.2</ele></rtept><rtept lat="27.559467" lon="109.97659"><ele>38.2</ele></rtept><rtept lat="27.559595" lon="109.97654"><ele>38.3</ele></rtept><rtept lat="27.559721" lon="109.976486"><ele>38.3</ele></rtept><rtept lat="27.559845" lon="109.976426"><ele>38.3</ele></rtept><rtept lat="27.559967" lon="109.976361"><ele>38.4</ele></rtept><rtept lat="27.56009" lon="109.976290"><ele>38.4</ele></rtept><rtept lat="27.560203" lon="109.976213"><ele>38.4</ele></rtept><rtept lat="27.560317" lon="109.976131"><ele>38.5</ele></rtept><rtept lat="27.560427" lon="109.976044"><ele>38.5</ele></rtept><rtept lat="27.560535" lon="109.975952"><ele>38.6</ele></rtept><rtept lat="27.560639" lon="109.975855"><ele>38.6</ele></rtept><rtept lat="27.560739" lon="109.975754"><ele>38.7</ele></rtept><rtept lat="27.560836" lon="109.975648"><ele>38.7</ele></rtept><rtept lat="27.560929" lon="109.975537"><ele>38.8</ele></rtept><rtept lat="27.561" lon="109.975422"><ele>38.8</ele></rtept><rtept lat="27.56110" lon="109.975304"><ele>38.9</ele></rtept><rtept lat="27.561182" lon="109.975181"><ele>38.9</ele></rtept><rtept lat="27.561257" lon="109.97506"><ele>39.0</ele></rtept><rtept lat="27.56133" lon="109.97493"><ele>39.0</ele></rtept><rtept lat="27.561394" lon="109.97479"><ele>39.1</ele></rtept><rtept lat="27.561455" lon="109.974658"><ele>39.1</ele></rtept><rtept lat="27.561512" lon="109.97452"><ele>39.2</ele></rtept><rtept lat="27.561563" lon="109.974379"><ele>39.3</ele></rtept><rtept lat="27.561609" lon="109.974236"><ele>39.3</ele></rtept><rtept lat="27.561650" lon="109.974091"><ele>39.4</ele></rtept><rtept lat="27.561685" lon="109.973944"><ele>39.4</ele></rtept><rtept lat="27.561716" lon="109.973796"><ele>39.5</ele></rtept><rtept lat="27.561741" lon="109.97365"><ele>39.6</ele></rtept><rtept lat="27.561760" lon="109.973495"><ele>39.6</ele></rtept><rtept lat="27.561774" lon="109.973344"><ele>39.7</ele></rtept><rtept lat="27.561782" lon="109.97319"><ele>39.8</ele></rtept><rtept lat="27.561785" lon="109.973040"><ele>39.8</ele></rtept><rtept lat="27.561783" lon="109.972888"><ele>39.9</ele></rtept><rtept lat="27.561774" lon="109.972736"><ele>39.9</ele></rtept><rtept lat="27.5618" lon="109.972585"><ele>40.0</ele></rtept><rtept lat="27.56174" lon="109.972434"><ele>40.1</ele></rtept><rtept lat="27.561717" lon="109.972284"><ele>40.1</ele></rtept><rtept lat="27.56169" lon="109.972136"><ele>40.2</ele></rtept><rtept lat="27.561652" lon="109.971989"><ele>40.3</ele></rtept><rtept lat="27.561611" lon="109.97184"><ele>40.3</ele></rtept><rtept lat="27.561566" lon="109.971701"><ele>40.4</ele></rtept><rtept lat="27.561515" lon="109.971560"><ele>40.5</ele></rtept><rtept lat="27.561459" lon="109.971422"><ele>40.5</ele></rtept><rtept lat="27.56140" lon="109.971286"><ele>40.6</ele></rtept><rtept lat="27.561332" lon="109.971153"><ele>40.6</ele></rtept><rtept lat="27.561261" lon="109.971024"><ele>40.7</ele></rtept><rtept lat="27.561186" lon="109.970897"><ele>40.8</ele></rtept><rtept lat="27.561106" lon="109.970775"><ele>40.8</ele></rtept><rtept lat="27.561022" lon="109.970656"><ele>40.9</ele></rtept><rtept lat="27.560934" lon="109.970541"><ele>40.9</ele></rtept><rtept lat="27.560841" lon="109.970430"><ele>41.0</ele></rtept><rtept lat="27.561" lon="109.970324"><ele>41.1</ele></rtept><rtept lat="27.560644" lon="109.970222"><ele>41.1</ele></rtept><rtept lat="27.560541" lon="109.97012"><ele>41.2</ele></rtept><rtept lat="27.560433" lon="109.970032"><ele>41.2</ele></rtept><rtept lat="27.560323" lon="109.969945"><ele>41.3</ele></rtept><rtept lat="27.560209" lon="109.969863"><ele>41.3</ele></rtept><rtept lat="27.560093" lon="109.969786"><ele>41.4</ele></rtept><rtept lat="27.559974" lon="109.969715"><ele>41.4</ele></rtept><rtept lat="27.559852" lon="109.969649"><ele>41.5</ele></rtept><rtept lat="27.559728" lon="109.969589"><ele>41.5</ele></rtept><rtept lat="27.559602" lon="109.96953"><ele>41.5</ele></rtept><rtept lat="27.559474" lon="109.969486"><ele>41.6</ele></rtept><rtept lat="27.559345" lon="109.969444"><ele>41.6</ele></rtept><rtept lat="27.559214" lon="109.969407"><ele>41.7</ele></rtept><rtept lat="27.55908" lon="109.969377"><ele>41.7</ele></rtept><rtept lat="27.558949" lon="109.969352"><ele>41.7</ele></rtept><rtept lat="27.558815" lon="109.969334"><ele>41.8</ele></rtept><rtept lat="27.55868" lon="109.969322"><ele>41.8</ele></rtept><rtept lat="27.558545" lon="109.969316"><ele>41.8</ele></rtept><rtept lat="27.5584" lon="109.969317"><ele>41.8</ele></rtept><rtept lat="27.558276" lon="109.969323"><ele>41.9</ele></rtept><rtept lat="27.55814" lon="109.969336"><ele>41.9</ele></rtept><rtept lat="27.558007" lon="109.969355"><ele>41.9</ele></rtept><rtept lat="27.557874" lon="109.969380"><ele>41.9</ele></rtept><rtept lat="27.557742" lon="109.969412"><ele>41.9</ele></rtept><rtept lat="27.55761" lon="109.969449"><ele>42.0</ele></rtept><rtept lat="27.557482" lon="109.969492"><ele>42.0</ele></rtept><rtept lat="27.55735" lon="109.969542"><ele>42.0</ele></rtept><rtept lat="27.557229" lon="109.969597"><ele>42.0</ele></rtept><rtept lat="27.557105" lon="109.96966"><ele>42.0</ele></rtept><rtept lat="27.556984" lon="109.969724"><ele>42.0</ele></rtept><rtept lat="27.556865" lon="109.969796"><ele>42.0</ele></rtept><rtept lat="27.55675" lon="109.969874"><ele>42.0</ele></rtept><rtept lat="27.556636" lon="109.969957"><ele>42.0</ele></rtept><rtept lat="27.55653" lon="109.97004"><ele>42.0</ele></rtept><rtept lat="27.55642" lon="109.970137"><ele>42.0</ele></rtept><rtept lat="27.55632" lon="109.970235"><ele>42.0</ele></rtept><rtept lat="27.556216" lon="109.970338"><ele>42.0</ele></rtept><rtept lat="27.556120" lon="109.970445"><ele>42.0</ele></rtept><rtept lat="27.556028" lon="109.970556"><ele>41.9</ele></rtept><rtept lat="27.55594" lon="109.970672"><ele>41.9</ele></rtept><rtept lat="27.555857" lon="109.970791"><ele>41.9</ele></rtept><rtept lat="27.555778" lon="109.970914"><ele>41.9</ele></rtept><rtept lat="27.555703" lon="109.971041"><ele>41.9</ele></rtept><rtept lat="27.555633" lon="109.971171"><ele>41.8</ele></rtept><rtept lat="27.555568" lon="109.971304"><ele>41.8</ele></rtept><rtept lat="27.555508" lon="109.971440"><ele>41.8</ele></rtept><rtept lat="27.555452" lon="109.971579"><ele>41.8</ele></rtept><rtept lat="27.555402" lon="109.97172"><ele>41.7</ele></rtept><rtept lat="27.555357" lon="109.97186"><ele>41.7</ele></rtept><rtept lat="27.555317" lon="109.972009"><ele>41.7</ele></rtept><rtept lat="27.555282" lon="109.972156"><ele>41.6</ele></rtept><rtept lat="27.555253" lon="109.9723"><ele>41.6</ele></rtept><rtept lat="27.555229" lon="109.972454"><ele>41.5</ele></rtept><rtept lat="27.555211" lon="109.972605"><ele>41.5</ele></rtept><rtept lat="27.55520" lon="109.972756"><ele>41.5</ele></rtept><rtept lat="27.555191" lon="109.972908"><ele>41.4</ele></rtept><rtept lat="27.555189" lon="109.973061"><ele>41.4</ele></rtept><rtept lat="27.555192" lon="109.973213"><ele>41.3</ele></rtept><rtept lat="27.555202" lon="109.973364"><ele>41.3</ele></rtept><rtept lat="27.555216" lon="109.973516"><ele>41.2</ele></rtept><rtept lat="27.555236" lon="109.973666"><ele>41.2</ele></rtept><rtept lat="27.555262" lon="109.973816"><ele>41.1</ele></rtept><rtept lat="27.555293" lon="109.97396"><ele>41.1</ele></rtept><rtept lat="27.555329" lon="109.974110"><ele>41.0</ele></rtept><rtept lat="27.555371" lon="109.974255"><ele>40.9</ele></rtept><rtept lat="27.555418" lon="109.974398"><ele>40.9</ele></rtept><rtept lat="27.55547" lon="109.974538"><ele>40.8</ele></rtept><rtept lat="27.555527" lon="109.974676"><ele>40.8</ele></rtept><rtept lat="27.555588" lon="109.974811"><ele>40.7</ele></rtept><rtept lat="27.555655" lon="109.97494"><ele>40.6</ele></rtept><rtept lat="27.555727" lon="109.975072"><ele>40.6</ele></rtept><rtept lat="27.55580" lon="109.975198"><ele>40.5</ele></rtept><rtept lat="27.555883" lon="109.975320"><ele>40.5</ele></rtept><rtept lat="27.555968" lon="109.975438"><ele>40.4</ele></rtept><rtept lat="27.55606" lon="109.975552"><ele>40.3</ele></rtept><rtept lat="27.556151" lon="109.97566"><ele>40.3</ele></rtept><rtept lat="27.556" lon="109.975768"><ele>40.2</ele></rtept><rtept lat="27.556349" lon="109.975869"><ele>40.1</ele></rtept><rtept lat="27.55645" lon="109.975965"><ele>40.1</ele></rtept><rtept lat="27.556561" lon="109.976056"><ele>40.0</ele></rtept><rtept lat="27.556672" lon="109.976143"><ele>39.9</ele></rtept><rtept lat="27.556787" lon="109.976224"><ele>39.9</ele></rtept><rtept lat="27.556904" lon="109.976299"><ele>39.8</ele></rtept><rtept lat="27.55702" lon="109.976370"><ele>39.8</ele></rtept><rtept lat="27.557145" lon="109.976"><ele>39.7</ele></rtept><rtept lat="27.557270" lon="109.976494"><ele>39.6</ele></rtept><rtept lat="27.5574" lon="109.976547"><ele>39.6</ele></rtept><rtept lat="27.557524" lon="109.976594"><ele>39.5</ele></rtept><rtept lat="27.55765" lon="109.976636"><ele>39.4</ele></rtept><rtept lat="27.557785" lon="109.97667"><ele>39.4</ele></rtept><rtept lat="27.557917" lon="109.976700"><ele>39.3</ele></rtept><rtept lat="27.558051" lon="109.976724"><ele>39.3</ele></rtept><rtept lat="27.55818" lon="109.976741"><ele>39.2</ele></rtept><rtept lat="27.558319" lon="109.976751"><ele>39.1</ele></rtept><rtept lat="27.558454" lon="109.976756"><ele>39.1</ele></rtept><rtept lat="27.558589" lon="109.976754"><ele>39.0</ele></rtept><rtept lat="27.558724" lon="109.976747"><ele>39.0</ele></rtept><rtept lat="27.558858" lon="109.9767"><ele>38.9</ele></rtept><rtept lat="27.558992" lon="109.97671"><ele>38.9</ele></rtept><rtept lat="27.559125" lon="109.976686"><ele>38.8</ele></rtept><rtept lat="27.559256" lon="109.976654"><ele>38.8</ele></rtept><rtept lat="27.559387" lon="109.976615"><ele>38.7</ele></rtept><rtept lat="27.55952" lon="109.976571"><ele>38.7</ele></rtept><rtept lat="27.559643" lon="109.976520"><ele>38.6</ele></rtept><rtept lat="27.559768" lon="109.976464"><ele>38.6</ele></rtept><rtept lat="27.559892" lon="109.976402"><ele>38.5</ele></rtept><rtept lat="27.560012" lon="109.976334"><ele>38.5</ele></rtept><rtept lat="27.560131" lon="109.976261"><ele>38.4</ele></rtept><rtept lat="27.560246" lon="109.976183"><ele>38.4</ele></rtept><rtept lat="27.560359" lon="109.976099"><ele>38.4</ele></rtept><rtept lat="27.560468" lon="109.97601"><ele>38.3</ele></rtept><rtept lat="27.560575" lon="109.975916"><ele>38.3</ele></rtept><rtept lat="27.560677" lon="109.975818"><ele>38.3</ele></rtept><rtept lat="27.560776" lon="109.97571"><ele>38.2</ele></rtept><rtept lat="27.560871" lon="109.97561"><ele>38.2</ele></rtept><rtept lat="27.560963" lon="109.975494"><ele>38.2</ele></rtept><rtept lat="27.561050" lon="109.975378"><ele>38.1</ele></rtept><rtept lat="27.56113" lon="109.975258"><ele>38.1</ele></rtept><rtept lat="27.561211" lon="109.975134"><ele>38.1</ele></rtept><rtept lat="27.561284" lon="109.975007"><ele>38.1</ele></rtept><rtept lat="27.561354" lon="109.974876"><ele>38.1</ele></rtept><rtept lat="27.561418" lon="109.974742"><ele>38.0</ele></rtept><rtept lat="27.56148" lon="109.97461"><ele>38.0</ele></rtept><rtept lat="27.561532" lon="109.974466"><ele>38.0</ele></rtept><rtept lat="27.56158" lon="109.974325"><ele>38.0</ele></rtept><rtept lat="27.561625" lon="109.974181"><ele>38.0</ele></rtept><rtept lat="27.56166" lon="109.97404"><ele>38.0</ele></rtept><rtept lat="27.56170" lon="109.973888"><ele>38.0</ele></rtept><rtept lat="27.561726" lon="109.973739"><ele>38.0</ele></rtept><rtept lat="27.561749" lon="109.973589"><ele>38.0</ele></rtept><rtept lat="27.56177" lon="109.973438"><ele>38.0</ele></rtept><rtept lat="27.561778" lon="109.973287"><ele>38.0</ele></rtept><rtept lat="27.561784" lon="109.97313"><ele>38.0</ele></rtept><rtept lat="27.56178" lon="109.972983"><ele>38.0</ele></rtept><rtept lat="27.561780" lon="109.972830"><ele>38.0</ele></rtept><rtept lat="27.561770" lon="109.972679"><ele>38.1</ele></rtept><rtept lat="27.561754" lon="109.972528"><ele>38.1</ele></rtept><rtept lat="27.561733" lon="109.97238"><ele>38.1</ele></rtept><rtept lat="27.56171" lon="109.97223"><ele>38.1</ele></rtept><rtept lat="27.561675" lon="109.97208"><ele>38.1</ele></rtept><rtept lat="27.561637" lon="109.971934"><ele>38.2</ele></rtept><rtept lat="27.561595" lon="109.971790"><ele>38.2</ele></rtept><rtept lat="27.561547" lon="109.971648"><ele>38.2</ele></rtept><rtept lat="27.561494" lon="109.971508"><ele>38.2</ele></rtept><rtept lat="27.56144" lon="109.971370"><ele>38.3</ele></rtept><rtept lat="27.561373" lon="109.971236"><ele>38.3</ele></rtept><rtept lat="27.561306" lon="109.971104"><ele>38.3</ele></rtept><rtept lat="27.561233" lon="109.97098"><ele>38.4</ele></rtept><rtept lat="27.561156" lon="109.970851"><ele>38.4</ele></rtept><rtept lat="27.56107" lon="109.970729"><ele>38.4</ele></rtept><rtept lat="27.560989" lon="109.970612"><ele>38.5</ele></rtept><rtept lat="27.560899" lon="109.970498"><ele>38.5</ele></rtept><rtept lat="27.560805" lon="109.970389"><ele>38.6</ele></rtept><rtept lat="27.560707" lon="109.970285"><ele>38.6</ele></rtept><rtept lat="27.560606" lon="109.970185"><ele>38.7</ele></rtept><rtept lat="27.560500" lon="109.970089"><ele>38.7</ele></rtept><rtept lat="27.560392" lon="109.969999"><ele>38.8</ele></rtept><rtept lat="27.560280" lon="109.969914"><ele>38.8</ele></rtept><rtept lat="27.560166" lon="109.96983"><ele>38.9</ele></rtept><rtept lat="27.560048" lon="109.96976"><ele>38.9</ele></rtept><rtept lat="27.559928" lon="109.969689"><ele>39.0</ele></rtept><rtept lat="27.559805" lon="109.969626"><ele>39.0</ele></rtept><rtept lat="27.559681" lon="109.969568"><ele>39.1</ele></rtept><rtept lat="27.559554" lon="109.969516"><ele>39.2</ele></rtept><rtept lat="27.559426" lon="109.969469"><ele>39.2</ele></rtept><rtept lat="27.559295" lon="109.969429"><ele>39.3</ele></rtept><rtept lat="27.559164" lon="109.969395"><ele>39.3</ele></rtept><rtept lat="27.559031" lon="109.969367"><ele>39.4</ele></rtept><rtept lat="27.558898" lon="109.969345"><ele>39.5</ele></rtept><rtept lat="27.55876" lon="109.96933"><ele>39.5</ele></rtept><rtept lat="27.558629" lon="109.969319"><ele>39.6</ele></rtept><rtept lat="27.558494" lon="109.96932"><ele>39.6</ele></rtept><rtept lat="27.558360" lon="109.969318"><ele>39.7</ele></rtept><rtept lat="27.558225" lon="109.969327"><ele>39.8</ele></rtept><rtept lat="27.558091" lon="109.969343"><ele>39.8</ele></rtept><rtept lat="27.557957" lon="109.969364"><ele>39.9</ele></rtept><rtept lat="27.55782" lon="109.969391"><ele>40.0</ele></rtept><rtept lat="27.557693" lon="109.969425"><ele>40.0</ele></rtept><rtept lat="27.557563" lon="109.969465"><ele>40.1</ele></rtept><rtept lat="27.55743" lon="109.969510"><ele>40.2</ele></rtept><rtept lat="27.557307" lon="109.969562"><ele>40.2</ele></rtept><rtept lat="27.55718" lon="109.969619"><ele>40.3</ele></rtept><rtept lat="27.557059" lon="109.96968"><ele>40.3</ele></rtept><rtept lat="27.556939" lon="109.96975"><ele>40.4</ele></rtept><rtept lat="27.55682" lon="109.969825"><ele>40.5</ele></rtept><rtept lat="27.556706" lon="109.969905"><ele>40.5</ele></rtept><rtept lat="27.556594" lon="109.969989"><ele>40.6</ele></rtept><rtept lat="27.556485" lon="109.970079"><ele>40.7</ele></rtept><rtept lat="27.556380" lon="109.970174"><ele>40.7</ele></rtept><rtept lat="27.556278" lon="109.970273"><ele>40.8</ele></rtept><rtept lat="27.556179" lon="109.970378"><ele>40.8</ele></rtept><rtept lat="27.556085" lon="109.97049"><ele>40.9</ele></rtept><rtept lat="27.55599" lon="109.970599"><ele>41.0</ele></rtept><rtept lat="27.555908" lon="109.970716"><ele>41.0</ele></rtept><rtept lat="27.555826" lon="109.970837"><ele>41.1</ele></rtept><rtept lat="27.555749" lon="109.97096"><ele>41.1</ele></rtept><rtept lat="27.5557" lon="109.971090"><ele>41.2</ele></rtept><rtept lat="27.555608" lon="109.971221"><ele>41.2</ele></rtept><rtept lat="27.555545" lon="109.971355"><ele>41.3</ele></rtept><rtept lat="27.5555" lon="109.971492"><ele>41.3</ele></rtept><rtept lat="27.55543" lon="109.971632"><ele>41.4</ele></rtept><rtept lat="27.555384" lon="109.971774"><ele>41.4</ele></rtept><rtept lat="27.555341" lon="109.971918"><ele>41.5</ele></rtept><rtept lat="27.55530" lon="109.972064"><ele>41.5</ele></rtept><rtept lat="27.555271" lon="109.972212"><ele>41.5</ele></rtept><rtept lat="27.555244" lon="109.972361"><ele>41.6</ele></rtept><rtept lat="27.555222" lon="109.972511"><ele>41.6</ele></rtept><rtept lat="27.555205" lon="109.97266"><ele>41.7</ele></rtept><rtept lat="27.555195" lon="109.972814"><ele>41.7</ele></rtept><rtept lat="27.555189" lon="109.972966"><ele>41.7</ele></rtept><rtept lat="27.5552" lon="109.973118"><ele>41.8</ele></rtept><rtept lat="27.555195" lon="109.973270"><ele>41.8</ele></rtept><rtept lat="27.555207" lon="109.973422"><ele>41.8</ele></rtept><rtept lat="27.555223" lon="109.973573"><ele>41.8</ele></rtept><rtept lat="27.555245" lon="109.973723"><ele>41.9</ele></rtept><rtept lat="27.555273" lon="109.973872"><ele>41.9</ele></rtept><rtept lat="27.55531" lon="109.974019"><ele>41.9</ele></rtept><rtept lat="27.555344" lon="109.974165"><ele>41.9</ele></rtept><rtept lat="27.555388" lon="109.974309"><ele>41.9</ele></rtept><rtept lat="27.555437" lon="109.9745"><ele>42.0</ele></rtept><rtept lat="27.555491" lon="109.974590"><ele>42.0</ele></rtept><rtept lat="27.555549" lon="109.974727"><ele>42.0</ele></rtept><rtept lat="27.555613" lon="109.974861"><ele>42.0</ele></rtept><rtept lat="27.55568" lon="109.974992"><ele>42.0</ele></rtept><rtept lat="27.5558" lon="109.975120"><ele>42.0</ele></rtept><rtept lat="27.55583" lon="109.975244"><ele>42.0</ele></rtept><rtept lat="27.555915" lon="109.97537"><ele>42.0</ele></rtept><rtept lat="27.556002" lon="109.975482"><ele>42.0</ele></rtept><rtept lat="27.556092" lon="109.975594"><ele>42.0</ele></rtept><rtept lat="27.5562" lon="109.97570"><ele>42.0</ele></rtept><rtept lat="27.556286" lon="109.975806"><ele>42.0</ele></rtept><rtept lat="27.556388" lon="109.975906"><ele>42.0</ele></rtept><rtept lat="27.556494" lon="109.976000"><ele>42.0</ele></rtept><rtept lat="27.556603" lon="109.976090"><ele>41.9</ele></rtept><rtept lat="27.556715" lon="109.976174"><ele>41.9</ele></rtept><rtept lat="27.556830" lon="109.976253"><ele>41.9</ele></rtept><rtept lat="27.556948" lon="109.97633"><ele>41.9</ele></rtept><rtept lat="27.55707" lon="109.976395"><ele>41.9</ele></rtept><rtept lat="27.55719" lon="109.9765"><ele>41.8</ele></rtept><rtept lat="27.557317" lon="109.976514"><ele>41.8</ele></rtept><rtept lat="27.557444" lon="109.976565"><ele>41.8</ele></rtept><rtept lat="27.557573" lon="109.976611"><ele>41.7</ele></rtept><rtept lat="27.55770" lon="109.976650"><ele>41.7</ele></rtept><rtept lat="27.55783" lon="109.976683"><ele>41.7</ele></rtept><rtept lat="27.557968" lon="109.976710"><ele>41.6</ele></rtept><rtept lat="27.558101" lon="109.976731"><ele>41.6</ele></rtept><rtept lat="27.558236" lon="109.976745"><ele>41.6</ele></rtept><rtept lat="27.558370" lon="109.97675"><ele>41.5</ele></rtept><rtept lat="27.558505" lon="109.976756"><ele>41.5</ele></rtept><rtept lat="27.558640" lon="109.97675"><ele>41.4</ele></rtept><rtept lat="27.558775" lon="109.976742"><ele>41.4</ele></rtept><rtept lat="27.55891" lon="109.976726"><ele>41.3</ele></rtept><rtept lat="27.55904" lon="109.976703"><ele>41.3</ele></rtept><rtept lat="27.559175" lon="109.97667"><ele>41.3</ele></rtept><rtept lat="27.559306" lon="109.97664"><ele>41.2</ele></rtept><rtept lat="27.559436" lon="109.976599"><ele>41.1</ele></rtept><rtept lat="27.55956" lon="109.976552"><ele>41.1</ele></rtept><rtept lat="27.559691" lon="109.976500"><ele>41.0</ele></rtept><rtept lat="27.559815" lon="109.976441"><ele>41.0</ele></rtept><rtept lat="27.559938" lon="109.97638"><ele>40.9</ele></rtept><rtept lat="27.560058" lon="109.976307"><ele>40.9</ele></rtept><rtept lat="27.560175" lon="109.97623"><ele>40.8</ele></rtept><rtept lat="27.560289" lon="109.976152"><ele>40.8</ele></rtept><rtept lat="27.560401" lon="109.976066"><ele>40.7</ele></rtept><rtept lat="27.560509" lon="109.975975"><ele>40.6</ele></rtept><rtept lat="27.560614" lon="109.97588"><ele>40.6</ele></rtept><rtept lat="27.560715" lon="109.975779"><ele>40.5</ele></rtept><rtept lat="27.56081" lon="109.975674"><ele>40.4</ele></rtept><rtept lat="27.560906" lon="109.9756"><ele>40.4</ele></rtept><rtept lat="27.560996" lon="109.97545"><ele>40.3</ele></rtept><rtept lat="27.561081" lon="109.97533"><ele>40.3</ele></rtept><rtept lat="27.561163" lon="109.975211"><ele>40.2</ele></rtept><rtept lat="27.561239" lon="109.975086"><ele>40.1</ele></rtept><rtept lat="27.561311" lon="109.974958"><ele>40.1</ele></rtept><rtept lat="27.561378" lon="109.974826"><ele>40.0</ele></rtept><rtept lat="27.561441" lon="109.97469"><ele>39.9</ele></rtept><rtept lat="27.561498" lon="109.974553"><ele>39.9</ele></rtept><rtept lat="27.561551" lon="109.97441"><ele>39.8</ele></rtept><rtept lat="27.561598" lon="109.974271"><ele>39.7</ele></rtept><rtept lat="27.561640" lon="109.974126"><ele>39.7</ele></rtept><rtept lat="27.561677" lon="109.973980"><ele>39.6</ele></rtept><rtept lat="27.561709" lon="109.973832"><ele>39.5</ele></rtept><rtept lat="27.56174" lon="109.973683"><ele>39.5</ele></rtept><rtept lat="27.561756" lon="109.973532"><ele>39.4</ele></rtept><rtept lat="27.561771" lon="109.973381"><ele>39.4</ele></rtept><rtept lat="27.561781" lon="109.973229"><ele>39.3</ele></rtept><rtept lat="27.561785" lon="109.973077"><ele>39.2</ele></rtept><rtept lat="27.561784" lon="109.972925"><ele>39.2</ele></rtept><rtept lat="27.561777" lon="109.972773"><ele>39.1</ele></rtept><rtept lat="27.561765" lon="109.972622"><ele>39.1</ele></rtept><rtept lat="27.561747" lon="109.972471"><ele>39.0</ele></rtept><rtept lat="27.561724" lon="109.972321"><ele>39.0</ele></rtept><rtept lat="27.561695" lon="109.972172"><ele>38.9</ele></rtept><rtept lat="27.561661" lon="109.972025"><ele>38.8</ele></rtept><rtept lat="27.561622" lon="109.972"><ele>38.8</ele></rtept><rtept lat="27.56158" lon="109.971736"><ele>38.7</ele></rtept><rtept lat="27.561528" lon="109.971594"><ele>38.7</ele></rtept><rtept lat="27.561473" lon="109.9715"><ele>38.6</ele></rtept><rtept lat="27.561413" lon="109.971319"><ele>38.6</ele></rtept><rtept lat="27.561348" lon="109.97119"><ele>38.6</ele></rtept><rtept lat="27.561279" lon="109.971055"><ele>38.5</ele></rtept><rtept lat="27.56120" lon="109.970928"><ele>38.5</ele></rtept><rtept lat="27.561126" lon="109.97080"><ele>38.4</ele></rtept><rtept lat="27.561043" lon="109.970684"><ele>38.4</ele></rtept><rtept lat="27.560955" lon="109.970569"><ele>38.4</ele></rtept><rtept lat="27.560864" lon="109.970457"><ele>38.3</ele></rtept><rtept lat="27.56077" lon="109.970349"><ele>38.3</ele></rtept><rtept lat="27.560669" lon="109.970246"><ele>38.2</ele></rtept><rtept lat="27.560566" lon="109.970148"><ele>38.2</ele></rtept><rtept lat="27.560460" lon="109.970054"><ele>38.2</ele></rtept><rtept lat="27.560350" lon="109.96997"><ele>38.2</ele></rtept><rtept lat="27.560237" lon="109.969883"><ele>38.1</ele></rtept><rtept lat="27.560121" lon="109.969805"><ele>38.1</ele></rtept><rtept lat="27.56000" lon="109.969732"><ele>38.1</ele></rtept><rtept lat="27.559882" lon="109.969665"><ele>38.1</ele></rtept><rtept lat="27.559759" lon="109.96960"><ele>38.1</ele></rtept><rtept lat="27.559633" lon="109.969547"><ele>38.0</ele></rtept><rtept lat="27.559506" lon="109.969497"><ele>38.0</ele></rtept><rtept lat="27.559376" lon="109.969453"><ele>38.0</ele></rtept><rtept lat="27.559246" lon="109.969415"><ele>38.0</ele></rtept><rtept lat="27.55911" lon="109.969383"><ele>38.0</ele></rtept><rtept lat="27.558981" lon="109.96936"><ele>38.0</ele></rtept><rtept lat="27.558847" lon="109.969338"><ele>38.0</ele></rtept><rtept lat="27.558713" lon="109.969324"><ele>38.0</ele></rtept><rtept lat="27.558578" lon="109.969317"><ele>38.0</ele></rtept><rtept lat="27.558443" lon="109.969316"><ele>38.0</ele></rtept><rtept lat="27.558309" lon="109.969321"><ele>38.0</ele></rtept><rtept lat="27.558174" lon="109.969332"><ele>38.0</ele></rtept><rtept lat="27.558040" lon="109.969350"><ele>38.0</ele></rtept><rtept lat="27.557907" lon="109.969374"><ele>38.0</ele></rtept><rtept lat="27.557775" lon="109.969403"><ele>38.1</ele></rtept><rtept lat="27.557643" lon="109.969439"><ele>38.1</ele></rtept><rtept lat="27.557514" lon="109.969481"><ele>38.1</ele></rtept><rtept lat="27.557386" lon="109.969529"><ele>38.1</ele></rtept><rtept lat="27.557260" lon="109.969583"><ele>38.1</ele></rtept><rtept lat="27.557135" lon="109.969642"><ele>38.2</ele></rtept><rtept lat="27.55701" lon="109.969708"><ele>38.2</ele></rtept><rtept lat="27.556894" lon="109.969778"><ele>38.2</ele></rtept><rtept lat="27.556777" lon="109.969854"><ele>38.2</ele></rtept><rtept lat="27.556663" lon="109.969936"><ele>38.3</ele></rtept><rtept lat="27.556553" lon="109.97002"><ele>38.3</ele></rtept><rtept lat="27.55644" lon="109.970114"><ele>38.3</ele></rtept><rtept lat="27.556341" lon="109.970211"><ele>38.4</ele></rtept><rtept lat="27.556240" lon="109.970312"><ele>38.4</ele></rtept><rtept lat="27.556143" lon="109.970418"><ele>38.5</ele></rtept><rtept lat="27.556050" lon="109.970529"><ele>38.5</ele></rtept><rtept lat="27.555962" lon="109.970643"><ele>38.5</ele></rtept><rtept lat="27.555877" lon="109.970762"><ele>38.6</ele></rtept><rtept lat="27.555797" lon="109.970884"><ele>38.6</ele></rtept><rtept lat="27.555721" lon="109.971010"><ele>38.7</ele></rtept><rtept lat="27.555650" lon="109.971139"><ele>38.7</ele></rtept><rtept lat="27.555583" lon="109.971271"><ele>38.8</ele></rtept><rtept lat="27.55552" lon="109.971407"><ele>38.8</ele></rtept><rtept lat="27.55547" lon="109.971545"><ele>38.9</ele></rtept><rtept lat="27.555414" lon="109.971686"><ele>38.9</ele></rtept><rtept lat="27.555367" lon="109.971828"><ele>39.0</ele></rtept><rtept lat="27.555326" lon="109.971973"><ele>39.1</ele></rtept><rtept lat="27.555290" lon="109.972120"><ele>39.1</ele></rtept><rtept lat="27.555260" lon="109.972268"><ele>39.2</ele></rtept><rtept lat="27.555235" lon="109.972418"><ele>39.2</ele></rtept><rtept lat="27.555215" lon="109.97257"><ele>39.3</ele></rtept><rtept lat="27.55520" lon="109.972719"><ele>39.3</ele></rtept><rtept lat="27.55519" lon="109.972871"><ele>39.4</ele></rtept><rtept lat="27.555189" lon="109.97302"><ele>39.5</ele></rtept><rtept lat="27.555191" lon="109.973176"><ele>39.5</ele></rtept><rtept lat="27.555199" lon="109.973327"><ele>39.6</ele></rtept><rtept lat="27.55521" lon="109.973479"><ele>39.7</ele></rtept><rtept lat="27.555231" lon="109.973630"><ele>39.7</ele></rtept><rtept lat="27.555255" lon="109.973779"><ele>39.8</ele></rtept><rtept lat="27.555285" lon="109.973928"><ele>39.8</ele></rtept><rtept lat="27.555320" lon="109.974075"><ele>39.9</ele></rtept><rtept lat="27.555360" lon="109.974220"><ele>40.0</ele></rtept><rtept lat="27.555406" lon="109.974363"><ele>40.0</ele></rtept><rtept lat="27.555456" lon="109.974504"><ele>40.1</ele></rtept><rtept lat="27.555512" lon="109.974643"><ele>40.2</ele></rtept><rtept lat="27.55557" lon="109.974778"><ele>40.2</ele></rtept><rtept lat="27.555639" lon="109.974911"><ele>40.3</ele></rtept><rtept lat="27.555709" lon="109.975041"><ele>40.4</ele></rtept><rtept lat="27.555784" lon="109.975168"><ele>40.4</ele></rtept><rtept lat="27.555863" lon="109.975291"><ele>40.5</ele></rtept><rtept lat="27.555947" lon="109.975410"><ele>40.6</ele></rtept><rtept lat="27.556036" lon="109.975525"><ele>40.6</ele></rtept><rtept lat="27.556128" lon="109.975636"><ele>40.7</ele></rtept><rtept lat="27.55622" lon="109.975742"><ele>40.7</ele></rtept><rtept lat="27.55632" lon="109.975845"><ele>40.8</ele></rtept><rtept lat="27.556428" lon="109.975942"><ele>40.9</ele></rtept><rtept lat="27.556535" lon="109.976034"><ele>40.9</ele></rtept><rtept lat="27.556645" lon="109.97612"><ele>41.0</ele></rtept><rtept lat="27.556758" lon="109.976204"><ele>41.0</ele></rtept><rtept lat="27.556875" lon="109.976281"><ele>41.1</ele></rtept><rtept lat="27.556994" lon="109.97635"><ele>41.1</ele></rtept><rtept lat="27.55712" lon="109.976419"><ele>41.2</ele></rtept><rtept lat="27.557239" lon="109.976480"><ele>41.2</ele></rtept><rtept lat="27.557365" lon="109.976534"><ele>41.3</ele></rtept><rtept lat="27.557493" lon="109.976583"><ele>41.3</ele></rtept><rtept lat="27.55762" lon="109.976626"><ele>41.4</ele></rtept><rtept lat="27.557753" lon="109.976663"><ele>41.4</ele></rtept><rtept lat="27.557885" lon="109.97669"><ele>41.5</ele></rtept><rtept lat="27.558018" lon="109.976718"><ele>41.5</ele></rtept><rtept lat="27.558152" lon="109.97674"><ele>41.6</ele></rtept><rtept lat="27.558286" lon="109.976749"><ele>41.6</ele></rtept><rtept lat="27.558421" lon="109.97676"><ele>41.6</ele></rtept><rtept lat="27.558556" lon="109.976755"><ele>41.7</ele></rtept><rtept lat="27.558691" lon="109.976749"><ele>41.7</ele></rtept><rtept lat="27.558825" lon="109.976737"><ele>41.7</ele></rtept><rtept lat="27.558959" lon="109.976718"><ele>41.8</ele></rtept><rtept lat="27.559092" lon="109.976693"><ele>41.8</ele></rtept><rtept lat="27.559224" lon="109.976662"><ele>41.8</ele></rtept><rtept lat="27.55936" lon="109.976625"><ele>41.9</ele></rtept><rtept lat="27.559485" lon="109.976582"><ele>41.9</ele></rtept><rtept lat="27.559612" lon="109.97653"><ele>41.9</ele></rtept><rtept lat="27.559738" lon="109.976478"><ele>41.9</ele></rtept><rtept lat="27.559862" lon="109.976418"><ele>41.9</ele></rtept><rtept lat="27.559983" lon="109.97635"><ele>41.9</ele></rtept><rtept lat="27.560102" lon="109.976280"><ele>42.0</ele></rtept><rtept lat="27.560218" lon="109.97620"><ele>42.0</ele></rtept><rtept lat="27.56033" lon="109.976120"><ele>42.0</ele></rtept><rtept lat="27.560442" lon="109.97603"><ele>42.0</ele></rtept><rtept lat="27.560549" lon="109.975940"><ele>42.0</ele></rtept><rtept lat="27.560653" lon="109.975842"><ele>42.0</ele></rtept><rtept lat="27.560752" lon="109.97574"><ele>42.0</ele></rtept><rtept lat="27.560849" lon="109.975633"><ele>42.0</ele></rtept><rtept lat="27.560941" lon="109.975522"><ele>42.0</ele></rtept><rtept lat="27.561029" lon="109.975407"><ele>42.0</ele></rtept><rtept lat="27.56111" lon="109.975287"><ele>42.0</ele></rtept><rtept lat="27.561192" lon="109.97516"><ele>42.0</ele></rtept><rtept lat="27.561267" lon="109.975038"><ele>42.0</ele></rtept><rtept lat="27.561337" lon="109.974908"><ele>41.9</ele></rtept><rtept lat="27.56140" lon="109.974775"><ele>41.9</ele></rtept><rtept lat="27.561463" lon="109.974639"><ele>41.9</ele></rtept><rtept lat="27.561519" lon="109.974501"><ele>41.9</ele></rtept><rtept lat="27.561569" lon="109.974359"><ele>41.9</ele></rtept><rtept lat="27.561615" lon="109.974216"><ele>41.9</ele></rtept><rtept lat="27.561655" lon="109.974071"><ele>41.8</ele></rtept><rtept lat="27.561690" lon="109.973924"><ele>41.8</ele></rtept><rtept lat="27.56172" lon="109.973775"><ele>41.8</ele></rtept><rtept lat="27.561743" lon="109.973626"><ele>41.7</ele></rtept><rtept lat="27.561762" lon="109.97348"><ele>41.7</ele></rtept><rtept lat="27.561775" lon="109.973324"><ele>41.7</ele></rtept><rtept lat="27.561783" lon="109.973172"><ele>41.6</ele></rtept><rtept lat="27.561785" lon="109.973020"><ele>41.6</ele></rtept><rtept lat="27.561782" lon="109.972868"><ele>41.6</ele></rtept><rtept lat="27.561773" lon="109.972716"><ele>41.5</ele></rtept><rtept lat="27.56176" lon="109.97256"><ele>41.5</ele></rtept><rtept lat="27.561739" lon="109.972414"><ele>41.4</ele></rtept><rtept lat="27.561714" lon="109.972264"><ele>41.4</ele></rtept><rtept lat="27.561683" lon="109.97212"><ele>41.3</ele></rtept><rtept lat="27.56165" lon="109.971970"><ele>41.3</ele></rtept><rtept lat="27.561606" lon="109.971825"><ele>41.2</ele></rtept><rtept lat="27.561559" lon="109.971682"><ele>41.2</ele></rtept><rtept lat="27.561507" lon="109.97154"><ele>41.1</ele></rtept><rtept lat="27.561451" lon="109.971403"><ele>41.1</ele></rtept><rtept lat="27.561389" lon="109.971268"><ele>41.0</ele></rtept><rtept lat="27.561323" lon="109.971136"><ele>41.0</ele></rtept><rtept lat="27.561251" lon="109.971006"><ele>40.9</ele></rtept><rtept lat="27.56118" lon="109.970881"><ele>40.9</ele></rtept><rtept lat="27.561095" lon="109.970759"><ele>40.8</ele></rtept><rtept lat="27.561010" lon="109.97064"><ele>40.7</ele></rtept><rtept lat="27.560921" lon="109.970526"><ele>40.7</ele></rtept><rtept lat="27.560828" lon="109.970416"><ele>40.6</ele></rtept><rtept lat="27.5607" lon="109.97031"><ele>40.6</ele></rtept><rtept lat="27.56063" lon="109.970209"><ele>40.5</ele></rtept><rtept lat="27.560526" lon="109.97011"><ele>40.4</ele></rtept><rtept lat="27.56042" lon="109.97002"><ele>40.4</ele></rtept><rtept lat="27.560308" lon="109.969934"><ele>40.3</ele></rtept><rtept lat="27.560194" lon="109.969852"><ele>40.2</ele></rtept><rtept lat="27.560077" lon="109.969776"><ele>40.2</ele></rtept><rtept lat="27.559957" lon="109.969706"><ele>40.1</ele></rtept><rtept lat="27.559836" lon="109.969641"><ele>40.0</ele></rtept><rtept lat="27.559711" lon="109.969581"><ele>40.0</ele></rtept><rtept lat="27.559585" lon="109.969528"><ele>39.9</ele></rtept><rtept lat="27.559457" lon="109.969480"><ele>39.9</ele></rtept><rtept lat="27.55933" lon="109.969438"><ele>39.8</ele></rtept><rtept lat="27.559196" lon="109.9694"><ele>39.7</ele></rtept><rtept lat="27.559064" lon="109.969373"><ele>39.7</ele></rtept><rtept lat="27.558931" lon="109.96935"><ele>39.6</ele></rtept><rtept lat="27.558797" lon="109.969332"><ele>39.5</ele></rtept><rtept lat="27.558662" lon="109.969321"><ele>39.5</ele></rtept><rtept lat="27.558527" lon="109.969316"><ele>39.4</ele></rtept><rtept lat="27.558392" lon="109.96932"><ele>39.3</ele></rtept><rtept lat="27.558258" lon="109.969325"><ele>39.3</ele></rtept><rtept lat="27.558123" lon="109.96934"><ele>39.2</ele></rtept><rtept lat="27.557990" lon="109.969358"><ele>39.2</ele></rtept><rtept lat="27.55786" lon="109.969384"><ele>39.1</ele></rtept><rtept lat="27.557725" lon="109.969416"><ele>39.1</ele></rtept><rtept lat="27.55759" lon="109.969454"><ele>39.0</ele></rtept><rtept lat="27.557465" lon="109.969499"><ele>38.9</ele></rtept><rtept lat="27.55734" lon="109.969549"><ele>38.9</ele></rtept><rtept lat="27.557212" lon="109.969605"><ele>38.8</ele></rtept><rtept lat="27.55709" lon="109.969666"><ele>38.8</ele></rtept><rtept lat="27.5570" lon="109.96973"><ele>38.7</ele></rtept><rtept lat="27.556850" lon="109.969806"><ele>38.7</ele></rtept><rtept lat="27.556734" lon="109.9699"><ele>38.6</ele></rtept><rtept lat="27.55662" lon="109.969968"><ele>38.6</ele></rtept><rtept lat="27.556512" lon="109.970057"><ele>38.5</ele></rtept><rtept lat="27.556405" lon="109.970150"><ele>38.5</ele></rtept><rtept lat="27.556302" lon="109.970249"><ele>38.5</ele></rtept><rtept lat="27.556203" lon="109.970352"><ele>38.4</ele></rtept><rtept lat="27.556108" lon="109.970459"><ele>38.4</ele></rtept><rtept lat="27.556016" lon="109.97057"><ele>38.3</ele></rtept><rtept lat="27.55593" lon="109.970687"><ele>38.3</ele></rtept><rtept lat="27.555846" lon="109.970807"><ele>38.3</ele></rtept><rtept lat="27.555767" lon="109.970931"><ele>38.2</ele></rtept><rtept lat="27.55569" lon="109.971058"><ele>38.2</ele></rtept><rtept lat="27.555624" lon="109.971189"><ele>38.2</ele></rtept><rtept lat="27.55556" lon="109.971322"><ele>38.2</ele></rtept><rtept lat="27.555500" lon="109.971459"><ele>38.1</ele></rtept><rtept lat="27.555445" lon="109.971598"><ele>38.1</ele></rtept><rtept lat="27.555396" lon="109.971739"><ele>38.1</ele></rtept><rtept lat="27.555351" lon="109.971883"><ele>38.1</ele></rtept><rtept lat="27.555312" lon="109.972029"><ele>38.1</ele></rtept><rtept lat="27.555278" lon="109.972176"><ele>38.0</ele></rtept><rtept lat="27.555250" lon="109.972325"><ele>38.0</ele></rtept><rtept lat="27.555227" lon="109.97247"><ele>38.0</ele></rtept><rtept lat="27.555209" lon="109.972625"><ele>38.0</ele></rtept><rtept lat="27.555197" lon="109.972777"><ele>38.0</ele></rtept><rtept lat="27.555190" lon="109.972929"><ele>38.0</ele></rtept><rtept lat="27.555189" lon="109.973081"><ele>38.0</ele></rtept><rtept lat="27.555193" lon="109.973233"><ele>38.0</ele></rtept><rtept lat="27.555203" lon="109.973385"><ele>38.0</ele></rtept><rtept lat="27.555219" lon="109.973536"><ele>38.0</ele></rtept><rtept lat="27.555240" lon="109.973686"><ele>38.0</ele></rtept><rtept lat="27.555266" lon="109.973836"><ele>38.0</ele></rtept><rtept lat="27.555298" lon="109.973983"><ele>38.0</ele></rtept><rtept lat="27.555335" lon="109.974130"><ele>38.0</ele></rtept><rtept lat="27.555377" lon="109.974274"><ele>38.1</ele></rtept><rtept lat="27.555424" lon="109.974417"><ele>38.1</ele></rtept><rtept lat="27.555477" lon="109.974557"><ele>38.1</ele></rtept><rtept lat="27.555535" lon="109.974694"><ele>38.1</ele></rtept><rtept lat="27.55560" lon="109.974829"><ele>38.1</ele></rtept><rtept lat="27.555665" lon="109.974961"><ele>38.2</ele></rtept><rtept lat="27.555737" lon="109.975089"><ele>38.2</ele></rtept><rtept lat="27.55581" lon="109.97521"><ele>38.2</ele></rtept><rtept lat="27.555895" lon="109.975336"><ele>38.2</ele></rtept><rtept lat="27.555980" lon="109.975454"><ele>38.3</ele></rtept><rtept lat="27.556070" lon="109.975567"><ele>38.3</ele></rtept><rtept lat="27.556164" lon="109.975677"><ele>38.3</ele></rtept><rtept lat="27.55626" lon="109.975782"><ele>38.4</ele></rtept><rtept lat="27.556363" lon="109.975882"><ele>38.4</ele></rtept><rtept lat="27.556468" lon="109.975978"><ele>38.5</ele></rtept><rtept lat="27.556576" lon="109.976068"><ele>38.5</ele></rtept><rtept lat="27.556688" lon="109.97615"><ele>38.6</ele></rtept><rtept lat="27.556802" lon="109.976234"><ele>38.6</ele></rtept><rtept lat="27.556919" lon="109.97631"><ele>38.6</ele></rtept><rtept lat="27.557039" lon="109.97638"><ele>38.7</ele></rtept><rtept lat="27.557162" lon="109.976443"><ele>38.7</ele></rtept><rtept lat="27.557286" lon="109.97650"><ele>38.8</ele></rtept><rtept lat="27.557413" lon="109.976553"><ele>38.8</ele></rtept><rtept lat="27.55754" lon="109.976600"><ele>38.9</ele></rtept><rtept lat="27.557671" lon="109.97664"><ele>39.0</ele></rtept><rtept lat="27.557803" lon="109.97668"><ele>39.0</ele></rtept><rtept lat="27.557935" lon="109.976704"><ele>39.1</ele></rtept><rtept lat="27.55807" lon="109.976726"><ele>39.1</ele></rtept><rtept lat="27.558203" lon="109.976742"><ele>39.2</ele></rtept><rtept lat="27.558337" lon="109.976752"><ele>39.2</ele></rtept><rtept lat="27.558472" lon="109.976756"><ele>39.3</ele></rtept><rtept lat="27.558607" lon="109.976754"><ele>39.4</ele></rtept><rtept lat="27.558742" lon="109.976745"><ele>39.4</ele></rtept><rtept lat="27.558876" lon="109.97673"><ele>39.5</ele></rtept><rtept lat="27.559010" lon="109.976709"><ele>39.5</ele></rtept><rtept lat="27.559142" lon="109.976682"><ele>39.6</ele></rtept><rtept lat="27.559274" lon="109.97665"><ele>39.7</ele></rtept><rtept lat="27.55940" lon="109.976609"><ele>39.7</ele></rtept><rtept lat="27.55953" lon="109.976564"><ele>39.8</ele></rtept><rtept lat="27.559660" lon="109.976513"><ele>39.9</ele></rtept><rtept lat="27.559785" lon="109.976456"><ele>39.9</ele></rtept><rtept lat="27.559908" lon="109.976393"><ele>40.0</ele></rtept><rtept lat="27.560029" lon="109.976325"><ele>40.1</ele></rtept><rtept lat="27.560146" lon="109.976251"><ele>40.1</ele></rtept><rtept lat="27.560262" lon="109.97617"><ele>40.2</ele></rtept><rtept lat="27.560374" lon="109.976087"><ele>40.2</ele></rtept><rtept lat="27.560483" lon="109.97600"><ele>40.3</ele></rtept><rtept lat="27.560589" lon="109.975903"><ele>40.4</ele></rtept><rtept lat="27.560691" lon="109.975804"><ele>40.4</ele></rtept><rtept lat="27.560789" lon="109.975700"><ele>40.5</ele></rtept><rtept lat="27.560884" lon="109.975592"><ele>40.6</ele></rtept><rtept lat="27.560975" lon="109.975479"><ele>40.6</ele></rtept><rtept lat="27.56106" lon="109.975362"><ele>40.7</ele></rtept><rtept lat="27.56114" lon="109.975241"><ele>40.7</ele></rtept><rtept lat="27.561221" lon="109.975117"><ele>40.8</ele></rtept><rtept lat="27.56129" lon="109.974989"><ele>40.9</ele></rtept><rtept lat="27.561362" lon="109.974858"><ele>40.9</ele></rtept><rtept lat="27.561426" lon="109.974724"><ele>41.0</ele></rtept><rtept lat="27.561485" lon="109.974587"><ele>41.0</ele></rtept><rtept lat="27.56154" lon="109.974447"><ele>41.1</ele></rtept><rtept lat="27.561587" lon="109.974306"><ele>41.1</ele></rtept><rtept lat="27.561631" lon="109.974161"><ele>41.2</ele></rtept><rtept lat="27.561669" lon="109.97402"><ele>41.2</ele></rtept><rtept lat="27.561702" lon="109.973868"><ele>41.3</ele></rtept><rtept lat="27.561729" lon="109.973719"><ele>41.3</ele></rtept><rtept lat="27.56175" lon="109.973569"><ele>41.4</ele></rtept><rtept lat="27.561768" lon="109.97342"><ele>41.4</ele></rtept><rtept lat="27.56178" lon="109.973266"><ele>41.5</ele></rtept><rtept lat="27.561784" lon="109.973114"><ele>41.5</ele></rtept><rtept lat="27.561785" lon="109.972962"><ele>41.6</ele></rtept><rtept lat="27.561779" lon="109.97281"><ele>41.6</ele></rtept><rtept lat="27.561768" lon="109.972658"><ele>41.6</ele></rtept><rtept lat="27.561752" lon="109.972507"><ele>41.7</ele></rtept><rtept lat="27.561730" lon="109.972357"><ele>41.7</ele></rtept><rtept lat="27.561703" lon="109.972208"><ele>41.7</ele></rtept><rtept lat="27.561670" lon="109.972061"><ele>41.8</ele></rtept><rtept lat="27.561632" lon="109.971915"><ele>41.8</ele></rtept><rtept lat="27.561589" lon="109.971771"><ele>41.8</ele></rtept><rtept lat="27.561540" lon="109.971629"><ele>41.9</ele></rtept><rtept lat="27.561487" lon="109.971489"><ele>41.9</ele></rtept><rtept lat="27.561428" lon="109.971352"><ele>41.9</ele></rtept><rtept lat="27.561364" lon="109.971218"><ele>41.9</ele></rtept><rtept lat="27.561296" lon="109.971086"><ele>41.9</ele></rtept><rtept lat="27.561223" lon="109.970959"><ele>42.0</ele></rtept><rtept lat="27.561146" lon="109.970834"><ele>42.0</ele></rtept><rtept lat="27.561063" lon="109.970713"><ele>42.0</ele></rtept><rtept lat="27.560977" lon="109.970596"><ele>42.0</ele></rtept><rtept lat="27.560887" lon="109.970484"><ele>42.0</ele></rtept><rtept lat="27.560792" lon="109.970375"><ele>42.0</ele></rtept><rtept lat="27.56069" lon="109.970271"><ele>42.0</ele></rtept><rtept lat="27.560592" lon="109.970171"><ele>42.0</ele></rtept><rtept lat="27.560486" lon="109.970077"><ele>42.0</ele></rtept><rtept lat="27.560377" lon="109.96999"><ele>42.0</ele></rtept><rtept lat="27.560265" lon="109.969902"><ele>42.0</ele></rtept><rtept lat="27.56015" lon="109.969823"><ele>42.0</ele></rtept><rtept lat="27.560032" lon="109.969749"><ele>42.0</ele></rtept><rtept lat="27.559912" lon="109.96968"><ele>42.0</ele></rtept><rtept lat="27.559789" lon="109.969618"><ele>41.9</ele></rtept><rtept lat="27.559664" lon="109.969560"><ele>41.9</ele></rtept><rtept lat="27.55954" lon="109.969509"><ele>41.9</ele></rtept><rtept lat="27.559408" lon="109.969464"><ele>41.9</ele></rtept><rtept lat="27.559278" lon="109.969424"><ele>41.9</ele></rtept><rtept lat="27.559146" lon="109.969391"><ele>41.8</ele></rtept><rtept lat="27.559014" lon="109.969363"><ele>41.8</ele></rtept><rtept lat="27.558880" lon="109.969342"><ele>41.8</ele></rtept><rtept lat="27.558746" lon="109.969327"><ele>41.8</ele></rtept><rtept lat="27.558611" lon="109.969318"><ele>41.7</ele></rtept><rtept lat="27.558476" lon="109.969316"><ele>41.7</ele></rtept><rtept lat="27.55834" lon="109.969319"><ele>41.7</ele></rtept><rtept lat="27.558207" lon="109.969329"><ele>41.6</ele></rtept><rtept lat="27.558073" lon="109.969345"><ele>41.6</ele></rtept><rtept lat="27.557939" lon="109.969367"><ele>41.6</ele></rtept><rtept lat="27.557807" lon="109.96940"><ele>41.5</ele></rtept><rtept lat="27.557675" lon="109.96943"><ele>41.5</ele></rtept><rtept lat="27.557545" lon="109.969470"><ele>41.4</ele></rtept><rtept lat="27.557417" lon="109.969517"><ele>41.4</ele></rtept><rtept lat="27.557290" lon="109.969569"><ele>41.3</ele></rtept><rtept lat="27.557165" lon="109.969627"><ele>41.3</ele></rtept><rtept lat="27.557043" lon="109.969691"><ele>41.2</ele></rtept><rtept lat="27.55692" lon="109.969760"><ele>41.2</ele></rtept><rtept lat="27.556806" lon="109.969835"><ele>41.1</ele></rtept><rtept lat="27.556691" lon="109.96992"><ele>41.1</ele></rtept><rtept lat="27.55658" lon="109.970001"><ele>41.0</ele></rtept><rtept lat="27.55647" lon="109.970092"><ele>41.0</ele></rtept><rtept lat="27.556366" lon="109.970187"><ele>40.9</ele></rtept><rtept lat="27.556264" lon="109.970287"><ele>40.8</ele></rtept><rtept lat="27.55617" lon="109.97039"><ele>40.8</ele></rtept><rtept lat="27.556073" lon="109.970501"><ele>40.7</ele></rtept><rtept lat="27.555983" lon="109.97061"><ele>40.7</ele></rtept><rtept lat="27.55590" lon="109.97073"><ele>40.6</ele></rtept><rtept lat="27.555816" lon="109.970854"><ele>40.5</ele></rtept><rtept lat="27.555739" lon="109.970979"><ele>40.5</ele></rtept><rtept lat="27.555667" lon="109.971107"><ele>40.4</ele></rtept><rtept lat="27.555599" lon="109.971239"><ele>40.4</ele></rtept><rtept lat="27.55554" lon="109.971374"><ele>40.3</ele></rtept><rtept lat="27.555479" lon="109.97151"><ele>40.2</ele></rtept><rtept lat="27.555426" lon="109.971651"><ele>40.2</ele></rtept><rtept lat="27.55538" lon="109.97179"><ele>40.1</ele></rtept><rtept lat="27.555336" lon="109.971938"><ele>40.0</ele></rtept><rtept lat="27.555299" lon="109.972084"><ele>40.0</ele></rtept><rtept lat="27.5553" lon="109.97223"><ele>39.9</ele></rtept><rtept lat="27.555240" lon="109.972381"><ele>39.8</ele></rtept><rtept lat="27.5552" lon="109.97253"><ele>39.8</ele></rtept><rtept lat="27.5552" lon="109.972683"><ele>39.7</ele></rtept><rtept lat="27.555194" lon="109.97283"><ele>39.6</ele></rtept><rtept lat="27.555189" lon="109.972986"><ele>39.6</ele></rtept><rtept lat="27.555190" lon="109.973139"><ele>39.5</ele></rtept><rtept lat="27.555197" lon="109.973290"><ele>39.5</ele></rtept><rtept lat="27.555208" lon="109.973442"><ele>39.4</ele></rtept><rtept lat="27.55523" lon="109.973593"><ele>39.3</ele></rtept><rtept lat="27.555249" lon="109.973743"><ele>39.3</ele></rtept><rtept lat="27.555277" lon="109.973892"><ele>39.2</ele></rtept><rtept lat="27.555311" lon="109.974039"><ele>39.2</ele></rtept><rtept lat="27.555350" lon="109.97418"><ele>39.1</ele></rtept><rtept lat="27.555394" lon="109.974328"><ele>39.0</ele></rtept><rtept lat="27.555444" lon="109.974470"><ele>39.0</ele></rtept><rtept lat="27.55550" lon="109.974609"><ele>38.9</ele></rtept><rtept lat="27.555558" lon="109.97475"><ele>38.9</ele></rtept><rtept lat="27.55562" lon="109.974879"><ele>38.8</ele></rtept><rtept lat="27.555691" lon="109.975010"><ele>38.8</ele></rtept><rtept lat="27.555765" lon="109.975137"><ele>38.7</ele></rtept><rtept lat="27.555844" lon="109.975261"><ele>38.7</ele></rtept><rtept lat="27.555927" lon="109.975381"><ele>38.6</ele></rtept><rtept lat="27.556014" lon="109.975497"><ele>38.6</ele></rtept><rtept lat="27.556105" lon="109.975609"><ele>38.5</ele></rtept><rtept lat="27.556200" lon="109.975717"><ele>38.5</ele></rtept><rtept lat="27.556299" lon="109.97582"><ele>38.4</ele></rtept><rtept lat="27.556402" lon="109.975919"><ele>38.4</ele></rtept><rtept lat="27.556508" lon="109.976012"><ele>38.4</ele></rtept><rtept lat="27.556618" lon="109.97610"><ele>38.3</ele></rtept><rtept lat="27.556731" lon="109.976185"><ele>38.3</ele></rtept><rtept lat="27.556846" lon="109.976263"><ele>38.3</ele></rtept><rtept lat="27.556964" lon="109.976336"><ele>38.2</ele></rtept><rtept lat="27.557085" lon="109.976404"><ele>38.2</ele></rtept><rtept lat="27.557209" lon="109.976465"><ele>38.2</ele></rtept><rtept lat="27.557334" lon="109.97652"><ele>38.2</ele></rtept><rtept lat="27.557461" lon="109.976572"><ele>38.1</ele></rtept><rtept lat="27.55759" lon="109.976616"><ele>38.1</ele></rtept><rtept lat="27.557721" lon="109.976655"><ele>38.1</ele></rtept><rtept lat="27.557853" lon="109.976687"><ele>38.1</ele></rtept><rtept lat="27.55799" lon="109.976713"><ele>38.1</ele></rtept><rtept lat="27.558119" lon="109.976733"><ele>38.0</ele></rtept><rtept lat="27.55825" lon="109.9767"><ele>38.0</ele></rtept><rtept lat="27.558388" lon="109.976755"><ele>38.0</ele></rtept><rtept lat="27.558523" lon="109.976756"><ele>38.0</ele></rtept><rtept lat="27.558658" lon="109.976751"><ele>38.0</ele></rtept><rtept lat="27.558793" lon="109.976740"><ele>38.0</ele></rtept><rtept lat="27.558927" lon="109.976723"><ele>38.0</ele></rtept><rtept lat="27.559060" lon="109.97670"><ele>38.0</ele></rtept><rtept lat="27.559192" lon="109.976670"><ele>38.0</ele></rtept><rtept lat="27.559323" lon="109.976635"><ele>38.0</ele></rtept><rtept lat="27.55945" lon="109.976593"><ele>38.0</ele></rtept><rtept lat="27.559581" lon="109.9765"><ele>38.0</ele></rtept><rtept lat="27.559708" lon="109.976492"><ele>38.0</ele></rtept><rtept lat="27.559832" lon="109.976433"><ele>38.0</ele></rtept><rtept lat="27.55995" lon="109.976368"><ele>38.1</ele></rtept><rtept lat="27.560073" lon="109.976298"><ele>38.1</ele></rtept><rtept lat="27.560190" lon="109.97622"><ele>38.1</ele></rtept><rtept lat="27.56030" lon="109.976140"><ele>38.1</ele></rtept><rtept lat="27.560415" lon="109.976054"><ele>38.1</ele></rtept><rtept lat="27.560523" lon="109.975963"><ele>38.2</ele></rtept><rtept lat="27.560628" lon="109.975866"><ele>38.2</ele></rtept><rtept lat="27.560728" lon="109.975765"><ele>38.2</ele></rtept><rtept lat="27.560825" lon="109.97566"><ele>38.3</ele></rtept><rtept lat="27.560919" lon="109.975549"><ele>38.3</ele></rtept><rtept lat="27.561008" lon="109.975435"><ele>38.3</ele></rtept><rtept lat="27.561093" lon="109.975317"><ele>38.4</ele></rtept><rtept lat="27.561173" lon="109.975195"><ele>38.4</ele></rtept><rtept lat="27.561249" lon="109.975069"><ele>38.4</ele></rtept><rtept lat="27.56132" lon="109.974940"><ele>38.5</ele></rtept><rtept lat="27.56139" lon="109.974808"><ele>38.5</ele></rtept><rtept lat="27.561449" lon="109.974673"><ele>38.6</ele></rtept><rtept lat="27.56151" lon="109.97453"><ele>38.6</ele></rtept><rtept lat="27.561558" lon="109.974394"><ele>38.7</ele></rtept><rtept lat="27.561604" lon="109.97425"><ele>38.7</ele></rtept><rtept lat="27.561646" lon="109.974107"><ele>38.8</ele></rtept><rtept lat="27.561682" lon="109.973960"><ele>38.8</ele></rtept><rtept lat="27.561713" lon="109.973812"><ele>38.9</ele></rtept><rtept lat="27.56174" lon="109.973662"><ele>38.9</ele></rtept><rtept lat="27.561758" lon="109.973512"><ele>39.0</ele></rtept><rtept lat="27.561773" lon="109.973361"><ele>39.0</ele></rtept><rtept lat="27.561782" lon="109.97321"><ele>39.1</ele></rtept><rtept lat="27.561785" lon="109.973057"><ele>39.1</ele></rtept><rtept lat="27.561783" lon="109.972905"><ele>39.2</ele></rtept><rtept lat="27.561776" lon="109.972753"><ele>39.3</ele></rtept><rtept lat="27.56176" lon="109.972601"><ele>39.3</ele></rtept><rtept lat="27.561744" lon="109.972451"><ele>39.4</ele></rtept><rtept lat="27.561720" lon="109.97230"><ele>39.4</ele></rtept><rtept lat="27.561691" lon="109.972152"><ele>39.5</ele></rtept><rtept lat="27.561656" lon="109.972005"><ele>39.6</ele></rtept><rtept lat="27.561616" lon="109.971860"><ele>39.6</ele></rtept><rtept lat="27.561571" lon="109.971717"><ele>39.7</ele></rtept><rtept lat="27.561520" lon="109.97158"><ele>39.7</ele></rtept><rtept lat="27.56146" lon="109.971437"><ele>39.8</ele></rtept><rtept lat="27.561405" lon="109.971301"><ele>39.9</ele></rtept><rtept lat="27.561339" lon="109.971168"><ele>39.9</ele></rtept><rtept lat="27.561269" lon="109.971038"><ele>40.0</ele></rtept><rtept lat="27.561194" lon="109.970911"><ele>40.1</ele></rtept><rtept lat="27.561115" lon="109.9708"><ele>40.1</ele></rtept><rtept lat="27.561031" lon="109.97067"><ele>40.2</ele></rtept><rtept lat="27.56094" lon="109.970553"><ele>40.3</ele></rtept><rtept lat="27.560851" lon="109.970442"><ele>40.3</ele></rtept><rtept lat="27.560755" lon="109.97034"><ele>40.4</ele></rtept><rtept lat="27.56066" lon="109.970233"><ele>40.5</ele></rtept><rtept lat="27.560552" lon="109.97014"><ele>40.5</ele></rtept><rtept lat="27.56045" lon="109.970042"><ele>40.6</ele></rtept><rtept lat="27.560335" lon="109.969954"><ele>40.6</ele></rtept><rtept lat="27.560222" lon="109.969872"><ele>40.7</ele></rtept><rtept lat="27.560106" lon="109.969794"><ele>40.8</ele></rtept><rtept lat="27.559987" lon="109.96972"><ele>40.8</ele></rtept><rtept lat="27.559865" lon="109.969656"><ele>40.9</ele></rtept><rtept lat="27.55974" lon="109.969595"><ele>40.9</ele></rtept><rtept lat="27.559616" lon="109.96954"><ele>41.0</ele></rtept><rtept lat="27.559488" lon="109.96949"><ele>41.0</ele></rtept><rtept lat="27.559359" lon="109.969448"><ele>41.1</ele></rtept><rtept lat="27.559228" lon="109.969411"><ele>41.2</ele></rtept><rtept lat="27.559096" lon="109.969380"><ele>41.2</ele></rtept><rtept lat="27.558963" lon="109.969355"><ele>41.3</ele></rtept><rtept lat="27.55883" lon="109.969336"><ele>41.3</ele></rtept><rtept lat="27.558695" lon="109.969323"><ele>41.4</ele></rtept><rtept lat="27.558560" lon="109.969317"><ele>41.4</ele></rtept><rtept lat="27.558425" lon="109.969316"><ele>41.4</ele></rtept><rtept lat="27.558290" lon="109.96932"><ele>41.5</ele></rtept><rtept lat="27.558156" lon="109.969334"><ele>41.5</ele></rtept><rtept lat="27.558022" lon="109.96935"><ele>41.6</ele></rtept><rtept lat="27.557889" lon="109.969377"><ele>41.6</ele></rtept><rtept lat="27.557757" lon="109.96941"><ele>41.7</ele></rtept><rtept lat="27.557626" lon="109.969445"><ele>41.7</ele></rtept><rtept lat="27.557496" lon="109.969487"><ele>41.7</ele></rtept><rtept lat="27.557369" lon="109.969536"><ele>41.8</ele></rtept><rtept lat="27.557243" lon="109.969590"><ele>41.8</ele></rtept><rtept lat="27.557119" lon="109.96965"><ele>41.8</ele></rtept><rtept lat="27.556997" lon="109.969717"><ele>41.8</ele></rtept><rtept lat="27.556878" lon="109.969788"><ele>41.9</ele></rtept><rtept lat="27.556762" lon="109.969865"><ele>41.9</ele></rtept><rtept lat="27.556648" lon="109.969947"><ele>41.9</ele></rtept><rtept lat="27.556538" lon="109.97003"><ele>41.9</ele></rtept><rtept lat="27.55643" lon="109.970127"><ele>41.9</ele></rtept><rtept lat="27.556327" lon="109.970224"><ele>42.0</ele></rtept><rtept lat="27.556227" lon="109.970326"><ele>42.0</ele></rtept><rtept lat="27.556131" lon="109.97043"><ele>42.0</ele></rtept><rtept lat="27.556038" lon="109.970544"><ele>42.0</ele></rtept><rtept lat="27.555950" lon="109.970659"><ele>42.0</ele></rtept><rtept lat="27.55587" lon="109.970778"><ele>42.0</ele></rtept><rtept lat="27.555786" lon="109.970901"><ele>42.0</ele></rtept><rtept lat="27.555711" lon="109.971027"><ele>42.0</ele></rtept><rtept lat="27.555641" lon="109.971157"><ele>42.0</ele></rtept><rtept lat="27.555575" lon="109.971289"><ele>42.0</ele></rtept><rtept lat="27.555514" lon="109.971425"><ele>42.0</ele></rtept><rtept lat="27.555458" lon="109.971564"><ele>42.0</ele></rtept><rtept lat="27.555407" lon="109.971705"><ele>42.0</ele></rtept><rtept lat="27.555362" lon="109.97185"><ele>42.0</ele></rtept><rtept lat="27.555321" lon="109.971993"><ele>41.9</ele></rtept><rtept lat="27.555286" lon="109.972140"><ele>41.9</ele></rtept><rtept lat="27.555256" lon="109.97229"><ele>41.9</ele></rtept><rtept lat="27.555232" lon="109.972438"><ele>41.9</ele></rtept><rtept lat="27.555213" lon="109.972588"><ele>41.9</ele></rtept><rtept lat="27.555199" lon="109.97274"><ele>41.8</ele></rtept><rtept lat="27.555191" lon="109.972892"><ele>41.8</ele></rtept><rtept lat="27.555189" lon="109.97304"><ele>41.8</ele></rtept><rtept lat="27.555192" lon="109.973196"><ele>41.8</ele></rtept><rtept lat="27.55520" lon="109.97335"><ele>41.7</ele></rtept><rtept lat="27.555214" lon="109.973499"><ele>41.7</ele></rtept><rtept lat="27.55523" lon="109.973650"><ele>41.7</ele></rtept><rtept lat="27.55526" lon="109.97380"><ele>41.6</ele></rtept><rtept lat="27.555289" lon="109.973947"><ele>41.6</ele></rtept><rtept lat="27.555325" lon="109.974094"><ele>41.5</ele></rtept><rtept lat="27.55537" lon="109.974239"><ele>41.5</ele></rtept><rtept lat="27.555412" lon="109.974382"><ele>41.5</ele></rtept><rtept lat="27.555464" lon="109.974523"><ele>41.4</ele></rtept><rtept lat="27.555520" lon="109.974661"><ele>41.4</ele></rtept><rtept lat="27.555581" lon="109.974796"><ele>41.3</ele></rtept><rtept lat="27.555648" lon="109.97493"><ele>41.3</ele></rtept><rtept lat="27.55572" lon="109.975058"><ele>41.2</ele></rtept><rtept lat="27.555794" lon="109.975184"><ele>41.2</ele></rtept><rtept lat="27.555874" lon="109.97531"><ele>41.1</ele></rtept><rtept lat="27.555959" lon="109.975425"><ele>41.1</ele></rtept><rtept lat="27.556048" lon="109.975540"><ele>41.0</ele></rtept><rtept lat="27.556141" lon="109.975650"><ele>40.9</ele></rtept><rtept lat="27.55624" lon="109.975756"><ele>40.9</ele></rtept><rtept lat="27.556338" lon="109.975858"><ele>40.8</ele></rtept><rtept lat="27.556442" lon="109.97595"><ele>40.8</ele></rtept><rtept lat="27.556549" lon="109.976047"><ele>40.7</ele></rtept><rtept lat="27.556660" lon="109.976133"><ele>40.7</ele></rtept><rtept lat="27.556774" lon="109.97622"><ele>40.6</ele></rtept><rtept lat="27.556891" lon="109.976291"><ele>40.5</ele></rtept><rtept lat="27.557010" lon="109.976362"><ele>40.5</ele></rtept><rtept lat="27.557132" lon="109.976428"><ele>40.4</ele></rtept><rtept lat="27.557256" lon="109.97649"><ele>40.3</ele></rtept><rtept lat="27.557382" lon="109.976541"><ele>40.3</ele></rtept><rtept lat="27.55751" lon="109.976589"><ele>40.2</ele></rtept><rtept lat="27.557640" lon="109.976631"><ele>40.1</ele></rtept><rtept lat="27.557771" lon="109.976667"><ele>40.1</ele></rtept><rtept lat="27.557903" lon="109.976697"><ele>40.0</ele></rtept><rtept lat="27.55804" lon="109.976721"><ele>40.0</ele></rtept><rtept lat="27.558170" lon="109.976739"><ele>39.9</ele></rtept><rtept lat="27.558305" lon="109.976751"><ele>39.8</ele></rtept><rtept lat="27.558439" lon="109.976756"><ele>39.8</ele></rtept><rtept lat="27.558574" lon="109.976755"><ele>39.7</ele></rtept><rtept lat="27.558709" lon="109.976748"><ele>39.6</ele></rtept><rtept lat="27.558843" lon="109.976734"><ele>39.6</ele></rtept><rtept lat="27.5590" lon="109.976715"><ele>39.5</ele></rtept><rtept lat="27.559110" lon="109.97669"><ele>39.4</ele></rtept><rtept lat="27.559242" lon="109.976657"><ele>39.4</ele></rtept><rtept lat="27.559373" lon="109.976620"><ele>39.3</ele></rtept><rtept lat="27.559502" lon="109.976576"><ele>39.3</ele></rtept><rtept lat="27.559629" lon="109.976526"><ele>39.2</ele></rtept><rtept lat="27.559755" lon="109.976470"><ele>39.1</ele></rtept><rtept lat="27.55988" lon="109.976409"><ele>39.1</ele></rtept><rtept lat="27.559999" lon="109.976342"><ele>39.0</ele></rtept><rtept lat="27.560118" lon="109.976270"><ele>39.0</ele></rtept><rtept lat="27.56023" lon="109.976192"><ele>38.9</ele></rtept><rtept lat="27.56035" lon="109.976108"><ele>38.9</ele></rtept><rtept lat="27.560457" lon="109.976020"><ele>38.8</ele></rtept><rtept lat="27.560563" lon="109.975927"><ele>38.8</ele></rtept><rtept lat="27.560666" lon="109.975829"><ele>38.7</ele></rtept><rtept lat="27.560766" lon="109.975726"><ele>38.7</ele></rtept><rtept lat="27.560861" lon="109.975618"><ele>38.6</ele></rtept><rtept lat="27.560953" lon="109.975507"><ele>38.6</ele></rtept><rtept lat="27.561040" lon="109.97539"><ele>38.5</ele></rtept><rtept lat="27.561124" lon="109.975271"><ele>38.5</ele></rtept><rtept lat="27.561202" lon="109.975148"><ele>38.4</ele></rtept><rtept lat="27.561277" lon="109.975021"><ele>38.4</ele></rtept><rtept lat="27.561346" lon="109.974890"><ele>38.4</ele></rtept><rtept lat="27.561411" lon="109.974757"><ele>38.3</ele></rtept><rtept lat="27.561471" lon="109.974621"><ele>38.3</ele></rtept><rtept lat="27.56153" lon="109.974482"><ele>38.3</ele></rtept><rtept lat="27.561576" lon="109.974340"><ele>38.2</ele></rtept><rtept lat="27.561621" lon="109.974197"><ele>38.2</ele></rtept><rtept lat="27.561660" lon="109.974051"><ele>38.2</ele></rtept><rtept lat="27.561694" lon="109.973904"><ele>38.1</ele></rtept><rtept lat="27.56172" lon="109.973755"><ele>38.1</ele></rtept><rtept lat="27.561746" lon="109.973606"><ele>38.1</ele></rtept><rtept lat="27.561764" lon="109.973455"><ele>38.1</ele></rtept><rtept lat="27.561777" lon="109.97330"><ele>38.1</ele></rtept><rtept lat="27.56178" lon="109.973151"><ele>38.1</ele></rtept><rtept lat="27.561785" lon="109.972999"><ele>38.0</ele></rtept><rtept lat="27.561781" lon="109.972847"><ele>38.0</ele></rtept><rtept lat="27.561771" lon="109.972695"><ele>38.0</ele></rtept><rtept lat="27.561756" lon="109.972544"><ele>38.0</ele></rtept><rtept lat="27.561736" lon="109.97239"><ele>38.0</ele></rtept><rtept lat="27.561710" lon="109.97224"><ele>38.0</ele></rtept><rtept lat="27.561678" lon="109.972096"><ele>38.0</ele></rtept><rtept lat="27.56164" lon="109.971950"><ele>38.0</ele></rtept><rtept lat="27.561600" lon="109.971805"><ele>38.0</ele></rtept><rtept lat="27.56155" lon="109.971663"><ele>38.0</ele></rtept><rtept lat="27.56150" lon="109.971523"><ele>38.0</ele></rtept><rtept lat="27.561443" lon="109.97139"><ele>38.0</ele></rtept><rtept lat="27.561380" lon="109.97125"><ele>38.0</ele></rtept><rtept lat="27.561313" lon="109.971118"><ele>38.1</ele></rtept><rtept lat="27.561241" lon="109.970989"><ele>38.1</ele></rtept><rtept lat="27.561165" lon="109.97086"><ele>38.1</ele></rtept><rtept lat="27.561084" lon="109.970742"><ele>38.1</ele></rtept><rtept lat="27.560999" lon="109.97062"><ele>38.1</ele></rtept><rtept lat="27.560909" lon="109.970511"><ele>38.1</ele></rtept><rtept lat="27.56082" lon="109.970401"><ele>38.2</ele></rtept><rtept lat="27.56072" lon="109.970296"><ele>38.2</ele></rtept><rtept lat="27.560617" lon="109.970195"><ele>38.2</ele></rtept><rtept lat="27.560512" lon="109.97010"><ele>38.3</ele></rtept><rtept lat="27.560404" lon="109.970008"><ele>38.3</ele></rtept><rtept lat="27.56029" lon="109.969923"><ele>38.3</ele></rtept><rtept lat="27.560178" lon="109.969842"><ele>38.4</ele></rtept><rtept lat="27.560061" lon="109.969767"><ele>38.4</ele></rtept><rtept lat="27.559941" lon="109.969697"><ele>38.4</ele></rtept><rtept lat="27.559819" lon="109.969632"><ele>38.5</ele></rtept><rtept lat="27.5597" lon="109.969574"><ele>38.5</ele></rtept><rtept lat="27.559568" lon="109.969521"><ele>38.6</ele></rtept><rtept lat="27.559440" lon="109.969474"><ele>38.6</ele></rtept><rtept lat="27.559310" lon="109.969433"><ele>38.7</ele></rtept><rtept lat="27.559178" lon="109.969398"><ele>38.7</ele></rtept><rtept lat="27.559046" lon="109.96937"><ele>38.8</ele></rtept><rtept lat="27.55891" lon="109.969347"><ele>38.8</ele></rtept><rtept lat="27.558779" lon="109.969330"><ele>38.9</ele></rtept><rtept lat="27.558644" lon="109.969320"><ele>38.9</ele></rtept><rtept lat="27.558509" lon="109.969316"><ele>39.0</ele></rtept><rtept lat="27.558374" lon="109.969318"><ele>39.0</ele></rtept><rtept lat="27.558240" lon="109.969326"><ele>39.1</ele></rtept><rtept lat="27.558105" lon="109.969341"><ele>39.1</ele></rtept><rtept lat="27.557972" lon="109.969361"><ele>39.2</ele></rtept><rtept lat="27.557839" lon="109.969388"><ele>39.3</ele></rtept><rtept lat="27.557707" lon="109.969421"><ele>39.3</ele></rtept><rtept lat="27.557577" lon="109.969460"><ele>39.4</ele></rtept><rtept lat="27.557448" lon="109.969505"><ele>39.4</ele></rtept><rtept lat="27.55732" lon="109.969556"><ele>39.5</ele></rtept><rtept lat="27.557196" lon="109.969613"><ele>39.6</ele></rtept><rtept lat="27.557073" lon="109.969675"><ele>39.6</ele></rtept><rtept lat="27.556952" lon="109.969743"><ele>39.7</ele></rtept><rtept lat="27.556834" lon="109.969817"><ele>39.8</ele></rtept><rtept lat="27.556719" lon="109.969896"><ele>39.8</ele></rtept><rtept lat="27.55661" lon="109.969980"><ele>39.9</ele></rtept><rtept lat="27.55650" lon="109.970069"><ele>40.0</ele></rtept><rtept lat="27.55639" lon="109.970163"><ele>40.0</ele></rtept><rtept lat="27.556289" lon="109.970262"><ele>40.1</ele></rtept><rtept lat="27.556190" lon="109.970366"><ele>40.2</ele></rtept><rtept lat="27.556095" lon="109.970474"><ele>40.2</ele></rtept><rtept lat="27.556004" lon="109.970587"><ele>40.3</ele></rtept><rtept lat="27.555918" lon="109.970703"><ele>40.3</ele></rtept><rtept lat="27.555835" lon="109.970824"><ele>40.4</ele></rtept><rtept lat="27.555757" lon="109.970948"><ele>40.5</ele></rtept><rtept lat="27.555684" lon="109.971076"><ele>40.5</ele></rtept><rtept lat="27.555615" lon="109.971206"><ele>40.6</ele></rtept><rtept lat="27.555551" lon="109.971340"><ele>40.7</ele></rtept><rtept lat="27.555492" lon="109.97148"><ele>40.7</ele></rtept><rtept lat="27.555438" lon="109.971617"><ele>40.8</ele></rtept><rtept lat="27.555389" lon="109.971758"><ele>40.8</ele></rtept><rtept lat="27.555346" lon="109.971902"><ele>40.9</ele></rtept><rtept lat="27.55531" lon="109.972048"><ele>40.9</ele></rtept><rtept lat="27.555274" lon="109.972196"><ele>41.0</ele></rtept><rtept lat="27.555246" lon="109.972345"><ele>41.1</ele></rtept><rtept lat="27.555224" lon="109.972495"><ele>41.1</ele></rtept><rtept lat="27.555207" lon="109.972646"><ele>41.2</ele></rtept><rtept lat="27.555196" lon="109.972797"><ele>41.2</ele></rtept><rtept lat="27.55519" lon="109.972949"><ele>41.3</ele></rtept><rtept lat="27.555189" lon="109.973101"><ele>41.3</ele></rtept><rtept lat="27.555194" lon="109.97325"><ele>41.4</ele></rtept><rtept lat="27.555205" lon="109.973405"><ele>41.4</ele></rtept><rtept lat="27.555221" lon="109.973556"><ele>41.5</ele></rtept><rtept lat="27.555243" lon="109.973706"><ele>41.5</ele></rtept><rtept lat="27.555270" lon="109.973855"><ele>41.5</ele></rtept><rtept lat="27.555302" lon="109.974003"><ele>41.6</ele></rtept><rtept lat="27.555340" lon="109.974149"><ele>41.6</ele></rtept><rtept lat="27.555383" lon="109.974293"><ele>41.7</ele></rtept><rtept lat="27.55543" lon="109.974436"><ele>41.7</ele></rtept><rtept lat="27.555484" lon="109.97458"><ele>41.7</ele></rtept><rtept lat="27.555543" lon="109.974713"><ele>41.8</ele></rtept><rtept lat="27.555606" lon="109.974847"><ele>41.8</ele></rtept><rtept lat="27.555674" lon="109.974978"><ele>41.8</ele></rtept><rtept lat="27.555747" lon="109.975106"><ele>41.8</ele></rtept><rtept lat="27.555824" lon="109.975231"><ele>41.9</ele></rtept><rtept lat="27.555906" lon="109.97535"><ele>41.9</ele></rtept><rtept lat="27.555992" lon="109.975469"><ele>41.9</ele></rtept><rtept lat="27.556082" lon="109.975582"><ele>41.9</ele></rtept><rtept lat="27.556177" lon="109.975691"><ele>41.9</ele></rtept><rtept lat="27.55627" lon="109.975795"><ele>42.0</ele></rtept><rtept lat="27.556377" lon="109.97590"><ele>42.0</ele></rtept><rtept lat="27.55648" lon="109.97599"><ele>42.0</ele></rtept><rtept lat="27.556591" lon="109.976080"><ele>42.0</ele></rtept><rtept lat="27.556703" lon="109.976165"><ele>42.0</ele></rtept><rtept lat="27.556818" lon="109.97624"><ele>42.0</ele></rtept><rtept lat="27.556935" lon="109.976319"><ele>42.0</ele></rtept><rtept lat="27.557056" lon="109.976388"><ele>42.0</ele></rtept><rtept lat="27.557178" lon="109.976451"><ele>42.0</ele></rtept><rtept lat="27.557303" lon="109.976508"><ele>42.0</ele></rtept><rtept lat="27.557430" lon="109.97656"><ele>42.0</ele></rtept><rtept lat="27.557559" lon="109.976606"><ele>42.0</ele></rtept><rtept lat="27.557689" lon="109.97665"><ele>42.0</ele></rtept><rtept lat="27.557820" lon="109.97668"><ele>42.0</ele></rtept><rtept lat="27.557953" lon="109.976707"><ele>41.9</ele></rtept><rtept lat="27.558087" lon="109.976729"><ele>41.9</ele></rtept><rtept lat="27.558221" lon="109.976744"><ele>41.9</ele></rtept><rtept lat="27.55836" lon="109.976753"><ele>41.9</ele></rtept><rtept lat="27.558490" lon="109.976756"><ele>41.9</ele></rtept><rtept lat="27.558625" lon="109.976753"><ele>41.8</ele></rtept><rtept lat="27.558760" lon="109.976743"><ele>41.8</ele></rtept><rtept lat="27.55889" lon="109.976728"><ele>41.8</ele></rtept><rtept lat="27.559028" lon="109.976706"><ele>41.8</ele></rtept><rtept lat="27.5592" lon="109.976678"><ele>41.7</ele></rtept><rtept lat="27.559292" lon="109.976644"><ele>41.7</ele></rtept><rtept lat="27.559422" lon="109.976604"><ele>41.6</ele></rtept><rtept lat="27.55955" lon="109.97656"><ele>41.6</ele></rtept><rtept lat="27.559677" lon="109.976506"><ele>41.6</ele></rtept><rtept lat="27.559802" lon="109.976448"><ele>41.5</ele></rtept><rtept lat="27.559924" lon="109.976384"><ele>41.5</ele></rtept><rtept lat="27.560045" lon="109.976315"><ele>41.4</ele></rtept><rtept lat="27.560162" lon="109.976241"><ele>41.4</ele></rtept><rtept lat="27.560277" lon="109.976161"><ele>41.4</ele></rtept><rtept lat="27.560389" lon="109.97608"><ele>41.3</ele></rtept><rtept lat="27.560497" lon="109.975985"><ele>41.3</ele></rtept><rtept lat="27.560602" lon="109.975890"><ele>41.2</ele></rtept><rtept lat="27.560704" lon="109.97579"><ele>41.2</ele></rtept><rtept lat="27.560802" lon="109.975686"><ele>41.1</ele></rtept><rtept lat="27.560896" lon="109.975577"><ele>41.0</ele></rtept><rtept lat="27.560986" lon="109.975463"><ele>41.0</ele></rtept><rtept lat="27.56107" lon="109.975346"><ele>40.9</ele></rtept><rtept lat="27.561154" lon="109.975225"><ele>40.9</ele></rtept><rtept lat="27.561231" lon="109.975100"><ele>40.8</ele></rtept><rtept lat="27.561304" lon="109.974972"><ele>40.8</ele></rtept><rtept lat="27.561371" lon="109.974840"><ele>40.7</ele></rtept><rtept lat="27.56143" lon="109.974706"><ele>40.6</ele></rtept><rtept lat="27.561492" lon="109.974568"><ele>40.6</ele></rtept><rtept lat="27.561545" lon="109.974429"><ele>40.5</ele></rtept><rtept lat="27.56159" lon="109.974286"><ele>40.5</ele></rtept><rtept lat="27.561636" lon="109.974142"><ele>40.4</ele></rtept><rtept lat="27.561674" lon="109.973996"><ele>40.3</ele></rtept><rtept lat="27.561706" lon="109.973848"><ele>40.3</ele></rtept><rtept lat="27.561732" lon="109.97370"><ele>40.2</ele></rtept><rtept lat="27.561754" lon="109.973549"><ele>40.1</ele></rtept><rtept lat="27.561770" lon="109.973398"><ele>40.1</ele></rtept><rtept lat="27.561780" lon="109.973246"><ele>40.0</ele></rtept><rtept lat="27.561785" lon="109.973094"><ele>39.9</ele></rtept><rtept lat="27.561784" lon="109.97294"><ele>39.9</ele></rtept><rtept lat="27.56178" lon="109.972790"><ele>39.8</ele></rtept><rtept lat="27.561766" lon="109.972638"><ele>39.7</ele></rtept><rtept lat="27.561749" lon="109.972487"><ele>39.7</ele></rtept><rtept lat="27.561727" lon="109.972337"><ele>39.6</ele></rtept><rtept lat="27.561698" lon="109.972188"><ele>39.6</ele></rtept><rtept lat="27.561665" lon="109.972041"><ele>39.5</ele></rtept><rtept lat="27.56163" lon="109.971895"><ele>39.4</ele></rtept><rtept lat="27.561582" lon="109.971751"><ele>39.4</ele></rtept><rtept lat="27.561533" lon="109.971610"><ele>39.3</ele></rtept><rtept lat="27.561479" lon="109.971470"><ele>39.2</ele></rtept><rtept lat="27.561420" lon="109.971334"><ele>39.2</ele></rtept><rtept lat="27.561356" lon="109.971200"><ele>39.1</ele></rtept><rtept lat="27.561287" lon="109.971069"><ele>39.1</ele></rtept><rtept lat="27.561213" lon="109.97094"><ele>39.0</ele></rtept><rtept lat="27.561135" lon="109.970818"><ele>39.0</ele></rtept><rtept lat="27.561052" lon="109.970697"><ele>38.9</ele></rtept><rtept lat="27.56097" lon="109.970581"><ele>38.9</ele></rtept><rtept lat="27.5609" lon="109.970469"><ele>38.8</ele></rtept><rtept lat="27.560779" lon="109.97036"><ele>38.7</ele></rtept><rtept lat="27.56068" lon="109.970257"><ele>38.7</ele></rtept><rtept lat="27.56058" lon="109.970158"><ele>38.7</ele></rtept><rtept lat="27.560472" lon="109.970064"><ele>38.6</ele></rtept><rtept lat="27.560362" lon="109.969975"><ele>38.6</ele></rtept><rtept lat="27.560250" lon="109.969891"><ele>38.5</ele></rtept><rtept lat="27.560134" lon="109.969813"><ele>38.5</ele></rtept><rtept lat="27.560016" lon="109.969740"><ele>38.4</ele></rtept><rtept lat="27.559895" lon="109.969672"><ele>38.4</ele></rtept><rtept lat="27.559772" lon="109.969610"><ele>38.4</ele></rtept><rtept lat="27.559647" lon="109.96955"><ele>38.3</ele></rtept><rtept lat="27.559520" lon="109.969503"><ele>38.3</ele></rtept><rtept lat="27.559391" lon="109.969458"><ele>38.3</ele></rtept><rtept lat="27.559260" lon="109.969419"><ele>38.2</ele></rtept><rtept lat="27.559128" lon="109.969387"><ele>38.2</ele></rtept><rtept lat="27.558996" lon="109.96936"><ele>38.2</ele></rtept><rtept lat="27.55886" lon="109.9693"><ele>38.1</ele></rtept><rtept lat="27.558728" lon="109.969326"><ele>38.1</ele></rtept><rtept lat="27.558593" lon="109.969318"><ele>38.1</ele></rtept><rtept lat="27.558458" lon="109.969316"><ele>38.1</ele></rtept><rtept lat="27.558323" lon="109.969320"><ele>38.1</ele></rtept><rtept lat="27.55819" lon="109.969331"><ele>38.0</ele></rtept><rtept lat="27.55805" lon="109.969348"><ele>38.0</ele></rtept><rtept lat="27.557921" lon="109.969371"><ele>38.0</ele></rtept><rtept lat="27.557789" lon="109.969400"><ele>38.0</ele></rtept><rtept lat="27.557658" lon="109.969435"><ele>38.0</ele></rtept><rtept lat="27.557528" lon="109.969476"><ele>38.0</ele></rtept><rtept lat="27.55740" lon="109.969524"><ele>38.0</ele></rtept><rtept lat="27.557273" lon="109.969577"><ele>38.0</ele></rtept><rtept lat="27.55715" lon="109.969636"><ele>38.0</ele></rtept><rtept lat="27.557027" lon="109.969700"><ele>38.0</ele></rtept><rtept lat="27.556907" lon="109.969770"><ele>38.0</ele></rtept><rtept lat="27.556790" lon="109.969846"><ele>38.0</ele></rtept><rtept lat="27.556676" lon="109.96993"><ele>38.0</ele></rtept><rtept lat="27.556565" lon="109.970013"><ele>38.0</ele></rtept><rtept lat="27.556457" lon="109.970104"><ele>38.1</ele></rtept><rtept lat="27.55635" lon="109.970200"><ele>38.1</ele></rtept><rtept lat="27.556251" lon="109.970301"><ele>38.1</ele></rtept><rtept lat="27.556154" lon="109.97041"><ele>38.1</ele></rtept><rtept lat="27.556060" lon="109.970516"><ele>38.1</ele></rtept><rtept lat="27.555971" lon="109.970630"><ele>38.2</ele></rtept><rtept lat="27.555886" lon="109.970748"><ele>38.2</ele></rtept><rtept lat="27.55581" lon="109.970870"><ele>38.2</ele></rtept><rtept lat="27.555729" lon="109.970996"><ele>38.2</ele></rtept><rtept lat="27.555657" lon="109.971125"><ele>38.3</ele></rtept><rtept lat="27.555590" lon="109.971257"><ele>38.3</ele></rtept><rtept lat="27.555528" lon="109.971392"><ele>38.3</ele></rtept><rtept lat="27.555471" lon="109.971530"><ele>38.4</ele></rtept><rtept lat="27.555419" lon="109.971670"><ele>38.4</ele></rtept><rtept lat="27.555372" lon="109.971813"><ele>38.5</ele></rtept><rtept lat="27.555330" lon="109.971957"><ele>38.5</ele></rtept><rtept lat="27.55529" lon="109.972104"><ele>38.5</ele></rtept><rtept lat="27.555263" lon="109.97225"><ele>38.6</ele></rtept><rtept lat="27.55524" lon="109.972401"><ele>38.6</ele></rtept><rtept lat="27.555217" lon="109.97255"><ele>38.7</ele></rtept><rtept lat="27.555202" lon="109.972703"><ele>38.7</ele></rtept><rtept lat="27.555193" lon="109.972855"><ele>38.8</ele></rtept><rtept lat="27.55519" lon="109.97301"><ele>38.8</ele></rtept><rtept lat="27.555191" lon="109.973159"><ele>38.9</ele></rtept><rtept lat="27.555198" lon="109.97331"><ele>38.9</ele></rtept><rtept lat="27.555211" lon="109.973462"><ele>39.0</ele></rtept><rtept lat="27.555229" lon="109.973613"><ele>39.0</ele></rtept><rtept lat="27.555252" lon="109.97376"><ele>39.1</ele></rtept><rtept lat="27.555281" lon="109.973911"><ele>39.2</ele></rtept><rtept lat="27.555316" lon="109.97406"><ele>39.2</ele></rtept><rtept lat="27.555356" lon="109.974204"><ele>39.3</ele></rtept><rtept lat="27.555401" lon="109.97435"><ele>39.3</ele></rtept><rtept lat="27.555451" lon="109.974489"><ele>39.4</ele></rtept><rtept lat="27.555506" lon="109.97463"><ele>39.5</ele></rtept><rtept lat="27.555566" lon="109.974764"><ele>39.5</ele></rtept><rtept lat="27.55563" lon="109.974897"><ele>39.6</ele></rtept><rtept lat="27.5557" lon="109.975027"><ele>39.7</ele></rtept><rtept lat="27.55578" lon="109.975154"><ele>39.7</ele></rtept><rtept lat="27.555855" lon="109.975277"><ele>39.8</ele></rtept><rtept lat="27.555938" lon="109.975397"><ele>39.8</ele></rtept><rtept lat="27.556026" lon="109.97551"><ele>39.9</ele></rtept><rtept lat="27.556118" lon="109.97562"><ele>40.0</ele></rtept><rtept lat="27.556213" lon="109.975731"><ele>40.0</ele></rtept><rtept lat="27.556313" lon="109.975834"><ele>40.1</ele></rtept><rtept lat="27.55642" lon="109.975932"><ele>40.2</ele></rtept><rtept lat="27.55652" lon="109.976025"><ele>40.2</ele></rtept><rtept lat="27.55663" lon="109.976113"><ele>40.3</ele></rtept><rtept lat="27.556746" lon="109.976196"><ele>40.4</ele></rtept><rtept lat="27.556862" lon="109.976273"><ele>40.4</ele></rtept><rtept lat="27.556981" lon="109.976346"><ele>40.5</ele></rtept><rtept lat="27.55710" lon="109.976412"><ele>40.5</ele></rtept><rtept lat="27.557225" lon="109.976473"><ele>40.6</ele></rtept><rtept lat="27.557351" lon="109.976529"><ele>40.7</ele></rtept><rtept lat="27.557479" lon="109.976578"><ele>40.7</ele></rtept><rtept lat="27.557608" lon="109.976622"><ele>40.8</ele></rtept><rtept lat="27.557739" lon="109.97666"><ele>40.8</ele></rtept><rtept lat="27.557871" lon="109.976691"><ele>40.9</ele></rtept><rtept lat="27.558004" lon="109.976716"><ele>41.0</ele></rtept><rtept lat="27.55814" lon="109.976735"><ele>41.0</ele></rtept><rtept lat="27.558272" lon="109.976748"><ele>41.1</ele></rtept><rtept lat="27.558406" lon="109.976755"><ele>41.1</ele></rtept><rtept lat="27.558541" lon="109.97676"><ele>41.2</ele></rtept><rtept lat="27.558676" lon="109.97675"><ele>41.2</ele></rtept><rtept lat="27.558811" lon="109.976738"><ele>41.3</ele></rtept><rtept lat="27.558945" lon="109.9767"><ele>41.3</ele></rtept><rtept lat="27.559078" lon="109.976696"><ele>41.4</ele></rtept><rtept lat="27.559210" lon="109.976666"><ele>41.4</ele></rtept><rtept lat="27.559341" lon="109.976629"><ele>41.5</ele></rtept><rtept lat="27.559470" lon="109.976587"><ele>41.5</ele></rtept><rtept lat="27.559598" lon="109.976539"><ele>41.6</ele></rtept><rtept lat="27.559724" lon="109.976484"><ele>41.6</ele></rtept><rtept lat="27.55985" lon="109.976425"><ele>41.6</ele></rtept><rtept lat="27.55997" lon="109.976359"><ele>41.7</ele></rtept><rtept lat="27.560089" lon="109.976288"><ele>41.7</ele></rtept><rtept lat="27.56021" lon="109.976211"><ele>41.7</ele></rtept><rtept lat="27.560320" lon="109.976129"><ele>41.8</ele></rtept><rtept lat="27.560430" lon="109.976042"><ele>41.8</ele></rtept><rtept lat="27.560537" lon="109.975950"><ele>41.8</ele></rtept><rtept lat="27.5606" lon="109.97585"><ele>41.8</ele></rtept><rtept lat="27.560742" lon="109.975751"><ele>41.9</ele></rtept><rtept lat="27.560838" lon="109.975645"><ele>41.9</ele></rtept><rtept lat="27.560931" lon="109.97553"><ele>41.9</ele></rtept><rtept lat="27.56102" lon="109.975420"><ele>41.9</ele></rtept><rtept lat="27.561104" lon="109.975301"><ele>41.9</ele></rtept><rtept lat="27.561184" lon="109.97518"><ele>42.0</ele></rtept><rtept lat="27.561259" lon="109.975052"><ele>42.0</ele></rtept><rtept lat="27.561330" lon="109.974922"><ele>42.0</ele></rtept><rtept lat="27.561396" lon="109.97479"><ele>42.0</ele></rtept><rtept lat="27.561457" lon="109.97465"><ele>42.0</ele></rtept><rtept lat="27.561513" lon="109.974516"><ele>42.0</ele></rtept><rtept lat="27.561564" lon="109.974375"><ele>42.0</ele></rtept><rtept lat="27.561610" lon="109.97423"><ele>42.0</ele></rtept><rtept lat="27.561651" lon="109.974087"><ele>42.0</ele></rtept><rtept lat="27.561686" lon="109.9739"><ele>42.0</ele></rtept><rtept lat="27.56172" lon="109.97379"><ele>42.0</ele></rtept><rtept lat="27.561741" lon="109.973642"><ele>42.0</ele></rtept><rtept lat="27.561760" lon="109.973492"><ele>42.0</ele></rtept><rtept lat="27.56177" lon="109.973340"><ele>42.0</ele></rtept><rtept lat="27.561782" lon="109.97319"><ele>41.9</ele></rtept><rtept lat="27.561785" lon="109.973036"><ele>41.9</ele></rtept><rtept lat="27.561782" lon="109.972884"><ele>41.9</ele></rtept><rtept lat="27.561774" lon="109.97273"><ele>41.9</ele></rtept><rtept lat="27.561760" lon="109.972581"><ele>41.9</ele></rtept><rtept lat="27.561741" lon="109.9724"><ele>41.8</ele></rtept><rtept lat="27.561717" lon="109.972281"><ele>41.8</ele></rtept><rtept lat="27.561686" lon="109.972132"><ele>41.8</ele></rtept><rtept lat="27.5617" lon="109.971986"><ele>41.7</ele></rtept><rtept lat="27.561610" lon="109.971841"><ele>41.7</ele></rtept><rtept lat="27.561564" lon="109.971698"><ele>41.7</ele></rtept><rtept lat="27.561513" lon="109.97156"><ele>41.6</ele></rtept><rtept lat="27.561457" lon="109.971418"><ele>41.6</ele></rtept><rtept lat="27.56140" lon="109.971283"><ele>41.6</ele></rtept><rtept lat="27.56133" lon="109.971150"><ele>41.5</ele></rtept><rtept lat="27.561259" lon="109.971020"><ele>41.5</ele></rtept><rtept lat="27.561184" lon="109.970894"><ele>41.4</ele></rtept><rtept lat="27.561104" lon="109.970772"><ele>41.4</ele></rtept><rtept lat="27.561020" lon="109.97065"><ele>41.3</ele></rtept><rtept lat="27.560931" lon="109.970538"><ele>41.3</ele></rtept><rtept lat="27.560839" lon="109.970427"><ele>41.2</ele></rtept><rtept lat="27.560742" lon="109.970321"><ele>41.2</ele></rtept><rtept lat="27.560642" lon="109.97022"><ele>41.1</ele></rtept><rtept lat="27.560538" lon="109.97012"><ele>41.1</ele></rtept><rtept lat="27.560431" lon="109.97003"><ele>41.0</ele></rtept><rtept lat="27.56032" lon="109.969943"><ele>41.0</ele></rtept><rtept lat="27.56021" lon="109.969861"><ele>40.9</ele></rtept><rtept lat="27.560090" lon="109.969784"><ele>40.9</ele></rtept><rtept lat="27.559971" lon="109.969713"><ele>40.8</ele></rtept><rtept lat="27.5598" lon="109.969648"><ele>40.7</ele></rtept><rtept lat="27.559725" lon="109.969588"><ele>40.7</ele></rtept><rtept lat="27.55960" lon="109.969533"><ele>40.6</ele></rtept><rtept lat="27.559471" lon="109.969485"><ele>40.6</ele></rtept><rtept lat="27.559342" lon="109.969443"><ele>40.5</ele></rtept><rtept lat="27.559211" lon="109.969406"><ele>40.4</ele></rtept><rtept lat="27.559078" lon="109.969376"><ele>40.4</ele></rtept><rtept lat="27.55895" lon="109.969352"><ele>40.3</ele></rtept><rtept lat="27.558811" lon="109.969334"><ele>40.2</ele></rtept><rtept lat="27.558677" lon="109.96932"><ele>40.2</ele></rtept><rtept lat="27.55854" lon="109.969316"><ele>40.1</ele></rtept><rtept lat="27.558407" lon="109.969317"><ele>40.1</ele></rtept><rtept lat="27.558272" lon="109.96932"><ele>40.0</ele></rtept><rtept lat="27.55814" lon="109.969336"><ele>39.9</ele></rtept><rtept lat="27.558004" lon="109.969356"><ele>39.9</ele></rtept><rtept lat="27.557871" lon="109.969381"><ele>39.8</ele></rtept><rtept lat="27.557739" lon="109.969412"><ele>39.7</ele></rtept><rtept lat="27.557608" lon="109.969450"><ele>39.7</ele></rtept><rtept lat="27.557479" lon="109.969494"><ele>39.6</ele></rtept><rtept lat="27.557352" lon="109.969543"><ele>39.5</ele></rtept><rtept lat="27.55723" lon="109.969598"><ele>39.5</ele></rtept><rtept lat="27.557102" lon="109.969659"><ele>39.4</ele></rtept><rtept lat="27.556981" lon="109.969726"><ele>39.4</ele></rtept><rtept lat="27.556862" lon="109.969798"><ele>39.3</ele></rtept><rtept lat="27.556746" lon="109.969876"><ele>39.2</ele></rtept><rtept lat="27.556633" lon="109.969959"><ele>39.2</ele></rtept><rtept lat="27.556523" lon="109.970047"><ele>39.1</ele></rtept><rtept lat="27.556417" lon="109.970140"><ele>39.1</ele></rtept><rtept lat="27.556313" lon="109.97024"><ele>39.0</ele></rtept><rtept lat="27.556214" lon="109.970340"><ele>38.9</ele></rtept><rtept lat="27.55612" lon="109.970447"><ele>38.9</ele></rtept><rtept lat="27.55603" lon="109.970559"><ele>38.8</ele></rtept><rtept lat="27.555938" lon="109.970674"><ele>38.8</ele></rtept><rtept lat="27.555855" lon="109.970794"><ele>38.7</ele></rtept><rtept lat="27.555776" lon="109.970917"><ele>38.7</ele></rtept><rtept lat="27.555701" lon="109.971044"><ele>38.6</ele></rtept><rtept lat="27.55563" lon="109.971174"><ele>38.6</ele></rtept><rtept lat="27.555566" lon="109.971308"><ele>38.5</ele></rtept><rtept lat="27.555506" lon="109.971444"><ele>38.5</ele></rtept><rtept lat="27.55545" lon="109.971582"><ele>38.5</ele></rtept><rtept lat="27.555401" lon="109.971724"><ele>38.4</ele></rtept><rtept lat="27.555356" lon="109.97187"><ele>38.4</ele></rtept><rtept lat="27.55532" lon="109.972013"><ele>38.3</ele></rtept><rtept lat="27.555282" lon="109.972160"><ele>38.3</ele></rtept><rtept lat="27.555252" lon="109.972308"><ele>38.3</ele></rtept><rtept lat="27.555229" lon="109.972458"><ele>38.2</ele></rtept><rtept lat="27.555211" lon="109.972609"><ele>38.2</ele></rtept><rtept lat="27.555198" lon="109.972760"><ele>38.2</ele></rtept><rtept lat="27.555191" lon="109.97291"><ele>38.2</ele></rtept><rtept lat="27.555189" lon="109.973064"><ele>38.1</ele></rtept><rtept lat="27.55519" lon="109.9732"><ele>38.1</ele></rtept><rtept lat="27.555202" lon="109.973368"><ele>38.1</ele></rtept><rtept lat="27.555217" lon="109.97352"><ele>38.1</ele></rtept><rtept lat="27.555237" lon="109.973670"><ele>38.1</ele></rtept><rtept lat="27.555263" lon="109.973819"><ele>38.0</ele></rtept><rtept lat="27.555294" lon="109.973967"><ele>38.0</ele></rtept><rtept lat="27.555330" lon="109.974114"><ele>38.0</ele></rtept><rtept lat="27.55537" lon="109.974258"><ele>38.0</ele></rtept><rtept lat="27.555419" lon="109.974401"><ele>38.0</ele></rtept><rtept lat="27.55547" lon="109.974542"><ele>38.0</ele></rtept><rtept lat="27.555528" lon="109.974679"><ele>38.0</ele></rtept><rtept lat="27.555590" lon="109.974814"><ele>38.0</ele></rtept><rtept lat="27.555657" lon="109.97495"><ele>38.0</ele></rtept><rtept lat="27.555729" lon="109.975076"><ele>38.0</ele></rtept><rtept lat="27.555805" lon="109.975201"><ele>38.0</ele></rtept><rtept lat="27.555886" lon="109.975323"><ele>38.0</ele></rtept><rtept lat="27.55597" lon="109.975441"><ele>38.0</ele></rtept><rtept lat="27.556060" lon="109.975555"><ele>38.0</ele></rtept><rtept lat="27.556153" lon="109.975665"><ele>38.1</ele></rtept><rtept lat="27.556251" lon="109.97577"><ele>38.1</ele></rtept><rtept lat="27.55635" lon="109.975871"><ele>38.1</ele></rtept><rtept lat="27.556456" lon="109.975967"><ele>38.1</ele></rtept><rtept lat="27.556564" lon="109.976059"><ele>38.1</ele></rtept><rtept lat="27.556675" lon="109.97614"><ele>38.2</ele></rtept><rtept lat="27.556789" lon="109.976226"><ele>38.2</ele></rtept><rtept lat="27.55691" lon="109.976301"><ele>38.2</ele></rtept><rtept lat="27.557026" lon="109.976371"><ele>38.2</ele></rtept><rtept lat="27.557148" lon="109.976436"><ele>38.3</ele></rtept><rtept lat="27.557273" lon="109.97649"><ele>38.3</ele></rtept><rtept lat="27.557399" lon="109.976548"><ele>38.3</ele></rtept><rtept lat="27.557527" lon="109.976595"><ele>38.4</ele></rtept><rtept lat="27.557657" lon="109.976637"><ele>38.4</ele></rtept><rtept lat="27.557788" lon="109.976672"><ele>38.5</ele></rtept><rtept lat="27.557921" lon="109.976701"><ele>38.5</ele></rtept><rtept lat="27.558054" lon="109.97672"><ele>38.5</ele></rtept><rtept lat="27.55819" lon="109.97674"><ele>38.6</ele></rtept><rtept lat="27.558323" lon="109.976752"><ele>38.6</ele></rtept><rtept lat="27.55846" lon="109.976756"><ele>38.7</ele></rtept><rtept lat="27.558592" lon="109.976754"><ele>38.7</ele></rtept><rtept lat="27.55873" lon="109.976746"><ele>38.8</ele></rtept><rtept lat="27.558861" lon="109.976732"><ele>38.8</ele></rtept><rtept lat="27.558995" lon="109.976712"><ele>38.9</ele></rtept><rtept lat="27.559128" lon="109.976685"><ele>38.9</ele></rtept><rtept lat="27.559260" lon="109.976653"><ele>39.0</ele></rtept><rtept lat="27.559390" lon="109.976614"><ele>39.1</ele></rtept><rtept lat="27.559519" lon="109.976569"><ele>39.1</ele></rtept><rtept lat="27.559646" lon="109.976519"><ele>39.2</ele></rtept><rtept lat="27.559772" lon="109.976462"><ele>39.2</ele></rtept><rtept lat="27.559895" lon="109.976400"><ele>39.3</ele></rtept><rtept lat="27.56002" lon="109.976333"><ele>39.4</ele></rtept><rtept lat="27.560134" lon="109.976259"><ele>39.4</ele></rtept><rtept lat="27.560249" lon="109.976181"><ele>39.5</ele></rtept><rtept lat="27.560362" lon="109.976097"><ele>39.5</ele></rtept><rtept lat="27.560471" lon="109.976008"><ele>39.6</ele></rtept><rtept lat="27.560577" lon="109.97591"><ele>39.7</ele></rtept><rtept lat="27.56068" lon="109.975815"><ele>39.7</ele></rtept><rtept lat="27.560779" lon="109.975712"><ele>39.8</ele></rtept><rtept lat="27.560874" lon="109.975604"><ele>39.9</ele></rtept><rtept lat="27.560965" lon="109.975491"><ele>39.9</ele></rtept><rtept lat="27.561052" lon="109.975375"><ele>40.0</ele></rtept><rtept lat="27.561134" lon="109.97525"><ele>40.0</ele></rtept><rtept lat="27.561213" lon="109.975131"><ele>40.1</ele></rtept><rtept lat="27.56129" lon="109.97500"><ele>40.2</ele></rtept><rtept lat="27.561355" lon="109.974873"><ele>40.2</ele></rtept><rtept lat="27.561419" lon="109.974739"><ele>40.3</ele></rtept><rtept lat="27.561479" lon="109.974602"><ele>40.4</ele></rtept><rtept lat="27.561533" lon="109.974463"><ele>40.4</ele></rtept><rtept lat="27.561582" lon="109.974321"><ele>40.5</ele></rtept><rtept lat="27.561626" lon="109.974177"><ele>40.6</ele></rtept><rtept lat="27.561665" lon="109.974032"><ele>40.6</ele></rtept><rtept lat="27.561698" lon="109.973884"><ele>40.7</ele></rtept><rtept lat="27.561726" lon="109.973735"><ele>40.7</ele></rtept><rtept lat="27.561749" lon="109.973585"><ele>40.8</ele></rtept><rtept lat="27.56177" lon="109.973434"><ele>40.9</ele></rtept><rtept lat="27.561778" lon="109.973283"><ele>40.9</ele></rtept><rtept lat="27.561784" lon="109.97313"><ele>41.0</ele></rtept><rtept lat="27.561785" lon="109.972979"><ele>41.0</ele></rtept><rtept lat="27.561780" lon="109.972827"><ele>41.1</ele></rtept><rtept lat="27.561770" lon="109.972675"><ele>41.1</ele></rtept><rtept lat="27.561754" lon="109.972524"><ele>41.2</ele></rtept><rtept lat="27.561733" lon="109.97237"><ele>41.2</ele></rtept><rtept lat="27.561706" lon="109.972225"><ele>41.3</ele></rtept><rtept lat="27.561674" lon="109.972077"><ele>41.3</ele></rtept><rtept lat="27.561636" lon="109.971931"><ele>41.4</ele></rtept><rtept lat="27.561594" lon="109.971786"><ele>41.4</ele></rtept><rtept lat="27.561546" lon="109.971644"><ele>41.5</ele></rtept><rtept lat="27.561493" lon="109.97150"><ele>41.5</ele></rtept><rtept lat="27.561435" lon="109.971367"><ele>41.6</ele></rtept><rtept lat="27.561372" lon="109.971232"><ele>41.6</ele></rtept><rtept lat="27.561304" lon="109.971101"><ele>41.6</ele></rtept><rtept lat="27.561231" lon="109.97097"><ele>41.7</ele></rtept><rtept lat="27.561154" lon="109.970847"><ele>41.7</ele></rtept><rtept lat="27.561073" lon="109.970726"><ele>41.7</ele></rtept><rtept lat="27.560987" lon="109.970609"><ele>41.8</ele></rtept><rtept lat="27.560897" lon="109.970496"><ele>41.8</ele></rtept><rtept lat="27.560803" lon="109.970387"><ele>41.8</ele></rtept><rtept lat="27.560705" lon="109.970282"><ele>41.9</ele></rtept><rtept lat="27.560603" lon="109.970182"><ele>41.9</ele></rtept><rtept lat="27.560498" lon="109.970087"><ele>41.9</ele></rtept><rtept lat="27.56039" lon="109.969997"><ele>41.9</ele></rtept><rtept lat="27.56028" lon="109.96991"><ele>41.9</ele></rtept><rtept lat="27.56016" lon="109.969831"><ele>42.0</ele></rtept><rtept lat="27.560045" lon="109.969757"><ele>42.0</ele></rtept><rtept lat="27.559925" lon="109.969688"><ele>42.0</ele></rtept><rtept lat="27.559802" lon="109.969624"><ele>42.0</ele></rtept><rtept lat="27.559678" lon="109.969566"><ele>42.0</ele></rtept><rtept lat="27.559551" lon="109.969514"><ele>42.0</ele></rtept><rtept lat="27.559422" lon="109.96947"><ele>42.0</ele></rtept><rtept lat="27.559292" lon="109.969428"><ele>42.0</ele></rtept><rtept lat="27.559161" lon="109.969394"><ele>42.0</ele></rtept><rtept lat="27.559028" lon="109.969366"><ele>42.0</ele></rtept><rtept lat="27.558895" lon="109.969344"><ele>42.0</ele></rtept><rtept lat="27.558760" lon="109.969328"><ele>42.0</ele></rtept><rtept lat="27.558626" lon="109.969319"><ele>42.0</ele></rtept><rtept lat="27.558491" lon="109.969316"><ele>42.0</ele></rtept><rtept lat="27.558356" lon="109.969319"><ele>41.9</ele></rtept><rtept lat="27.558221" lon="109.969328"><ele>41.9</ele></rtept><rtept lat="27.558087" lon="109.969343"><ele>41.9</ele></rtept><rtept lat="27.557954" lon="109.969365"><ele>41.9</ele></rtept><rtept lat="27.557821" lon="109.969392"><ele>41.9</ele></rtept><rtept lat="27.557690" lon="109.969426"><ele>41.9</ele></rtept><rtept lat="27.557559" lon="109.969466"><ele>41.8</ele></rtept><rtept lat="27.557431" lon="109.969512"><ele>41.8</ele></rtept><rtept lat="27.557304" lon="109.969563"><ele>41.8</ele></rtept><rtept lat="27.557179" lon="109.969621"><ele>41.7</ele></rtept><rtept lat="27.557056" lon="109.969684"><ele>41.7</ele></rtept><rtept lat="27.556936" lon="109.969753"><ele>41.7</ele></rtept><rtept lat="27.556818" lon="109.96983"><ele>41.6</ele></rtept><rtept lat="27.55670" lon="109.969907"><ele>41.6</ele></rtept><rtept lat="27.556591" lon="109.969991"><ele>41.6</ele></rtept><rtept lat="27.556483" lon="109.970081"><ele>41.5</ele></rtept><rtept lat="27.556377" lon="109.970176"><ele>41.5</ele></rtept><rtept lat="27.5563" lon="109.970276"><ele>41.4</ele></rtept><rtept lat="27.556177" lon="109.97038"><ele>41.4</ele></rtept><rtept lat="27.556083" lon="109.97049"><ele>41.3</ele></rtept><rtept lat="27.555992" lon="109.970602"><ele>41.3</ele></rtept><rtept lat="27.555906" lon="109.970719"><ele>41.2</ele></rtept><rtept lat="27.555824" lon="109.970840"><ele>41.2</ele></rtept><rtept lat="27.555747" lon="109.970965"><ele>41.1</ele></rtept><rtept lat="27.555674" lon="109.971093"><ele>41.1</ele></rtept><rtept lat="27.555606" lon="109.971224"><ele>41.0</ele></rtept><rtept lat="27.555543" lon="109.971359"><ele>41.0</ele></rtept><rtept lat="27.555485" lon="109.971496"><ele>40.9</ele></rtept><rtept lat="27.555431" lon="109.971636"><ele>40.9</ele></rtept><rtept lat="27.555383" lon="109.971778"><ele>40.8</ele></rtept><rtept lat="27.555340" lon="109.971922"><ele>40.7</ele></rtept><rtept lat="27.555302" lon="109.972068"><ele>40.7</ele></rtept><rtept lat="27.555270" lon="109.972216"><ele>40.6</ele></rtept><rtept lat="27.555243" lon="109.972365"><ele>40.5</ele></rtept><rtept lat="27.555221" lon="109.97251"><ele>40.5</ele></rtept><rtept lat="27.55521" lon="109.972666"><ele>40.4</ele></rtept><rtept lat="27.555194" lon="109.972818"><ele>40.4</ele></rtept><rtept lat="27.555189" lon="109.972970"><ele>40.3</ele></rtept><rtept lat="27.555190" lon="109.973122"><ele>40.2</ele></rtept><rtept lat="27.555196" lon="109.973274"><ele>40.2</ele></rtept><rtept lat="27.555207" lon="109.973425"><ele>40.1</ele></rtept><rtept lat="27.555224" lon="109.973576"><ele>40.0</ele></rtept><rtept lat="27.555246" lon="109.973726"><ele>40.0</ele></rtept><rtept lat="27.55527" lon="109.97388"><ele>39.9</ele></rtept><rtept lat="27.555307" lon="109.97402"><ele>39.8</ele></rtept><rtept lat="27.555345" lon="109.974169"><ele>39.8</ele></rtept><rtept lat="27.555389" lon="109.974313"><ele>39.7</ele></rtept><rtept lat="27.555438" lon="109.974454"><ele>39.7</ele></rtept><rtept lat="27.555492" lon="109.974594"><ele>39.6</ele></rtept><rtept lat="27.55555" lon="109.974731"><ele>39.5</ele></rtept><rtept lat="27.555615" lon="109.974865"><ele>39.5</ele></rtept><rtept lat="27.555684" lon="109.974996"><ele>39.4</ele></rtept><rtept lat="27.555757" lon="109.97512"><ele>39.3</ele></rtept><rtept lat="27.555835" lon="109.97525"><ele>39.3</ele></rtept><rtept lat="27.555917" lon="109.97537"><ele>39.2</ele></rtept><rtept lat="27.5560" lon="109.975485"><ele>39.2</ele></rtept><rtept lat="27.556095" lon="109.975597"><ele>39.1</ele></rtept><rtept lat="27.55619" lon="109.975705"><ele>39.0</ele></rtept><rtept lat="27.556288" lon="109.975809"><ele>39.0</ele></rtept><rtept lat="27.556391" lon="109.97591"><ele>38.9</ele></rtept><rtept lat="27.556497" lon="109.976002"><ele>38.9</ele></rtept><rtept lat="27.556606" lon="109.976092"><ele>38.8</ele></rtept><rtept lat="27.556718" lon="109.976176"><ele>38.8</ele></rtept><rtept lat="27.556833" lon="109.97625"><ele>38.7</ele></rtept><rtept lat="27.556951" lon="109.976328"><ele>38.7</ele></rtept><rtept lat="27.557" lon="109.976397"><ele>38.6</ele></rtept><rtept lat="27.557195" lon="109.976459"><ele>38.6</ele></rtept><rtept lat="27.557320" lon="109.976516"><ele>38.5</ele></rtept><rtept lat="27.557447" lon="109.976567"><ele>38.5</ele></rtept><rtept lat="27.557576" lon="109.976612"><ele>38.5</ele></rtept><rtept lat="27.557707" lon="109.976651"><ele>38.4</ele></rtept><rtept lat="27.55784" lon="109.976684"><ele>38.4</ele></rtept><rtept lat="27.55797" lon="109.9767"><ele>38.3</ele></rtept><rtept lat="27.558105" lon="109.97673"><ele>38.3</ele></rtept><rtept lat="27.558239" lon="109.976746"><ele>38.3</ele></rtept><rtept lat="27.558374" lon="109.976754"><ele>38.2</ele></rtept><rtept lat="27.558508" lon="109.976756"><ele>38.2</ele></rtept><rtept lat="27.558643" lon="109.97675"><ele>38.2</ele></rtept><rtept lat="27.558778" lon="109.976742"><ele>38.2</ele></rtept><rtept lat="27.558912" lon="109.97673"><ele>38.1</ele></rtept><rtept lat="27.55905" lon="109.976703"><ele>38.1</ele></rtept><rtept lat="27.559178" lon="109.976674"><ele>38.1</ele></rtept><rtept lat="27.559309" lon="109.976639"><ele>38.1</ele></rtept><rtept lat="27.559439" lon="109.976598"><ele>38.1</ele></rtept><rtept lat="27.559567" lon="109.97655"><ele>38.0</ele></rtept><rtept lat="27.559694" lon="109.9765"><ele>38.0</ele></rtept><rtept lat="27.559818" lon="109.976440"><ele>38.0</ele></rtept><rtept lat="27.559941" lon="109.97638"><ele>38.0</ele></rtept><rtept lat="27.560060" lon="109.976306"><ele>38.0</ele></rtept><rtept lat="27.560178" lon="109.976230"><ele>38.0</ele></rtept><rtept lat="27.560292" lon="109.976150"><ele>38.0</ele></rtept><rtept lat="27.560403" lon="109.976064"><ele>38.0</ele></rtept><rtept lat="27.560512" lon="109.975973"><ele>38.0</ele></rtept><rtept lat="27.560616" lon="109.975877"><ele>38.0</ele></rtept><rtept lat="27.560718" lon="109.975776"><ele>38.0</ele></rtept><rtept lat="27.560815" lon="109.975671"><ele>38.0</ele></rtept><rtept lat="27.560909" lon="109.975562"><ele>38.0</ele></rtept><rtept lat="27.560998" lon="109.975448"><ele>38.0</ele></rtept><rtept lat="27.561083" lon="109.975330"><ele>38.1</ele></rtept><rtept lat="27.56116" lon="109.975208"><ele>38.1</ele></rtept><rtept lat="27.561241" lon="109.975083"><ele>38.1</ele></rtept><rtept lat="27.561313" lon="109.974954"><ele>38.1</ele></rtept><rtept lat="27.561380" lon="109.974822"><ele>38.1</ele></rtept><rtept lat="27.561442" lon="109.974687"><ele>38.2</ele></rtept><rtept lat="27.561500" lon="109.974550"><ele>38.2</ele></rtept><rtept lat="27.561552" lon="109.974410"><ele>38.2</ele></rtept><rtept lat="27.561599" lon="109.9743"><ele>38.3</ele></rtept><rtept lat="27.56164" lon="109.974122"><ele>38.3</ele></rtept><rtept lat="27.561678" lon="109.973976"><ele>38.3</ele></rtept><rtept lat="27.561710" lon="109.973828"><ele>38.4</ele></rtept><rtept lat="27.56174" lon="109.973679"><ele>38.4</ele></rtept><rtept lat="27.561756" lon="109.973528"><ele>38.4</ele></rtept><rtept lat="27.561771" lon="109.973377"><ele>38.5</ele></rtept><rtept lat="27.561781" lon="109.973225"><ele>38.5</ele></rtept><rtept lat="27.561785" lon="109.973073"><ele>38.6</ele></rtept><rtept lat="27.561784" lon="109.972921"><ele>38.6</ele></rtept><rtept lat="27.561777" lon="109.972769"><ele>38.6</ele></rtept><rtept lat="27.56176" lon="109.972618"><ele>38.7</ele></rtept><rtept lat="27.56175" lon="109.972467"><ele>38.7</ele></rtept><rtept lat="27.561723" lon="109.972317"><ele>38.8</ele></rtept><rtept lat="27.561694" lon="109.972168"><ele>38.8</ele></rtept><rtept lat="27.561660" lon="109.972021"><ele>38.9</ele></rtept><rtept lat="27.561621" lon="109.971876"><ele>39.0</ele></rtept><rtept lat="27.561576" lon="109.971732"><ele>39.0</ele></rtept><rtept lat="27.561526" lon="109.971591"><ele>39.1</ele></rtept><rtept lat="27.561471" lon="109.971452"><ele>39.1</ele></rtept><rtept lat="27.561411" lon="109.971316"><ele>39.2</ele></rtept><rtept lat="27.561347" lon="109.971182"><ele>39.2</ele></rtept><rtept lat="27.561277" lon="109.971052"><ele>39.3</ele></rtept><rtept lat="27.561203" lon="109.97092"><ele>39.4</ele></rtept><rtept lat="27.561124" lon="109.97080"><ele>39.4</ele></rtept><rtept lat="27.561041" lon="109.970681"><ele>39.5</ele></rtept><rtept lat="27.560953" lon="109.970566"><ele>39.6</ele></rtept><rtept lat="27.560862" lon="109.970454"><ele>39.6</ele></rtept><rtept lat="27.560766" lon="109.97035"><ele>39.7</ele></rtept><rtept lat="27.560667" lon="109.970244"><ele>39.7</ele></rtept><rtept lat="27.560564" lon="109.970146"><ele>39.8</ele></rtept><rtept lat="27.560457" lon="109.970052"><ele>39.9</ele></rtept><rtept lat="27.560347" lon="109.969964"><ele>39.9</ele></rtept><rtept lat="27.56023" lon="109.969881"><ele>40.0</ele></rtept><rtept lat="27.560119" lon="109.969803"><ele>40.1</ele></rtept><rtept lat="27.560000" lon="109.969730"><ele>40.1</ele></rtept><rtept lat="27.559879" lon="109.969663"><ele>40.2</ele></rtept><rtept lat="27.559755" lon="109.96960"><ele>40.3</ele></rtept><rtept lat="27.559630" lon="109.969546"><ele>40.3</ele></rtept><rtept lat="27.559502" lon="109.969496"><ele>40.4</ele></rtept><rtept lat="27.559373" lon="109.969452"><ele>40.4</ele></rtept><rtept lat="27.559243" lon="109.9694"><ele>40.5</ele></rtept><rtept lat="27.559111" lon="109.969383"><ele>40.6</ele></rtept><rtept lat="27.558978" lon="109.969357"><ele>40.6</ele></rtept><rtept lat="27.558844" lon="109.969337"><ele>40.7</ele></rtept><rtept lat="27.558710" lon="109.969324"><ele>40.8</ele></rtept><rtept lat="27.558575" lon="109.969317"><ele>40.8</ele></rtept><rtept lat="27.55844" lon="109.969316"><ele>40.9</ele></rtept><rtept lat="27.558305" lon="109.96932"><ele>40.9</ele></rtept><rtept lat="27.558171" lon="109.969333"><ele>41.0</ele></rtept><rtept lat="27.558037" lon="109.969350"><ele>41.0</ele></rtept><rtept lat="27.557903" lon="109.969374"><ele>41.1</ele></rtept><rtept lat="27.557771" lon="109.969404"><ele>41.2</ele></rtept><rtept lat="27.557640" lon="109.969440"><ele>41.2</ele></rtept><rtept lat="27.557511" lon="109.969482"><ele>41.3</ele></rtept><rtept lat="27.557383" lon="109.96953"><ele>41.3</ele></rtept><rtept lat="27.557256" lon="109.969584"><ele>41.4</ele></rtept><rtept lat="27.557132" lon="109.969644"><ele>41.4</ele></rtept><rtept lat="27.557010" lon="109.96971"><ele>41.4</ele></rtept><rtept lat="27.556891" lon="109.969780"><ele>41.5</ele></rtept><rtept lat="27.556774" lon="109.96986"><ele>41.5</ele></rtept><rtept lat="27.556661" lon="109.969938"><ele>41.6</ele></rtept><rtept lat="27.556550" lon="109.970025"><ele>41.6</ele></rtept><rtept lat="27.556442" lon="109.97012"><ele>41.6</ele></rtept><rtept lat="27.556338" lon="109.970213"><ele>41.7</ele></rtept><rtept lat="27.556238" lon="109.97031"><ele>41.7</ele></rtept><rtept lat="27.556141" lon="109.970421"><ele>41.7</ele></rtept><rtept lat="27.556048" lon="109.970531"><ele>41.8</ele></rtept><rtept lat="27.555959" lon="109.970646"><ele>41.8</ele></rtept><rtept lat="27.55587" lon="109.97076"><ele>41.8</ele></rtept><rtept lat="27.555795" lon="109.970887"><ele>41.9</ele></rtept><rtept lat="27.555719" lon="109.97101"><ele>41.9</ele></rtept><rtept lat="27.55565" lon="109.971142"><ele>41.9</ele></rtept><rtept lat="27.55558" lon="109.971275"><ele>41.9</ele></rtept><rtept lat="27.55552" lon="109.97141"><ele>41.9</ele></rtept><rtept lat="27.555464" lon="109.971548"><ele>42.0</ele></rtept><rtept lat="27.555412" lon="109.971689"><ele>42.0</ele></rtept><rtept lat="27.555366" lon="109.97183"><ele>42.0</ele></rtept><rtept lat="27.55533" lon="109.971977"><ele>42.0</ele></rtept><rtept lat="27.555289" lon="109.9721"><ele>42.0</ele></rtept><rtept lat="27.555259" lon="109.972272"><ele>42.0</ele></rtept><rtept lat="27.5552" lon="109.972421"><ele>42.0</ele></rtept><rtept lat="27.555215" lon="109.972572"><ele>42.0</ele></rtept><rtept lat="27.555200" lon="109.972723"><ele>42.0</ele></rtept><rtept lat="27.55519" lon="109.97288"><ele>42.0</ele></rtept><rtept lat="27.55519" lon="109.973027"><ele>42.0</ele></rtept><rtept lat="27.555191" lon="109.973179"><ele>42.0</ele></rtept><rtept lat="27.555199" lon="109.973331"><ele>42.0</ele></rtept><rtept lat="27.555213" lon="109.973483"><ele>42.0</ele></rtept><rtept lat="27.555232" lon="109.973633"><ele>41.9</ele></rtept><rtept lat="27.555256" lon="109.973783"><ele>41.9</ele></rtept><rtept lat="27.55529" lon="109.97393"><ele>41.9</ele></rtept><rtept lat="27.55532" lon="109.974078"><ele>41.9</ele></rtept><rtept lat="27.555361" lon="109.974223"><ele>41.9</ele></rtept><rtept lat="27.55541" lon="109.974367"><ele>41.8</ele></rtept><rtept lat="27.555458" lon="109.974508"><ele>41.8</ele></rtept><rtept lat="27.555514" lon="109.974646"><ele>41.8</ele></rtept><rtept lat="27.555575" lon="109.974782"><ele>41.8</ele></rtept><rtept lat="27.555640" lon="109.97491"><ele>41.7</ele></rtept><rtept lat="27.55571" lon="109.97504"><ele>41.7</ele></rtept><rtept lat="27.555786" lon="109.975171"><ele>41.7</ele></rtept><rtept lat="27.555865" lon="109.975294"><ele>41.6</ele></rtept><rtept lat="27.555950" lon="109.975413"><ele>41.6</ele></rtept><rtept lat="27.556038" lon="109.975528"><ele>41.5</ele></rtept><rtept lat="27.55613" lon="109.975638"><ele>41.5</ele></rtept><rtept lat="27.55623" lon="109.975745"><ele>41.5</ele></rtept><rtept lat="27.556327" lon="109.975847"><ele>41.4</ele></rtept><rtept lat="27.556430" lon="109.975944"><ele>41.4</ele></rtept><rtept lat="27.556537" lon="109.976037"><ele>41.3</ele></rtept><rtept lat="27.556648" lon="109.976124"><ele>41.3</ele></rtept><rtept lat="27.55676" lon="109.97621"><ele>41.2</ele></rtept><rtept lat="27.556878" lon="109.976283"><ele>41.2</ele></rtept><rtept lat="27.556997" lon="109.976355"><ele>41.1</ele></rtept><rtept lat="27.55712" lon="109.976421"><ele>41.1</ele></rtept><rtept lat="27.557242" lon="109.976481"><ele>41.0</ele></rtept><rtept lat="27.557368" lon="109.976536"><ele>41.0</ele></rtept><rtept lat="27.557496" lon="109.976584"><ele>40.9</ele></rtept><rtept lat="27.55763" lon="109.976627"><ele>40.8</ele></rtept><rtept lat="27.557756" lon="109.97666"><ele>40.8</ele></rtept><rtept lat="27.557888" lon="109.976694"><ele>40.7</ele></rtept><rtept lat="27.558021" lon="109.97672"><ele>40.7</ele></rtept><rtept lat="27.558155" lon="109.976737"><ele>40.6</ele></rtept><rtept lat="27.558290" lon="109.976750"><ele>40.5</ele></rtept><rtept lat="27.558425" lon="109.976756"><ele>40.5</ele></rtept><rtept lat="27.558559" lon="109.976755"><ele>40.4</ele></rtept><rtept lat="27.55869" lon="109.976749"><ele>40.3</ele></rtept><rtept lat="27.55883" lon="109.976736"><ele>40.3</ele></rtept><rtept lat="27.55896" lon="109.976717"><ele>40.2</ele></rtept><rtept lat="27.55910" lon="109.976692"><ele>40.2</ele></rtept><rtept lat="27.559228" lon="109.976661"><ele>40.1</ele></rtept><rtept lat="27.559358" lon="109.976624"><ele>40.0</ele></rtept><rtept lat="27.559488" lon="109.976581"><ele>40.0</ele></rtept><rtept lat="27.559615" lon="109.976532"><ele>39.9</ele></rtept><rtept lat="27.559741" lon="109.97648"><ele>39.8</ele></rtept><rtept lat="27.559865" lon="109.976416"><ele>39.8</ele></rtept><rtept lat="27.55999" lon="109.976350"><ele>39.7</ele></rtept><rtept lat="27.560105" lon="109.976278"><ele>39.6</ele></rtept><rtept lat="27.56022" lon="109.97620"><ele>39.6</ele></rtept><rtept lat="27.560335" lon="109.976118"><ele>39.5</ele></rtept><rtept lat="27.560445" lon="109.976030"><ele>39.5</ele></rtept><rtept lat="27.56055" lon="109.97594"><ele>39.4</ele></rtept><rtept lat="27.560655" lon="109.975840"><ele>39.3</ele></rtept><rtept lat="27.560755" lon="109.975737"><ele>39.3</ele></rtept><rtept lat="27.560851" lon="109.975630"><ele>39.2</ele></rtept><rtept lat="27.560943" lon="109.975519"><ele>39.2</ele></rtept><rtept lat="27.561031" lon="109.975404"><ele>39.1</ele></rtept><rtept lat="27.561115" lon="109.97528"><ele>39.0</ele></rtept><rtept lat="27.561194" lon="109.975161"><ele>39.0</ele></rtept><rtept lat="27.561269" lon="109.975035"><ele>38.9</ele></rtept><rtept lat="27.561339" lon="109.974905"><ele>38.9</ele></rtept><rtept lat="27.561404" lon="109.974772"><ele>38.8</ele></rtept><rtept lat="27.561465" lon="109.97464"><ele>38.8</ele></rtept><rtept lat="27.561520" lon="109.974497"><ele>38.7</ele></rtept><rtept lat="27.561571" lon="109.974356"><ele>38.7</ele></rtept><rtept lat="27.56162" lon="109.974213"><ele>38.6</ele></rtept><rtept lat="27.561656" lon="109.974067"><ele>38.6</ele></rtept><rtept lat="27.5617" lon="109.973920"><ele>38.5</ele></rtept><rtept lat="27.561720" lon="109.973772"><ele>38.5</ele></rtept><rtept lat="27.561744" lon="109.97362"><ele>38.4</ele></rtept><rtept lat="27.56176" lon="109.973471"><ele>38.4</ele></rtept><rtept lat="27.561776" lon="109.973320"><ele>38.4</ele></rtept><rtept lat="27.56178" lon="109.973168"><ele>38.3</ele></rtept><rtept lat="27.561785" lon="109.973016"><ele>38.3</ele></rtept><rtept lat="27.56178" lon="109.97286"><ele>38.3</ele></rtept><rtept lat="27.56177" lon="109.972712"><ele>38.2</ele></rtept><rtept lat="27.561758" lon="109.972561"><ele>38.2</ele></rtept><rtept lat="27.561738" lon="109.972410"><ele>38.2</ele></rtept><rtept lat="27.561713" lon="109.972261"><ele>38.2</ele></rtept><rtept lat="27.561682" lon="109.972113"><ele>38.1</ele></rtept><rtept lat="27.561646" lon="109.971966"><ele>38.1</ele></rtept><rtept lat="27.561604" lon="109.971821"><ele>38.1</ele></rtept><rtept lat="27.561558" lon="109.971678"><ele>38.1</ele></rtept><rtept lat="27.56151" lon="109.971538"><ele>38.1</ele></rtept><rtept lat="27.561449" lon="109.971400"><ele>38.0</ele></rtept><rtept lat="27.561387" lon="109.971265"><ele>38.0</ele></rtept><rtept lat="27.561321" lon="109.97113"><ele>38.0</ele></rtept><rtept lat="27.561249" lon="109.971003"><ele>38.0</ele></rtept><rtept lat="27.561173" lon="109.970878"><ele>38.0</ele></rtept><rtept lat="27.561093" lon="109.970755"><ele>38.0</ele></rtept><rtept lat="27.561008" lon="109.97064"><ele>38.0</ele></rtept><rtept lat="27.560919" lon="109.970523"><ele>38.0</ele></rtept><rtept lat="27.560826" lon="109.970413"><ele>38.0</ele></rtept><rtept lat="27.5607" lon="109.970307"><ele>38.0</ele></rtept><rtept lat="27.560628" lon="109.970206"><ele>38.0</ele></rtept><rtept lat="27.560524" lon="109.970110"><ele>38.0</ele></rtept><rtept lat="27.560416" lon="109.970018"><ele>38.0</ele></rtept><rtept lat="27.560305" lon="109.96993"><ele>38.0</ele></rtept><rtept lat="27.560191" lon="109.96985"><ele>38.1</ele></rtept><rtept lat="27.560074" lon="109.969775"><ele>38.1</ele></rtept><rtept lat="27.559954" lon="109.969704"><ele>38.1</ele></rtept><rtept lat="27.559832" lon="109.96964"><ele>38.1</ele></rtept><rtept lat="27.559708" lon="109.969580"><ele>38.1</ele></rtept><rtept lat="27.559582" lon="109.969527"><ele>38.2</ele></rtept><rtept lat="27.559454" lon="109.969479"><ele>38.2</ele></rtept><rtept lat="27.559324" lon="109.96944"><ele>38.2</ele></rtept><rtept lat="27.559193" lon="109.969402"><ele>38.3</ele></rtept><rtept lat="27.559061" lon="109.9694"><ele>38.3</ele></rtept><rtept lat="27.558927" lon="109.969349"><ele>38.3</ele></rtept><rtept lat="27.558793" lon="109.969332"><ele>38.4</ele></rtept><rtept lat="27.558659" lon="109.969321"><ele>38.4</ele></rtept><rtept lat="27.55852" lon="109.96932"><ele>38.4</ele></rtept><rtept lat="27.558389" lon="109.969317"><ele>38.5</ele></rtept><rtept lat="27.558254" lon="109.969325"><ele>38.5</ele></rtept><rtept lat="27.558120" lon="109.969339"><ele>38.6</ele></rtept><rtept lat="27.557986" lon="109.969359"><ele>38.6</ele></rtept><rtept lat="27.557853" lon="109.969385"><ele>38.7</ele></rtept><rtept lat="27.557722" lon="109.969417"><ele>38.7</ele></rtept><rtept lat="27.55759" lon="109.96946"><ele>38.8</ele></rtept><rtept lat="27.557462" lon="109.96950"><ele>38.8</ele></rtept><rtept lat="27.557" lon="109.969550"><ele>38.9</ele></rtept><rtept lat="27.557209" lon="109.96961"><ele>38.9</ele></rtept><rtept lat="27.557086" lon="109.969668"><ele>39.0</ele></rtept><rtept lat="27.556965" lon="109.969735"><ele>39.0</ele></rtept><rtept lat="27.556847" lon="109.96981"><ele>39.1</ele></rtept><rtept lat="27.556731" lon="109.969887"><ele>39.1</ele></rtept><rtept lat="27.556618" lon="109.969970"><ele>39.2</ele></rtept><rtept lat="27.556509" lon="109.97006"><ele>39.3</ele></rtept><rtept lat="27.556403" lon="109.970153"><ele>39.3</ele></rtept><rtept lat="27.556300" lon="109.970251"><ele>39.4</ele></rtept><rtept lat="27.556201" lon="109.970355"><ele>39.4</ele></rtept><rtept lat="27.556105" lon="109.970462"><ele>39.5</ele></rtept><rtept lat="27.556014" lon="109.970574"><ele>39.6</ele></rtept><rtept lat="27.555927" lon="109.97069"><ele>39.6</ele></rtept><rtept lat="27.555844" lon="109.97081"><ele>39.7</ele></rtept><rtept lat="27.555766" lon="109.97093"><ele>39.8</ele></rtept><rtept lat="27.555692" lon="109.971061"><ele>39.8</ele></rtept><rtept lat="27.555622" lon="109.97119"><ele>39.9</ele></rtept><rtept lat="27.555558" lon="109.97133"><ele>39.9</ele></rtept><rtept lat="27.555498" lon="109.97146"><ele>40.0</ele></rtept><rtept lat="27.555444" lon="109.971601"><ele>40.1</ele></rtept><rtept lat="27.555394" lon="109.971743"><ele>40.1</ele></rtept><rtept lat="27.555350" lon="109.971887"><ele>40.2</ele></rtept><rtept lat="27.555311" lon="109.972032"><ele>40.3</ele></rtept><rtept lat="27.555277" lon="109.972180"><ele>40.3</ele></rtept><rtept lat="27.555249" lon="109.972328"><ele>40.4</ele></rtept><rtept lat="27.555226" lon="109.972478"><ele>40.5</ele></rtept><rtept lat="27.555209" lon="109.972629"><ele>40.5</ele></rtept><rtept lat="27.555197" lon="109.972781"><ele>40.6</ele></rtept><rtept lat="27.555190" lon="109.972933"><ele>40.6</ele></rtept><rtept lat="27.555189" lon="109.973085"><ele>40.7</ele></rtept><rtept lat="27.555194" lon="109.973237"><ele>40.8</ele></rtept><rtept lat="27.555204" lon="109.973389"><ele>40.8</ele></rtept><rtept lat="27.555219" lon="109.973540"><ele>40.9</ele></rtept><rtept lat="27.555240" lon="109.973690"><ele>40.9</ele></rtept><rtept lat="27.5553" lon="109.973839"><ele>41.0</ele></rtept><rtept lat="27.555298" lon="109.973987"><ele>41.1</ele></rtept><rtept lat="27.555336" lon="109.974133"><ele>41.1</ele></rtept><rtept lat="27.555378" lon="109.974278"><ele>41.2</ele></rtept><rtept lat="27.555" lon="109.974420"><ele>41.2</ele></rtept><rtept lat="27.555478" lon="109.97456"><ele>41.3</ele></rtept><rtept lat="27.555536" lon="109.974698"><ele>41.3</ele></rtept><rtept lat="27.555599" lon="109.97483"><ele>41.4</ele></rtept><rtept lat="27.55567" lon="109.974964"><ele>41.4</ele></rtept><rtept lat="27.55574" lon="109.97509"><ele>41.5</ele></rtept><rtept lat="27.555815" lon="109.975218"><ele>41.5</ele></rtept><rtept lat="27.555897" lon="109.975339"><ele>41.5</ele></rtept><rtept lat="27.555982" lon="109.975457"><ele>41.6</ele></rtept><rtept lat="27.55607" lon="109.97557"><ele>41.6</ele></rtept><rtept lat="27.55617" lon="109.975679"><ele>41.7</ele></rtept><rtept lat="27.556264" lon="109.975784"><ele>41.7</ele></rtept><rtept lat="27.556365" lon="109.975884"><ele>41.7</ele></rtept><rtept lat="27.556470" lon="109.97598"><ele>41.8</ele></rtept><rtept lat="27.556579" lon="109.97607"><ele>41.8</ele></rtept><rtept lat="27.55669" lon="109.976156"><ele>41.8</ele></rtept><rtept lat="27.556805" lon="109.976236"><ele>41.8</ele></rtept><rtept lat="27.556922" lon="109.976311"><ele>41.9</ele></rtept><rtept lat="27.557042" lon="109.976380"><ele>41.9</ele></rtept><rtept lat="27.557165" lon="109.97644"><ele>41.9</ele></rtept><rtept lat="27.55729" lon="109.976502"><ele>41.9</ele></rtept><rtept lat="27.557416" lon="109.97655"><ele>41.9</ele></rtept><rtept lat="27.557545" lon="109.976601"><ele>42.0</ele></rtept><rtept lat="27.5577" lon="109.976642"><ele>42.0</ele></rtept><rtept lat="27.557806" lon="109.976676"><ele>42.0</ele></rtept><rtept lat="27.557939" lon="109.97670"><ele>42.0</ele></rtept><rtept lat="27.558072" lon="109.976727"><ele>42.0</ele></rtept><rtept lat="27.558206" lon="109.976743"><ele>42.0</ele></rtept><rtept lat="27.558341" lon="109.976753"><ele>42.0</ele></rtept><rtept lat="27.558476" lon="109.976756"><ele>42.0</ele></rtept><rtept lat="27.558610" lon="109.976754"><ele>42.0</ele></rtept><rtept lat="27.558745" lon="109.976745"><ele>42.0</ele></rtept><rtept lat="27.558879" lon="109.976730"><ele>42.0</ele></rtept><rtept lat="27.559013" lon="109.976709"><ele>42.0</ele></rtept><rtept lat="27.55915" lon="109.97668"><ele>42.0</ele></rtept><rtept lat="27.559277" lon="109.97665"><ele>42.0</ele></rtept><rtept lat="27.559408" lon="109.976608"><ele>41.9</ele></rtept><rtept lat="27.55954" lon="109.976563"><ele>41.9</ele></rtept><rtept lat="27.559663" lon="109.976512"><ele>41.9</ele></rtept><rtept lat="27.559788" lon="109.976454"><ele>41.9</ele></rtept><rtept lat="27.559911" lon="109.97639"><ele>41.9</ele></rtept><rtept lat="27.560032" lon="109.976323"><ele>41.8</ele></rtept><rtept lat="27.560149" lon="109.976249"><ele>41.8</ele></rtept><rtept lat="27.560264" lon="109.976170"><ele>41.8</ele></rtept><rtept lat="27.560377" lon="109.97609"><ele>41.8</ele></rtept><rtept lat="27.560486" lon="109.975995"><ele>41.7</ele></rtept><rtept lat="27.560591" lon="109.975901"><ele>41.7</ele></rtept><rtept lat="27.560693" lon="109.975801"><ele>41.7</ele></rtept><rtept lat="27.560792" lon="109.975697"><ele>41.6</ele></rtept><rtept lat="27.560886" lon="109.975589"><ele>41.6</ele></rtept><rtept lat="27.560977" lon="109.975476"><ele>41.5</ele></rtept><rtept lat="27.561" lon="109.975359"><ele>41.5</ele></rtept><rtept lat="27.561145" lon="109.975238"><ele>41.5</ele></rtept><rtept lat="27.561223" lon="109.975114"><ele>41.4</ele></rtept><rtept lat="27.561296" lon="109.974986"><ele>41.4</ele></rtept><rtept lat="27.561364" lon="109.97485"><ele>41.3</ele></rtept><rtept lat="27.561428" lon="109.974721"><ele>41.3</ele></rtept><rtept lat="27.561486" lon="109.97458"><ele>41.2</ele></rtept><rtept lat="27.561540" lon="109.974444"><ele>41.2</ele></rtept><rtept lat="27.56159" lon="109.974302"><ele>41.1</ele></rtept><rtept lat="27.561632" lon="109.974158"><ele>41.1</ele></rtept><rtept lat="27.561670" lon="109.974012"><ele>41.0</ele></rtept><rtept lat="27.561702" lon="109.97386"><ele>40.9</ele></rtept><rtept lat="27.561730" lon="109.973715"><ele>40.9</ele></rtept><rtept lat="27.561752" lon="109.973565"><ele>40.8</ele></rtept><rtept lat="27.561768" lon="109.973414"><ele>40.8</ele></rtept><rtept lat="27.561779" lon="109.97326"><ele>40.7</ele></rtept><rtept lat="27.561785" lon="109.97311"><ele>40.6</ele></rtept><rtept lat="27.561784" lon="109.97296"><ele>40.6</ele></rtept><rtept lat="27.561779" lon="109.972806"><ele>40.5</ele></rtept><rtept lat="27.561768" lon="109.97265"><ele>40.5</ele></rtept><rtept lat="27.561751" lon="109.972504"><ele>40.4</ele></rtept><rtept lat="27.561729" lon="109.97235"><ele>40.3</ele></rtept><rtept lat="27.56170" lon="109.97220"><ele>40.3</ele></rtept><rtept lat="27.561669" lon="109.97206"><ele>40.2</ele></rtept><rtept lat="27.561631" lon="109.971911"><ele>40.1</ele></rtept><rtept lat="27.561587" lon="109.97177"><ele>40.1</ele></rtept><rtept lat="27.561539" lon="109.971625"><ele>40.0</ele></rtept><rtept lat="27.561485" lon="109.971485"><ele>39.9</ele></rtept><rtept lat="27.56143" lon="109.97135"><ele>39.9</ele></rtept><rtept lat="27.561363" lon="109.971214"><ele>39.8</ele></rtept><rtept lat="27.561294" lon="109.971083"><ele>39.8</ele></rtept><rtept lat="27.561221" lon="109.970955"><ele>39.7</ele></rtept><rtept lat="27.561144" lon="109.970831"><ele>39.6</ele></rtept><rtept lat="27.561061" lon="109.970710"><ele>39.6</ele></rtept><rtept lat="27.560975" lon="109.970594"><ele>39.5</ele></rtept><rtept lat="27.560884" lon="109.970481"><ele>39.4</ele></rtept><rtept lat="27.56079" lon="109.970372"><ele>39.4</ele></rtept><rtept lat="27.560691" lon="109.970268"><ele>39.3</ele></rtept><rtept lat="27.560589" lon="109.970169"><ele>39.3</ele></rtept><rtept lat="27.5605" lon="109.970075"><ele>39.2</ele></rtept><rtept lat="27.5604" lon="109.969985"><ele>39.1</ele></rtept><rtept lat="27.560262" lon="109.969900"><ele>39.1</ele></rtept><rtept lat="27.560147" lon="109.969821"><ele>39.0</ele></rtept><rtept lat="27.560029" lon="109.96975"><ele>39.0</ele></rtept><rtept lat="27.559909" lon="109.969679"><ele>38.9</ele></rtept><rtept lat="27.559786" lon="109.969616"><ele>38.9</ele></rtept><rtept lat="27.559661" lon="109.969559"><ele>38.8</ele></rtept><rtept lat="27.55953" lon="109.969508"><ele>38.8</ele></rtept><rtept lat="27.55940" lon="109.969463"><ele>38.7</ele></rtept><rtept lat="27.559275" lon="109.969423"><ele>38.7</ele></rtept><rtept lat="27.559143" lon="109.969390"><ele>38.6</ele></rtept><rtept lat="27.559010" lon="109.96936"><ele>38.6</ele></rtept><rtept lat="27.558877" lon="109.969342"><ele>38.5</ele></rtept><rtept lat="27.558742" lon="109.969327"><ele>38.5</ele></rtept><rtept lat="27.558608" lon="109.969318"><ele>38.4</ele></rtept><rtept lat="27.558473" lon="109.969316"><ele>38.4</ele></rtept><rtept lat="27.558338" lon="109.969319"><ele>38.4</ele></rtept><rtept lat="27.558203" lon="109.969329"><ele>38.3</ele></rtept><rtept lat="27.558069" lon="109.969346"><ele>38.3</ele></rtept><rtept lat="27.557936" lon="109.969368"><ele>38.3</ele></rtept><rtept lat="27.557803" lon="109.969396"><ele>38.2</ele></rtept><rtept lat="27.557672" lon="109.969431"><ele>38.2</ele></rtept><rtept lat="27.557542" lon="109.969472"><ele>38.2</ele></rtept><rtept lat="27.557414" lon="109.96952"><ele>38.1</ele></rtept><rtept lat="27.557287" lon="109.969571"><ele>38.1</ele></rtept><rtept lat="27.557162" lon="109.969629"><ele>38.1</ele></rtept><rtept lat="27.557040" lon="109.969693"><ele>38.1</ele></rtept><rtept lat="27.556920" lon="109.969762"><ele>38.1</ele></rtept><rtept lat="27.556803" lon="109.969837"><ele>38.0</ele></rtept><rtept lat="27.55669" lon="109.969918"><ele>38.0</ele></rtept><rtept lat="27.556577" lon="109.970003"><ele>38.0</ele></rtept><rtept lat="27.556468" lon="109.970094"><ele>38.0</ele></rtept><rtept lat="27.556363" lon="109.970189"><ele>38.0</ele></rtept><rtept lat="27.55626" lon="109.970290"><ele>38.0</ele></rtept><rtept lat="27.556164" lon="109.970395"><ele>38.0</ele></rtept><rtept lat="27.556070" lon="109.970504"><ele>38.0</ele></rtept><rtept lat="27.555981" lon="109.970618"><ele>38.0</ele></rtept><rtept lat="27.555895" lon="109.970735"><ele>38.0</ele></rtept><rtept lat="27.555814" lon="109.970857"><ele>38.0</ele></rtept><rtept lat="27.555737" lon="109.970982"><ele>38.0</ele></rtept><rtept lat="27.555665" lon="109.971110"><ele>38.0</ele></rtept><rtept lat="27.555597" lon="109.971242"><ele>38.0</ele></rtept><rtept lat="27.555535" lon="109.971377"><ele>38.1</ele></rtept><rtept lat="27.555477" lon="109.971514"><ele>38.1</ele></rtept><rtept lat="27.555425" lon="109.971655"><ele>38.1</ele></rtept><rtept lat="27.555377" lon="109.971797"><ele>38.1</ele></rtept><rtept lat="27.555335" lon="109.971941"><ele>38.1</ele></rtept><rtept lat="27.555298" lon="109.972088"><ele>38.2</ele></rtept><rtept lat="27.555266" lon="109.97224"><ele>38.2</ele></rtept><rtept lat="27.555240" lon="109.972385"><ele>38.2</ele></rtept><rtept lat="27.555219" lon="109.972535"><ele>38.2</ele></rtept><rtept lat="27.555203" lon="109.972686"><ele>38.3</ele></rtept><rtept lat="27.555193" lon="109.972838"><ele>38.3</ele></rtept><rtept lat="27.555189" lon="109.97299"><ele>38.3</ele></rtept><rtept lat="27.55519" lon="109.973142"><ele>38.4</ele></rtept><rtept lat="27.555197" lon="109.973294"><ele>38.4</ele></rtept><rtept lat="27.555209" lon="109.973446"><ele>38.4</ele></rtept><rtept lat="27.555226" lon="109.973597"><ele>38.5</ele></rtept><rtept lat="27.555250" lon="109.973747"><ele>38.5</ele></rtept><rtept lat="27.555278" lon="109.973895"><ele>38.6</ele></rtept><rtept lat="27.55531" lon="109.974043"><ele>38.6</ele></rtept><rtept lat="27.55535" lon="109.974188"><ele>38.7</ele></rtept><rtept lat="27.555395" lon="109.974332"><ele>38.7</ele></rtept><rtept lat="27.555445" lon="109.974473"><ele>38.8</ele></rtept><rtept lat="27.555500" lon="109.974612"><ele>38.8</ele></rtept><rtept lat="27.555559" lon="109.974749"><ele>38.9</ele></rtept><rtept lat="27.555624" lon="109.974883"><ele>38.9</ele></rtept><rtept lat="27.555693" lon="109.975013"><ele>39.0</ele></rtept><rtept lat="27.555767" lon="109.975140"><ele>39.0</ele></rtept><rtept lat="27.555846" lon="109.97526"><ele>39.1</ele></rtept><rtept lat="27.555929" lon="109.975384"><ele>39.2</ele></rtept><rtept lat="27.556016" lon="109.975500"><ele>39.2</ele></rtept><rtept lat="27.556107" lon="109.975612"><ele>39.3</ele></rtept><rtept lat="27.556203" lon="109.975719"><ele>39.3</ele></rtept><rtept lat="27.55630" lon="109.975823"><ele>39.4</ele></rtept><rtept lat="27.556405" lon="109.975921"><ele>39.5</ele></rtept><rtept lat="27.556511" lon="109.976015"><ele>39.5</ele></rtept><rtept lat="27.55662" lon="109.976103"><ele>39.6</ele></rtept><rtept lat="27.5567" lon="109.976187"><ele>39.6</ele></rtept><rtept lat="27.556849" lon="109.976265"><ele>39.7</ele></rtept><rtept lat="27.556967" lon="109.976338"><ele>39.8</ele></rtept><rtept lat="27.55709" lon="109.97641"><ele>39.8</ele></rtept><rtept lat="27.557212" lon="109.976467"><ele>39.9</ele></rtept><rtept lat="27.55734" lon="109.97652"><ele>40.0</ele></rtept><rtept lat="27.557465" lon="109.976573"><ele>40.0</ele></rtept><rtept lat="27.557594" lon="109.976617"><ele>40.1</ele></rtept><rtept lat="27.557724" lon="109.976655"><ele>40.2</ele></rtept><rtept lat="27.557856" lon="109.9767"><ele>40.2</ele></rtept><rtept lat="27.557989" lon="109.976714"><ele>40.3</ele></rtept><rtept lat="27.558123" lon="109.976733"><ele>40.3</ele></rtept><rtept lat="27.55826" lon="109.976747"><ele>40.4</ele></rtept><rtept lat="27.558392" lon="109.97675"><ele>40.5</ele></rtept><rtept lat="27.558527" lon="109.97676"><ele>40.5</ele></rtept><rtept lat="27.5587" lon="109.976751"><ele>40.6</ele></rtept><rtept lat="27.558796" lon="109.976740"><ele>40.7</ele></rtept><rtept lat="27.55893" lon="109.976723"><ele>40.7</ele></rtept><rtept lat="27.559063" lon="109.976699"><ele>40.8</ele></rtept><rtept lat="27.55920" lon="109.976669"><ele>40.8</ele></rtept><rtept lat="27.55933" lon="109.97663"><ele>40.9</ele></rtept><rtept lat="27.559456" lon="109.976592"><ele>41.0</ele></rtept><rtept lat="27.559584" lon="109.97654"><ele>41.0</ele></rtept><rtept lat="27.559711" lon="109.976491"><ele>41.1</ele></rtept><rtept lat="27.559835" lon="109.976431"><ele>41.1</ele></rtept><rtept lat="27.5600" lon="109.976366"><ele>41.2</ele></rtept><rtept lat="27.560076" lon="109.976296"><ele>41.2</ele></rtept><rtept lat="27.560193" lon="109.976220"><ele>41.3</ele></rtept><rtept lat="27.560307" lon="109.976138"><ele>41.3</ele></rtept><rtept lat="27.560418" lon="109.976052"><ele>41.4</ele></rtept><rtept lat="27.560526" lon="109.975960"><ele>41.4</ele></rtept><rtept lat="27.56063" lon="109.975864"><ele>41.5</ele></rtept><rtept lat="27.560731" lon="109.975763"><ele>41.5</ele></rtept><rtept lat="27.5608" lon="109.975657"><ele>41.5</ele></rtept><rtept lat="27.5609" lon="109.975547"><ele>41.6</ele></rtept><rtept lat="27.5610" lon="109.975432"><ele>41.6</ele></rtept><rtept lat="27.5611" lon="109.975314"><ele>41.7</ele></rtept><rtept lat="27.5612" lon="109.975192"><ele>41.7</ele></rtept><rtept lat="27.561251" lon="109.975066"><ele>41.7</ele></rtept><rtept lat="27.561322" lon="109.974937"><ele>41.8</ele></rtept><rtept lat="27.561389" lon="109.974804"><ele>41.8</ele></rtept><rtept lat="27.561450" lon="109.97467"><ele>41.8</ele></rtept><rtept lat="27.561507" lon="109.974531"><ele>41.8</ele></rtept><rtept lat="27.561559" lon="109.974391"><ele>41.9</ele></rtept><rtept lat="27.561605" lon="109.974248"><ele>41.9</ele></rtept><rtept lat="27.561647" lon="109.97410"><ele>41.9</ele></rtept><rtept lat="27.561683" lon="109.973956"><ele>41.9</ele></rtept><rtept lat="27.561713" lon="109.973808"><ele>41.9</ele></rtept><rtept lat="27.561739" lon="109.97366"><ele>42.0</ele></rtept><rtept lat="27.56176" lon="109.973508"><ele>42.0</ele></rtept><rtept lat="27.561773" lon="109.973357"><ele>42.0</ele></rtept><rtept lat="27.561782" lon="109.973205"><ele>42.0</ele></rtept><rtept lat="27.561785" lon="109.97305"><ele>42.0</ele></rtept><rtept lat="27.561783" lon="109.97290"><ele>42.0</ele></rtept><rtept lat="27.561775" lon="109.972749"><ele>42.0</ele></rtept><rtept lat="27.56176" lon="109.97260"><ele>42.0</ele></rtept><rtept lat="27.561744" lon="109.972447"><ele>42.0</ele></rtept><rtept lat="27.561720" lon="109.97230"><ele>42.0</ele></rtept><rtept lat="27.56169" lon="109.972149"><ele>42.0</ele></rtept><rtept lat="27.561655" lon="109.972002"><ele>42.0</ele></rtept><rtept lat="27.561615" lon="109.971856"><ele>42.0</ele></rtept><rtept lat="27.56157" lon="109.97171"><ele>42.0</ele></rtept><rtept lat="27.561519" lon="109.971572"><ele>41.9</ele></rtept><rtept lat="27.561464" lon="109.971433"><ele>41.9</ele></rtept><rtept lat="27.561403" lon="109.971297"><ele>41.9</ele></rtept><rtept lat="27.561337" lon="109.971164"><ele>41.9</ele></rtept><rtept lat="27.56127" lon="109.971034"><ele>41.9</ele></rtept><rtept lat="27.56119" lon="109.97091"><ele>41.8</ele></rtept><rtept lat="27.5611" lon="109.970785"><ele>41.8</ele></rtept><rtept lat="27.561029" lon="109.970666"><ele>41.8</ele></rtept><rtept lat="27.560941" lon="109.97055"><ele>41.7</ele></rtept><rtept lat="27.560849" lon="109.970439"><ele>41.7</ele></rtept><rtept lat="27.56075" lon="109.97033"><ele>41.7</ele></rtept><rtept lat="27.560653" lon="109.970230"><ele>41.6</ele></rtept><rtept lat="27.560549" lon="109.970133"><ele>41.6</ele></rtept><rtept lat="27.560443" lon="109.970040"><ele>41.6</ele></rtept><rtept lat="27.560332" lon="109.969952"><ele>41.5</ele></rtept><rtept lat="27.560219" lon="109.969870"><ele>41.5</ele></rtept><rtept lat="27.560103" lon="109.969793"><ele>41.4</ele></rtept><rtept lat="27.55998" lon="109.969721"><ele>41.4</ele></rtept><rtept lat="27.559862" lon="109.969655"><ele>41.3</ele></rtept><rtept lat="27.559739" lon="109.96959"><ele>41.3</ele></rtept><rtept lat="27.559613" lon="109.969539"><ele>41.3</ele></rtept><rtept lat="27.559485" lon="109.969490"><ele>41.2</ele></rtept><rtept lat="27.559356" lon="109.969447"><ele>41.1</ele></rtept><rtept lat="27.559225" lon="109.969410"><ele>41.1</ele></rtept><rtept lat="27.559093" lon="109.96938"><ele>41.0</ele></rtept><rtept lat="27.558960" lon="109.96935"><ele>41.0</ele></rtept><rtept lat="27.55883" lon="109.969335"><ele>40.9</ele></rtept><rtept lat="27.558692" lon="109.969323"><ele>40.9</ele></rtept><rtept lat="27.558557" lon="109.969316"><ele>40.8</ele></rtept><rtept lat="27.558422" lon="109.969316"><ele>40.8</ele></rtept><rtept lat="27.558287" lon="109.969322"><ele>40.7</ele></rtept><rtept lat="27.558153" lon="109.969335"><ele>40.6</ele></rtept><rtept lat="27.558019" lon="109.969353"><ele>40.6</ele></rtept><rtept lat="27.557886" lon="109.969378"><ele>40.5</ele></rtept><rtept lat="27.557754" lon="109.969409"><ele>40.4</ele></rtept><rtept lat="27.557623" lon="109.969446"><ele>40.4</ele></rtept><rtept lat="27.557493" lon="109.969488"><ele>40.3</ele></rtept><rtept lat="27.557365" lon="109.969537"><ele>40.3</ele></rtept><rtept lat="27.557240" lon="109.969592"><ele>40.2</ele></rtept><rtept lat="27.557116" lon="109.969652"><ele>40.1</ele></rtept><rtept lat="27.556994" lon="109.969718"><ele>40.1</ele></rtept><rtept lat="27.556875" lon="109.969790"><ele>40.0</ele></rtept><rtept lat="27.556759" lon="109.96987"><ele>39.9</ele></rtept><rtept lat="27.556646" lon="109.969949"><ele>39.9</ele></rtept><rtept lat="27.556535" lon="109.970037"><ele>39.8</ele></rtept><rtept lat="27.55643" lon="109.970129"><ele>39.7</ele></rtept><rtept lat="27.556324" lon="109.970227"><ele>39.7</ele></rtept><rtept lat="27.556224" lon="109.97033"><ele>39.6</ele></rtept><rtept lat="27.556128" lon="109.970436"><ele>39.5</ele></rtept><rtept lat="27.556036" lon="109.970547"><ele>39.5</ele></rtept><rtept lat="27.555948" lon="109.970662"><ele>39.4</ele></rtept><rtept lat="27.555864" lon="109.970781"><ele>39.4</ele></rtept><rtept lat="27.555784" lon="109.970904"><ele>39.3</ele></rtept><rtept lat="27.555709" lon="109.971030"><ele>39.2</ele></rtept><rtept lat="27.555639" lon="109.97116"><ele>39.2</ele></rtept><rtept lat="27.555573" lon="109.971293"><ele>39.1</ele></rtept><rtept lat="27.555512" lon="109.971429"><ele>39.1</ele></rtept><rtept lat="27.555457" lon="109.97157"><ele>39.0</ele></rtept><rtept lat="27.555406" lon="109.97171"><ele>39.0</ele></rtept><rtept lat="27.55536" lon="109.971851"><ele>38.9</ele></rtept><rtept lat="27.555320" lon="109.971997"><ele>38.8</ele></rtept><rtept lat="27.55529" lon="109.972144"><ele>38.8</ele></rtept><rtept lat="27.555255" lon="109.972292"><ele>38.7</ele></rtept><rtept lat="27.555231" lon="109.97244"><ele>38.7</ele></rtept><rtept lat="27.555212" lon="109.972592"><ele>38.6</ele></rtept><rtept lat="27.555199" lon="109.972744"><ele>38.6</ele></rtept><rtept lat="27.555191" lon="109.972896"><ele>38.6</ele></rtept><rtept lat="27.555189" lon="109.973048"><ele>38.5</ele></rtept><rtept lat="27.55519" lon="109.973200"><ele>38.5</ele></rtept><rtept lat="27.555201" lon="109.973352"><ele>38.4</ele></rtept><rtept lat="27.555215" lon="109.97350"><ele>38.4</ele></rtept><rtept lat="27.555235" lon="109.973653"><ele>38.4</ele></rtept><rtept lat="27.555260" lon="109.973803"><ele>38.3</ele></rtept><rtept lat="27.555290" lon="109.973951"><ele>38.3</ele></rtept><rtept lat="27.555326" lon="109.97410"><ele>38.2</ele></rtept><rtept lat="27.555367" lon="109.974243"><ele>38.2</ele></rtept><rtept lat="27.55541" lon="109.974386"><ele>38.2</ele></rtept><rtept lat="27.555465" lon="109.97453"><ele>38.2</ele></rtept><rtept lat="27.55552" lon="109.974664"><ele>38.1</ele></rtept><rtept lat="27.555583" lon="109.974800"><ele>38.1</ele></rtept><rtept lat="27.555649" lon="109.97493"><ele>38.1</ele></rtept><rtept lat="27.555721" lon="109.975062"><ele>38.1</ele></rtept><rtept lat="27.555796" lon="109.975187"><ele>38.1</ele></rtept><rtept lat="27.555877" lon="109.975310"><ele>38.0</ele></rtept><rtept lat="27.555961" lon="109.975428"><ele>38.0</ele></rtept><rtept lat="27.556050" lon="109.975543"><ele>38.0</ele></rtept><rtept lat="27.55614" lon="109.975653"><ele>38.0</ele></rtept><rtept lat="27.556240" lon="109.975759"><ele>38.0</ele></rtept><rtept lat="27.556340" lon="109.975860"><ele>38.0</ele></rtept><rtept lat="27.5564" lon="109.975957"><ele>38.0</ele></rtept><rtept lat="27.556552" lon="109.976049"><ele>38.0</ele></rtept><rtept lat="27.556663" lon="109.97614"><ele>38.0</ele></rtept><rtept lat="27.556777" lon="109.976217"><ele>38.0</ele></rtept><rtept lat="27.556894" lon="109.976293"><ele>38.0</ele></rtept><rtept lat="27.55701" lon="109.976364"><ele>38.0</ele></rtept><rtept lat="27.55713" lon="109.976429"><ele>38.0</ele></rtept><rtept lat="27.557259" lon="109.976489"><ele>38.0</ele></rtept><rtept lat="27.557385" lon="109.976543"><ele>38.1</ele></rtept><rtept lat="27.557513" lon="109.976590"><ele>38.1</ele></rtept><rtept lat="27.557643" lon="109.976632"><ele>38.1</ele></rtept><rtept lat="27.557774" lon="109.976668"><ele>38.1</ele></rtept><rtept lat="27.557906" lon="109.976698"><ele>38.1</ele></rtept><rtept lat="27.558039" lon="109.976722"><ele>38.2</ele></rtept><rtept lat="27.558173" lon="109.976739"><ele>38.2</ele></rtept><rtept lat="27.558308" lon="109.976751"><ele>38.2</ele></rtept><rtept lat="27.558443" lon="109.976756"><ele>38.2</ele></rtept><rtept lat="27.558578" lon="109.976755"><ele>38.3</ele></rtept><rtept lat="27.559" lon="109.976748"><ele>38.3</ele></rtept><rtept lat="27.558847" lon="109.976734"><ele>38.3</ele></rtept><rtept lat="27.55898" lon="109.976714"><ele>38.4</ele></rtept><rtept lat="27.559113" lon="109.976689"><ele>38.4</ele></rtept><rtept lat="27.559245" lon="109.976657"><ele>38.5</ele></rtept><rtept lat="27.559376" lon="109.976619"><ele>38.5</ele></rtept><rtept lat="27.55951" lon="109.97657"><ele>38.5</ele></rtept><rtept lat="27.559632" lon="109.97652"><ele>38.6</ele></rtept><rtept lat="27.559758" lon="109.976469"><ele>38.6</ele></rtept><rtept lat="27.559881" lon="109.976407"><ele>38.7</ele></rtept><rtept lat="27.560002" lon="109.97634"><ele>38.7</ele></rtept><rtept lat="27.560121" lon="109.976268"><ele>38.8</ele></rtept><rtept lat="27.560237" lon="109.976190"><ele>38.8</ele></rtept><rtept lat="27.560350" lon="109.97611"><ele>38.9</ele></rtept><rtept lat="27.560459" lon="109.976018"><ele>38.9</ele></rtept><rtept lat="27.560566" lon="109.97592"><ele>39.0</ele></rtept><rtept lat="27.56067" lon="109.975826"><ele>39.0</ele></rtept><rtept lat="27.560768" lon="109.97572"><ele>39.1</ele></rtept><rtept lat="27.560864" lon="109.97562"><ele>39.2</ele></rtept><rtept lat="27.56096" lon="109.975504"><ele>39.2</ele></rtept><rtept lat="27.561042" lon="109.975388"><ele>39.3</ele></rtept><rtept lat="27.561126" lon="109.97527"><ele>39.3</ele></rtept><rtept lat="27.561204" lon="109.975145"><ele>39.4</ele></rtept><rtept lat="27.561278" lon="109.975017"><ele>39.5</ele></rtept><rtept lat="27.561348" lon="109.97489"><ele>39.5</ele></rtept><rtept lat="27.561413" lon="109.974754"><ele>39.6</ele></rtept><rtept lat="27.561472" lon="109.974617"><ele>39.7</ele></rtept><rtept lat="27.561527" lon="109.974478"><ele>39.7</ele></rtept><rtept lat="27.561577" lon="109.974337"><ele>39.8</ele></rtept><rtept lat="27.561622" lon="109.974193"><ele>39.8</ele></rtept><rtept lat="27.561661" lon="109.974048"><ele>39.9</ele></rtept><rtept lat="27.561695" lon="109.973900"><ele>40.0</ele></rtept><rtept lat="27.561724" lon="109.973752"><ele>40.0</ele></rtept><rtept lat="27.561747" lon="109.973602"><ele>40.1</ele></rtept><rtept lat="27.56176" lon="109.973451"><ele>40.2</ele></rtept><rtept lat="27.561777" lon="109.973299"><ele>40.2</ele></rtept><rtept lat="27.561784" lon="109.973148"><ele>40.3</ele></rtept><rtept lat="27.561785" lon="109.972995"><ele>40.4</ele></rtept><rtept lat="27.561781" lon="109.972843"><ele>40.4</ele></rtept><rtept lat="27.561771" lon="109.972692"><ele>40.5</ele></rtept><rtept lat="27.561756" lon="109.972540"><ele>40.6</ele></rtept><rtept lat="27.561735" lon="109.972390"><ele>40.6</ele></rtept><rtept lat="27.561709" lon="109.972241"><ele>40.7</ele></rtept><rtept lat="27.561677" lon="109.972093"><ele>40.7</ele></rtept><rtept lat="27.561641" lon="109.971946"><ele>40.8</ele></rtept><rtept lat="27.561598" lon="109.97180"><ele>40.9</ele></rtept><rtept lat="27.561551" lon="109.971659"><ele>40.9</ele></rtept><rtept lat="27.561499" lon="109.971519"><ele>41.0</ele></rtept><rtept lat="27.561441" lon="109.971382"><ele>41.0</ele></rtept><rtept lat="27.561379" lon="109.971247"><ele>41.1</ele></rtept><rtept lat="27.56131" lon="109.971115"><ele>41.1</ele></rtept><rtept lat="27.561239" lon="109.970986"><ele>41.2</ele></rtept><rtept lat="27.561163" lon="109.970861"><ele>41.2</ele></rtept><rtept lat="27.561082" lon="109.970739"><ele>41.3</ele></rtept><rtept lat="27.560996" lon="109.970622"><ele>41.3</ele></rtept><rtept lat="27.56091" lon="109.970508"><ele>41.4</ele></rtept><rtept lat="27.560813" lon="109.970398"><ele>41.4</ele></rtept><rtept lat="27.560716" lon="109.970293"><ele>41.5</ele></rtept><rtept lat="27.560614" lon="109.970193"><ele>41.5</ele></rtept><rtept lat="27.56051" lon="109.970097"><ele>41.6</ele></rtept><rtept lat="27.560401" lon="109.970006"><ele>41.6</ele></rtept><rtept lat="27.560290" lon="109.969921"><ele>41.6</ele></rtept><rtept lat="27.560175" lon="109.96984"><ele>41.7</ele></rtept><rtept lat="27.56006" lon="109.969765"><ele>41.7</ele></rtept><rtept lat="27.559938" lon="109.969695"><ele>41.7</ele></rtept><rtept lat="27.559816" lon="109.969631"><ele>41.8</ele></rtept><rtept lat="27.559691" lon="109.969572"><ele>41.8</ele></rtept><rtept lat="27.559565" lon="109.969520"><ele>41.8</ele></rtept><rtept lat="27.559436" lon="109.969473"><ele>41.9</ele></rtept><rtept lat="27.559306" lon="109.969432"><ele>41.9</ele></rtept><rtept lat="27.559175" lon="109.96940"><ele>41.9</ele></rtept><rtept lat="27.559043" lon="109.969369"><ele>41.9</ele></rtept><rtept lat="27.558909" lon="109.969346"><ele>41.9</ele></rtept><rtept lat="27.55878" lon="109.969330"><ele>41.9</ele></rtept><rtept lat="27.558641" lon="109.969320"><ele>42.0</ele></rtept><rtept lat="27.558506" lon="109.969316"><ele>42.0</ele></rtept><rtept lat="27.55837" lon="109.969318"><ele>42.0</ele></rtept><rtept lat="27.558236" lon="109.969326"><ele>42.0</ele></rtept><rtept lat="27.558102" lon="109.969341"><ele>42.0</ele></rtept><rtept lat="27.557968" lon="109.969362"><ele>42.0</ele></rtept><rtept lat="27.557836" lon="109.969389"><ele>42.0</ele></rtept><rtept lat="27.557704" lon="109.96942"><ele>42.0</ele></rtept><rtept lat="27.55757" lon="109.969461"><ele>42.0</ele></rtept><rtept lat="27.557445" lon="109.969506"><ele>42.0</ele></rtept><rtept lat="27.557318" lon="109.969557"><ele>42.0</ele></rtept><rtept lat="27.557193" lon="109.969614"><ele>42.0</ele></rtept><rtept lat="27.55707" lon="109.96968"><ele>42.0</ele></rtept><rtept lat="27.556949" lon="109.96974"><ele>41.9</ele></rtept><rtept lat="27.55683" lon="109.96982"><ele>41.9</ele></rtept><rtept lat="27.556716" lon="109.96990"><ele>41.9</ele></rtept><rtept lat="27.556603" lon="109.96998"><ele>41.9</ele></rtept><rtept lat="27.556494" lon="109.97007"><ele>41.9</ele></rtept><rtept lat="27.556389" lon="109.970166"><ele>41.9</ele></rtept><rtept lat="27.55629" lon="109.97026"><ele>41.8</ele></rtept><rtept lat="27.55619" lon="109.970369"><ele>41.8</ele></rtept><rtept lat="27.556093" lon="109.970477"><ele>41.8</ele></rtept><rtept lat="27.556002" lon="109.970590"><ele>41.7</ele></rtept><rtept lat="27.555916" lon="109.970706"><ele>41.7</ele></rtept><rtept lat="27.55583" lon="109.970827"><ele>41.7</ele></rtept><rtept lat="27.555755" lon="109.970951"><ele>41.6</ele></rtept><rtept lat="27.555682" lon="109.971079"><ele>41.6</ele></rtept><rtept lat="27.555613" lon="109.971210"><ele>41.6</ele></rtept><rtept lat="27.555550" lon="109.97134"><ele>41.5</ele></rtept><rtept lat="27.555491" lon="109.971481"><ele>41.5</ele></rtept><rtept lat="27.555437" lon="109.971620"><ele>41.4</ele></rtept><rtept lat="27.555388" lon="109.97176"><ele>41.4</ele></rtept><rtept lat="27.555345" lon="109.971906"><ele>41.3</ele></rtept><rtept lat="27.555306" lon="109.972052"><ele>41.3</ele></rtept><rtept lat="27.555273" lon="109.97220"><ele>41.2</ele></rtept><rtept lat="27.55525" lon="109.972348"><ele>41.2</ele></rtept><rtept lat="27.555223" lon="109.972498"><ele>41.1</ele></rtept><rtept lat="27.555207" lon="109.972649"><ele>41.1</ele></rtept><rtept lat="27.555195" lon="109.972801"><ele>41.0</ele></rtept><rtept lat="27.555190" lon="109.972953"><ele>41.0</ele></rtept><rtept lat="27.555189" lon="109.973105"><ele>40.9</ele></rtept><rtept lat="27.555195" lon="109.973257"><ele>40.9</ele></rtept><rtept lat="27.555205" lon="109.973409"><ele>40.8</ele></rtept><rtept lat="27.55522" lon="109.973560"><ele>40.7</ele></rtept><rtept lat="27.555243" lon="109.973710"><ele>40.7</ele></rtept><rtept lat="27.5553" lon="109.9739"><ele>40.6</ele></rtept><rtept lat="27.555303" lon="109.974007"><ele>40.6</ele></rtept><rtept lat="27.555341" lon="109.974153"><ele>40.5</ele></rtept><rtept lat="27.555384" lon="109.974297"><ele>40.4</ele></rtept><rtept lat="27.55543" lon="109.974439"><ele>40.4</ele></rtept><rtept lat="27.555486" lon="109.974579"><ele>40.3</ele></rtept><rtept lat="27.555544" lon="109.974716"><ele>40.2</ele></rtept><rtept lat="27.555608" lon="109.974850"><ele>40.2</ele></rtept><rtept lat="27.555676" lon="109.974982"><ele>40.1</ele></rtept><rtept lat="27.555749" lon="109.9751"><ele>40.0</ele></rtept><rtept lat="27.55583" lon="109.97523"><ele>40.0</ele></rtept><rtept lat="27.55591" lon="109.975355"><ele>39.9</ele></rtept><rtept lat="27.555994" lon="109.975472"><ele>39.9</ele></rtept><rtept lat="27.556085" lon="109.975585"><ele>39.8</ele></rtept><rtept lat="27.5562" lon="109.975694"><ele>39.7</ele></rtept><rtept lat="27.556277" lon="109.97580"><ele>39.7</ele></rtept><rtept lat="27.556379" lon="109.975897"><ele>39.6</ele></rtept><rtept lat="27.556485" lon="109.975992"><ele>39.5</ele></rtept><rtept lat="27.55659" lon="109.976082"><ele>39.5</ele></rtept><rtept lat="27.55671" lon="109.97617"><ele>39.4</ele></rtept><rtept lat="27.556821" lon="109.976246"><ele>39.3</ele></rtept><rtept lat="27.556938" lon="109.9763"><ele>39.3</ele></rtept><rtept lat="27.557059" lon="109.976389"><ele>39.2</ele></rtept><rtept lat="27.557182" lon="109.976452"><ele>39.2</ele></rtept><rtept lat="27.557306" lon="109.976510"><ele>39.1</ele></rtept><rtept lat="27.557433" lon="109.97656"><ele>39.1</ele></rtept><rtept lat="27.557562" lon="109.976607"><ele>39.0</ele></rtept><rtept lat="27.557692" lon="109.976647"><ele>38.9</ele></rtept><rtept lat="27.557824" lon="109.976680"><ele>38.9</ele></rtept><rtept lat="27.557956" lon="109.976708"><ele>38.8</ele></rtept><rtept lat="27.558090" lon="109.976729"><ele>38.8</ele></rtept><rtept lat="27.558224" lon="109.976744"><ele>38.7</ele></rtept><rtept lat="27.55836" lon="109.976753"><ele>38.7</ele></rtept><rtept lat="27.558494" lon="109.976756"><ele>38.6</ele></rtept><rtept lat="27.558629" lon="109.976753"><ele>38.6</ele></rtept><rtept lat="27.55876" lon="109.976743"><ele>38.5</ele></rtept><rtept lat="27.558897" lon="109.976727"><ele>38.5</ele></rtept><rtept lat="27.559031" lon="109.976705"><ele>38.5</ele></rtept><rtept lat="27.559163" lon="109.976677"><ele>38.4</ele></rtept><rtept lat="27.559295" lon="109.976643"><ele>38.4</ele></rtept><rtept lat="27.559425" lon="109.976603"><ele>38.3</ele></rtept><rtept lat="27.559553" lon="109.976556"><ele>38.3</ele></rtept><rtept lat="27.559680" lon="109.976504"><ele>38.3</ele></rtept><rtept lat="27.559805" lon="109.976446"><ele>38.2</ele></rtept><rtept lat="27.55993" lon="109.976383"><ele>38.2</ele></rtept><rtept lat="27.560048" lon="109.976313"><ele>38.2</ele></rtept><rtept lat="27.560165" lon="109.976239"><ele>38.2</ele></rtept><rtept lat="27.560280" lon="109.976159"><ele>38.1</ele></rtept><rtept lat="27.560391" lon="109.97607"><ele>38.1</ele></rtept><rtept lat="27.560500" lon="109.975983"><ele>38.1</ele></rtept><rtept lat="27.560605" lon="109.975888"><ele>38.1</ele></rtept><rtept lat="27.560707" lon="109.975788"><ele>38.1</ele></rtept><rtept lat="27.560805" lon="109.975683"><ele>38.0</ele></rtept><rtept lat="27.56090" lon="109.975574"><ele>38.0</ele></rtept><rtept lat="27.560989" lon="109.975461"><ele>38.0</ele></rtept><rtept lat="27.561074" lon="109.9753"><ele>38.0</ele></rtept><rtept lat="27.561156" lon="109.97522"><ele>38.0</ele></rtept><rtept lat="27.561233" lon="109.975097"><ele>38.0</ele></rtept><rtept lat="27.561305" lon="109.974969"><ele>38.0</ele></rtept><rtept lat="27.561373" lon="109.97484"><ele>38.0</ele></rtept><rtept lat="27.561436" lon="109.974702"><ele>38.0</ele></rtept><rtept lat="27.561494" lon="109.974565"><ele>38.0</ele></rtept><rtept lat="27.561547" lon="109.974425"><ele>38.0</ele></rtept><rtept lat="27.561594" lon="109.974283"><ele>38.0</ele></rtept><rtept lat="27.561637" lon="109.974138"><ele>38.0</ele></rtept><rtept lat="27.561674" lon="109.973992"><ele>38.0</ele></rtept><rtept lat="27.561706" lon="109.973844"><ele>38.1</ele></rtept><rtept lat="27.561733" lon="109.973695"><ele>38.1</ele></rtept><rtept lat="27.561754" lon="109.973545"><ele>38.1</ele></rtept><rtept lat="27.561770" lon="109.97339"><ele>38.1</ele></rtept><rtept lat="27.561780" lon="109.973242"><ele>38.1</ele></rtept><rtept lat="27.561785" lon="109.973090"><ele>38.2</ele></rtept><rtept lat="27.561784" lon="109.972938"><ele>38.2</ele></rtept><rtept lat="27.561778" lon="109.97279"><ele>38.2</ele></rtept><rtept lat="27.561766" lon="109.972634"><ele>38.2</ele></rtept><rtept lat="27.561749" lon="109.97248"><ele>38.3</ele></rtept><rtept lat="27.561726" lon="109.972333"><ele>38.3</ele></rtept><rtept lat="27.561698" lon="109.972185"><ele>38.3</ele></rtept><rtept lat="27.561664" lon="109.972037"><ele>38.4</ele></rtept><rtept lat="27.561625" lon="109.971892"><ele>38.4</ele></rtept><rtept lat="27.561581" lon="109.971748"><ele>38.5</ele></rtept><rtept lat="27.561532" lon="109.97161"><ele>38.5</ele></rtept><rtept lat="27.561478" lon="109.971467"><ele>38.6</ele></rtept><rtept lat="27.561418" lon="109.97133"><ele>38.6</ele></rtept><rtept lat="27.56135" lon="109.971197"><ele>38.6</ele></rtept><rtept lat="27.561285" lon="109.971066"><ele>38.7</ele></rtept><rtept lat="27.56121" lon="109.970938"><ele>38.7</ele></rtept><rtept lat="27.561133" lon="109.970815"><ele>38.8</ele></rtept><rtept lat="27.561050" lon="109.970694"><ele>38.8</ele></rtept><rtept lat="27.560963" lon="109.970578"><ele>38.9</ele></rtept><rtept lat="27.56087" lon="109.970466"><ele>39.0</ele></rtept><rtept lat="27.560777" lon="109.97036"><ele>39.0</ele></rtept><rtept lat="27.560678" lon="109.970255"><ele>39.1</ele></rtept><rtept lat="27.560575" lon="109.970156"><ele>39.1</ele></rtept><rtept lat="27.560469" lon="109.970062"><ele>39.2</ele></rtept><rtept lat="27.560359" lon="109.9700"><ele>39.2</ele></rtept><rtept lat="27.560247" lon="109.969889"><ele>39.3</ele></rtept><rtept lat="27.560131" lon="109.969811"><ele>39.4</ele></rtept><rtept lat="27.56001" lon="109.969738"><ele>39.4</ele></rtept><rtept lat="27.55989" lon="109.969670"><ele>39.5</ele></rtept><rtept lat="27.559769" lon="109.969608"><ele>39.5</ele></rtept><rtept lat="27.559644" lon="109.969552"><ele>39.6</ele></rtept><rtept lat="27.559516" lon="109.969501"><ele>39.7</ele></rtept><rtept lat="27.559387" lon="109.969457"><ele>39.7</ele></rtept><rtept lat="27.559257" lon="109.969418"><ele>39.8</ele></rtept><rtept lat="27.559125" lon="109.969386"><ele>39.9</ele></rtept><rtept lat="27.558992" lon="109.969360"><ele>39.9</ele></rtept><rtept lat="27.558859" lon="109.96934"><ele>40.0</ele></rtept><rtept lat="27.558724" lon="109.969325"><ele>40.1</ele></rtept><rtept lat="27.558590" lon="109.969317"><ele>40.1</ele></rtept><rtept lat="27.558455" lon="109.969316"><ele>40.2</ele></rtept><rtept lat="27.558320" lon="109.969320"><ele>40.2</ele></rtept><rtept lat="27.558185" lon="109.969331"><ele>40.3</ele></rtept><rtept lat="27.558051" lon="109.969348"><ele>40.4</ele></rtept><rtept lat="27.557918" lon="109.969371"><ele>40.4</ele></rtept><rtept lat="27.557786" lon="109.969401"><ele>40.5</ele></rtept><rtept lat="27.557654" lon="109.969436"><ele>40.6</ele></rtept><rtept lat="27.557525" lon="109.969477"><ele>40.6</ele></rtept><rtept lat="27.557396" lon="109.969525"><ele>40.7</ele></rtept><rtept lat="27.557270" lon="109.969578"><ele>40.7</ele></rtept><rtept lat="27.557146" lon="109.969637"><ele>40.8</ele></rtept><rtept lat="27.557024" lon="109.969702"><ele>40.9</ele></rtept><rtept lat="27.556904" lon="109.969772"><ele>40.9</ele></rtept><rtept lat="27.556787" lon="109.969848"><ele>41.0</ele></rtept><rtept lat="27.556673" lon="109.969929"><ele>41.0</ele></rtept><rtept lat="27.556562" lon="109.970015"><ele>41.1</ele></rtept><rtept lat="27.556454" lon="109.970106"><ele>41.1</ele></rtept><rtept lat="27.556349" lon="109.970203"><ele>41.2</ele></rtept><rtept lat="27.556249" lon="109.970304"><ele>41.2</ele></rtept><rtept lat="27.556151" lon="109.97041"><ele>41.3</ele></rtept><rtept lat="27.556058" lon="109.97052"><ele>41.3</ele></rtept><rtept lat="27.555969" lon="109.970633"><ele>41.4</ele></rtept><rtept lat="27.55588" lon="109.97075"><ele>41.4</ele></rtept><rtept lat="27.555803" lon="109.970873"><ele>41.5</ele></rtept><rtept lat="27.555727" lon="109.970999"><ele>41.5</ele></rtept><rtept lat="27.55566" lon="109.97113"><ele>41.6</ele></rtept><rtept lat="27.555589" lon="109.97126"><ele>41.6</ele></rtept><rtept lat="27.555527" lon="109.971395"><ele>41.6</ele></rtept><rtept lat="27.555470" lon="109.971533"><ele>41.7</ele></rtept><rtept lat="27.555418" lon="109.971674"><ele>41.7</ele></rtept><rtept lat="27.55537" lon="109.97182"><ele>41.7</ele></rtept><rtept lat="27.555329" lon="109.971961"><ele>41.8</ele></rtept><rtept lat="27.55529" lon="109.97211"><ele>41.8</ele></rtept><rtept lat="27.555262" lon="109.97226"><ele>41.8</ele></rtept><rtept lat="27.555237" lon="109.972405"><ele>41.9</ele></rtept><rtept lat="27.555216" lon="109.972555"><ele>41.9</ele></rtept><rtept lat="27.55520" lon="109.972707"><ele>41.9</ele></rtept><rtept lat="27.555193" lon="109.972859"><ele>41.9</ele></rtept><rtept lat="27.55519" lon="109.973011"><ele>41.9</ele></rtept><rtept lat="27.555191" lon="109.973163"><ele>42.0</ele></rtept><rtept lat="27.55520" lon="109.973315"><ele>42.0</ele></rtept><rtept lat="27.555211" lon="109.973466"><ele>42.0</ele></rtept><rtept lat="27.555229" lon="109.973617"><ele>42.0</ele></rtept><rtept lat="27.555253" lon="109.973767"><ele>42.0</ele></rtept><rtept lat="27.555282" lon="109.973915"><ele>42.0</ele></rtept><rtept lat="27.555317" lon="109.974062"><ele>42.0</ele></rtept><rtept lat="27.555357" lon="109.974208"><ele>42.0</ele></rtept><rtept lat="27.555402" lon="109.974351"><ele>42.0</ele></rtept><rtept lat="27.555452" lon="109.97449"><ele>42.0</ele></rtept><rtept lat="27.56" lon="109.974631"><ele>42.0</ele></rtept><rtept lat="27.555568" lon="109.974767"><ele>42.0</ele></rtept><rtept lat="27.555633" lon="109.974900"><ele>42.0</ele></rtept><rtept lat="27.55570" lon="109.975030"><ele>42.0</ele></rtept><rtept lat="27.555777" lon="109.975157"><ele>41.9</ele></rtept><rtept lat="27.555857" lon="109.975280"><ele>41.9</ele></rtept><rtept lat="27.555940" lon="109.975400"><ele>41.9</ele></rtept><rtept lat="27.556028" lon="109.975515"><ele>41.9</ele></rtept><rtept lat="27.556120" lon="109.975627"><ele>41.9</ele></rtept><rtept lat="27.556216" lon="109.975734"><ele>41.8</ele></rtept><rtept lat="27.556315" lon="109.975836"><ele>41.8</ele></rtept><rtept lat="27.55642" lon="109.975934"><ele>41.8</ele></rtept><rtept lat="27.556526" lon="109.976027"><ele>41.8</ele></rtept><rtept lat="27.556636" lon="109.97611"><ele>41.7</ele></rtept><rtept lat="27.556749" lon="109.976198"><ele>41.7</ele></rtept><rtept lat="27.556865" lon="109.976275"><ele>41.7</ele></rtept><rtept lat="27.55698" lon="109.976347"><ele>41.6</ele></rtept><rtept lat="27.557105" lon="109.976414"><ele>41.6</ele></rtept><rtept lat="27.55723" lon="109.976475"><ele>41.6</ele></rtept><rtept lat="27.557354" lon="109.97653"><ele>41.5</ele></rtept><rtept lat="27.557482" lon="109.976579"><ele>41.5</ele></rtept><rtept lat="27.557611" lon="109.97662"><ele>41.4</ele></rtept><rtept lat="27.557742" lon="109.976660"><ele>41.4</ele></rtept><rtept lat="27.557874" lon="109.976691"><ele>41.3</ele></rtept><rtept lat="27.558007" lon="109.97672"><ele>41.3</ele></rtept><rtept lat="27.558141" lon="109.976736"><ele>41.2</ele></rtept><rtept lat="27.55828" lon="109.976749"><ele>41.2</ele></rtept><rtept lat="27.558410" lon="109.976755"><ele>41.1</ele></rtept><rtept lat="27.558545" lon="109.97676"><ele>41.1</ele></rtept><rtept lat="27.558680" lon="109.976750"><ele>41.0</ele></rtept><rtept lat="27.558814" lon="109.97674"><ele>41.0</ele></rtept><rtept lat="27.55895" lon="109.976720"><ele>40.9</ele></rtept><rtept lat="27.55908" lon="109.976695"><ele>40.8</ele></rtept><rtept lat="27.55921" lon="109.976665"><ele>40.8</ele></rtept><rtept lat="27.559344" lon="109.976628"><ele>40.7</ele></rtept><rtept lat="27.559474" lon="109.97659"><ele>40.7</ele></rtept><rtept lat="27.559602" lon="109.976537"><ele>40.6</ele></rtept><rtept lat="27.559728" lon="109.976483"><ele>40.5</ele></rtept><rtept lat="27.559851" lon="109.976423"><ele>40.5</ele></rtept><rtept lat="27.559973" lon="109.976357"><ele>40.4</ele></rtept><rtept lat="27.56009" lon="109.976286"><ele>40.4</ele></rtept><rtept lat="27.560209" lon="109.976209"><ele>40.3</ele></rtept><rtept lat="27.560322" lon="109.976127"><ele>40.2</ele></rtept><rtept lat="27.560433" lon="109.976040"><ele>40.2</ele></rtept><rtept lat="27.56054" lon="109.975948"><ele>40.1</ele></rtept><rtept lat="27.560644" lon="109.975850"><ele>40.0</ele></rtept><rtept lat="27.56074" lon="109.975749"><ele>40.0</ele></rtept><rtept lat="27.560841" lon="109.975642"><ele>39.9</ele></rtept><rtept lat="27.560933" lon="109.975531"><ele>39.8</ele></rtept><rtept lat="27.561022" lon="109.975417"><ele>39.8</ele></rtept><rtept lat="27.561106" lon="109.975298"><ele>39.7</ele></rtept><rtept lat="27.561185" lon="109.975175"><ele>39.6</ele></rtept><rtept lat="27.561261" lon="109.975049"><ele>39.6</ele></rtept><rtept lat="27.561331" lon="109.974919"><ele>39.5</ele></rtept><rtept lat="27.561397" lon="109.974786"><ele>39.5</ele></rtept><rtept lat="27.561458" lon="109.974651"><ele>39.4</ele></rtept><rtept lat="27.561514" lon="109.974512"><ele>39.3</ele></rtept><rtept lat="27.561565" lon="109.974371"><ele>39.3</ele></rtept><rtept lat="27.561611" lon="109.974228"><ele>39.2</ele></rtept><rtept lat="27.561652" lon="109.974083"><ele>39.2</ele></rtept><rtept lat="27.561687" lon="109.97394"><ele>39.1</ele></rtept><rtept lat="27.561717" lon="109.973788"><ele>39.0</ele></rtept><rtept lat="27.561742" lon="109.973638"><ele>39.0</ele></rtept><rtept lat="27.56176" lon="109.973488"><ele>38.9</ele></rtept><rtept lat="27.561774" lon="109.973336"><ele>38.9</ele></rtept><rtept lat="27.56178" lon="109.973185"><ele>38.8</ele></rtept><rtept lat="27.561785" lon="109.97303"><ele>38.8</ele></rtept><rtept lat="27.561782" lon="109.972880"><ele>38.7</ele></rtept><rtept lat="27.561774" lon="109.972728"><ele>38.7</ele></rtept><rtept lat="27.561760" lon="109.972577"><ele>38.6</ele></rtept><rtept lat="27.561741" lon="109.972427"><ele>38.6</ele></rtept><rtept lat="27.561716" lon="109.972277"><ele>38.5</ele></rtept><rtept lat="27.561686" lon="109.972129"><ele>38.5</ele></rtept><rtept lat="27.561650" lon="109.971982"><ele>38.5</ele></rtept><rtept lat="27.56161" lon="109.971837"><ele>38.4</ele></rtept><rtept lat="27.561563" lon="109.971694"><ele>38.4</ele></rtept><rtept lat="27.561512" lon="109.971553"><ele>38.3</ele></rtept><rtept lat="27.561456" lon="109.971415"><ele>38.3</ele></rtept><rtept lat="27.561394" lon="109.971279"><ele>38.3</ele></rtept><rtept lat="27.561328" lon="109.9711"><ele>38.2</ele></rtept><rtept lat="27.561257" lon="109.971017"><ele>38.2</ele></rtept><rtept lat="27.561182" lon="109.97089"><ele>38.2</ele></rtept><rtept lat="27.561102" lon="109.970769"><ele>38.2</ele></rtept><rtept lat="27.561018" lon="109.970650"><ele>38.1</ele></rtept><rtept lat="27.560929" lon="109.970535"><ele>38.1</ele></rtept><rtept lat="27.560836" lon="109.970425"><ele>38.1</ele></rtept><rtept lat="27.560740" lon="109.970319"><ele>38.1</ele></rtept><rtept lat="27.560639" lon="109.97022"><ele>38.1</ele></rtept><rtept lat="27.5605" lon="109.970120"><ele>38.0</ele></rtept><rtept lat="27.560428" lon="109.97003"><ele>38.0</ele></rtept><rtept lat="27.560317" lon="109.96994"><ele>38.0</ele></rtept><rtept lat="27.560204" lon="109.969859"><ele>38.0</ele></rtept><rtept lat="27.56009" lon="109.969783"><ele>38.0</ele></rtept><rtept lat="27.559968" lon="109.969712"><ele>38.0</ele></rtept><rtept lat="27.559846" lon="109.969646"><ele>38.0</ele></rtept><rtept lat="27.559722" lon="109.969586"><ele>38.0</ele></rtept><rtept lat="27.55960" lon="109.969532"><ele>38.0</ele></rtept><rtept lat="27.559468" lon="109.969484"><ele>38.0</ele></rtept><rtept lat="27.559338" lon="109.969442"><ele>38.0</ele></rtept><rtept lat="27.559207" lon="109.969405"><ele>38.0</ele></rtept><rtept lat="27.559075" lon="109.969375"><ele>38.0</ele></rtept><rtept lat="27.558942" lon="109.969351"><ele>38.0</ele></rtept><rtept lat="27.558808" lon="109.969333"><ele>38.1</ele></rtept><rtept lat="27.558673" lon="109.969322"><ele>38.1</ele></rtept><rtept lat="27.558539" lon="109.969316"><ele>38.1</ele></rtept><rtept lat="27.558404" lon="109.96932"><ele>38.1</ele></rtept><rtept lat="27.55827" lon="109.969324"><ele>38.1</ele></rtept><rtept lat="27.558135" lon="109.96934"><ele>38.2</ele></rtept><rtept lat="27.558001" lon="109.969356"><ele>38.2</ele></rtept><rtept lat="27.557868" lon="109.969382"><ele>38.2</ele></rtept><rtept lat="27.557736" lon="109.969413"><ele>38.3</ele></rtept><rtept lat="27.55761" lon="109.96945"><ele>38.3</ele></rtept><rtept lat="27.557476" lon="109.969495"><ele>38.3</ele></rtept><rtept lat="27.557348" lon="109.969544"><ele>38.4</ele></rtept><rtept lat="27.557223" lon="109.969600"><ele>38.4</ele></rtept><rtept lat="27.557099" lon="109.969661"><ele>38.4</ele></rtept><rtept lat="27.556978" lon="109.969728"><ele>38.5</ele></rtept><rtept lat="27.556859" lon="109.969800"><ele>38.5</ele></rtept><rtept lat="27.556744" lon="109.969878"><ele>38.6</ele></rtept><rtept lat="27.55663" lon="109.96996"><ele>38.6</ele></rtept><rtept lat="27.55652" lon="109.970049"><ele>38.7</ele></rtept><rtept lat="27.556414" lon="109.970142"><ele>38.7</ele></rtept><rtept lat="27.556311" lon="109.970240"><ele>38.8</ele></rtept><rtept lat="27.556211" lon="109.970343"><ele>38.8</ele></rtept><rtept lat="27.55612" lon="109.970450"><ele>38.9</ele></rtept><rtept lat="27.556024" lon="109.970562"><ele>38.9</ele></rtept><rtept lat="27.555936" lon="109.970677"><ele>39.0</ele></rtept><rtept lat="27.555853" lon="109.970797"><ele>39.0</ele></rtept><rtept lat="27.555774" lon="109.970920"><ele>39.1</ele></rtept><rtept lat="27.555699" lon="109.971047"><ele>39.1</ele></rtept><rtept lat="27.555630" lon="109.97118"><ele>39.2</ele></rtept><rtept lat="27.55556" lon="109.97131"><ele>39.3</ele></rtept><rtept lat="27.55550" lon="109.97145"><ele>39.3</ele></rtept><rtept lat="27.555450" lon="109.971586"><ele>39.4</ele></rtept><rtept lat="27.555400" lon="109.971727"><ele>39.4</ele></rtept><rtept lat="27.555355" lon="109.971871"><ele>39.5</ele></rtept><rtept lat="27.55532" lon="109.972016"><ele>39.6</ele></rtept><rtept lat="27.555281" lon="109.97216"><ele>39.6</ele></rtept><rtept lat="27.555252" lon="109.972312"><ele>39.7</ele></rtept><rtept lat="27.55523" lon="109.972462"><ele>39.7</ele></rtept><rtept lat="27.555210" lon="109.972613"><ele>39.8</ele></rtept><rtept lat="27.555198" lon="109.972764"><ele>39.9</ele></rtept><rtept lat="27.555190" lon="109.972916"><ele>39.9</ele></rtept><rtept lat="27.555189" lon="109.973068"><ele>40.0</ele></rtept><rtept lat="27.555193" lon="109.973220"><ele>40.1</ele></rtept><rtept lat="27.555202" lon="109.973372"><ele>40.1</ele></rtept><rtept lat="27.555217" lon="109.973523"><ele>40.2</ele></rtept><rtept lat="27.55524" lon="109.973674"><ele>40.3</ele></rtept><rtept lat="27.555263" lon="109.973823"><ele>40.3</ele></rtept><rtept lat="27.55529" lon="109.973971"><ele>40.4</ele></rtept><rtept lat="27.555331" lon="109.97412"><ele>40.5</ele></rtept><rtept lat="27.555373" lon="109.974262"><ele>40.5</ele></rtept><rtept lat="27.555420" lon="109.974405"><ele>40.6</ele></rtept><rtept lat="27.555472" lon="109.974545"><ele>40.6</ele></rtept><rtept lat="27.555530" lon="109.97468"><ele>40.7</ele></rtept><rtept lat="27.55559" lon="109.974818"><ele>40.8</ele></rtept><rtept lat="27.555659" lon="109.974950"><ele>40.8</ele></rtept><rtept lat="27.555730" lon="109.975079"><ele>40.9</ele></rtept><rtept lat="27.555807" lon="109.97520"><ele>40.9</ele></rtept><rtept lat="27.5559" lon="109.975326"><ele>41.0</ele></rtept><rtept lat="27.555973" lon="109.97544"><ele>41.0</ele></rtept><rtept lat="27.55606" lon="109.975558"><ele>41.1</ele></rtept><rtept lat="27.55616" lon="109.975668"><ele>41.2</ele></rtept><rtept lat="27.556253" lon="109.975773"><ele>41.2</ele></rtept><rtept lat="27.556354" lon="109.975874"><ele>41.3</ele></rtept><rtept lat="27.556459" lon="109.975970"><ele>41.3</ele></rtept><rtept lat="27.55657" lon="109.97606"><ele>41.4</ele></rtept><rtept lat="27.556678" lon="109.976147"><ele>41.4</ele></rtept><rtept lat="27.556792" lon="109.97623"><ele>41.4</ele></rtept><rtept lat="27.556909" lon="109.976303"><ele>41.5</ele></rtept><rtept lat="27.557029" lon="109.976373"><ele>41.5</ele></rtept><rtept lat="27.557151" lon="109.97644"><ele>41.6</ele></rtept><rtept lat="27.557276" lon="109.97650"><ele>41.6</ele></rtept><rtept lat="27.557402" lon="109.976549"><ele>41.7</ele></rtept><rtept lat="27.55753" lon="109.97660"><ele>41.7</ele></rtept><rtept lat="27.557660" lon="109.976638"><ele>41.7</ele></rtept><rtept lat="27.557792" lon="109.976673"><ele>41.8</ele></rtept><rtept lat="27.557924" lon="109.976702"><ele>41.8</ele></rtept><rtept lat="27.558057" lon="109.976725"><ele>41.8</ele></rtept><rtept lat="27.558191" lon="109.976741"><ele>41.8</ele></rtept><rtept lat="27.558326" lon="109.976752"><ele>41.9</ele></rtept><rtept lat="27.558461" lon="109.976756"><ele>41.9</ele></rtept><rtept lat="27.558596" lon="109.976754"><ele>41.9</ele></rtept><rtept lat="27.558730" lon="109.97675"><ele>41.9</ele></rtept><rtept lat="27.558865" lon="109.976732"><ele>41.9</ele></rtept><rtept lat="27.55900" lon="109.976711"><ele>42.0</ele></rtept><rtept lat="27.559131" lon="109.976685"><ele>42.0</ele></rtept><rtept lat="27.559263" lon="109.976652"><ele>42.0</ele></rtept><rtept lat="27.559393" lon="109.976613"><ele>42.0</ele></rtept><rtept lat="27.55952" lon="109.976568"><ele>42.0</ele></rtept><rtept lat="27.559649" lon="109.976518"><ele>42.0</ele></rtept><rtept lat="27.559775" lon="109.97646"><ele>42.0</ele></rtept><rtept lat="27.559898" lon="109.976399"><ele>42.0</ele></rtept><rtept lat="27.56002" lon="109.976331"><ele>42.0</ele></rtept><rtept lat="27.560137" lon="109.976257"><ele>42.0</ele></rtept><rtept lat="27.560252" lon="109.97618"><ele>42.0</ele></rtept><rtept lat="27.560364" lon="109.976095"><ele>42.0</ele></rtept><rtept lat="27.560474" lon="109.976006"><ele>42.0</ele></rtept><rtept lat="27.56058" lon="109.975911"><ele>42.0</ele></rtept><rtept lat="27.560682" lon="109.9758"><ele>41.9</ele></rtept><rtept lat="27.560781" lon="109.975709"><ele>41.9</ele></rtept><rtept lat="27.56088" lon="109.975601"><ele>41.9</ele></rtept><rtept lat="27.56097" lon="109.975489"><ele>41.9</ele></rtept><rtept lat="27.561054" lon="109.975372"><ele>41.9</ele></rtept><rtept lat="27.561136" lon="109.975252"><ele>41.8</ele></rtept><rtept lat="27.561214" lon="109.975128"><ele>41.8</ele></rtept><rtept lat="27.5613" lon="109.975000"><ele>41.8</ele></rtept><rtept lat="27.56136" lon="109.974869"><ele>41.8</ele></rtept><rtept lat="27.561421" lon="109.974735"><ele>41.7</ele></rtept><rtept lat="27.561480" lon="109.974599"><ele>41.7</ele></rtept><rtept lat="27.56153" lon="109.974459"><ele>41.7</ele></rtept><rtept lat="27.561583" lon="109.974318"><ele>41.6</ele></rtept><rtept lat="27.561627" lon="109.97417"><ele>41.6</ele></rtept><rtept lat="27.561666" lon="109.97403"><ele>41.5</ele></rtept><rtept lat="27.56170" lon="109.973880"><ele>41.5</ele></rtept><rtept lat="27.561727" lon="109.973732"><ele>41.5</ele></rtept><rtept lat="27.561750" lon="109.973582"><ele>41.4</ele></rtept><rtept lat="27.56177" lon="109.973431"><ele>41.4</ele></rtept><rtept lat="27.561778" lon="109.973279"><ele>41.3</ele></rtept><rtept lat="27.561784" lon="109.973127"><ele>41.3</ele></rtept><rtept lat="27.56178" lon="109.97297"><ele>41.2</ele></rtept><rtept lat="27.56178" lon="109.972823"><ele>41.2</ele></rtept><rtept lat="27.561769" lon="109.972671"><ele>41.1</ele></rtept><rtept lat="27.561753" lon="109.972520"><ele>41.1</ele></rtept><rtept lat="27.561732" lon="109.972370"><ele>41.0</ele></rtept><rtept lat="27.56171" lon="109.97222"><ele>40.9</ele></rtept><rtept lat="27.561673" lon="109.972073"><ele>40.9</ele></rtept><rtept lat="27.561635" lon="109.97193"><ele>40.8</ele></rtept><rtept lat="27.561592" lon="109.971783"><ele>40.8</ele></rtept><rtept lat="27.56154" lon="109.971640"><ele>40.7</ele></rtept><rtept lat="27.561491" lon="109.971501"><ele>40.7</ele></rtept><rtept lat="27.561433" lon="109.971363"><ele>40.6</ele></rtept><rtept lat="27.561370" lon="109.971229"><ele>40.5</ele></rtept><rtept lat="27.561" lon="109.971097"><ele>40.5</ele></rtept><rtept lat="27.561229" lon="109.970969"><ele>40.4</ele></rtept><rtept lat="27.561152" lon="109.97084"><ele>40.3</ele></rtept><rtept lat="27.561071" lon="109.970723"><ele>40.3</ele></rtept><rtept lat="27.560985" lon="109.970606"><ele>40.2</ele></rtept><rtept lat="27.560894" lon="109.970493"><ele>40.1</ele></rtept><rtept lat="27.560800" lon="109.970384"><ele>40.1</ele></rtept><rtept lat="27.560702" lon="109.970280"><ele>40.0</ele></rtept><rtept lat="27.560600" lon="109.970180"><ele>40.0</ele></rtept><rtept lat="27.560495" lon="109.970085"><ele>39.9</ele></rtept><rtept lat="27.560386" lon="109.969994"><ele>39.8</ele></rtept><rtept lat="27.560275" lon="109.96991"><ele>39.8</ele></rtept><rtept lat="27.560160" lon="109.96983"><ele>39.7</ele></rtept><rtept lat="27.560042" lon="109.96976"><ele>39.6</ele></rtept><rtept lat="27.559922" lon="109.96969"><ele>39.6</ele></rtept><rtept lat="27.559799" lon="109.969623"><ele>39.5</ele></rtept><rtept lat="27.559674" lon="109.969565"><ele>39.4</ele></rtept><rtept lat="27.559548" lon="109.969513"><ele>39.4</ele></rtept><rtept lat="27.559419" lon="109.969467"><ele>39.3</ele></rtept><rtept lat="27.55929" lon="109.969427"><ele>39.3</ele></rtept><rtept lat="27.559157" lon="109.969393"><ele>39.2</ele></rtept><rtept lat="27.559025" lon="109.969365"><ele>39.1</ele></rtept><rtept lat="27.558891" lon="109.96934"><ele>39.1</ele></rtept><rtept lat="27.558757" lon="109.969328"><ele>39.0</ele></rtept><rtept lat="27.558622" lon="109.969319"><ele>39.0</ele></rtept><rtept lat="27.55849" lon="109.969316"><ele>38.9</ele></rtept><rtept lat="27.558353" lon="109.969319"><ele>38.9</ele></rtept><rtept lat="27.558218" lon="109.969"><ele>38.8</ele></rtept><rtept lat="27.558084" lon="109.969343"><ele>38.8</ele></rtept><rtept lat="27.557950" lon="109.969365"><ele>38.7</ele></rtept><rtept lat="27.557818" lon="109.969393"><ele>38.7</ele></rtept><rtept lat="27.557686" lon="109.969427"><ele>38.6</ele></rtept><rtept lat="27.557556" lon="109.969467"><ele>38.6</ele></rtept><rtept lat="27.557428" lon="109.969513"><ele>38.5</ele></rtept><rtept lat="27.55730" lon="109.969565"><ele>38.5</ele></rtept><rtept lat="27.557176" lon="109.969622"><ele>38.4</ele></rtept><rtept lat="27.557053" lon="109.969685"><ele>38.4</ele></rtept><rtept lat="27.556933" lon="109.969754"><ele>38.4</ele></rtept><rtept lat="27.556815" lon="109.969829"><ele>38.3</ele></rtept><rtept lat="27.556700" lon="109.969909"><ele>38.3</ele></rtept><rtept lat="27.55659" lon="109.969994"><ele>38.3</ele></rtept><rtept lat="27.556480" lon="109.970084"><ele>38.2</ele></rtept><rtept lat="27.556375" lon="109.970179"><ele>38.2</ele></rtept><rtept lat="27.556273" lon="109.970279"><ele>38.2</ele></rtept><rtept lat="27.556175" lon="109.970383"><ele>38.1</ele></rtept><rtept lat="27.55608" lon="109.970492"><ele>38.1</ele></rtept><rtept lat="27.555990" lon="109.97061"><ele>38.1</ele></rtept><rtept lat="27.55590" lon="109.970722"><ele>38.1</ele></rtept><rtept lat="27.555822" lon="109.97084"><ele>38.1</ele></rtept><rtept lat="27.555745" lon="109.970968"><ele>38.1</ele></rtept><rtept lat="27.55567" lon="109.97110"><ele>38.0</ele></rtept><rtept lat="27.555605" lon="109.971228"><ele>38.0</ele></rtept><rtept lat="27.555541" lon="109.97136"><ele>38.0</ele></rtept><rtept lat="27.555483" lon="109.971499"><ele>38.0</ele></rtept><rtept lat="27.555430" lon="109.971639"><ele>38.0</ele></rtept><rtept lat="27.55538" lon="109.971781"><ele>38.0</ele></rtept><rtept lat="27.555339" lon="109.971926"><ele>38.0</ele></rtept><rtept lat="27.555301" lon="109.97207"><ele>38.0</ele></rtept><rtept lat="27.55527" lon="109.972219"><ele>38.0</ele></rtept><rtept lat="27.555242" lon="109.972368"><ele>38.0</ele></rtept><rtept lat="27.555221" lon="109.972519"><ele>38.0</ele></rtept><rtept lat="27.555205" lon="109.972670"><ele>38.0</ele></rtept><rtept lat="27.555194" lon="109.972821"><ele>38.0</ele></rtept><rtept lat="27.555189" lon="109.972974"><ele>38.1</ele></rtept><rtept lat="27.555190" lon="109.973126"><ele>38.1</ele></rtept><rtept lat="27.555196" lon="109.973278"><ele>38.1</ele></rtept><rtept lat="27.555207" lon="109.973429"><ele>38.1</ele></rtept><rtept lat="27.555224" lon="109.973580"><ele>38.1</ele></rtept><rtept lat="27.555247" lon="109.97373"><ele>38.1</ele></rtept><rtept lat="27.555275" lon="109.973879"><ele>38.2</ele></rtept><rtept lat="27.555308" lon="109.974027"><ele>38.2</ele></rtept><rtept lat="27.555346" lon="109.974172"><ele>38.2</ele></rtept><rtept lat="27.55539" lon="109.974316"><ele>38.3</ele></rtept><rtept lat="27.555439" lon="109.974458"><ele>38.3</ele></rtept><rtept lat="27.555493" lon="109.974597"><ele>38.3</ele></rtept><rtept lat="27.555552" lon="109.974734"><ele>38.4</ele></rtept><rtept lat="27.555616" lon="109.974868"><ele>38.4</ele></rtept><rtept lat="27.555685" lon="109.974999"><ele>38.4</ele></rtept><rtept lat="27.55576" lon="109.9751"><ele>38.5</ele></rtept><rtept lat="27.555837" lon="109.97525"><ele>38.5</ele></rtept><rtept lat="27.555919" lon="109.975371"><ele>38.6</ele></rtept><rtept lat="27.556006" lon="109.975487"><ele>38.6</ele></rtept><rtept lat="27.556097" lon="109.975600"><ele>38.7</ele></rtept><rtept lat="27.55619" lon="109.975708"><ele>38.7</ele></rtept><rtept lat="27.556291" lon="109.975812"><ele>38.8</ele></rtept><rtept lat="27.556393" lon="109.97591"><ele>38.8</ele></rtept><rtept lat="27.556499" lon="109.976005"><ele>38.9</ele></rtept><rtept lat="27.55661" lon="109.976094"><ele>38.9</ele></rtept><rtept lat="27.556721" lon="109.976178"><ele>39.0</ele></rtept><rtept lat="27.556836" lon="109.976257"><ele>39.0</ele></rtept><rtept lat="27.556954" lon="109.976330"><ele>39.1</ele></rtept><rtept lat="27.55708" lon="109.976398"><ele>39.1</ele></rtept><rtept lat="27.557198" lon="109.97646"><ele>39.2</ele></rtept><rtept lat="27.557323" lon="109.976517"><ele>39.3</ele></rtept><rtept lat="27.557451" lon="109.976568"><ele>39.3</ele></rtept><rtept lat="27.55758" lon="109.976613"><ele>39.4</ele></rtept><rtept lat="27.557710" lon="109.97665"><ele>39.4</ele></rtept><rtept lat="27.557842" lon="109.976684"><ele>39.5</ele></rtept><rtept lat="27.557974" lon="109.976711"><ele>39.6</ele></rtept><rtept lat="27.558" lon="109.976732"><ele>39.6</ele></rtept><rtept lat="27.558242" lon="109.976746"><ele>39.7</ele></rtept><rtept lat="27.558377" lon="109.976754"><ele>39.8</ele></rtept><rtept lat="27.558512" lon="109.976756"><ele>39.8</ele></rtept><rtept lat="27.558647" lon="109.976752"><ele>39.9</ele></rtept><rtept lat="27.55878" lon="109.976741"><ele>40.0</ele></rtept><rtept lat="27.558915" lon="109.976725"><ele>40.0</ele></rtept><rtept lat="27.559049" lon="109.976702"><ele>40.1</ele></rtept><rtept lat="27.559181" lon="109.976673"><ele>40.1</ele></rtept><rtept lat="27.559312" lon="109.976638"><ele>40.2</ele></rtept><rtept lat="27.559442" lon="109.976597"><ele>40.3</ele></rtept><rtept lat="27.559571" lon="109.976550"><ele>40.3</ele></rtept><rtept lat="27.559697" lon="109.976497"><ele>40.4</ele></rtept><rtept lat="27.559821" lon="109.976438"><ele>40.5</ele></rtept><rtept lat="27.559944" lon="109.976374"><ele>40.5</ele></rtept><rtept lat="27.560063" lon="109.97630"><ele>40.6</ele></rtept><rtept lat="27.560181" lon="109.976228"><ele>40.7</ele></rtept><rtept lat="27.560295" lon="109.976148"><ele>40.7</ele></rtept><rtept lat="27.56041" lon="109.976062"><ele>40.8</ele></rtept><rtept lat="27.56051" lon="109.97597"><ele>40.8</ele></rtept><rtept lat="27.560619" lon="109.975875"><ele>40.9</ele></rtept><rtept lat="27.560720" lon="109.975774"><ele>40.9</ele></rtept><rtept lat="27.5608" lon="109.975669"><ele>41.0</ele></rtept><rtept lat="27.560911" lon="109.975559"><ele>41.1</ele></rtept><rtept lat="27.561000" lon="109.975445"><ele>41.1</ele></rtept><rtept lat="27.561086" lon="109.975327"><ele>41.2</ele></rtept><rtept lat="27.561166" lon="109.975205"><ele>41.2</ele></rtept><rtept lat="27.56124" lon="109.97508"><ele>41.3</ele></rtept><rtept lat="27.561315" lon="109.974951"><ele>41.3</ele></rtept><rtept lat="27.561382" lon="109.97482"><ele>41.4</ele></rtept><rtept lat="27.561444" lon="109.97468"><ele>41.4</ele></rtept><rtept lat="27.561501" lon="109.974546"><ele>41.5</ele></rtept><rtept lat="27.561553" lon="109.974406"><ele>41.5</ele></rtept><rtept lat="27.561601" lon="109.974263"><ele>41.5</ele></rtept><rtept lat="27.561642" lon="109.974119"><ele>41.6</ele></rtept><rtept lat="27.56168" lon="109.97397"><ele>41.6</ele></rtept><rtept lat="27.561710" lon="109.973824"><ele>41.7</ele></rtept><rtept lat="27.561736" lon="109.973675"><ele>41.7</ele></rtept><rtept lat="27.561757" lon="109.97352"><ele>41.7</ele></rtept><rtept lat="27.561772" lon="109.97337"><ele>41.8</ele></rtept><rtept lat="27.561781" lon="109.973222"><ele>41.8</ele></rtept><rtept lat="27.561785" lon="109.973070"><ele>41.8</ele></rtept><rtept lat="27.561784" lon="109.972917"><ele>41.8</ele></rtept><rtept lat="27.561776" lon="109.972765"><ele>41.9</ele></rtept><rtept lat="27.56176" lon="109.972614"><ele>41.9</ele></rtept><rtept lat="27.561746" lon="109.972463"><ele>41.9</ele></rtept><rtept lat="27.561722" lon="109.97231"><ele>41.9</ele></rtept><rtept lat="27.561694" lon="109.972165"><ele>41.9</ele></rtept><rtept lat="27.561659" lon="109.97202"><ele>42.0</ele></rtept><rtept lat="27.561620" lon="109.97187"><ele>42.0</ele></rtept><rtept lat="27.561575" lon="109.971729"><ele>42.0</ele></rtept><rtept lat="27.561525" lon="109.971587"><ele>42.0</ele></rtept><rtept lat="27.561470" lon="109.971448"><ele>42.0</ele></rtept><rtept lat="27.561410" lon="109.971312"><ele>42.0</ele></rtept><rtept lat="27.561345" lon="109.971179"><ele>42.0</ele></rtept><rtept lat="27.561275" lon="109.97105"><ele>42.0</ele></rtept><rtept lat="27.561201" lon="109.970922"><ele>42.0</ele></rtept><rtept lat="27.5611" lon="109.970798"><ele>42.0</ele></rtept><rtept lat="27.561039" lon="109.970679"><ele>42.0</ele></rtept><rtept lat="27.560951" lon="109.970563"><ele>42.0</ele></rtept><rtept lat="27.560859" lon="109.970451"><ele>42.0</ele></rtept><rtept lat="27.560764" lon="109.970344"><ele>42.0</ele></rtept><rtept lat="27.560664" lon="109.970241"><ele>41.9</ele></rtept><rtept lat="27.560561" lon="109.970143"><ele>41.9</ele></rtept><rtept lat="27.560454" lon="109.970050"><ele>41.9</ele></rtept><rtept lat="27.560344" lon="109.969962"><ele>41.9</ele></rtept><rtept lat="27.560231" lon="109.96988"><ele>41.9</ele></rtept><rtept lat="27.560116" lon="109.969801"><ele>41.8</ele></rtept><rtept lat="27.559997" lon="109.969728"><ele>41.8</ele></rtept><rtept lat="27.55988" lon="109.969661"><ele>41.8</ele></rtept><rtept lat="27.559752" lon="109.96960"><ele>41.8</ele></rtept><rtept lat="27.559627" lon="109.969545"><ele>41.7</ele></rtept><rtept lat="27.559499" lon="109.969495"><ele>41.7</ele></rtept><rtept lat="27.559370" lon="109.969451"><ele>41.6</ele></rtept><rtept lat="27.559239" lon="109.969414"><ele>41.6</ele></rtept><rtept lat="27.559107" lon="109.969382"><ele>41.6</ele></rtept><rtept lat="27.558974" lon="109.969356"><ele>41.5</ele></rtept><rtept lat="27.558841" lon="109.969337"><ele>41.5</ele></rtept><rtept lat="27.558706" lon="109.96932"><ele>41.4</ele></rtept><rtept lat="27.558572" lon="109.9693"><ele>41.4</ele></rtept><rtept lat="27.558437" lon="109.969316"><ele>41.4</ele></rtept><rtept lat="27.558302" lon="109.969321"><ele>41.3</ele></rtept><rtept lat="27.55817" lon="109.969333"><ele>41.3</ele></rtept><rtept lat="27.558033" lon="109.969351"><ele>41.2</ele></rtept><rtept lat="27.5579" lon="109.969375"><ele>41.2</ele></rtept><rtept lat="27.557768" lon="109.969405"><ele>41.1</ele></rtept><rtept lat="27.557637" lon="109.969441"><ele>41.0</ele></rtept><rtept lat="27.557507" lon="109.969483"><ele>41.0</ele></rtept><rtept lat="27.557379" lon="109.969532"><ele>40.9</ele></rtept><rtept lat="27.55725" lon="109.969586"><ele>40.9</ele></rtept><rtept lat="27.557129" lon="109.969645"><ele>40.8</ele></rtept><rtept lat="27.557007" lon="109.96971"><ele>40.8</ele></rtept><rtept lat="27.5569" lon="109.969782"><ele>40.7</ele></rtept><rtept lat="27.556772" lon="109.969858"><ele>40.6</ele></rtept><rtept lat="27.556658" lon="109.96994"><ele>40.6</ele></rtept><rtept lat="27.55655" lon="109.970027"><ele>40.5</ele></rtept><rtept lat="27.556440" lon="109.970119"><ele>40.5</ele></rtept><rtept lat="27.55634" lon="109.970216"><ele>40.4</ele></rtept><rtept lat="27.556235" lon="109.970318"><ele>40.3</ele></rtept><rtept lat="27.556139" lon="109.970424"><ele>40.3</ele></rtept><rtept lat="27.556046" lon="109.970534"><ele>40.2</ele></rtept><rtept lat="27.555957" lon="109.970649"><ele>40.1</ele></rtept><rtept lat="27.55587" lon="109.970768"><ele>40.1</ele></rtept><rtept lat="27.555793" lon="109.970890"><ele>40.0</ele></rtept><rtept lat="27.55572" lon="109.971016"><ele>39.9</ele></rtept><rtept lat="27.555646" lon="109.971146"><ele>39.9</ele></rtept><rtept lat="27.555580" lon="109.971278"><ele>39.8</ele></rtept><rtept lat="27.555519" lon="109.971414"><ele>39.7</ele></rtept><rtept lat="27.555463" lon="109.971552"><ele>39.7</ele></rtept><rtept lat="27.555411" lon="109.971693"><ele>39.6</ele></rtept><rtept lat="27.555365" lon="109.97184"><ele>39.6</ele></rtept><rtept lat="27.555324" lon="109.971981"><ele>39.5</ele></rtept><rtept lat="27.555289" lon="109.972127"><ele>39.4</ele></rtept><rtept lat="27.555258" lon="109.972276"><ele>39.4</ele></rtept><rtept lat="27.555234" lon="109.972425"><ele>39.3</ele></rtept><rtept lat="27.5552" lon="109.972576"><ele>39.2</ele></rtept><rtept lat="27.555200" lon="109.97273"><ele>39.2</ele></rtept><rtept lat="27.555192" lon="109.97288"><ele>39.1</ele></rtept><rtept lat="27.555189" lon="109.973031"><ele>39.1</ele></rtept><rtept lat="27.555191" lon="109.973183"><ele>39.0</ele></rtept><rtept lat="27.555199" lon="109.973335"><ele>39.0</ele></rtept><rtept lat="27.55521" lon="109.97349"><ele>38.9</ele></rtept><rtept lat="27.555232" lon="109.973637"><ele>38.9</ele></rtept><rtept lat="27.555257" lon="109.973787"><ele>38.8</ele></rtept><rtept lat="27.555287" lon="109.973935"><ele>38.7</ele></rtept><rtept lat="27.555322" lon="109.9741"><ele>38.7</ele></rtept><rtept lat="27.555362" lon="109.974227"><ele>38.7</ele></rtept><rtept lat="27.555408" lon="109.974370"><ele>38.6</ele></rtept><rtept lat="27.555459" lon="109.97451"><ele>38.6</ele></rtept><rtept lat="27.555515" lon="109.97465"><ele>38.5</ele></rtept><rtept lat="27.555576" lon="109.974785"><ele>38.5</ele></rtept><rtept lat="27.555642" lon="109.974918"><ele>38.4</ele></rtept><rtept lat="27.555713" lon="109.975048"><ele>38.4</ele></rtept><rtept lat="27.555788" lon="109.975174"><ele>38.4</ele></rtept><rtept lat="27.55587" lon="109.97530"><ele>38.3</ele></rtept><rtept lat="27.555952" lon="109.975415"><ele>38.3</ele></rtept><rtept lat="27.55604" lon="109.975530"><ele>38.3</ele></rtept><rtept lat="27.55613" lon="109.975641"><ele>38.2</ele></rtept><rtept lat="27.556229" lon="109.97575"><ele>38.2</ele></rtept><rtept lat="27.556329" lon="109.975850"><ele>38.2</ele></rtept><rtept lat="27.556433" lon="109.97595"><ele>38.1</ele></rtept><rtept lat="27.556540" lon="109.976039"><ele>38.1</ele></rtept><rtept lat="27.55665" lon="109.976126"><ele>38.1</ele></rtept><rtept lat="27.556764" lon="109.976208"><ele>38.1</ele></rtept><rtept lat="27.556881" lon="109.976285"><ele>38.1</ele></rtept><rtept lat="27.557000" lon="109.976357"><ele>38.0</ele></rtept><rtept lat="27.557121" lon="109.976422"><ele>38.0</ele></rtept><rtept lat="27.557245" lon="109.97648"><ele>38.0</ele></rtept><rtept lat="27.557371" lon="109.976537"><ele>38.0</ele></rtept><rtept lat="27.557499" lon="109.976585"><ele>38.0</ele></rtept><rtept lat="27.557629" lon="109.976628"><ele>38.0</ele></rtept><rtept lat="27.557760" lon="109.976665"><ele>38.0</ele></rtept><rtept lat="27.557892" lon="109.97670"><ele>38.0</ele></rtept><rtept lat="27.55802" lon="109.976720"><ele>38.0</ele></rtept><rtept lat="27.558159" lon="109.976738"><ele>38.0</ele></rtept><rtept lat="27.558293" lon="109.976750"><ele>38.0</ele></rtept><rtept lat="27.558428" lon="109.976756"><ele>38.0</ele></rtept><rtept lat="27.5586" lon="109.976755"><ele>38.0</ele></rtept><rtept lat="27.558698" lon="109.976749"><ele>38.0</ele></rtept><rtept lat="27.558832" lon="109.976736"><ele>38.1</ele></rtept><rtept lat="27.558966" lon="109.976717"><ele>38.1</ele></rtept><rtept lat="27.559099" lon="109.976692"><ele>38.1</ele></rtept><rtept lat="27.55923" lon="109.976660"><ele>38.1</ele></rtept><rtept lat="27.55936" lon="109.9766"><ele>38.1</ele></rtept><rtept lat="27.559491" lon="109.976580"><ele>38.2</ele></rtept><rtept lat="27.55962" lon="109.976530"><ele>38.2</ele></rtept><rtept lat="27.559744" lon="109.976475"><ele>38.2</ele></rtept><rtept lat="27.559868" lon="109.97641"><ele>38.2</ele></rtept><rtept lat="27.559989" lon="109.97635"><ele>38.3</ele></rtept><rtept lat="27.560108" lon="109.976276"><ele>38.3</ele></rtept><rtept lat="27.560224" lon="109.976198"><ele>38.3</ele></rtept><rtept lat="27.560337" lon="109.976116"><ele>38.4</ele></rtept><rtept lat="27.560447" lon="109.976028"><ele>38.4</ele></rtept><rtept lat="27.560554" lon="109.975935"><ele>38.5</ele></rtept><rtept lat="27.560658" lon="109.975837"><ele>38.5</ele></rtept><rtept lat="27.56076" lon="109.975735"><ele>38.5</ele></rtept><rtept lat="27.56085" lon="109.975628"><ele>38.6</ele></rtept><rtept lat="27.560945" lon="109.975516"><ele>38.6</ele></rtept><rtept lat="27.561033" lon="109.975401"><ele>38.7</ele></rtept><rtept lat="27.561117" lon="109.975281"><ele>38.7</ele></rtept><rtept lat="27.561196" lon="109.97516"><ele>38.8</ele></rtept><rtept lat="27.561271" lon="109.975032"><ele>38.8</ele></rtept><rtept lat="27.561341" lon="109.97490"><ele>38.9</ele></rtept><rtept lat="27.561406" lon="109.974768"><ele>38.9</ele></rtept><rtept lat="27.561466" lon="109.974632"><ele>39.0</ele></rtept><rtept lat="27.561522" lon="109.974494"><ele>39.0</ele></rtept><rtept lat="27.56157" lon="109.974352"><ele>39.1</ele></rtept><rtept lat="27.561617" lon="109.974209"><ele>39.2</ele></rtept><rtept lat="27.561657" lon="109.974064"><ele>39.2</ele></rtept><rtept lat="27.561691" lon="109.973917"><ele>39.3</ele></rtept><rtept lat="27.561721" lon="109.973768"><ele>39.3</ele></rtept><rtept lat="27.561745" lon="109.973618"><ele>39.4</ele></rtept><rtept lat="27.561763" lon="109.973468"><ele>39.5</ele></rtept><rtept lat="27.561776" lon="109.973316"><ele>39.5</ele></rtept><rtept lat="27.561783" lon="109.973164"><ele>39.6</ele></rtept><rtept lat="27.56179" lon="109.97301"><ele>39.6</ele></rtept><rtept lat="27.561782" lon="109.972860"><ele>39.7</ele></rtept><rtept lat="27.561772" lon="109.972708"><ele>39.8</ele></rtept><rtept lat="27.561758" lon="109.972557"><ele>39.8</ele></rtept><rtept lat="27.561738" lon="109.972406"><ele>39.9</ele></rtept><rtept lat="27.561712" lon="109.972257"><ele>40.0</ele></rtept><rtept lat="27.561681" lon="109.972109"><ele>40.0</ele></rtept><rtept lat="27.56164" lon="109.971962"><ele>40.1</ele></rtept><rtept lat="27.561603" lon="109.971818"><ele>40.2</ele></rtept><rtept lat="27.561557" lon="109.971675"><ele>40.2</ele></rtept><rtept lat="27.56150" lon="109.971534"><ele>40.3</ele></rtept><rtept lat="27.561448" lon="109.971397"><ele>40.4</ele></rtept><rtept lat="27.561386" lon="109.971261"><ele>40.4</ele></rtept><rtept lat="27.561319" lon="109.971129"><ele>40.5</ele></rtept><rtept lat="27.561248" lon="109.97100"><ele>40.5</ele></rtept><rtept lat="27.561171" lon="109.970874"><ele>40.6</ele></rtept><rtept lat="27.561091" lon="109.970752"><ele>40.7</ele></rtept><rtept lat="27.561006" lon="109.970634"><ele>40.7</ele></rtept><rtept lat="27.560917" lon="109.970520"><ele>40.8</ele></rtept><rtept lat="27.560824" lon="109.970410"><ele>40.8</ele></rtept><rtept lat="27.560726" lon="109.970305"><ele>40.9</ele></rtept><rtept lat="27.560626" lon="109.970204"><ele>41.0</ele></rtept><rtept lat="27.560521" lon="109.970107"><ele>41.0</ele></rtept><rtept lat="27.560413" lon="109.970016"><ele>41.1</ele></rtept><rtept lat="27.560302" lon="109.969930"><ele>41.1</ele></rtept><rtept lat="27.560188" lon="109.969849"><ele>41.2</ele></rtept><rtept lat="27.560071" lon="109.96977"><ele>41.2</ele></rtept><rtept lat="27.55995" lon="109.969702"><ele>41.3</ele></rtept><rtept lat="27.559829" lon="109.969638"><ele>41.3</ele></rtept><rtept lat="27.559705" lon="109.96958"><ele>41.4</ele></rtept><rtept lat="27.55958" lon="109.969525"><ele>41.4</ele></rtept><rtept lat="27.55945" lon="109.969478"><ele>41.5</ele></rtept><rtept lat="27.559321" lon="109.96944"><ele>41.5</ele></rtept><rtept lat="27.559190" lon="109.96940"><ele>41.6</ele></rtept><rtept lat="27.559057" lon="109.96937"><ele>41.6</ele></rtept><rtept lat="27.558924" lon="109.969348"><ele>41.6</ele></rtept><rtept lat="27.558790" lon="109.969331"><ele>41.7</ele></rtept><rtept lat="27.5587" lon="109.969320"><ele>41.7</ele></rtept><rtept lat="27.558521" lon="109.96932"><ele>41.7</ele></rtept><rtept lat="27.558386" lon="109.969317"><ele>41.8</ele></rtept><rtept lat="27.558251" lon="109.969325"><ele>41.8</ele></rtept><rtept lat="27.5581" lon="109.969339"><ele>41.8</ele></rtept><rtept lat="27.557983" lon="109.969359"><ele>41.8</ele></rtept><rtept lat="27.557850" lon="109.969386"><ele>41.9</ele></rtept><rtept lat="27.557718" lon="109.969418"><ele>41.9</ele></rtept><rtept lat="27.557588" lon="109.96946"><ele>41.9</ele></rtept><rtept lat="27.557459" lon="109.96950"><ele>41.9</ele></rtept><rtept lat="27.557331" lon="109.969551"><ele>41.9</ele></rtept><rtept lat="27.557206" lon="109.969608"><ele>42.0</ele></rtept><rtept lat="27.557083" lon="109.969670"><ele>42.0</ele></rtept><rtept lat="27.556962" lon="109.969737"><ele>42.0</ele></rtept><rtept lat="27.55684" lon="109.969810"><ele>42.0</ele></rtept><rtept lat="27.556728" lon="109.96989"><ele>42.0</ele></rtept><rtept lat="27.556616" lon="109.969972"><ele>42.0</ele></rtept><rtept lat="27.556506" lon="109.970061"><ele>42.0</ele></rtept><rtept lat="27.55640" lon="109.9702"><ele>42.0</ele></rtept><rtept lat="27.556297" lon="109.970254"><ele>42.0</ele></rtept><rtept lat="27.556198" lon="109.970357"><ele>42.0</ele></rtept><rtept lat="27.556103" lon="109.970465"><ele>42.0</ele></rtept><rtept lat="27.556012" lon="109.970577"><ele>42.0</ele></rtept><rtept lat="27.555925" lon="109.97069"><ele>42.0</ele></rtept><rtept lat="27.555842" lon="109.970813"><ele>42.0</ele></rtept><rtept lat="27.555764" lon="109.97094"><ele>41.9</ele></rtept><rtept lat="27.555690" lon="109.97106"><ele>41.9</ele></rtept><rtept lat="27.555621" lon="109.97120"><ele>41.9</ele></rtept><rtept lat="27.555556" lon="109.971329"><ele>41.9</ele></rtept><rtept lat="27.555497" lon="109.97147"><ele>41.9</ele></rtept><rtept lat="27.555443" lon="109.971605"><ele>41.8</ele></rtept><rtept lat="27.55539" lon="109.971746"><ele>41.8</ele></rtept><rtept lat="27.555349" lon="109.971890"><ele>41.8</ele></rtept><rtept lat="27.555310" lon="109.97204"><ele>41.7</ele></rtept><rtept lat="27.555277" lon="109.972183"><ele>41.7</ele></rtept><rtept lat="27.555248" lon="109.972332"><ele>41.7</ele></rtept><rtept lat="27.555226" lon="109.972482"><ele>41.6</ele></rtept><rtept lat="27.555208" lon="109.972633"><ele>41.6</ele></rtept><rtept lat="27.555196" lon="109.972784"><ele>41.6</ele></rtept><rtept lat="27.555190" lon="109.972936"><ele>41.5</ele></rtept><rtept lat="27.555189" lon="109.973089"><ele>41.5</ele></rtept><rtept lat="27.55519" lon="109.973241"><ele>41.4</ele></rtept><rtept lat="27.55520" lon="109.973392"><ele>41.4</ele></rtept><rtept lat="27.5552" lon="109.973543"><ele>41.3</ele></rtept><rtept lat="27.555241" lon="109.973694"><ele>41.3</ele></rtept><rtept lat="27.55527" lon="109.973843"><ele>41.2</ele></rtept><rtept lat="27.555299" lon="109.973991"><ele>41.2</ele></rtept><rtept lat="27.555337" lon="109.974137"><ele>41.1</ele></rtept><rtept lat="27.555379" lon="109.974281"><ele>41.1</ele></rtept><rtept lat="27.555427" lon="109.974424"><ele>41.0</ele></rtept><rtept lat="27.555480" lon="109.974564"><ele>41.0</ele></rtept><rtept lat="27.55554" lon="109.974701"><ele>40.9</ele></rtept><rtept lat="27.555600" lon="109.974836"><ele>40.9</ele></rtept><rtept lat="27.555668" lon="109.97497"><ele>40.8</ele></rtept><rtept lat="27.555740" lon="109.975096"><ele>40.7</ele></rtept><rtept lat="27.555817" lon="109.975221"><ele>40.7</ele></rtept><rtept lat="27.555899" lon="109.9753"><ele>40.6</ele></rtept><rtept lat="27.555985" lon="109.975459"><ele>40.6</ele></rtept><rtept lat="27.556075" lon="109.97557"><ele>40.5</ele></rtept><rtept lat="27.556169" lon="109.97568"><ele>40.4</ele></rtept><rtept lat="27.556266" lon="109.975787"><ele>40.4</ele></rtept><rtept lat="27.556368" lon="109.975887"><ele>40.3</ele></rtept><rtept lat="27.556473" lon="109.975982"><ele>40.2</ele></rtept><rtept lat="27.556582" lon="109.97607"><ele>40.2</ele></rtept><rtept lat="27.556693" lon="109.976158"><ele>40.1</ele></rtept><rtept lat="27.556808" lon="109.976238"><ele>40.1</ele></rtept><rtept lat="27.556925" lon="109.976313"><ele>40.0</ele></rtept><rtept lat="27.557045" lon="109.976382"><ele>39.9</ele></rtept><rtept lat="27.5572" lon="109.976446"><ele>39.9</ele></rtept><rtept lat="27.5573" lon="109.976504"><ele>39.8</ele></rtept><rtept lat="27.557419" lon="109.976556"><ele>39.7</ele></rtept><rtept lat="27.557548" lon="109.976602"><ele>39.7</ele></rtept><rtept lat="27.557678" lon="109.976643"><ele>39.6</ele></rtept><rtept lat="27.557809" lon="109.97668"><ele>39.5</ele></rtept><rtept lat="27.557942" lon="109.976705"><ele>39.5</ele></rtept><rtept lat="27.55808" lon="109.976727"><ele>39.4</ele></rtept><rtept lat="27.558210" lon="109.976743"><ele>39.4</ele></rtept><rtept lat="27.558344" lon="109.976753"><ele>39.3</ele></rtept><rtept lat="27.558479" lon="109.976756"><ele>39.2</ele></rtept><rtept lat="27.558614" lon="109.97675"><ele>39.2</ele></rtept><rtept lat="27.558749" lon="109.976745"><ele>39.1</ele></rtept><rtept lat="27.558883" lon="109.9767"><ele>39.1</ele></rtept><rtept lat="27.55902" lon="109.976708"><ele>39.0</ele></rtept><rtept lat="27.559149" lon="109.976681"><ele>38.9</ele></rtept><rtept lat="27.559281" lon="109.976647"><ele>38.9</ele></rtept><rtept lat="27.559411" lon="109.97661"><ele>38.8</ele></rtept><rtept lat="27.55954" lon="109.976562"><ele>38.8</ele></rtept><rtept lat="27.559666" lon="109.976510"><ele>38.7</ele></rtept><rtept lat="27.55979" lon="109.97645"><ele>38.7</ele></rtept><rtept lat="27.55991" lon="109.976390"><ele>38.6</ele></rtept><rtept lat="27.560034" lon="109.976321"><ele>38.6</ele></rtept><rtept lat="27.5602" lon="109.976247"><ele>38.5</ele></rtept><rtept lat="27.56027" lon="109.976168"><ele>38.5</ele></rtept><rtept lat="27.560379" lon="109.976083"><ele>38.5</ele></rtept><rtept lat="27.560488" lon="109.975993"><ele>38.4</ele></rtept><rtept lat="27.56059" lon="109.975898"><ele>38.4</ele></rtept><rtept lat="27.560696" lon="109.975799"><ele>38.3</ele></rtept><rtept lat="27.560794" lon="109.97569"><ele>38.3</ele></rtept><rtept lat="27.560889" lon="109.975586"><ele>38.3</ele></rtept><rtept lat="27.560979" lon="109.975473"><ele>38.2</ele></rtept><rtept lat="27.56107" lon="109.975356"><ele>38.2</ele></rtept><rtept lat="27.561147" lon="109.975235"><ele>38.2</ele></rtept><rtept lat="27.561225" lon="109.975111"><ele>38.2</ele></rtept><rtept lat="27.561298" lon="109.974983"><ele>38.1</ele></rtept><rtept lat="27.561366" lon="109.974852"><ele>38.1</ele></rtept><rtept lat="27.561429" lon="109.974717"><ele>38.1</ele></rtept><rtept lat="27.56149" lon="109.97458"><ele>38.1</ele></rtept><rtept lat="27.561541" lon="109.974440"><ele>38.1</ele></rtept><rtept lat="27.561590" lon="109.974298"><ele>38.0</ele></rtept><rtept lat="27.56163" lon="109.974154"><ele>38.0</ele></rtept><rtept lat="27.561671" lon="109.97401"><ele>38.0</ele></rtept><rtept lat="27.561703" lon="109.973861"><ele>38.0</ele></rtept><rtept lat="27.561730" lon="109.973712"><ele>38.0</ele></rtept><rtept lat="27.56175" lon="109.973561"><ele>38.0</ele></rtept><rtept lat="27.561768" lon="109.9734"><ele>38.0</ele></rtept><rtept lat="27.56178" lon="109.97326"><ele>38.0</ele></rtept><rtept lat="27.561785" lon="109.973107"><ele>38.0</ele></rtept><rtept lat="27.56178" lon="109.972954"><ele>38.0</ele></rtept><rtept lat="27.561779" lon="109.972802"><ele>38.0</ele></rtept><rtept lat="27.56177" lon="109.972651"><ele>38.0</ele></rtept><rtept lat="27.561751" lon="109.972500"><ele>38.0</ele></rtept><rtept lat="27.56173" lon="109.972350"><ele>38.0</ele></rtept><rtept lat="27.561701" lon="109.972201"><ele>38.1</ele></rtept><rtept lat="27.561668" lon="109.972053"><ele>38.1</ele></rtept><rtept lat="27.561630" lon="109.971907"><ele>38.1</ele></rtept><rtept lat="27.561586" lon="109.971763"><ele>38.1</ele></rtept><rtept lat="27.561538" lon="109.971622"><ele>38.1</ele></rtept><rtept lat="27.561484" lon="109.971482"><ele>38.2</ele></rtept><rtept lat="27.561425" lon="109.971345"><ele>38.2</ele></rtept><rtept lat="27.5614" lon="109.971211"><ele>38.2</ele></rtept><rtept lat="27.56129" lon="109.971080"><ele>38.2</ele></rtept><rtept lat="27.56122" lon="109.970952"><ele>38.3</ele></rtept><rtept lat="27.56114" lon="109.970828"><ele>38.3</ele></rtept><rtept lat="27.561059" lon="109.970707"><ele>38.3</ele></rtept><rtept lat="27.560973" lon="109.970591"><ele>38.4</ele></rtept><rtept lat="27.560882" lon="109.970478"><ele>38.4</ele></rtept><rtept lat="27.560787" lon="109.970370"><ele>38.5</ele></rtept><rtept lat="27.560689" lon="109.970266"><ele>38.5</ele></rtept><rtept lat="27.560586" lon="109.970167"><ele>38.5</ele></rtept><rtept lat="27.560481" lon="109.970072"><ele>38.6</ele></rtept><rtept lat="27.560372" lon="109.9700"><ele>38.6</ele></rtept><rtept lat="27.560259" lon="109.969898"><ele>38.7</ele></rtept><rtept lat="27.560144" lon="109.96982"><ele>38.7</ele></rtept><rtept lat="27.560026" lon="109.969746"><ele>38.8</ele></rtept><rtept lat="27.559906" lon="109.969677"><ele>38.8</ele></rtept><rtept lat="27.559783" lon="109.969615"><ele>38.9</ele></rtept><rtept lat="27.559658" lon="109.969558"><ele>38.9</ele></rtept><rtept lat="27.559530" lon="109.969507"><ele>39.0</ele></rtept><rtept lat="27.559402" lon="109.969462"><ele>39.1</ele></rtept><rtept lat="27.559271" lon="109.96942"><ele>39.1</ele></rtept><rtept lat="27.559140" lon="109.969389"><ele>39.2</ele></rtept><rtept lat="27.559007" lon="109.969362"><ele>39.2</ele></rtept><rtept lat="27.55887" lon="109.969341"><ele>39.3</ele></rtept><rtept lat="27.558739" lon="109.969326"><ele>39.4</ele></rtept><rtept lat="27.558604" lon="109.969318"><ele>39.4</ele></rtept><rtept lat="27.558469" lon="109.96932"><ele>39.5</ele></rtept><rtept lat="27.558335" lon="109.969320"><ele>39.5</ele></rtept><rtept lat="27.558200" lon="109.969330"><ele>39.6</ele></rtept><rtept lat="27.558066" lon="109.969346"><ele>39.7</ele></rtept><rtept lat="27.557933" lon="109.969369"><ele>39.7</ele></rtept><rtept lat="27.557800" lon="109.96940"><ele>39.8</ele></rtept><rtept lat="27.557669" lon="109.969432"><ele>39.9</ele></rtept><rtept lat="27.557539" lon="109.96947"><ele>39.9</ele></rtept><rtept lat="27.557410" lon="109.969519"><ele>40.0</ele></rtept><rtept lat="27.557284" lon="109.969572"><ele>40.0</ele></rtept><rtept lat="27.55716" lon="109.969630"><ele>40.1</ele></rtept><rtept lat="27.557037" lon="109.969694"><ele>40.2</ele></rtept><rtept lat="27.556917" lon="109.96976"><ele>40.2</ele></rtept><rtept lat="27.556800" lon="109.969839"><ele>40.3</ele></rtept><rtept lat="27.556685" lon="109.969920"><ele>40.4</ele></rtept><rtept lat="27.556574" lon="109.97001"><ele>40.4</ele></rtept><rtept lat="27.556466" lon="109.970096"><ele>40.5</ele></rtept><rtept lat="27.556361" lon="109.970192"><ele>40.6</ele></rtept><rtept lat="27.55626" lon="109.970292"><ele>40.6</ele></rtept><rtept lat="27.556162" lon="109.970397"><ele>40.7</ele></rtept><rtept lat="27.556068" lon="109.970507"><ele>40.7</ele></rtept><rtept lat="27.555978" lon="109.970621"><ele>40.8</ele></rtept><rtept lat="27.555893" lon="109.970738"><ele>40.9</ele></rtept><rtept lat="27.55581" lon="109.97086"><ele>40.9</ele></rtept><rtept lat="27.555735" lon="109.970985"><ele>41.0</ele></rtept><rtept lat="27.555663" lon="109.971114"><ele>41.0</ele></rtept><rtept lat="27.555596" lon="109.971246"><ele>41.1</ele></rtept><rtept lat="27.555533" lon="109.971380"><ele>41.1</ele></rtept><rtept lat="27.555476" lon="109.971518"><ele>41.2</ele></rtept><rtept lat="27.55542" lon="109.971658"><ele>41.2</ele></rtept><rtept lat="27.555376" lon="109.971801"><ele>41.3</ele></rtept><rtept lat="27.555334" lon="109.971945"><ele>41.3</ele></rtept><rtept lat="27.555297" lon="109.972091"><ele>41.4</ele></rtept><rtept lat="27.555265" lon="109.972239"><ele>41.4</ele></rtept><rtept lat="27.555239" lon="109.972389"><ele>41.5</ele></rtept><rtept lat="27.555218" lon="109.972539"><ele>41.5</ele></rtept><rtept lat="27.555203" lon="109.972690"><ele>41.6</ele></rtept><rtept lat="27.555193" lon="109.972842"><ele>41.6</ele></rtept><rtept lat="27.555189" lon="109.972994"><ele>41.6</ele></rtept><rtept lat="27.555190" lon="109.973146"><ele>41.7</ele></rtept><rtept lat="27.55520" lon="109.973298"><ele>41.7</ele></rtept><rtept lat="27.555209" lon="109.973450"><ele>41.7</ele></rtept><rtept lat="27.555227" lon="109.973600"><ele>41.8</ele></rtept><rtept lat="27.555250" lon="109.973750"><ele>41.8</ele></rtept><rtept lat="27.555279" lon="109.973899"><ele>41.8</ele></rtept><rtept lat="27.55531" lon="109.974046"><ele>41.9</ele></rtept><rtept lat="27.555352" lon="109.974192"><ele>41.9</ele></rtept><rtept lat="27.555397" lon="109.974335"><ele>41.9</ele></rtept><rtept lat="27.555446" lon="109.974477"><ele>41.9</ele></rtept><rtept lat="27.555501" lon="109.974616"><ele>41.9</ele></rtept><rtept lat="27.555561" lon="109.97475"><ele>42.0</ele></rtept><rtept lat="27.555625" lon="109.97489"><ele>42.0</ele></rtept><rtept lat="27.555695" lon="109.975016"><ele>42.0</ele></rtept><rtept lat="27.55577" lon="109.975143"><ele>42.0</ele></rtept><rtept lat="27.55585" lon="109.975267"><ele>42.0</ele></rtept><rtept lat="27.55593" lon="109.97539"><ele>42.0</ele></rtept><rtept lat="27.556018" lon="109.975503"><ele>42.0</ele></rtept><rtept lat="27.556110" lon="109.975615"><ele>42.0</ele></rtept><rtept lat="27.556205" lon="109.975722"><ele>42.0</ele></rtept><rtept lat="27.55630" lon="109.975825"><ele>42.0</ele></rtept><rtept lat="27.556407" lon="109.975923"><ele>42.0</ele></rtept><rtept lat="27.556514" lon="109.976017"><ele>42.0</ele></rtept><rtept lat="27.556623" lon="109.976105"><ele>42.0</ele></rtept><rtept lat="27.556736" lon="109.976189"><ele>42.0</ele></rtept><rtept lat="27.556852" lon="109.976267"><ele>41.9</ele></rtept><rtept lat="27.55697" lon="109.97634"><ele>41.9</ele></rtept><rtept lat="27.557092" lon="109.976407"><ele>41.9</ele></rtept><rtept lat="27.557215" lon="109.976468"><ele>41.9</ele></rtept><rtept lat="27.557340" lon="109.976524"><ele>41.9</ele></rtept><rtept lat="27.557468" lon="109.97657"><ele>41.9</ele></rtept><rtept lat="27.557597" lon="109.976618"><ele>41.8</ele></rtept><rtept lat="27.557727" lon="109.97666"><ele>41.8</ele></rtept><rtept lat="27.557859" lon="109.976688"><ele>41.8</ele></rtept><rtept lat="27.55799" lon="109.976714"><ele>41.7</ele></rtept><rtept lat="27.558126" lon="109.976734"><ele>41.7</ele></rtept><rtept lat="27.558260" lon="109.976747"><ele>41.7</ele></rtept><rtept lat="27.558395" lon="109.97675"><ele>41.6</ele></rtept><rtept lat="27.558530" lon="109.976756"><ele>41.6</ele></rtept><rtept lat="27.558665" lon="109.977"><ele>41.6</ele></rtept><rtept lat="27.558799" lon="109.976740"><ele>41.5</ele></rtept><rtept lat="27.558933" lon="109.976722"><ele>41.5</ele></rtept><rtept lat="27.559067" lon="109.976698"><ele>41.4</ele></rtept><rtept lat="27.559199" lon="109.97667"><ele>41.4</ele></rtept><rtept lat="27.559330" lon="109.976633"><ele>41.3</ele></rtept><rtept lat="27.559460" lon="109.976591"><ele>41.3</ele></rtept><rtept lat="27.559588" lon="109.9765"><ele>41.2</ele></rtept><rtept lat="27.55971" lon="109.976489"><ele>41.2</ele></rtept><rtept lat="27.559838" lon="109.976430"><ele>41.1</ele></rtept><rtept lat="27.559960" lon="109.976365"><ele>41.1</ele></rtept><rtept lat="27.56008" lon="109.976294"><ele>41.0</ele></rtept><rtept lat="27.560196" lon="109.976218"><ele>41.0</ele></rtept><rtept lat="27.56031" lon="109.976136"><ele>40.9</ele></rtept><rtept lat="27.560421" lon="109.97605"><ele>40.9</ele></rtept><rtept lat="27.560529" lon="109.975958"><ele>40.8</ele></rtept><rtept lat="27.560633" lon="109.975861"><ele>40.7</ele></rtept><rtept lat="27.56073" lon="109.975760"><ele>40.7</ele></rtept><rtept lat="27.560830" lon="109.975654"><ele>40.6</ele></rtept><rtept lat="27.560923" lon="109.975544"><ele>40.5</ele></rtept><rtept lat="27.56101" lon="109.975429"><ele>40.5</ele></rtept><rtept lat="27.561097" lon="109.975311"><ele>40.4</ele></rtept><rtept lat="27.561177" lon="109.975189"><ele>40.4</ele></rtept><rtept lat="27.561253" lon="109.975063"><ele>40.3</ele></rtept><rtept lat="27.561324" lon="109.974933"><ele>40.2</ele></rtept><rtept lat="27.561390" lon="109.974801"><ele>40.2</ele></rtept><rtept lat="27.561452" lon="109.97467"><ele>40.1</ele></rtept><rtept lat="27.56151" lon="109.974528"><ele>40.0</ele></rtept><rtept lat="27.561560" lon="109.974387"><ele>40.0</ele></rtept><rtept lat="27.561606" lon="109.974244"><ele>39.9</ele></rtept><rtept lat="27.561648" lon="109.974099"><ele>39.8</ele></rtept><rtept lat="27.561684" lon="109.973953"><ele>39.8</ele></rtept><rtept lat="27.561714" lon="109.973804"><ele>39.7</ele></rtept><rtept lat="27.56174" lon="109.973655"><ele>39.7</ele></rtept><rtept lat="27.561759" lon="109.973504"><ele>39.6</ele></rtept><rtept lat="27.561773" lon="109.973353"><ele>39.5</ele></rtept><rtept lat="27.561782" lon="109.97320"><ele>39.5</ele></rtept><rtept lat="27.56179" lon="109.97305"><ele>39.4</ele></rtept><rtept lat="27.561783" lon="109.972897"><ele>39.3</ele></rtept><rtept lat="27.561775" lon="109.97275"><ele>39.3</ele></rtept><rtept lat="27.561762" lon="109.972594"><ele>39.2</ele></rtept><rtept lat="27.561743" lon="109.972443"><ele>39.2</ele></rtept><rtept lat="27.56172" lon="109.972293"><ele>39.1</ele></rtept><rtept lat="27.56169" lon="109.97214"><ele>39.0</ele></rtept><rtept lat="27.561654" lon="109.971998"><ele>39.0</ele></rtept><rtept lat="27.561614" lon="109.971853"><ele>38.9</ele></rtept><rtept lat="27.561568" lon="109.971709"><ele>38.9</ele></rtept><rtept lat="27.56152" lon="109.971568"><ele>38.8</ele></rtept><rtept lat="27.561462" lon="109.97143"><ele>38.8</ele></rtept><rtept lat="27.561401" lon="109.971294"><ele>38.7</ele></rtept><rtept lat="27.561336" lon="109.971161"><ele>38.7</ele></rtept><rtept lat="27.561265" lon="109.971031"><ele>38.6</ele></rtept><rtept lat="27.561190" lon="109.970905"><ele>38.6</ele></rtept><rtept lat="27.561111" lon="109.970782"><ele>38.5</ele></rtept><rtept lat="27.56103" lon="109.970663"><ele>38.5</ele></rtept><rtept lat="27.56094" lon="109.970548"><ele>38.5</ele></rtept><rtept lat="27.56085" lon="109.970437"><ele>38.4</ele></rtept><rtept lat="27.560750" lon="109.970330"><ele>38.4</ele></rtept><rtept lat="27.560650" lon="109.97023"><ele>38.3</ele></rtept><rtept lat="27.560547" lon="109.970130"><ele>38.3</ele></rtept><rtept lat="27.560440" lon="109.970038"><ele>38.3</ele></rtept><rtept lat="27.5603" lon="109.969950"><ele>38.2</ele></rtept><rtept lat="27.560216" lon="109.969868"><ele>38.2</ele></rtept><rtept lat="27.560100" lon="109.969791"><ele>38.2</ele></rtept><rtept lat="27.559981" lon="109.969719"><ele>38.2</ele></rtept><rtept lat="27.559859" lon="109.969653"><ele>38.1</ele></rtept><rtept lat="27.559736" lon="109.969592"><ele>38.1</ele></rtept><rtept lat="27.559610" lon="109.969538"><ele>38.1</ele></rtept><rtept lat="27.559482" lon="109.969489"><ele>38.1</ele></rtept><rtept lat="27.559353" lon="109.969446"><ele>38.1</ele></rtept><rtept lat="27.559222" lon="109.969409"><ele>38.0</ele></rtept><rtept lat="27.559090" lon="109.969378"><ele>38.0</ele></rtept><rtept lat="27.558956" lon="109.969353"><ele>38.0</ele></rtept><rtept lat="27.558823" lon="109.969335"><ele>38.0</ele></rtept><rtept lat="27.558688" lon="109.96932"><ele>38.0</ele></rtept><rtept lat="27.558553" lon="109.969316"><ele>38.0</ele></rtept><rtept lat="27.558418" lon="109.969316"><ele>38.0</ele></rtept><rtept lat="27.558284" lon="109.969323"><ele>38.0</ele></rtept><rtept lat="27.558149" lon="109.969335"><ele>38.0</ele></rtept><rtept lat="27.55802" lon="109.969354"><ele>38.0</ele></rtept><rtept lat="27.557882" lon="109.96938"><ele>38.0</ele></rtept><rtept lat="27.557750" lon="109.969410"><ele>38.0</ele></rtept><rtept lat="27.557619" lon="109.969447"><ele>38.0</ele></rtept><rtept lat="27.55749" lon="109.969490"><ele>38.0</ele></rtept><rtept lat="27.557362" lon="109.96954"><ele>38.1</ele></rtept><rtept lat="27.55724" lon="109.969593"><ele>38.1</ele></rtept><rtept lat="27.557113" lon="109.969654"><ele>38.1</ele></rtept><rtept lat="27.556991" lon="109.969720"><ele>38.1</ele></rtept><rtept lat="27.556872" lon="109.969792"><ele>38.1</ele></rtept><rtept lat="27.556756" lon="109.969869"><ele>38.2</ele></rtept><rtept lat="27.55664" lon="109.969952"><ele>38.2</ele></rtept><rtept lat="27.556532" lon="109.970039"><ele>38.2</ele></rtept><rtept lat="27.556425" lon="109.970132"><ele>38.3</ele></rtept><rtept lat="27.556322" lon="109.970229"><ele>38.3</ele></rtept><rtept lat="27.556222" lon="109.970332"><ele>38.3</ele></rtept><rtept lat="27.556126" lon="109.970438"><ele>38.4</ele></rtept><rtept lat="27.556034" lon="109.970549"><ele>38.4</ele></rtept><rtept lat="27.555946" lon="109.97066"><ele>38.4</ele></rtept><rtept lat="27.555862" lon="109.970784"><ele>38.5</ele></rtept><rtept lat="27.555782" lon="109.970907"><ele>38.5</ele></rtept><rtept lat="27.555707" lon="109.971033"><ele>38.6</ele></rtept></rte></gpx>