<?xml version="1.0" encoding="UTF-8"?>
<TrainingCenterDatabase
  xsi:schemaLocation="http://www.garmin.com/xmlschemas/TrainingCenterDatabase/v2 http://www.garmin.com/xmlschemas/TrainingCenterDatabasev2.xsd"
  xmlns:ns5="http://www.garmin.com/xmlschemas/ActivityGoals/v1"
  xmlns:ns3="http://www.garmin.com/xmlschemas/ActivityExtension/v2"
  xmlns:ns2="http://www.garmin.com/xmlschemas/UserProfile/v2"
  xmlns="http://www.garmin.com/xmlschemas/TrainingCenterDatabase/v2"
  xmlns:xsi="http://www.w3.org/2001/XMLSchema-instance" xmlns:ns4="http://www.garmin.com/xmlschemas/ProfileExtension/v1">
  <Activities>
    <Activity Sport="Running">
      <Id>2020-01-03T00:00:00.000Z</Id>
      <Lap StartTime="2020-01-03T00:00:00.000Z">
        <TotalTimeSeconds>360.0</TotalTimeSeconds>
        <DistanceMeters>1080.0</DistanceMeters>
        <MaximumSpeed>3.0</MaximumSpeed>
        <Calories>54</Calories>
        <AverageHeartRateBpm>
          <Value>150</Value>
        </AverageHeartRateBpm>
        <MaximumHeartRateBpm>
          <Value>153</Value>
        </MaximumHeartRateBpm>
        <Intensity>Active</Intensity>
        <TriggerMethod>Manual</TriggerMethod>
        <Track>
          <Trackpoint>
            <Time>2020-01-03T00:00:00.000Z</Time>
            <Position>
              <LatitudeDegrees>25.532053335</LatitudeDegrees>
              <LongitudeDegrees>108.113524208</LongitudeDegrees>
            </Position>
            <AltitudeMeters>40.000000000</AltitudeMeters>
            <DistanceMeters>0.000000000</DistanceMeters>
            <HeartRateBpm>
              <Value>145</Value>
            </HeartRateBpm>
            <Extensions>
              <ns3:TPX>
                <ns3:Speed>3.000000000</ns3:Speed>
                <ns3:RunCadence>84</ns3:RunCadence>
              </ns3:TPX>
            </Extensions>
          </Trackpoint>
          <Trackpoint>
            <Time>2020-01-03T00:00:05.000Z</Time>
            <Position>
              <LatitudeDegrees>25.532188213</LatitudeDegrees>
              <LongitudeDegrees>108.113521932</LongitudeDegrees>
            </Position>
            <AltitudeMeters>40.064504941</AltitudeMeters>
            <DistanceMeters>15.000000000</DistanceMeters>
            <HeartRateBpm>
              <Value>145</Value>
            </HeartRateBpm>
            <Extensions>
              <ns3:TPX>
                <ns3:Speed>3.000000000</ns3:Speed>
                <ns3:RunCadence>84</ns3:RunCadence>
              </ns3:TPX>
            </Extensions>
          </Trackpoint>
          <Trackpoint>
            <Time>2020-01-03T00:00:10.000Z</Time>
            <Position>
              <LatitudeDegrees>25.532322965</LatitudeDegrees>
              <LongitudeDegrees>108.113515107</LongitudeDegrees>
            </Position>
            <AltitudeMeters>40.128942764</AltitudeMeters>
            <DistanceMeters>30.000000000</DistanceMeters>
            <HeartRateBpm>
              <Value>146</Value>
            </HeartRateBpm>
            <Extensions>
              <ns3:TPX>
                <ns3:Speed>3.000000000</ns3:Speed>
                <ns3:RunCadence>84</ns3:RunCadence>
              </ns3:TPX>
            </Extensions>
          </Trackpoint>
          <Trackpoint>
            <Time>2020-01-03T00:00:15.000Z</Time>
            <Position>
              <LatitudeDegrees>25.532457467</LatitudeDegrees>
              <LongitudeDegrees>108.113503738</LongitudeDegrees>
            </Position>
            <AltitudeMeters>40.2</AltitudeMeters>
            <DistanceMeters>45.000000000</DistanceMeters>
            <HeartRateBpm>
              <Value>146</Value>
            </HeartRateBpm>
            <Extensions>
              <ns3:TPX>
                <ns3:Speed>3.000000000</ns3:Speed>
                <ns3:RunCadence>85</ns3:RunCadence>
              </ns3:TPX>
            </Extensions>
          </Trackpoint>
          <Trackpoint>
            <Time>2020-01-03T00:00:20.000Z</Time>
            <Position>
              <LatitudeDegrees>25.532591595</LatitudeDegrees>
              <LongitudeDegrees>108.113487837</LongitudeDegrees>
            </Position>
            <AltitudeMeters>40.257349012</AltitudeMeters>
            <DistanceMeters>60.000000000</DistanceMeters>
            <HeartRateBpm>
              <Value>146</Value>
            </HeartRateBpm>
            <Extensions>
              <ns3:TPX>
                <ns3:Speed>3.000000000</ns3:Speed>
                <ns3:RunCadence>85</ns3:RunCadence>
              </ns3:TPX>
            </Extensions>
          </Trackpoint>
          <Trackpoint>
            <Time>2020-01-03T00:00:25.000Z</Time>
            <Position>
              <LatitudeDegrees>25.532725224</LatitudeDegrees>
              <LongitudeDegrees>108.113467418</LongitudeDegrees>
            </Position>
            <AltitudeMeters>40.3</AltitudeMeters>
            <DistanceMeters>75.000000000</DistanceMeters>
            <HeartRateBpm>
              <Value>147</Value>
            </HeartRateBpm>
            <Extensions>
              <ns3:TPX>
                <ns3:Speed>3.000000000</ns3:Speed>
                <ns3:RunCadence>85</ns3:RunCadence>
              </ns3:TPX>
            </Extensions>
          </Trackpoint>
          <Trackpoint>
            <Time>2020-01-03T00:00:30.000Z</Time>
            <Position>
              <LatitudeDegrees>25.532858229</LatitudeDegrees>
              <LongitudeDegrees>108.113442500</LongitudeDegrees>
            </Position>
            <AltitudeMeters>40.384684460</AltitudeMeters>
            <DistanceMeters>90.000000000</DistanceMeters>
            <HeartRateBpm>
              <Value>147</Value>
            </HeartRateBpm>
            <Extensions>
              <ns3:TPX>
                <ns3:Speed>3.000000000</ns3:Speed>
                <ns3:RunCadence>85</ns3:RunCadence>
              </ns3:TPX>
            </Extensions>
          </Trackpoint>
          <Trackpoint>
            <Time>2020-01-03T00:00:35.000Z</Time>
            <Position>
              <LatitudeDegrees>25.532990489</LatitudeDegrees>
              <LongitudeDegrees>108.113413106</LongitudeDegrees>
            </Position>
            <AltitudeMeters>40.447784828</AltitudeMeters>
            <DistanceMeters>105.000000000</DistanceMeters>
            <HeartRateBpm>
              <Value>147</Value>
            </HeartRateBpm>
            <Extensions>
              <ns3:TPX>
                <ns3:Speed>3.000000000</ns3:Speed>
                <ns3:RunCadence>85</ns3:RunCadence>
              </ns3:TPX>
            </Extensions>
          </Trackpoint>
          <Trackpoint>
            <Time>2020-01-03T00:00:40.000Z</Time>
            <Position>
              <LatitudeDegrees>25.533121880</LatitudeDegrees>
              <LongitudeDegrees>108.113379264</LongitudeDegrees>
            </Position>
            <AltitudeMeters>40.5</AltitudeMeters>
            <DistanceMeters>120.000000000</DistanceMeters>
            <HeartRateBpm>
              <Value>148</Value>
            </HeartRateBpm>
            <Extensions>
              <ns3:TPX>
                <ns3:Speed>3.000000000</ns3:Speed>
                <ns3:RunCadence>85</ns3:RunCadence>
              </ns3:TPX>
            </Extensions>
          </Trackpoint>
          <Trackpoint>
            <Time>2020-01-03T00:00:45.000Z</Time>
            <Position>
              <LatitudeDegrees>25.533252280</LatitudeDegrees>
              <LongitudeDegrees>108.113341004</LongitudeDegrees>
            </Position>
            <AltitudeMeters>40.572522642</AltitudeMeters>
            <DistanceMeters>135.000000000</DistanceMeters>
            <HeartRateBpm>
              <Value>148</Value>
            </HeartRateBpm>
            <Extensions>
              <ns3:TPX>
                <ns3:Speed>3.000000000</ns3:Speed>
                <ns3:RunCadence>86</ns3:RunCadence>
              </ns3:TPX>
            </Extensions>
          </Trackpoint>
          <Trackpoint>
            <Time>2020-01-03T00:00:50.000Z</Time>
            <Position>
              <LatitudeDegrees>25.533381569</LatitudeDegrees>
              <LongitudeDegrees>108.113298362</LongitudeDegrees>
            </Position>
            <AltitudeMeters>40.6</AltitudeMeters>
            <DistanceMeters>150.000000000</DistanceMeters>
            <HeartRateBpm>
              <Value>148</Value>
            </HeartRateBpm>
            <Extensions>
              <ns3:TPX>
                <ns3:Speed>3.000000000</ns3:Speed>
                <ns3:RunCadence>86</ns3:RunCadence>
              </ns3:TPX>
            </Extensions>
          </Trackpoint>
          <Trackpoint>
            <Time>2020-01-03T00:00:55.000Z</Time>
            <Position>
              <LatitudeDegrees>25.533509626</LatitudeDegrees>
              <LongitudeDegrees>108.113251378</LongitudeDegrees>
            </Position>
            <AltitudeMeters>40.7</AltitudeMeters>
            <DistanceMeters>165.000000000</DistanceMeters>
            <HeartRateBpm>
              <Value>149</Value>
            </HeartRateBpm>
            <Extensions>
              <ns3:TPX>
                <ns3:Speed>3.000000000</ns3:Speed>
                <ns3:RunCadence>86</ns3:RunCadence>
              </ns3:TPX>
            </Extensions>
          </Trackpoint>
          <Trackpoint>
            <Time>2020-01-03T00:01:00.000Z</Time>
            <Position>
              <LatitudeDegrees>25.533636334</LatitudeDegrees>
              <LongitudeDegrees>108.113200096</LongitudeDegrees>
            </Position>
            <AltitudeMeters>40.755003194</AltitudeMeters>
            <DistanceMeters>180.000000000</DistanceMeters>
            <HeartRateBpm>
              <Value>149</Value>
            </HeartRateBpm>
            <Extensions>
              <ns3:TPX>
                <ns3:Speed>3.000000000</ns3:Speed>
                <ns3:RunCadence>86</ns3:RunCadence>
              </ns3:TPX>
            </Extensions>
          </Trackpoint>
          <Trackpoint>
            <Time>2020-01-03T00:01:05.000Z</Time>
            <Position>
              <LatitudeDegrees>25.533761574</LatitudeDegrees>
              <LongitudeDegrees>108.113144562</LongitudeDegrees>
            </Position>
            <AltitudeMeters>40.814342557</AltitudeMeters>
            <DistanceMeters>195.000000000</DistanceMeters>
            <HeartRateBpm>
              <Value>149</Value>
            </HeartRateBpm>
            <Extensions>
              <ns3:TPX>
                <ns3:Speed>3.000000000</ns3:Speed>
                <ns3:RunCadence>86</ns3:RunCadence>
              </ns3:TPX>
            </Extensions>
          </Trackpoint>
          <Trackpoint>
            <Time>2020-01-03T00:01:10.000Z</Time>
            <Position>
              <LatitudeDegrees>25.533885230</LatitudeDegrees>
              <LongitudeDegrees>108.113084829</LongitudeDegrees>
            </Position>
            <AltitudeMeters>40.872834603</AltitudeMeters>
            <DistanceMeters>210.000000000</DistanceMeters>
            <HeartRateBpm>
              <Value>150</Value>
            </HeartRateBpm>
            <Extensions>
              <ns3:TPX>
                <ns3:Speed>3.000000000</ns3:Speed>
                <ns3:RunCadence>86</ns3:RunCadence>
              </ns3:TPX>
            </Extensions>
          </Trackpoint>
          <Trackpoint>
            <Time>2020-01-03T00:01:15.000Z</Time>
            <Position>
              <LatitudeDegrees>25.534007188</LatitudeDegrees>
              <LongitudeDegrees>108.113020951</LongitudeDegrees>
            </Position>
            <AltitudeMeters>40.930418472</AltitudeMeters>
            <DistanceMeters>225.000000000</DistanceMeters>
            <HeartRateBpm>
              <Value>150</Value>
            </HeartRateBpm>
            <Extensions>
              <ns3:TPX>
                <ns3:Speed>3.000000000</ns3:Speed>
                <ns3:RunCadence>86</ns3:RunCadence>
              </ns3:TPX>
            </Extensions>
          </Trackpoint>
          <Trackpoint>
            <Time>2020-01-03T00:01:20.000Z</Time>
            <Position>
              <LatitudeDegrees>25.534127335</LatitudeDegrees>
              <LongitudeDegrees>108.112952988</LongitudeDegrees>
            </Position>
            <AltitudeMeters>40.987034247</AltitudeMeters>
            <DistanceMeters>240.000000000</DistanceMeters>
            <HeartRateBpm>
              <Value>150</Value>
            </HeartRateBpm>
            <Extensions>
              <ns3:TPX>
                <ns3:Speed>3.000000000</ns3:Speed>
                <ns3:RunCadence>86</ns3:RunCadence>
              </ns3:TPX>
            </Extensions>
          </Trackpoint>
          <Trackpoint>
            <Time>2020-01-03T00:01:25.000Z</Time>
            <Position>
              <LatitudeDegrees>25.534245559</LatitudeDegrees>
              <LongitudeDegrees>108.112881003</LongitudeDegrees>
            </Position>
            <AltitudeMeters>41.0</AltitudeMeters>
            <DistanceMeters>255.000000000</DistanceMeters>
            <HeartRateBpm>
              <Value>150</Value>
            </HeartRateBpm>
            <Extensions>
              <ns3:TPX>
                <ns3:Speed>3.000000000</ns3:Speed>
                <ns3:RunCadence>87</ns3:RunCadence>
              </ns3:TPX>
            </Extensions>
          </Trackpoint>
          <Trackpoint>
            <Time>2020-01-03T00:01:30.000Z</Time>
            <Position>
              <LatitudeDegrees>25.534361751</LatitudeDegrees>
              <LongitudeDegrees>108.112805063</LongitudeDegrees>
            </Position>
            <AltitudeMeters>41.097126952</AltitudeMeters>
            <DistanceMeters>270.000000000</DistanceMeters>
            <HeartRateBpm>
              <Value>151</Value>
            </HeartRateBpm>
            <Extensions>
              <ns3:TPX>
                <ns3:Speed>3.000000000</ns3:Speed>
                <ns3:RunCadence>87</ns3:RunCadence>
              </ns3:TPX>
            </Extensions>
          </Trackpoint>
          <Trackpoint>
            <Time>2020-01-03T00:01:35.000Z</Time>
            <Position>
              <LatitudeDegrees>25.534475803</LatitudeDegrees>
              <LongitudeDegrees>108.112725238</LongitudeDegrees>
            </Position>
            <AltitudeMeters>41.150489332</AltitudeMeters>
            <DistanceMeters>285.000000000</DistanceMeters>
            <HeartRateBpm>
              <Value>151</Value>
            </HeartRateBpm>
            <Extensions>
              <ns3:TPX>
                <ns3:Speed>3.000000000</ns3:Speed>
                <ns3:RunCadence>87</ns3:RunCadence>
              </ns3:TPX>
            </Extensions>
          </Trackpoint>
          <Trackpoint>
            <Time>2020-01-03T00:01:40.000Z</Time>
            <Position>
              <LatitudeDegrees>25.534587609</LatitudeDegrees>
              <LongitudeDegrees>108.112641602</LongitudeDegrees>
            </Position>
            <AltitudeMeters>41.202654636</AltitudeMeters>
            <DistanceMeters>300.000000000</DistanceMeters>
            <HeartRateBpm>
              <Value>151</Value>
            </HeartRateBpm>
            <Extensions>
              <ns3:TPX>
                <ns3:Speed>3.000000000</ns3:Speed>
                <ns3:RunCadence>87</ns3:RunCadence>
              </ns3:TPX>
            </Extensions>
          </Trackpoint>
          <Trackpoint>
            <Time>2020-01-03T00:01:45.000Z</Time>
            <Position>
              <LatitudeDegrees>25.534697065</LatitudeDegrees>
              <LongitudeDegrees>108.112554232</LongitudeDegrees>
            </Position>
            <AltitudeMeters>41.253568586</AltitudeMeters>
            <DistanceMeters>315.000000000</DistanceMeters>
            <HeartRateBpm>
              <Value>151</Value>
            </HeartRateBpm>
            <Extensions>
              <ns3:TPX>
                <ns3:Speed>3.000000000</ns3:Speed>
                <ns3:RunCadence>87</ns3:RunCadence>
              </ns3:TPX>
            </Extensions>
          </Trackpoint>
          <Trackpoint>
            <Time>2020-01-03T00:01:50.000Z</Time>
            <Position>
              <LatitudeDegrees>25.534804071</LatitudeDegrees>
              <LongitudeDegrees>108.112463210</LongitudeDegrees>
            </Position>
            <AltitudeMeters>41.303178208</AltitudeMeters>
            <DistanceMeters>330.000000000</DistanceMeters>
            <HeartRateBpm>
              <Value>152</Value>
            </HeartRateBpm>
            <Extensions>
              <ns3:TPX>
                <ns3:Speed>3.000000000</ns3:Speed>
                <ns3:RunCadence>87</ns3:RunCadence>
              </ns3:TPX>
            </Extensions>
          </Trackpoint>
          <Trackpoint>
            <Time>2020-01-03T00:01:55.000Z</Time>
            <Position>
              <LatitudeDegrees>25.534908527</LatitudeDegrees>
              <LongitudeDegrees>108.112368620</LongitudeDegrees>
            </Position>
            <AltitudeMeters>41.351431883</AltitudeMeters>
            <DistanceMeters>345.000000000</DistanceMeters>
            <HeartRateBpm>
              <Value>152</Value>
            </HeartRateBpm>
            <Extensions>
              <ns3:TPX>
                <ns3:Speed>3.000000000</ns3:Speed>
                <ns3:RunCadence>87</ns3:RunCadence>
              </ns3:TPX>
            </Extensions>
          </Trackpoint>
          <Trackpoint>
            <Time>2020-01-03T00:02:00.000Z</Time>
            <Position>
              <LatitudeDegrees>25.535010336</LatitudeDegrees>
              <LongitudeDegrees>108.112270550</LongitudeDegrees>
            </Position>
            <AltitudeMeters>41.4</AltitudeMeters>
            <DistanceMeters>360.000000000</DistanceMeters>
            <HeartRateBpm>
              <Value>152</Value>
            </HeartRateBpm>
            <Extensions>
              <ns3:TPX>
                <ns3:Speed>3.000000000</ns3:Speed>
                <ns3:RunCadence>87</ns3:RunCadence>
              </ns3:TPX>
            </Extensions>
          </Trackpoint>
          <Trackpoint>
            <Time>2020-01-03T00:02:05.000Z</Time>
            <Position>
              <LatitudeDegrees>25.535109404</LatitudeDegrees>
              <LongitudeDegrees>108.112169090</LongitudeDegrees>
            </Position>
            <AltitudeMeters>41.4</AltitudeMeters>
            <DistanceMeters>375.000000000</DistanceMeters>
            <HeartRateBpm>
              <Value>152</Value>
            </HeartRateBpm>
            <Extensions>
              <ns3:TPX>
                <ns3:Speed>3.000000000</ns3:Speed>
                <ns3:RunCadence>87</ns3:RunCadence>
              </ns3:TPX>
            </Extensions>
          </Trackpoint>
          <Trackpoint>
            <Time>2020-01-03T00:02:10.000Z</Time>
            <Position>
              <LatitudeDegrees>25.535205638</LatitudeDegrees>
              <LongitudeDegrees>108.112064335</LongitudeDegrees>
            </Position>
            <AltitudeMeters>41.487562516</AltitudeMeters>
            <DistanceMeters>390.000000000</DistanceMeters>
            <HeartRateBpm>
              <Value>152</Value>
            </HeartRateBpm>
            <Extensions>
              <ns3:TPX>
                <ns3:Speed>3.000000000</ns3:Speed>
                <ns3:RunCadence>87</ns3:RunCadence>
              </ns3:TPX>
            </Extensions>
          </Trackpoint>
          <Trackpoint>
            <Time>2020-01-03T00:02:15.000Z</Time>
            <Position>
              <LatitudeDegrees>25.535298950</LatitudeDegrees>
              <LongitudeDegrees>108.111956381</LongitudeDegrees>
            </Position>
            <AltitudeMeters>41.529905209</AltitudeMeters>
            <DistanceMeters>405.000000000</DistanceMeters>
            <HeartRateBpm>
              <Value>152</Value>
            </HeartRateBpm>
            <Extensions>
              <ns3:TPX>
                <ns3:Speed>3.000000000</ns3:Speed>
                <ns3:RunCadence>87</ns3:RunCadence>
              </ns3:TPX>
            </Extensions>
          </Trackpoint>
          <Trackpoint>
            <Time>2020-01-03T00:02:20.000Z</Time>
            <Position>
              <LatitudeDegrees>25.535389254</LatitudeDegrees>
              <LongitudeDegrees>108.111845330</LongitudeDegrees>
            </Position>
            <AltitudeMeters>41.570656048</AltitudeMeters>
            <DistanceMeters>420.000000000</DistanceMeters>
            <HeartRateBpm>
              <Value>153</Value>
            </HeartRateBpm>
            <Extensions>
              <ns3:TPX>
                <ns3:Speed>3.000000000</ns3:Speed>
                <ns3:RunCadence>87</ns3:RunCadence>
              </ns3:TPX>
            </Extensions>
          </Trackpoint>
          <Trackpoint>
            <Time>2020-01-03T00:02:25.000Z</Time>
            <Position>
              <LatitudeDegrees>25.535476465</LatitudeDegrees>
              <LongitudeDegrees>108.111731283</LongitudeDegrees>
            </Position>
            <AltitudeMeters>41.609772631</AltitudeMeters>
            <DistanceMeters>435.000000000</DistanceMeters>
            <HeartRateBpm>
              <Value>153</Value>
            </HeartRateBpm>
            <Extensions>
              <ns3:TPX>
                <ns3:Speed>3.000000000</ns3:Speed>
                <ns3:RunCadence>87</ns3:RunCadence>
              </ns3:TPX>
            </Extensions>
          </Trackpoint>
          <Trackpoint>
            <Time>2020-01-03T00:02:30.000Z</Time>
            <Position>
              <LatitudeDegrees>25.535560502</LatitudeDegrees>
              <LongitudeDegrees>108.111614347</LongitudeDegrees>
            </Position>
            <AltitudeMeters>41.6</AltitudeMeters>
            <DistanceMeters>450.000000000</DistanceMeters>
            <HeartRateBpm>
              <Value>153</Value>
            </HeartRateBpm>
            <Extensions>
              <ns3:TPX>
                <ns3:Speed>3.000000000</ns3:Speed>
                <ns3:RunCadence>87</ns3:RunCadence>
              </ns3:TPX>
            </Extensions>
          </Trackpoint>
          <Trackpoint>
            <Time>2020-01-03T00:02:35.000Z</Time>
            <Position>
              <LatitudeDegrees>25.535641288</LatitudeDegrees>
              <LongitudeDegrees>108.111494629</LongitudeDegrees>
            </Position>
            <AltitudeMeters>41.682941970</AltitudeMeters>
            <DistanceMeters>465.000000000</DistanceMeters>
            <HeartRateBpm>
              <Value>153</Value>
            </HeartRateBpm>
            <Extensions>
              <ns3:TPX>
                <ns3:Speed>3.000000000</ns3:Speed>
                <ns3:RunCadence>87</ns3:RunCadence>
              </ns3:TPX>
            </Extensions>
          </Trackpoint>
          <Trackpoint>
            <Time>2020-01-03T00:02:40.000Z</Time>
            <Position>
              <LatitudeDegrees>25.535718748</LatitudeDegrees>
              <LongitudeDegrees>108.111372242</LongitudeDegrees>
            </Position>
            <AltitudeMeters>41.7</AltitudeMeters>
            <DistanceMeters>480.000000000</DistanceMeters>
            <HeartRateBpm>
              <Value>153</Value>
            </HeartRateBpm>
            <Extensions>
              <ns3:TPX>
                <ns3:Speed>3.000000000</ns3:Speed>
                <ns3:RunCadence>87</ns3:RunCadence>
              </ns3:TPX>
            </Extensions>
          </Trackpoint>
          <Trackpoint>
            <Time>2020-01-03T00:02:45.000Z</Time>
            <Position>
              <LatitudeDegrees>25.535792810</LatitudeDegrees>
              <LongitudeDegrees>108.111247297</LongitudeDegrees>
            </Position>
            <AltitudeMeters>41.7</AltitudeMeters>
            <DistanceMeters>495.000000000</DistanceMeters>
            <HeartRateBpm>
              <Value>153</Value>
            </HeartRateBpm>
            <Extensions>
              <ns3:TPX>
                <ns3:Speed>3.000000000</ns3:Speed>
                <ns3:RunCadence>87</ns3:RunCadence>
              </ns3:TPX>
            </Extensions>
          </Trackpoint>
          <Trackpoint>
            <Time>2020-01-03T00:02:50.000Z</Time>
            <Position>
              <LatitudeDegrees>25.535863406</LatitudeDegrees>
              <LongitudeDegrees>108.111119912</LongitudeDegrees>
            </Position>
            <AltitudeMeters>41.779479025</AltitudeMeters>
            <DistanceMeters>510.000000000</DistanceMeters>
            <HeartRateBpm>
              <Value>153</Value>
            </HeartRateBpm>
            <Extensions>
              <ns3:TPX>
                <ns3:Speed>3.000000000</ns3:Speed>
                <ns3:RunCadence>87</ns3:RunCadence>
              </ns3:TPX>
            </Extensions>
          </Trackpoint>
          <Trackpoint>
            <Time>2020-01-03T00:02:55.000Z</Time>
            <Position>
              <LatitudeDegrees>25.535930469</LatitudeDegrees>
              <LongitudeDegrees>108.110990205</LongitudeDegrees>
            </Position>
            <AltitudeMeters>41.8</AltitudeMeters>
            <DistanceMeters>525.000000000</DistanceMeters>
            <HeartRateBpm>
              <Value>153</Value>
            </HeartRateBpm>
            <Extensions>
              <ns3:TPX>
                <ns3:Speed>3.000000000</ns3:Speed>
                <ns3:RunCadence>87</ns3:RunCadence>
              </ns3:TPX>
            </Extensions>
          </Trackpoint>
          <Trackpoint>
            <Time>2020-01-03T00:03:00.000Z</Time>
            <Position>
              <LatitudeDegrees>25.535993938</LatitudeDegrees>
              <LongitudeDegrees>108.110858294</LongitudeDegrees>
            </Position>
            <AltitudeMeters>41.8</AltitudeMeters>
            <DistanceMeters>540.000000000</DistanceMeters>
            <HeartRateBpm>
              <Value>153</Value>
            </HeartRateBpm>
            <Extensions>
              <ns3:TPX>
                <ns3:Speed>3.000000000</ns3:Speed>
                <ns3:RunCadence>87</ns3:RunCadence>
              </ns3:TPX>
            </Extensions>
          </Trackpoint>
          <Trackpoint>
            <Time>2020-01-03T00:03:05.000Z</Time>
            <Position>
              <LatitudeDegrees>25.536053754</LatitudeDegrees>
              <LongitudeDegrees>108.110724304</LongitudeDegrees>
            </Position>
            <AltitudeMeters>41.859363826</AltitudeMeters>
            <DistanceMeters>555.000000000</DistanceMeters>
            <HeartRateBpm>
              <Value>153</Value>
            </HeartRateBpm>
            <Extensions>
              <ns3:TPX>
                <ns3:Speed>3.000000000</ns3:Speed>
                <ns3:RunCadence>86</ns3:RunCadence>
              </ns3:TPX>
            </Extensions>
          </Trackpoint>
          <Trackpoint>
            <Time>2020-01-03T00:03:10.000Z</Time>
            <Position>
              <LatitudeDegrees>25.536109861</LatitudeDegrees>
              <LongitudeDegrees>108.110588357</LongitudeDegrees>
            </Position>
            <AltitudeMeters>41.882157753</AltitudeMeters>
            <DistanceMeters>570.000000000</DistanceMeters>
            <HeartRateBpm>
              <Value>153</Value>
            </HeartRateBpm>
            <Extensions>
              <ns3:TPX>
                <ns3:Speed>3.000000000</ns3:Speed>
                <ns3:RunCadence>86</ns3:RunCadence>
              </ns3:TPX>
            </Extensions>
          </Trackpoint>
          <Trackpoint>
            <Time>2020-01-03T00:03:15.000Z</Time>
            <Position>
              <LatitudeDegrees>25.536162208</LatitudeDegrees>
              <LongitudeDegrees>108.110450581</LongitudeDegrees>
            </Position>
            <AltitudeMeters>41.902993310</AltitudeMeters>
            <DistanceMeters>585.000000000</DistanceMeters>
            <HeartRateBpm>
              <Value>153</Value>
            </HeartRateBpm>
            <Extensions>
              <ns3:TPX>
                <ns3:Speed>3.000000000</ns3:Speed>
                <ns3:RunCadence>86</ns3:RunCadence>
              </ns3:TPX>
            </Extensions>
          </Trackpoint>
          <Trackpoint>
            <Time>2020-01-03T00:03:20.000Z</Time>
            <Position>
              <LatitudeDegrees>25.536210746</LatitudeDegrees>
              <LongitudeDegrees>108.110311102</LongitudeDegrees>
            </Position>
            <AltitudeMeters>41.921848816</AltitudeMeters>
            <DistanceMeters>600.000000000</DistanceMeters>
            <HeartRateBpm>
              <Value>153</Value>
            </HeartRateBpm>
            <Extensions>
              <ns3:TPX>
                <ns3:Speed>3.000000000</ns3:Speed>
                <ns3:RunCadence>86</ns3:RunCadence>
              </ns3:TPX>
            </Extensions>
          </Trackpoint>
          <Trackpoint>
            <Time>2020-01-03T00:03:25.000Z</Time>
            <Position>
              <LatitudeDegrees>25.536255430</LatitudeDegrees>
              <LongitudeDegrees>108.110170050</LongitudeDegrees>
            </Position>
            <AltitudeMeters>41.9</AltitudeMeters>
            <DistanceMeters>615.000000000</DistanceMeters>
            <HeartRateBpm>
              <Value>153</Value>
            </HeartRateBpm>
            <Extensions>
              <ns3:TPX>
                <ns3:Speed>3.000000000</ns3:Speed>
                <ns3:RunCadence>86</ns3:RunCadence>
              </ns3:TPX>
            </Extensions>
          </Trackpoint>
          <Trackpoint>
            <Time>2020-01-03T00:03:30.000Z</Time>
            <Position>
              <LatitudeDegrees>25.536296218</LatitudeDegrees>
              <LongitudeDegrees>108.110027556</LongitudeDegrees>
            </Position>
            <AltitudeMeters>42.0</AltitudeMeters>
            <DistanceMeters>630.000000000</DistanceMeters>
            <HeartRateBpm>
              <Value>153</Value>
            </HeartRateBpm>
            <Extensions>
              <ns3:TPX>
                <ns3:Speed>3.000000000</ns3:Speed>
                <ns3:RunCadence>86</ns3:RunCadence>
              </ns3:TPX>
            </Extensions>
          </Trackpoint>
          <Trackpoint>
            <Time>2020-01-03T00:03:35.000Z</Time>
            <Position>
              <LatitudeDegrees>25.536333072</LatitudeDegrees>
              <LongitudeDegrees>108.109883752</LongitudeDegrees>
            </Position>
            <AltitudeMeters>42.0</AltitudeMeters>
            <DistanceMeters>645.000000000</DistanceMeters>
            <HeartRateBpm>
              <Value>153</Value>
            </HeartRateBpm>
            <Extensions>
              <ns3:TPX>
                <ns3:Speed>3.000000000</ns3:Speed>
                <ns3:RunCadence>86</ns3:RunCadence>
              </ns3:TPX>
            </Extensions>
          </Trackpoint>
          <Trackpoint>
            <Time>2020-01-03T00:03:40.000Z</Time>
            <Position>
              <LatitudeDegrees>25.536365960</LatitudeDegrees>
              <LongitudeDegrees>108.109738772</LongitudeDegrees>
            </Position>
            <AltitudeMeters>41.977109275</AltitudeMeters>
            <DistanceMeters>660.000000000</DistanceMeters>
            <HeartRateBpm>
              <Value>153</Value>
            </HeartRateBpm>
            <Extensions>
              <ns3:TPX>
                <ns3:Speed>3.000000000</ns3:Speed>
                <ns3:RunCadence>86</ns3:RunCadence>
              </ns3:TPX>
            </Extensions>
          </Trackpoint>
          <Trackpoint>
            <Time>2020-01-03T00:03:45.000Z</Time>
            <Position>
              <LatitudeDegrees>25.536394849</LatitudeDegrees>
              <LongitudeDegrees>108.109592749</LongitudeDegrees>
            </Position>
            <AltitudeMeters>42.0</AltitudeMeters>
            <DistanceMeters>675.000000000</DistanceMeters>
            <HeartRateBpm>
              <Value>152</Value>
            </HeartRateBpm>
            <Extensions>
              <ns3:TPX>
                <ns3:Speed>3.000000000</ns3:Speed>
                <ns3:RunCadence>85</ns3:RunCadence>
              </ns3:TPX>
            </Extensions>
          </Trackpoint>
          <Trackpoint>
            <Time>2020-01-03T00:03:50.000Z</Time>
            <Position>
              <LatitudeDegrees>25.536419714</LatitudeDegrees>
              <LongitudeDegrees>108.109445819</LongitudeDegrees>
            </Position>
            <AltitudeMeters>41.992448739</AltitudeMeters>
            <DistanceMeters>690.000000000</DistanceMeters>
            <HeartRateBpm>
              <Value>152</Value>
            </HeartRateBpm>
            <Extensions>
              <ns3:TPX>
                <ns3:Speed>3.000000000</ns3:Speed>
                <ns3:RunCadence>85</ns3:RunCadence>
              </ns3:TPX>
            </Extensions>
          </Trackpoint>
          <Trackpoint>
            <Time>2020-01-03T00:03:55.000Z</Time>
            <Position>
              <LatitudeDegrees>25.536440530</LatitudeDegrees>
              <LongitudeDegrees>108.109298118</LongitudeDegrees>
            </Position>
            <AltitudeMeters>41.997012231</AltitudeMeters>
            <DistanceMeters>705.000000000</DistanceMeters>
            <HeartRateBpm>
              <Value>152</Value>
            </HeartRateBpm>
            <Extensions>
              <ns3:TPX>
                <ns3:Speed>3.000000000</ns3:Speed>
                <ns3:RunCadence>85</ns3:RunCadence>
              </ns3:TPX>
            </Extensions>
          </Trackpoint>
          <Trackpoint>
            <Time>2020-01-03T00:04:00.000Z</Time>
            <Position>
              <LatitudeDegrees>25.536457280</LatitudeDegrees>
              <LongitudeDegrees>108.109149783</LongitudeDegrees>
            </Position>
            <AltitudeMeters>41.999497847</AltitudeMeters>
            <DistanceMeters>720.000000000</DistanceMeters>
            <HeartRateBpm>
              <Value>152</Value>
            </HeartRateBpm>
            <Extensions>
              <ns3:TPX>
                <ns3:Speed>3.000000000</ns3:Speed>
                <ns3:RunCadence>85</ns3:RunCadence>
              </ns3:TPX>
            </Extensions>
          </Trackpoint>
          <Trackpoint>
            <Time>2020-01-03T00:04:05.000Z</Time>
            <Position>
              <LatitudeDegrees>25.536469947</LatitudeDegrees>
              <LongitudeDegrees>108.109000952</LongitudeDegrees>
            </Position>
            <AltitudeMeters>41.999903001</AltitudeMeters>
            <DistanceMeters>735.000000000</DistanceMeters>
            <HeartRateBpm>
              <Value>152</Value>
            </HeartRateBpm>
            <Extensions>
              <ns3:TPX>
                <ns3:Speed>3.000000000</ns3:Speed>
                <ns3:RunCadence>85</ns3:RunCadence>
              </ns3:TPX>
            </Extensions>
          </Trackpoint>
          <Trackpoint>
            <Time>2020-01-03T00:04:10.000Z</Time>
            <Position>
              <LatitudeDegrees>25.536478519</LatitudeDegrees>
              <LongitudeDegrees>108.108851762</LongitudeDegrees>
            </Position>
            <AltitudeMeters>41.998227271</AltitudeMeters>
            <DistanceMeters>750.000000000</DistanceMeters>
            <HeartRateBpm>
              <Value>152</Value>
            </HeartRateBpm>
            <Extensions>
              <ns3:TPX>
                <ns3:Speed>3.000000000</ns3:Speed>
                <ns3:RunCadence>85</ns3:RunCadence>
              </ns3:TPX>
            </Extensions>
          </Trackpoint>
          <Trackpoint>
            <Time>2020-01-03T00:04:15.000Z</Time>
            <Position>
              <LatitudeDegrees>25.536482990</LatitudeDegrees>
              <LongitudeDegrees>108.108702353</LongitudeDegrees>
            </Position>
            <AltitudeMeters>42.0</AltitudeMeters>
            <DistanceMeters>765.000000000</DistanceMeters>
            <HeartRateBpm>
              <Value>151</Value>
            </HeartRateBpm>
            <Extensions>
              <ns3:TPX>
                <ns3:Speed>3.000000000</ns3:Speed>
                <ns3:RunCadence>84</ns3:RunCadence>
              </ns3:TPX>
            </Extensions>
          </Trackpoint>
          <Trackpoint>
            <Time>2020-01-03T00:04:20.000Z</Time>
            <Position>
              <LatitudeDegrees>25.536483353</LatitudeDegrees>
              <LongitudeDegrees>108.108552862</LongitudeDegrees>
            </Position>
            <AltitudeMeters>41.988642296</AltitudeMeters>
            <DistanceMeters>780.000000000</DistanceMeters>
            <HeartRateBpm>
              <Value>151</Value>
            </HeartRateBpm>
            <Extensions>
              <ns3:TPX>
                <ns3:Speed>3.000000000</ns3:Speed>
                <ns3:RunCadence>84</ns3:RunCadence>
              </ns3:TPX>
            </Extensions>
          </Trackpoint>
          <Trackpoint>
            <Time>2020-01-03T00:04:25.000Z</Time>
            <Position>
              <LatitudeDegrees>25.536479610</LatitudeDegrees>
              <LongitudeDegrees>108.108403428</LongitudeDegrees>
            </Position>
            <AltitudeMeters>41.980743024</AltitudeMeters>
            <DistanceMeters>795.000000000</DistanceMeters>
            <HeartRateBpm>
              <Value>151</Value>
            </HeartRateBpm>
            <Extensions>
              <ns3:TPX>
                <ns3:Speed>3.000000000</ns3:Speed>
                <ns3:RunCadence>84</ns3:RunCadence>
              </ns3:TPX>
            </Extensions>
          </Trackpoint>
          <Trackpoint>
            <Time>2020-01-03T00:04:30.000Z</Time>
            <Position>
              <LatitudeDegrees>25.536471764</LatitudeDegrees>
              <LongitudeDegrees>108.108254189</LongitudeDegrees>
            </Position>
            <AltitudeMeters>41.970782804</AltitudeMeters>
            <DistanceMeters>810.000000000</DistanceMeters>
            <HeartRateBpm>
              <Value>151</Value>
            </HeartRateBpm>
            <Extensions>
              <ns3:TPX>
                <ns3:Speed>3.000000000</ns3:Speed>
                <ns3:RunCadence>84</ns3:RunCadence>
              </ns3:TPX>
            </Extensions>
          </Trackpoint>
          <Trackpoint>
            <Time>2020-01-03T00:04:35.000Z</Time>
            <Position>
              <LatitudeDegrees>25.536459821</LatitudeDegrees>
              <LongitudeDegrees>108.108105284</LongitudeDegrees>
            </Position>
            <AltitudeMeters>42.0</AltitudeMeters>
            <DistanceMeters>825.000000000</DistanceMeters>
            <HeartRateBpm>
              <Value>150</Value>
            </HeartRateBpm>
            <Extensions>
              <ns3:TPX>
                <ns3:Speed>3.000000000</ns3:Speed>
                <ns3:RunCadence>84</ns3:RunCadence>
              </ns3:TPX>
            </Extensions>
          </Trackpoint>
          <Trackpoint>
            <Time>2020-01-03T00:04:40.000Z</Time>
            <Position>
              <LatitudeDegrees>25.536443794</LatitudeDegrees>
              <LongitudeDegrees>108.107956852</LongitudeDegrees>
            </Position>
            <AltitudeMeters>41.9</AltitudeMeters>
            <DistanceMeters>840.000000000</DistanceMeters>
            <HeartRateBpm>
              <Value>150</Value>
            </HeartRateBpm>
            <Extensions>
              <ns3:TPX>
                <ns3:Speed>3.000000000</ns3:Speed>
                <ns3:RunCadence>84</ns3:RunCadence>
              </ns3:TPX>
            </Extensions>
          </Trackpoint>
          <Trackpoint>
            <Time>2020-01-03T00:04:45.000Z</Time>
            <Position>
              <LatitudeDegrees>25.536423696</LatitudeDegrees>
              <LongitudeDegrees>108.107809029</LongitudeDegrees>
            </Position>
            <AltitudeMeters>41.9</AltitudeMeters>
            <DistanceMeters>855.000000000</DistanceMeters>
            <HeartRateBpm>
              <Value>150</Value>
            </HeartRateBpm>
            <Extensions>
              <ns3:TPX>
                <ns3:Speed>3.000000000</ns3:Speed>
                <ns3:RunCadence>83</ns3:RunCadence>
              </ns3:TPX>
            </Extensions>
          </Trackpoint>
          <Trackpoint>
            <Time>2020-01-03T00:04:50.000Z</Time>
            <Position>
              <LatitudeDegrees>25.536399547</LatitudeDegrees>
              <LongitudeDegrees>108.107661952</LongitudeDegrees>
            </Position>
            <AltitudeMeters>41.910571637</AltitudeMeters>
            <DistanceMeters>870.000000000</DistanceMeters>
            <HeartRateBpm>
              <Value>150</Value>
            </HeartRateBpm>
            <Extensions>
              <ns3:TPX>
                <ns3:Speed>3.000000000</ns3:Speed>
                <ns3:RunCadence>83</ns3:RunCadence>
              </ns3:TPX>
            </Extensions>
          </Trackpoint>
          <Trackpoint>
            <Time>2020-01-03T00:04:55.000Z</Time>
            <Position>
              <LatitudeDegrees>25.536371369</LatitudeDegrees>
              <LongitudeDegrees>108.107515758</LongitudeDegrees>
            </Position>
            <AltitudeMeters>41.890504593</AltitudeMeters>
            <DistanceMeters>885.000000000</DistanceMeters>
            <HeartRateBpm>
              <Value>149</Value>
            </HeartRateBpm>
            <Extensions>
              <ns3:TPX>
                <ns3:Speed>3.000000000</ns3:Speed>
                <ns3:RunCadence>83</ns3:RunCadence>
              </ns3:TPX>
            </Extensions>
          </Trackpoint>
          <Trackpoint>
            <Time>2020-01-03T00:05:00.000Z</Time>
            <Position>
              <LatitudeDegrees>25.536339188</LatitudeDegrees>
              <LongitudeDegrees>108.107370583</LongitudeDegrees>
            </Position>
            <AltitudeMeters>41.868470493</AltitudeMeters>
            <DistanceMeters>900.000000000</DistanceMeters>
            <HeartRateBpm>
              <Value>149</Value>
            </HeartRateBpm>
            <Extensions>
              <ns3:TPX>
                <ns3:Speed>3.000000000</ns3:Speed>
                <ns3:RunCadence>83</ns3:RunCadence>
              </ns3:TPX>
            </Extensions>
          </Trackpoint>
          <Trackpoint>
            <Time>2020-01-03T00:05:05.000Z</Time>
            <Position>
              <LatitudeDegrees>25.536303033</LatitudeDegrees>
              <LongitudeDegrees>108.107226561</LongitudeDegrees>
            </Position>
            <AltitudeMeters>41.844492263</AltitudeMeters>
            <DistanceMeters>915.000000000</DistanceMeters>
            <HeartRateBpm>
              <Value>149</Value>
            </HeartRateBpm>
            <Extensions>
              <ns3:TPX>
                <ns3:Speed>3.000000000</ns3:Speed>
                <ns3:RunCadence>83</ns3:RunCadence>
              </ns3:TPX>
            </Extensions>
          </Trackpoint>
          <Trackpoint>
            <Time>2020-01-03T00:05:10.000Z</Time>
            <Position>
              <LatitudeDegrees>25.536262939</LatitudeDegrees>
              <LongitudeDegrees>108.107083826</LongitudeDegrees>
            </Position>
            <AltitudeMeters>41.818594854</AltitudeMeters>
            <DistanceMeters>930.000000000</DistanceMeters>
            <HeartRateBpm>
              <Value>148</Value>
            </HeartRateBpm>
            <Extensions>
              <ns3:TPX>
                <ns3:Speed>3.000000000</ns3:Speed>
                <ns3:RunCadence>83</ns3:RunCadence>
              </ns3:TPX>
            </Extensions>
          </Trackpoint>
          <Trackpoint>
            <Time>2020-01-03T00:05:15.000Z</Time>
            <Position>
              <LatitudeDegrees>25.536218943</LatitudeDegrees>
              <LongitudeDegrees>108.106942509</LongitudeDegrees>
            </Position>
            <AltitudeMeters>41.790805210</AltitudeMeters>
            <DistanceMeters>945.000000000</DistanceMeters>
            <HeartRateBpm>
              <Value>148</Value>
            </HeartRateBpm>
            <Extensions>
              <ns3:TPX>
                <ns3:Speed>3.000000000</ns3:Speed>
                <ns3:RunCadence>82</ns3:RunCadence>
              </ns3:TPX>
            </Extensions>
          </Trackpoint>
          <Trackpoint>
            <Time>2020-01-03T00:05:20.000Z</Time>
            <Position>
              <LatitudeDegrees>25.536171085</LatitudeDegrees>
              <LongitudeDegrees>108.106802742</LongitudeDegrees>
            </Position>
            <AltitudeMeters>41.761152246</AltitudeMeters>
            <DistanceMeters>960.000000000</DistanceMeters>
            <HeartRateBpm>
              <Value>148</Value>
            </HeartRateBpm>
            <Extensions>
              <ns3:TPX>
                <ns3:Speed>3.000000000</ns3:Speed>
                <ns3:RunCadence>82</ns3:RunCadence>
              </ns3:TPX>
            </Extensions>
          </Trackpoint>
          <Trackpoint>
            <Time>2020-01-03T00:05:25.000Z</Time>
            <Position>
              <LatitudeDegrees>25.536119409</LatitudeDegrees>
              <LongitudeDegrees>108.106664655</LongitudeDegrees>
            </Position>
            <AltitudeMeters>41.729666817</AltitudeMeters>
            <DistanceMeters>975.000000000</DistanceMeters>
            <HeartRateBpm>
              <Value>147</Value>
            </HeartRateBpm>
            <Extensions>
              <ns3:TPX>
                <ns3:Speed>3.000000000</ns3:Speed>
                <ns3:RunCadence>82</ns3:RunCadence>
              </ns3:TPX>
            </Extensions>
          </Trackpoint>
          <Trackpoint>
            <Time>2020-01-03T00:05:30.000Z</Time>
            <Position>
              <LatitudeDegrees>25.536063964</LatitudeDegrees>
              <LongitudeDegrees>108.106528375</LongitudeDegrees>
            </Position>
            <AltitudeMeters>41.696381682</AltitudeMeters>
            <DistanceMeters>990.000000000</DistanceMeters>
            <HeartRateBpm>
              <Value>147</Value>
            </HeartRateBpm>
            <Extensions>
              <ns3:TPX>
                <ns3:Speed>3.000000000</ns3:Speed>
                <ns3:RunCadence>82</ns3:RunCadence>
              </ns3:TPX>
            </Extensions>
          </Trackpoint>
          <Trackpoint>
            <Time>2020-01-03T00:05:35.000Z</Time>
            <Position>
              <LatitudeDegrees>25.536004801</LatitudeDegrees>
              <LongitudeDegrees>108.106394029</LongitudeDegrees>
            </Position>
            <AltitudeMeters>41.661331475</AltitudeMeters>
            <DistanceMeters>1005.000000000</DistanceMeters>
            <HeartRateBpm>
              <Value>147</Value>
            </HeartRateBpm>
            <Extensions>
              <ns3:TPX>
                <ns3:Speed>3.000000000</ns3:Speed>
                <ns3:RunCadence>82</ns3:RunCadence>
              </ns3:TPX>
            </Extensions>
          </Trackpoint>
          <Trackpoint>
            <Time>2020-01-03T00:05:40.000Z</Time>
            <Position>
              <LatitudeDegrees>25.535941975</LatitudeDegrees>
              <LongitudeDegrees>108.106261741</LongitudeDegrees>
            </Position>
            <AltitudeMeters>41.624552666</AltitudeMeters>
            <DistanceMeters>1020.000000000</DistanceMeters>
            <HeartRateBpm>
              <Value>146</Value>
            </HeartRateBpm>
            <Extensions>
              <ns3:TPX>
                <ns3:Speed>3.000000000</ns3:Speed>
                <ns3:RunCadence>82</ns3:RunCadence>
              </ns3:TPX>
            </Extensions>
          </Trackpoint>
          <Trackpoint>
            <Time>2020-01-03T00:05:45.000Z</Time>
            <Position>
              <LatitudeDegrees>25.535875544</LatitudeDegrees>
              <LongitudeDegrees>108.106131634</LongitudeDegrees>
            </Position>
            <AltitudeMeters>41.586083521</AltitudeMeters>
            <DistanceMeters>1035.000000000</DistanceMeters>
            <HeartRateBpm>
              <Value>146</Value>
            </HeartRateBpm>
            <Extensions>
              <ns3:TPX>
                <ns3:Speed>3.000000000</ns3:Speed>
                <ns3:RunCadence>82</ns3:RunCadence>
              </ns3:TPX>
            </Extensions>
          </Trackpoint>
          <Trackpoint>
            <Time>2020-01-03T00:05:50.000Z</Time>
            <Position>
              <LatitudeDegrees>25.535805570</LatitudeDegrees>
              <LongitudeDegrees>108.106003829</LongitudeDegrees>
            </Position>
            <AltitudeMeters>41.545964068</AltitudeMeters>
            <DistanceMeters>1050.000000000</DistanceMeters>
            <HeartRateBpm>
              <Value>146</Value>
            </HeartRateBpm>
            <Extensions>
              <ns3:TPX>
                <ns3:Speed>3.000000000</ns3:Speed>
                <ns3:RunCadence>82</ns3:RunCadence>
              </ns3:TPX>
            </Extensions>
          </Trackpoint>
          <Trackpoint>
            <Time>2020-01-03T00:05:55.000Z</Time>
            <Position>
              <LatitudeDegrees>25.535732117</LatitudeDegrees>
              <LongitudeDegrees>108.105878444</LongitudeDegrees>
            </Position>
            <AltitudeMeters>41.504236051</AltitudeMeters>
            <DistanceMeters>1065.000000000</DistanceMeters>
            <HeartRateBpm>
              <Value>145</Value>
            </HeartRateBpm>
            <Extensions>
              <ns3:TPX>
                <ns3:Speed>3.000000000</ns3:Speed>
                <ns3:RunCadence>81</ns3:RunCadence>
              </ns3:TPX>
            </Extensions>
          </Trackpoint>
          <Trackpoint>
            <Time>2020-01-03T00:06:00.000Z</Time>
            <Position>
              <LatitudeDegrees>25.535655254</LatitudeDegrees>
              <LongitudeDegrees>108.105755595</LongitudeDegrees>
            </Position>
            <AltitudeMeters>41.460942888</AltitudeMeters>
            <DistanceMeters>1080.000000000</DistanceMeters>
            <HeartRateBpm>
              <Value>145</Value>
            </HeartRateBpm>
            <Extensions>
              <ns3:TPX>
                <ns3:Speed>3.000000000</ns3:Speed>
                <ns3:RunCadence>81</ns3:RunCadence>
              </ns3:TPX>
            </Extensions>
          </Trackpoint>
        </Track>
        <Extensions>
          <ns3:LX>
            <ns3:AvgSpeed>3.0</ns3:AvgSpeed>
            <ns3:AvgRunCadence>85</ns3:AvgRunCadence>
            <ns3:MaxRunCadence>87</ns3:MaxRunCadence>
          </ns3:LX>
        </Extensions>
      </Lap>
      <Lap StartTime="2020-01-03T00:06:00.000Z">
        <TotalTimeSeconds>320.0</TotalTimeSeconds>
        <DistanceMeters>960.0</DistanceMeters>
        <MaximumSpeed>3.0</MaximumSpeed>
        <Calories>48</Calories>
        <AverageHeartRateBpm>
          <Value>139</Value>
        </AverageHeartRateBpm>
        <MaximumHeartRateBpm>
          <Value>145</Value>
        </MaximumHeartRateBpm>
        <Intensity>Active</Intensity>
        <TriggerMethod>Manual</TriggerMethod>
        <Track>
          <Trackpoint>
            <Time>2020-01-03T00:06:00.000Z</Time>
            <Position>
              <LatitudeDegrees>25.535655254</LatitudeDegrees>
              <LongitudeDegrees>108.105755595</LongitudeDegrees>
            </Position>
            <AltitudeMeters>41.460942888</AltitudeMeters>
            <DistanceMeters>1080.000000000</DistanceMeters>
            <HeartRateBpm>
              <Value>145</Value>
            </HeartRateBpm>
            <Extensions>
              <ns3:TPX>
                <ns3:Speed>3.000000000</ns3:Speed>
                <ns3:RunCadence>81</ns3:RunCadence>
              </ns3:TPX>
            </Extensions>
          </Trackpoint>
          <Trackpoint>
            <Time>2020-01-03T00:06:05.000Z</Time>
            <Position>
              <LatitudeDegrees>25.535575051</LatitudeDegrees>
              <LongitudeDegrees>108.105635396</LongitudeDegrees>
            </Position>
            <AltitudeMeters>41.4</AltitudeMeters>
            <DistanceMeters>1095.000000000</DistanceMeters>
            <HeartRateBpm>
              <Value>145</Value>
            </HeartRateBpm>
            <Extensions>
              <ns3:TPX>
                <ns3:Speed>3.000000000</ns3:Speed>
                <ns3:RunCadence>81</ns3:RunCadence>
              </ns3:TPX>
            </Extensions>
          </Trackpoint>
          <Trackpoint>
            <Time>2020-01-03T00:06:10.000Z</Time>
            <Position>
              <LatitudeDegrees>25.535491584</LatitudeDegrees>
              <LongitudeDegrees>108.105517960</LongitudeDegrees>
            </Position>
            <AltitudeMeters>41.4</AltitudeMeters>
            <DistanceMeters>1110.000000000</DistanceMeters>
            <HeartRateBpm>
              <Value>144</Value>
            </HeartRateBpm>
            <Extensions>
              <ns3:TPX>
                <ns3:Speed>3.000000000</ns3:Speed>
                <ns3:RunCadence>81</ns3:RunCadence>
              </ns3:TPX>
            </Extensions>
          </Trackpoint>
          <Trackpoint>
            <Time>2020-01-03T00:06:15.000Z</Time>
            <Position>
              <LatitudeDegrees>25.535404929</LatitudeDegrees>
              <LongitudeDegrees>108.105403393</LongitudeDegrees>
            </Position>
            <AltitudeMeters>41.3</AltitudeMeters>
            <DistanceMeters>1125.000000000</DistanceMeters>
            <HeartRateBpm>
              <Value>144</Value>
            </HeartRateBpm>
            <Extensions>
              <ns3:TPX>
                <ns3:Speed>3.000000000</ns3:Speed>
                <ns3:RunCadence>81</ns3:RunCadence>
              </ns3:TPX>
            </Extensions>
          </Trackpoint>
          <Trackpoint>
            <Time>2020-01-03T00:06:20.000Z</Time>
            <Position>
              <LatitudeDegrees>25.535315168</LatitudeDegrees>
              <LongitudeDegrees>108.105291803</LongitudeDegrees>
            </Position>
            <AltitudeMeters>41.3</AltitudeMeters>
            <DistanceMeters>1140.000000000</DistanceMeters>
            <HeartRateBpm>
              <Value>144</Value>
            </HeartRateBpm>
            <Extensions>
              <ns3:TPX>
                <ns3:Speed>3.000000000</ns3:Speed>
                <ns3:RunCadence>81</ns3:RunCadence>
              </ns3:TPX>
            </Extensions>
          </Trackpoint>
          <Trackpoint>
            <Time>2020-01-03T00:06:25.000Z</Time>
            <Position>
              <LatitudeDegrees>25.535222382</LatitudeDegrees>
              <LongitudeDegrees>108.105183294</LongitudeDegrees>
            </Position>
            <AltitudeMeters>41.2</AltitudeMeters>
            <DistanceMeters>1155.000000000</DistanceMeters>
            <HeartRateBpm>
              <Value>143</Value>
            </HeartRateBpm>
            <Extensions>
              <ns3:TPX>
                <ns3:Speed>3.000000000</ns3:Speed>
                <ns3:RunCadence>81</ns3:RunCadence>
              </ns3:TPX>
            </Extensions>
          </Trackpoint>
          <Trackpoint>
            <Time>2020-01-03T00:06:30.000Z</Time>
            <Position>
              <LatitudeDegrees>25.535126659</LatitudeDegrees>
              <LongitudeDegrees>108.105077965</LongitudeDegrees>
            </Position>
            <AltitudeMeters>41.2</AltitudeMeters>
            <DistanceMeters>1170.000000000</DistanceMeters>
            <HeartRateBpm>
              <Value>143</Value>
            </HeartRateBpm>
            <Extensions>
              <ns3:TPX>
                <ns3:Speed>3.000000000</ns3:Speed>
                <ns3:RunCadence>81</ns3:RunCadence>
              </ns3:TPX>
            </Extensions>
          </Trackpoint>
          <Trackpoint>
            <Time>2020-01-03T00:06:35.000Z</Time>
            <Position>
              <LatitudeDegrees>25.535028086</LatitudeDegrees>
              <LongitudeDegrees>108.104975915</LongitudeDegrees>
            </Position>
            <AltitudeMeters>41.1</AltitudeMeters>
            <DistanceMeters>1185.000000000</DistanceMeters>
            <HeartRateBpm>
              <Value>143</Value>
            </HeartRateBpm>
            <Extensions>
              <ns3:TPX>
                <ns3:Speed>3.000000000</ns3:Speed>
                <ns3:RunCadence>81</ns3:RunCadence>
              </ns3:TPX>
            </Extensions>
          </Trackpoint>
          <Trackpoint>
            <Time>2020-01-03T00:06:40.000Z</Time>
            <Position>
              <LatitudeDegrees>25.534926756</LatitudeDegrees>
              <LongitudeDegrees>108.104877237</LongitudeDegrees>
            </Position>
            <AltitudeMeters>41.063977454</AltitudeMeters>
            <DistanceMeters>1200.000000000</DistanceMeters>
            <HeartRateBpm>
              <Value>142</Value>
            </HeartRateBpm>
            <Extensions>
              <ns3:TPX>
                <ns3:Speed>3.000000000</ns3:Speed>
                <ns3:RunCadence>81</ns3:RunCadence>
              </ns3:TPX>
            </Extensions>
          </Trackpoint>
          <Trackpoint>
            <Time>2020-01-03T00:06:45.000Z</Time>
            <Position>
              <LatitudeDegrees>25.534822762</LatitudeDegrees>
              <LongitudeDegrees>108.104782024</LongitudeDegrees>
            </Position>
            <AltitudeMeters>41.0</AltitudeMeters>
            <DistanceMeters>1215.000000000</DistanceMeters>
            <HeartRateBpm>
              <Value>142</Value>
            </HeartRateBpm>
            <Extensions>
              <ns3:TPX>
                <ns3:Speed>3.000000000</ns3:Speed>
                <ns3:RunCadence>81</ns3:RunCadence>
              </ns3:TPX>
            </Extensions>
          </Trackpoint>
          <Trackpoint>
            <Time>2020-01-03T00:06:50.000Z</Time>
            <Position>
              <LatitudeDegrees>25.534716201</LatitudeDegrees>
              <LongitudeDegrees>108.104690364</LongitudeDegrees>
            </Position>
            <AltitudeMeters>41.0</AltitudeMeters>
            <DistanceMeters>1230.000000000</DistanceMeters>
            <HeartRateBpm>
              <Value>142</Value>
            </HeartRateBpm>
            <Extensions>
              <ns3:TPX>
                <ns3:Speed>3.000000000</ns3:Speed>
                <ns3:RunCadence>81</ns3:RunCadence>
              </ns3:TPX>
            </Extensions>
          </Trackpoint>
          <Trackpoint>
            <Time>2020-01-03T00:06:55.000Z</Time>
            <Position>
              <LatitudeDegrees>25.534607171</LatitudeDegrees>
              <LongitudeDegrees>108.104602341</LongitudeDegrees>
            </Position>
            <AltitudeMeters>40.9</AltitudeMeters>
            <DistanceMeters>1245.000000000</DistanceMeters>
            <HeartRateBpm>
              <Value>141</Value>
            </HeartRateBpm>
            <Extensions>
              <ns3:TPX>
                <ns3:Speed>3.000000000</ns3:Speed>
                <ns3:RunCadence>81</ns3:RunCadence>
              </ns3:TPX>
            </Extensions>
          </Trackpoint>
          <Trackpoint>
            <Time>2020-01-03T00:07:00.000Z</Time>
            <Position>
              <LatitudeDegrees>25.534495774</LatitudeDegrees>
              <LongitudeDegrees>108.104518038</LongitudeDegrees>
            </Position>
            <AltitudeMeters>40.837221838</AltitudeMeters>
            <DistanceMeters>1260.0</DistanceMeters>
            <HeartRateBpm>
              <Value>141</Value>
            </HeartRateBpm>
            <Extensions>
              <ns3:TPX>
                <ns3:Speed>3.000000000</ns3:Speed>
                <ns3:RunCadence>81</ns3:RunCadence>
              </ns3:TPX>
            </Extensions>
          </Trackpoint>
          <Trackpoint>
            <Time>2020-01-03T00:07:05.000Z</Time>
            <Position>
              <LatitudeDegrees>25.534382112</LatitudeDegrees>
              <LongitudeDegrees>108.104437533</LongitudeDegrees>
            </Position>
            <AltitudeMeters>40.8</AltitudeMeters>
            <DistanceMeters>1275.000000000</DistanceMeters>
            <HeartRateBpm>
              <Value>141</Value>
            </HeartRateBpm>
            <Extensions>
              <ns3:TPX>
                <ns3:Speed>3.000000000</ns3:Speed>
                <ns3:RunCadence>81</ns3:RunCadence>
              </ns3:TPX>
            </Extensions>
          </Trackpoint>
          <Trackpoint>
            <Time>2020-01-03T00:07:10.000Z</Time>
            <Position>
              <LatitudeDegrees>25.534266291</LatitudeDegrees>
              <LongitudeDegrees>108.104360899</LongitudeDegrees>
            </Position>
            <AltitudeMeters>40.718378653</AltitudeMeters>
            <DistanceMeters>1290.000000000</DistanceMeters>
            <HeartRateBpm>
              <Value>140</Value>
            </HeartRateBpm>
            <Extensions>
              <ns3:TPX>
                <ns3:Speed>3.000000000</ns3:Speed>
                <ns3:RunCadence>81</ns3:RunCadence>
              </ns3:TPX>
            </Extensions>
          </Trackpoint>
          <Trackpoint>
            <Time>2020-01-03T00:07:15.000Z</Time>
            <Position>
              <LatitudeDegrees>25.534148419</LatitudeDegrees>
              <LongitudeDegrees>108.104288208</LongitudeDegrees>
            </Position>
            <AltitudeMeters>40.7</AltitudeMeters>
            <DistanceMeters>1305.000000000</DistanceMeters>
            <HeartRateBpm>
              <Value>140</Value>
            </HeartRateBpm>
            <Extensions>
              <ns3:TPX>
                <ns3:Speed>3.000000000</ns3:Speed>
                <ns3:RunCadence>81</ns3:RunCadence>
              </ns3:TPX>
            </Extensions>
          </Trackpoint>
          <Trackpoint>
            <Time>2020-01-03T00:07:20.000Z</Time>
            <Position>
              <LatitudeDegrees>25.534028605</LatitudeDegrees>
              <LongitudeDegrees>108.104219529</LongitudeDegrees>
            </Position>
            <AltitudeMeters>40.596546374</AltitudeMeters>
            <DistanceMeters>1320.000000000</DistanceMeters>
            <HeartRateBpm>
              <Value>140</Value>
            </HeartRateBpm>
            <Extensions>
              <ns3:TPX>
                <ns3:Speed>3.000000000</ns3:Speed>
                <ns3:RunCadence>81</ns3:RunCadence>
              </ns3:TPX>
            </Extensions>
          </Trackpoint>
          <Trackpoint>
            <Time>2020-01-03T00:07:25.000Z</Time>
            <Position>
              <LatitudeDegrees>25.533906960</LatitudeDegrees>
              <LongitudeDegrees>108.104154923</LongitudeDegrees>
            </Position>
            <AltitudeMeters>40.534667312</AltitudeMeters>
            <DistanceMeters>1335.000000000</DistanceMeters>
            <HeartRateBpm>
              <Value>140</Value>
            </HeartRateBpm>
            <Extensions>
              <ns3:TPX>
                <ns3:Speed>3.000000000</ns3:Speed>
                <ns3:RunCadence>81</ns3:RunCadence>
              </ns3:TPX>
            </Extensions>
          </Trackpoint>
          <Trackpoint>
            <Time>2020-01-03T00:07:30.000Z</Time>
            <Position>
              <LatitudeDegrees>25.533783596</LatitudeDegrees>
              <LongitudeDegrees>108.104094451</LongitudeDegrees>
            </Position>
            <AltitudeMeters>40.472231933</AltitudeMeters>
            <DistanceMeters>1350.00</DistanceMeters>
            <HeartRateBpm>
              <Value>139</Value>
            </HeartRateBpm>
            <Extensions>
              <ns3:TPX>
                <ns3:Speed>3.000000000</ns3:Speed>
                <ns3:RunCadence>81</ns3:RunCadence>
              </ns3:TPX>
            </Extensions>
          </Trackpoint>
          <Trackpoint>
            <Time>2020-01-03T00:07:35.000Z</Time>
            <Position>
              <LatitudeDegrees>25.533658628</LatitudeDegrees>
              <LongitudeDegrees>108.104038170</LongitudeDegrees>
            </Position>
            <AltitudeMeters>40.409305201</AltitudeMeters>
            <DistanceMeters>1365.000000000</DistanceMeters>
            <HeartRateBpm>
              <Value>139</Value>
            </HeartRateBpm>
            <Extensions>
              <ns3:TPX>
                <ns3:Speed>3.000000000</ns3:Speed>
                <ns3:RunCadence>82</ns3:RunCadence>
              </ns3:TPX>
            </Extensions>
          </Trackpoint>
          <Trackpoint>
            <Time>2020-01-03T00:07:40.000Z</Time>
            <Position>
              <LatitudeDegrees>25.533532172</LatitudeDegrees>
              <LongitudeDegrees>108.103986131</LongitudeDegrees>
            </Position>
            <AltitudeMeters>40.345952589</AltitudeMeters>
            <DistanceMeters>1380.000000000</DistanceMeters>
            <HeartRateBpm>
              <Value>139</Value>
            </HeartRateBpm>
            <Extensions>
              <ns3:TPX>
                <ns3:Speed>3.000000000</ns3:Speed>
                <ns3:RunCadence>82</ns3:RunCadence>
              </ns3:TPX>
            </Extensions>
          </Trackpoint>
          <Trackpoint>
            <Time>2020-01-03T00:07:45.000Z</Time>
            <Position>
              <LatitudeDegrees>25.533404345</LatitudeDegrees>
              <LongitudeDegrees>108.103938382</LongitudeDegrees>
            </Position>
            <AltitudeMeters>40.282240016</AltitudeMeters>
            <DistanceMeters>1395.000000000</DistanceMeters>
            <HeartRateBpm>
              <Value>139</Value>
            </HeartRateBpm>
            <Extensions>
              <ns3:TPX>
                <ns3:Speed>3.000000000</ns3:Speed>
                <ns3:RunCadence>82</ns3:RunCadence>
              </ns3:TPX>
            </Extensions>
          </Trackpoint>
          <Trackpoint>
            <Time>2020-01-03T00:07:50.000Z</Time>
            <Position>
              <LatitudeDegrees>25.533275266</LatitudeDegrees>
              <LongitudeDegrees>108.103894968</LongitudeDegrees>
            </Position>
            <AltitudeMeters>40.2</AltitudeMeters>
            <DistanceMeters>1410.000000000</DistanceMeters>
            <HeartRateBpm>
              <Value>139</Value>
            </HeartRateBpm>
            <Extensions>
              <ns3:TPX>
                <ns3:Speed>3.000000000</ns3:Speed>
                <ns3:RunCadence>82</ns3:RunCadence>
              </ns3:TPX>
            </Extensions>
          </Trackpoint>
          <Trackpoint>
            <Time>2020-01-03T00:07:55.000Z</Time>
            <Position>
              <LatitudeDegrees>25.533145053</LatitudeDegrees>
              <LongitudeDegrees>108.103855929</LongitudeDegrees>
            </Position>
            <AltitudeMeters>40.154000463</AltitudeMeters>
            <DistanceMeters>1425.000000000</DistanceMeters>
            <HeartRateBpm>
              <Value>138</Value>
            </HeartRateBpm>
            <Extensions>
              <ns3:TPX>
                <ns3:Speed>3.000000000</ns3:Speed>
                <ns3:RunCadence>82</ns3:RunCadence>
              </ns3:TPX>
            </Extensions>
          </Trackpoint>
          <Trackpoint>
            <Time>2020-01-03T00:08:00.000Z</Time>
            <Position>
              <LatitudeDegrees>25.533013829</LatitudeDegrees>
              <LongitudeDegrees>108.103821302</LongitudeDegrees>
            </Position>
            <AltitudeMeters>40.089606914</AltitudeMeters>
            <DistanceMeters>1440.000000000</DistanceMeters>
            <HeartRateBpm>
              <Value>138</Value>
            </HeartRateBpm>
            <Extensions>
              <ns3:TPX>
                <ns3:Speed>3.000000000</ns3:Speed>
                <ns3:RunCadence>82</ns3:RunCadence>
              </ns3:TPX>
            </Extensions>
          </Trackpoint>
          <Trackpoint>
            <Time>2020-01-03T00:08:05.000Z</Time>
            <Position>
              <LatitudeDegrees>25.532881715</LatitudeDegrees>
              <LongitudeDegrees>108.103791118</LongitudeDegrees>
            </Position>
            <AltitudeMeters>40.025120131</AltitudeMeters>
            <DistanceMeters>1455.000000000</DistanceMeters>
            <HeartRateBpm>
              <Value>138</Value>
            </HeartRateBpm>
            <Extensions>
              <ns3:TPX>
                <ns3:Speed>3.000000000</ns3:Speed>
                <ns3:RunCadence>82</ns3:RunCadence>
              </ns3:TPX>
            </Extensions>
          </Trackpoint>
          <Trackpoint>
            <Time>2020-01-03T00:08:10.000Z</Time>
            <Position>
              <LatitudeDegrees>25.532748832</LatitudeDegrees>
              <LongitudeDegrees>108.103765405</LongitudeDegrees>
            </Position>
            <AltitudeMeters>40.0</AltitudeMeters>
            <DistanceMeters>1470.000000000</DistanceMeters>
            <HeartRateBpm>
              <Value>138</Value>
            </HeartRateBpm>
            <Extensions>
              <ns3:TPX>
                <ns3:Speed>3.000000000</ns3:Speed>
                <ns3:RunCadence>83</ns3:RunCadence>
              </ns3:TPX>
            </Extensions>
          </Trackpoint>
          <Trackpoint>
            <Time>2020-01-03T00:08:15.000Z</Time>
            <Position>
              <LatitudeDegrees>25.532615305</LatitudeDegrees>
              <LongitudeDegrees>108.103744188</LongitudeDegrees>
            </Position>
            <AltitudeMeters>39.9</AltitudeMeters>
            <DistanceMeters>1485.000000000</DistanceMeters>
            <HeartRateBpm>
              <Value>138</Value>
            </HeartRateBpm>
            <Extensions>
              <ns3:TPX>
                <ns3:Speed>3.000000000</ns3:Speed>
                <ns3:RunCadence>83</ns3:RunCadence>
              </ns3:TPX>
            </Extensions>
          </Trackpoint>
          <Trackpoint>
            <Time>2020-01-03T00:08:20.000Z</Time>
            <Position>
              <LatitudeDegrees>25.532481256</LatitudeDegrees>
              <LongitudeDegrees>108.103727485</LongitudeDegrees>
            </Position>
            <AltitudeMeters>39.831771414</AltitudeMeters>
            <DistanceMeters>1500.000000000</DistanceMeters>
            <HeartRateBpm>
              <Value>138</Value>
            </HeartRateBpm>
            <Extensions>
              <ns3:TPX>
                <ns3:Speed>3.000000000</ns3:Speed>
                <ns3:RunCadence>83</ns3:RunCadence>
              </ns3:TPX>
            </Extensions>
          </Trackpoint>
          <Trackpoint>
            <Time>2020-01-03T00:08:25.000Z</Time>
            <Position>
              <LatitudeDegrees>25.532346811</LatitudeDegrees>
              <LongitudeDegrees>108.103715313</LongitudeDegrees>
            </Position>
            <AltitudeMeters>39.767582592</AltitudeMeters>
            <DistanceMeters>1515.000000000</DistanceMeters>
            <HeartRateBpm>
              <Value>137</Value>
            </HeartRateBpm>
            <Extensions>
              <ns3:TPX>
                <ns3:Speed>3.000000000</ns3:Speed>
                <ns3:RunCadence>83</ns3:RunCadence>
              </ns3:TPX>
            </Extensions>
          </Trackpoint>
          <Trackpoint>
            <Time>2020-01-03T00:08:30.000Z</Time>
            <Position>
              <LatitudeDegrees>25.532212094</LatitudeDegrees>
              <LongitudeDegrees>108.103707682</LongitudeDegrees>
            </Position>
            <AltitudeMeters>39.703635598</AltitudeMeters>
            <DistanceMeters>1530.000000000</DistanceMeters>
            <HeartRateBpm>
              <Value>137</Value>
            </HeartRateBpm>
            <Extensions>
              <ns3:TPX>
                <ns3:Speed>3.000000000</ns3:Speed>
                <ns3:RunCadence>83</ns3:RunCadence>
              </ns3:TPX>
            </Extensions>
          </Trackpoint>
          <Trackpoint>
            <Time>2020-01-03T00:08:35.000Z</Time>
            <Position>
              <LatitudeDegrees>25.532077230</LatitudeDegrees>
              <LongitudeDegrees>108.103704600</LongitudeDegrees>
            </Position>
            <AltitudeMeters>39.639996970</AltitudeMeters>
            <DistanceMeters>1545.000000000</DistanceMeters>
            <HeartRateBpm>
              <Value>137</Value>
            </HeartRateBpm>
            <Extensions>
              <ns3:TPX>
                <ns3:Speed>3.000000000</ns3:Speed>
                <ns3:RunCadence>83</ns3:RunCadence>
              </ns3:TPX>
            </Extensions>
          </Trackpoint>
          <Trackpoint>
            <Time>2020-01-03T00:08:40.000Z</Time>
            <Position>
              <LatitudeDegrees>25.531942343</LatitudeDegrees>
              <LongitudeDegrees>108.103706070</LongitudeDegrees>
            </Position>
            <AltitudeMeters>39.576732922</AltitudeMeters>
            <DistanceMeters>1560.000000000</DistanceMeters>
            <HeartRateBpm>
              <Value>137</Value>
            </HeartRateBpm>
            <Extensions>
              <ns3:TPX>
                <ns3:Speed>3.000000000</ns3:Speed>
                <ns3:RunCadence>84</ns3:RunCadence>
              </ns3:TPX>
            </Extensions>
          </Trackpoint>
          <Trackpoint>
            <Time>2020-01-03T00:08:45.000Z</Time>
            <Position>
              <LatitudeDegrees>25.531807560</LatitudeDegrees>
              <LongitudeDegrees>108.103712090</LongitudeDegrees>
            </Position>
            <AltitudeMeters>39.513909280</AltitudeMeters>
            <DistanceMeters>1575.000000000</DistanceMeters>
            <HeartRateBpm>
              <Value>137</Value>
            </HeartRateBpm>
            <Extensions>
              <ns3:TPX>
                <ns3:Speed>3.000000000</ns3:Speed>
                <ns3:RunCadence>84</ns3:RunCadence>
              </ns3:TPX>
            </Extensions>
          </Trackpoint>
          <Trackpoint>
            <Time>2020-01-03T00:08:50.000Z</Time>
            <Position>
              <LatitudeDegrees>25.531673004</LatitudeDegrees>
              <LongitudeDegrees>108.103722654</LongitudeDegrees>
            </Position>
            <AltitudeMeters>39.5</AltitudeMeters>
            <DistanceMeters>1590.000000000</DistanceMeters>
            <HeartRateBpm>
              <Value>137</Value>
            </HeartRateBpm>
            <Extensions>
              <ns3:TPX>
                <ns3:Speed>3.000000000</ns3:Speed>
                <ns3:RunCadence>84</ns3:RunCadence>
              </ns3:TPX>
            </Extensions>
          </Trackpoint>
          <Trackpoint>
            <Time>2020-01-03T00:08:55.000Z</Time>
            <Position>
              <LatitudeDegrees>25.531538801</LatitudeDegrees>
              <LongitudeDegrees>108.103737753</LongitudeDegrees>
            </Position>
            <AltitudeMeters>39.389844158</AltitudeMeters>
            <DistanceMeters>1605.000000000</DistanceMeters>
            <HeartRateBpm>
              <Value>137</Value>
            </HeartRateBpm>
            <Extensions>
              <ns3:TPX>
                <ns3:Speed>3.000000000</ns3:Speed>
                <ns3:RunCadence>84</ns3:RunCadence>
              </ns3:TPX>
            </Extensions>
          </Trackpoint>
          <Trackpoint>
            <Time>2020-01-03T00:09:00.000Z</Time>
            <Position>
              <LatitudeDegrees>25.531405075</LatitudeDegrees>
              <LongitudeDegrees>108.103757374</LongitudeDegrees>
            </Position>
            <AltitudeMeters>39.3</AltitudeMeters>
            <DistanceMeters>1620.000000000</DistanceMeters>
            <HeartRateBpm>
              <Value>137</Value>
            </HeartRateBpm>
            <Extensions>
              <ns3:TPX>
                <ns3:Speed>3.000000000</ns3:Speed>
                <ns3:RunCadence>84</ns3:RunCadence>
              </ns3:TPX>
            </Extensions>
          </Trackpoint>
          <Trackpoint>
            <Time>2020-01-03T00:09:05.000Z</Time>
            <Position>
              <LatitudeDegrees>25.531271950</LatitudeDegrees>
              <LongitudeDegrees>108.103781496</LongitudeDegrees>
            </Position>
            <AltitudeMeters>39.3</AltitudeMeters>
            <DistanceMeters>1635.0</DistanceMeters>
            <HeartRateBpm>
              <Value>137</Value>
            </HeartRateBpm>
            <Extensions>
              <ns3:TPX>
                <ns3:Speed>3.000000000</ns3:Speed>
                <ns3:RunCadence>84</ns3:RunCadence>
              </ns3:TPX>
            </Extensions>
          </Trackpoint>
          <Trackpoint>
            <Time>2020-01-03T00:09:10.000Z</Time>
            <Position>
              <LatitudeDegrees>25.531139549</LatitudeDegrees>
              <LongitudeDegrees>108.103810099</LongitudeDegrees>
            </Position>
            <AltitudeMeters>39.2</AltitudeMeters>
            <DistanceMeters>1650.000000000</DistanceMeters>
            <HeartRateBpm>
              <Value>137</Value>
            </HeartRateBpm>
            <Extensions>
              <ns3:TPX>
                <ns3:Speed>3.000000000</ns3:Speed>
                <ns3:RunCadence>85</ns3:RunCadence>
              </ns3:TPX>
            </Extensions>
          </Trackpoint>
          <Trackpoint>
            <Time>2020-01-03T00:09:15.000Z</Time>
            <Position>
              <LatitudeDegrees>25.531007995</LatitudeDegrees>
              <LongitudeDegrees>108.103843156</LongitudeDegrees>
            </Position>
            <AltitudeMeters>39.1</AltitudeMeters>
            <DistanceMeters>1665.000000000</DistanceMeters>
            <HeartRateBpm>
              <Value>137</Value>
            </HeartRateBpm>
            <Extensions>
              <ns3:TPX>
                <ns3:Speed>3.000000000</ns3:Speed>
                <ns3:RunCadence>85</ns3:RunCadence>
              </ns3:TPX>
            </Extensions>
          </Trackpoint>
          <Trackpoint>
            <Time>2020-01-03T00:09:20.000Z</Time>
            <Position>
              <LatitudeDegrees>25.530877411</LatitudeDegrees>
              <LongitudeDegrees>108.103880636</LongitudeDegrees>
            </Position>
            <AltitudeMeters>39.091891279</AltitudeMeters>
            <DistanceMeters>1680.000000000</DistanceMeters>
            <HeartRateBpm>
              <Value>137</Value>
            </HeartRateBpm>
            <Extensions>
              <ns3:TPX>
                <ns3:Speed>3.000000000</ns3:Speed>
                <ns3:RunCadence>85</ns3:RunCadence>
              </ns3:TPX>
            </Extensions>
          </Trackpoint>
          <Trackpoint>
            <Time>2020-01-03T00:09:25.000Z</Time>
            <Position>
              <LatitudeDegrees>25.530747916</LatitudeDegrees>
              <LongitudeDegrees>108.103922504</LongitudeDegrees>
            </Position>
            <AltitudeMeters>39.034891495</AltitudeMeters>
            <DistanceMeters>1695.000000000</DistanceMeters>
            <HeartRateBpm>
              <Value>137</Value>
            </HeartRateBpm>
            <Extensions>
              <ns3:TPX>
                <ns3:Speed>3.000000000</ns3:Speed>
                <ns3:RunCadence>85</ns3:RunCadence>
              </ns3:TPX>
            </Extensions>
          </Trackpoint>
          <Trackpoint>
            <Time>2020-01-03T00:09:30.000Z</Time>
            <Position>
              <LatitudeDegrees>25.530619632</LatitudeDegrees>
              <LongitudeDegrees>108.103968722</LongitudeDegrees>
            </Position>
            <AltitudeMeters>39.0</AltitudeMeters>
            <DistanceMeters>1710.000000000</DistanceMeters>
            <HeartRateBpm>
              <Value>137</Value>
            </HeartRateBpm>
            <Extensions>
              <ns3:TPX>
                <ns3:Speed>3.000000000</ns3:Speed>
                <ns3:RunCadence>85</ns3:RunCadence>
              </ns3:TPX>
            </Extensions>
          </Trackpoint>
          <Trackpoint>
            <Time>2020-01-03T00:09:35.000Z</Time>
            <Position>
              <LatitudeDegrees>25.530492677</LatitudeDegrees>
              <LongitudeDegrees>108.104019246</LongitudeDegrees>
            </Position>
            <AltitudeMeters>38.923962755</AltitudeMeters>
            <DistanceMeters>1725.000000000</DistanceMeters>
            <HeartRateBpm>
              <Value>137</Value>
            </HeartRateBpm>
            <Extensions>
              <ns3:TPX>
                <ns3:Speed>3.000000000</ns3:Speed>
                <ns3:RunCadence>85</ns3:RunCadence>
              </ns3:TPX>
            </Extensions>
          </Trackpoint>
          <Trackpoint>
            <Time>2020-01-03T00:09:40.000Z</Time>
            <Position>
              <LatitudeDegrees>25.530367169</LatitudeDegrees>
              <LongitudeDegrees>108.104074031</LongitudeDegrees>
            </Position>
            <AltitudeMeters>38.9</AltitudeMeters>
            <DistanceMeters>1740.000000000</DistanceMeters>
            <HeartRateBpm>
              <Value>137</Value>
            </HeartRateBpm>
            <Extensions>
              <ns3:TPX>
                <ns3:Speed>3.000000000</ns3:Speed>
                <ns3:RunCadence>86</ns3:RunCadence>
              </ns3:TPX>
            </Extensions>
          </Trackpoint>
          <Trackpoint>
            <Time>2020-01-03T00:09:45.000Z</Time>
            <Position>
              <LatitudeDegrees>25.530243223</LatitudeDegrees>
              <LongitudeDegrees>108.104133024</LongitudeDegrees>
            </Position>
            <AltitudeMeters>38.817511285</AltitudeMeters>
            <DistanceMeters>1755.000000000</DistanceMeters>
            <HeartRateBpm>
              <Value>138</Value>
            </HeartRateBpm>
            <Extensions>
              <ns3:TPX>
                <ns3:Speed>3.000000000</ns3:Speed>
                <ns3:RunCadence>86</ns3:RunCadence>
              </ns3:TPX>
            </Extensions>
          </Trackpoint>
          <Trackpoint>
            <Time>2020-01-03T00:09:50.000Z</Time>
            <Position>
              <LatitudeDegrees>25.530120956</LatitudeDegrees>
              <LongitudeDegrees>108.104196172</LongitudeDegrees>
            </Position>
            <AltitudeMeters>38.766103721</AltitudeMeters>
            <DistanceMeters>1770.000000000</DistanceMeters>
            <HeartRateBpm>
              <Value>138</Value>
            </HeartRateBpm>
            <Extensions>
              <ns3:TPX>
                <ns3:Speed>3.000000000</ns3:Speed>
                <ns3:RunCadence>86</ns3:RunCadence>
              </ns3:TPX>
            </Extensions>
          </Trackpoint>
          <Trackpoint>
            <Time>2020-01-03T00:09:55.000Z</Time>
            <Position>
              <LatitudeDegrees>25.530000480</LatitudeDegrees>
              <LongitudeDegrees>108.104263416</LongitudeDegrees>
            </Position>
            <AltitudeMeters>38.715980017</AltitudeMeters>
            <DistanceMeters>1785.000000000</DistanceMeters>
            <HeartRateBpm>
              <Value>138</Value>
            </HeartRateBpm>
            <Extensions>
              <ns3:TPX>
                <ns3:Speed>3.000000000</ns3:Speed>
                <ns3:RunCadence>86</ns3:RunCadence>
              </ns3:TPX>
            </Extensions>
          </Trackpoint>
          <Trackpoint>
            <Time>2020-01-03T00:10:00.000Z</Time>
            <Position>
              <LatitudeDegrees>25.529881908</LatitudeDegrees>
              <LongitudeDegrees>108.104334693</LongitudeDegrees>
            </Position>
            <AltitudeMeters>38.7</AltitudeMeters>
            <DistanceMeters>1800.000000000</DistanceMeters>
            <HeartRateBpm>
              <Value>138</Value>
            </HeartRateBpm>
            <Extensions>
              <ns3:TPX>
                <ns3:Speed>3.000000000</ns3:Speed>
                <ns3:RunCadence>86</ns3:RunCadence>
              </ns3:TPX>
            </Extensions>
          </Trackpoint>
          <Trackpoint>
            <Time>2020-01-03T00:10:05.000Z</Time>
            <Position>
              <LatitudeDegrees>25.529765348</LatitudeDegrees>
              <LongitudeDegrees>108.104409937</LongitudeDegrees>
            </Position>
            <AltitudeMeters>38.619791412</AltitudeMeters>
            <DistanceMeters>1815.000000000</DistanceMeters>
            <HeartRateBpm>
              <Value>138</Value>
            </HeartRateBpm>
            <Extensions>
              <ns3:TPX>
                <ns3:Speed>3.000000000</ns3:Speed>
                <ns3:RunCadence>86</ns3:RunCadence>
              </ns3:TPX>
            </Extensions>
          </Trackpoint>
          <Trackpoint>
            <Time>2020-01-03T00:10:10.000Z</Time>
            <Position>
              <LatitudeDegrees>25.529650909</LatitudeDegrees>
              <LongitudeDegrees>108.104489080</LongitudeDegrees>
            </Position>
            <AltitudeMeters>38.573826595</AltitudeMeters>
            <DistanceMeters>1830.000000000</DistanceMeters>
            <HeartRateBpm>
              <Value>138</Value>
            </HeartRateBpm>
            <Extensions>
              <ns3:TPX>
                <ns3:Speed>3.000000000</ns3:Speed>
                <ns3:RunCadence>86</ns3:RunCadence>
              </ns3:TPX>
            </Extensions>
          </Trackpoint>
          <Trackpoint>
            <Time>2020-01-03T00:10:15.000Z</Time>
            <Position>
              <LatitudeDegrees>25.529538698</LatitudeDegrees>
              <LongitudeDegrees>108.104572046</LongitudeDegrees>
            </Position>
            <AltitudeMeters>38.529345700</AltitudeMeters>
            <DistanceMeters>1845.000000000</DistanceMeters>
            <HeartRateBpm>
              <Value>139</Value>
            </HeartRateBpm>
            <Extensions>
              <ns3:TPX>
                <ns3:Speed>3.000000000</ns3:Speed>
                <ns3:RunCadence>86</ns3:RunCadence>
              </ns3:TPX>
            </Extensions>
          </Trackpoint>
          <Trackpoint>
            <Time>2020-01-03T00:10:20.000Z</Time>
            <Position>
              <LatitudeDegrees>25.529428818</LatitudeDegrees>
              <LongitudeDegrees>108.104658760</LongitudeDegrees>
            </Position>
            <AltitudeMeters>38.486395009</AltitudeMeters>
            <DistanceMeters>1860.000000000</DistanceMeters>
            <HeartRateBpm>
              <Value>139</Value>
            </HeartRateBpm>
            <Extensions>
              <ns3:TPX>
                <ns3:Speed>3.000000000</ns3:Speed>
                <ns3:RunCadence>87</ns3:RunCadence>
              </ns3:TPX>
            </Extensions>
          </Trackpoint>
          <Trackpoint>
            <Time>2020-01-03T00:10:25.000Z</Time>
            <Position>
              <LatitudeDegrees>25.529321370</LatitudeDegrees>
              <LongitudeDegrees>108.104749142</LongitudeDegrees>
            </Position>
            <AltitudeMeters>38.4</AltitudeMeters>
            <DistanceMeters>1875.000000000</DistanceMeters>
            <HeartRateBpm>
              <Value>139</Value>
            </HeartRateBpm>
            <Extensions>
              <ns3:TPX>
                <ns3:Speed>3.000000000</ns3:Speed>
                <ns3:RunCadence>87</ns3:RunCadence>
              </ns3:TPX>
            </Extensions>
          </Trackpoint>
          <Trackpoint>
            <Time>2020-01-03T00:10:30.000Z</Time>
            <Position>
              <LatitudeDegrees>25.529216456</LatitudeDegrees>
              <LongitudeDegrees>108.104843106</LongitudeDegrees>
            </Position>
            <AltitudeMeters>38.4</AltitudeMeters>
            <DistanceMeters>1890.000000000</DistanceMeters>
            <HeartRateBpm>
              <Value>139</Value>
            </HeartRateBpm>
            <Extensions>
              <ns3:TPX>
                <ns3:Speed>3.000000000</ns3:Speed>
                <ns3:RunCadence>87</ns3:RunCadence>
              </ns3:TPX>
            </Extensions>
          </Trackpoint>
          <Trackpoint>
            <Time>2020-01-03T00:10:35.000Z</Time>
            <Position>
              <LatitudeDegrees>25.529114171</LatitudeDegrees>
              <LongitudeDegrees>108.104940566</LongitudeDegrees>
            </Position>
            <AltitudeMeters>38.4</AltitudeMeters>
            <DistanceMeters>1905.000000000</DistanceMeters>
            <HeartRateBpm>
              <Value>139</Value>
            </HeartRateBpm>
            <Extensions>
              <ns3:TPX>
                <ns3:Speed>3.000000000</ns3:Speed>
                <ns3:RunCadence>87</ns3:RunCadence>
              </ns3:TPX>
            </Extensions>
          </Trackpoint>
          <Trackpoint>
            <Time>2020-01-03T00:10:40.000Z</Time>
            <Position>
              <LatitudeDegrees>25.529014611</LatitudeDegrees>
              <LongitudeDegrees>108.105041432</LongitudeDegrees>
            </Position>
            <AltitudeMeters>38.3</AltitudeMeters>
            <DistanceMeters>1920.000000000</DistanceMeters>
            <HeartRateBpm>
              <Value>140</Value>
            </HeartRateBpm>
            <Extensions>
              <ns3:TPX>
                <ns3:Speed>3.000000000</ns3:Speed>
                <ns3:RunCadence>87</ns3:RunCadence>
              </ns3:TPX>
            </Extensions>
          </Trackpoint>
          <Trackpoint>
            <Time>2020-01-03T00:10:45.000Z</Time>
            <Position>
              <LatitudeDegrees>25.528917868</LatitudeDegrees>
              <LongitudeDegrees>108.105145611</LongitudeDegrees>
            </Position>
            <AltitudeMeters>38.3</AltitudeMeters>
            <DistanceMeters>1935.000000000</DistanceMeters>
            <HeartRateBpm>
              <Value>140</Value>
            </HeartRateBpm>
            <Extensions>
              <ns3:TPX>
                <ns3:Speed>3.000000000</ns3:Speed>
                <ns3:RunCadence>87</ns3:RunCadence>
              </ns3:TPX>
            </Extensions>
          </Trackpoint>
          <Trackpoint>
            <Time>2020-01-03T00:10:50.000Z</Time>
            <Position>
              <LatitudeDegrees>25.528824032</LatitudeDegrees>
              <LongitudeDegrees>108.105253005</LongitudeDegrees>
            </Position>
            <AltitudeMeters>38.3</AltitudeMeters>
            <DistanceMeters>1950.000000000</DistanceMeters>
            <HeartRateBpm>
              <Value>140</Value>
            </HeartRateBpm>
            <Extensions>
              <ns3:TPX>
                <ns3:Speed>3.000000000</ns3:Speed>
                <ns3:RunCadence>87</ns3:RunCadence>
              </ns3:TPX>
            </Extensions>
          </Trackpoint>
          <Trackpoint>
            <Time>2020-01-03T00:10:55.000Z</Time>
            <Position>
              <LatitudeDegrees>25.528733189</LatitudeDegrees>
              <LongitudeDegrees>108.105363515</LongitudeDegrees>
            </Position>
            <AltitudeMeters>38.2</AltitudeMeters>
            <DistanceMeters>1965.000000000</DistanceMeters>
            <HeartRateBpm>
              <Value>141</Value>
            </HeartRateBpm>
            <Extensions>
              <ns3:TPX>
                <ns3:Speed>3.000000000</ns3:Speed>
                <ns3:RunCadence>87</ns3:RunCadence>
              </ns3:TPX>
            </Extensions>
          </Trackpoint>
          <Trackpoint>
            <Time>2020-01-03T00:11:00.000Z</Time>
            <Position>
              <LatitudeDegrees>25.528645425</LatitudeDegrees>
              <LongitudeDegrees>108.105477039</LongitudeDegrees>
            </Position>
            <AltitudeMeters>38.2</AltitudeMeters>
            <DistanceMeters>1980.000000000</DistanceMeters>
            <HeartRateBpm>
              <Value>141</Value>
            </HeartRateBpm>
            <Extensions>
              <ns3:TPX>
                <ns3:Speed>3.000000000</ns3:Speed>
                <ns3:RunCadence>87</ns3:RunCadence>
              </ns3:TPX>
            </Extensions>
          </Trackpoint>
          <Trackpoint>
            <Time>2020-01-03T00:11:05.000Z</Time>
            <Position>
              <LatitudeDegrees>25.528560819</LatitudeDegrees>
              <LongitudeDegrees>108.105593471</LongitudeDegrees>
            </Position>
            <AltitudeMeters>38.175511209</AltitudeMeters>
            <DistanceMeters>1995.000000000</DistanceMeters>
            <HeartRateBpm>
              <Value>141</Value>
            </HeartRateBpm>
            <Extensions>
              <ns3:TPX>
                <ns3:Speed>3.000000000</ns3:Speed>
                <ns3:RunCadence>87</ns3:RunCadence>
              </ns3:TPX>
            </Extensions>
          </Trackpoint>
          <Trackpoint>
            <Time>2020-01-03T00:11:10.000Z</Time>
            <Position>
              <LatitudeDegrees>25.528479452</LatitudeDegrees>
              <LongitudeDegrees>108.105712704</LongitudeDegrees>
            </Position>
            <AltitudeMeters>38.2</AltitudeMeters>
            <DistanceMeters>2010.000000000</DistanceMeters>
            <HeartRateBpm>
              <Value>141</Value>
            </HeartRateBpm>
            <Extensions>
              <ns3:TPX>
                <ns3:Speed>3.000000000</ns3:Speed>
                <ns3:RunCadence>87</ns3:RunCadence>
              </ns3:TPX>
            </Extensions>
          </Trackpoint>
          <Trackpoint>
            <Time>2020-01-03T00:11:15.000Z</Time>
            <Position>
              <LatitudeDegrees>25.528401397</LatitudeDegrees>
              <LongitudeDegrees>108.105834627</LongitudeDegrees>
            </Position>
            <AltitudeMeters>38.1</AltitudeMeters>
            <DistanceMeters>2025.000000000</DistanceMeters>
            <HeartRateBpm>
              <Value>142</Value>
            </HeartRateBpm>
            <Extensions>
              <ns3:TPX>
                <ns3:Speed>3.000000000</ns3:Speed>
                <ns3:RunCadence>87</ns3:RunCadence>
              </ns3:TPX>
            </Extensions>
          </Trackpoint>
        </Track>
        <Extensions>
          <ns3:LX>
            <ns3:AvgSpeed>3.0</ns3:AvgSpeed>
            <ns3:AvgRunCadence>84</ns3:AvgRunCadence>
            <ns3:MaxRunCadence>87</ns3:MaxRunCadence>
          </ns3:LX>
        </Extensions>
      </Lap>
      <Lap StartTime="2020-01-03T00:11:20.000Z">
        <TotalTimeSeconds>270.0</TotalTimeSeconds>
        <DistanceMeters>810.0</DistanceMeters>
        <MaximumSpeed>3.0</MaximumSpeed>
        <Calories>40</Calories>
        <AverageHeartRateBpm>
          <Value>149</Value>
        </AverageHeartRateBpm>
        <MaximumHeartRateBpm>
          <Value>153</Value>
        </MaximumHeartRateBpm>
        <Intensity>Active</Intensity>
        <TriggerMethod>Manual</TriggerMethod>
        <Track>
          <Trackpoint>
            <Time>2020-01-03T00:11:20.000Z</Time>
            <Position>
              <LatitudeDegrees>25.528326728</LatitudeDegrees>
              <LongitudeDegrees>108.105959127</LongitudeDegrees>
            </Position>
            <AltitudeMeters>38.1</AltitudeMeters>
            <DistanceMeters>2040.000000000</DistanceMeters>
            <HeartRateBpm>
              <Value>142</Value>
            </HeartRateBpm>
            <Extensions>
              <ns3:TPX>
                <ns3:Speed>3.000000000</ns3:Speed>
                <ns3:RunCadence>87</ns3:RunCadence>
              </ns3:TPX>
            </Extensions>
          </Trackpoint>
          <Trackpoint>
            <Time>2020-01-03T00:11:25.000Z</Time>
            <Position>
              <LatitudeDegrees>25.528255514</LatitudeDegrees>
              <LongitudeDegrees>108.106086088</LongitudeDegrees>
            </Position>
            <AltitudeMeters>38.1</AltitudeMeters>
            <DistanceMeters>2055.000000000</DistanceMeters>
            <HeartRateBpm>
              <Value>142</Value>
            </HeartRateBpm>
            <Extensions>
              <ns3:TPX>
                <ns3:Speed>3.000000000</ns3:Speed>
                <ns3:RunCadence>87</ns3:RunCadence>
              </ns3:TPX>
            </Extensions>
          </Trackpoint>
          <Trackpoint>
            <Time>2020-01-03T00:11:30.000Z</Time>
            <Position>
              <LatitudeDegrees>25.528187820</LatitudeDegrees>
              <LongitudeDegrees>108.106215393</LongitudeDegrees>
            </Position>
            <AltitudeMeters>38.1</AltitudeMeters>
            <DistanceMeters>2070.000000000</DistanceMeters>
            <HeartRateBpm>
              <Value>143</Value>
            </HeartRateBpm>
            <Extensions>
              <ns3:TPX>
                <ns3:Speed>3.000000000</ns3:Speed>
                <ns3:RunCadence>87</ns3:RunCadence>
              </ns3:TPX>
            </Extensions>
          </Trackpoint>
          <Trackpoint>
            <Time>2020-01-03T00:11:35.000Z</Time>
            <Position>
              <LatitudeDegrees>25.528123710</LatitudeDegrees>
              <LongitudeDegrees>108.106346922</LongitudeDegrees>
            </Position>
            <AltitudeMeters>38.051993629</AltitudeMeters>
            <DistanceMeters>2085.000000000</DistanceMeters>
            <HeartRateBpm>
              <Value>143</Value>
            </HeartRateBpm>
            <Extensions>
              <ns3:TPX>
                <ns3:Speed>3.000000000</ns3:Speed>
                <ns3:RunCadence>87</ns3:RunCadence>
              </ns3:TPX>
            </Extensions>
          </Trackpoint>
          <Trackpoint>
            <Time>2020-01-03T00:11:40.000Z</Time>
            <Position>
              <LatitudeDegrees>25.528063243</LatitudeDegrees>
              <LongitudeDegrees>108.106480553</LongitudeDegrees>
            </Position>
            <AltitudeMeters>38.0</AltitudeMeters>
            <DistanceMeters>2100.000000000</DistanceMeters>
            <HeartRateBpm>
              <Value>143</Value>
            </HeartRateBpm>
            <Extensions>
              <ns3:TPX>
                <ns3:Speed>3.000000000</ns3:Speed>
                <ns3:RunCadence>87</ns3:RunCadence>
              </ns3:TPX>
            </Extensions>
          </Trackpoint>
          <Trackpoint>
            <Time>2020-01-03T00:11:45.000Z</Time>
            <Position>
              <LatitudeDegrees>25.528006475</LatitudeDegrees>
              <LongitudeDegrees>108.106616162</LongitudeDegrees>
            </Position>
            <AltitudeMeters>38.026836386</AltitudeMeters>
            <DistanceMeters>2115.000000000</DistanceMeters>
            <HeartRateBpm>
              <Value>144</Value>
            </HeartRateBpm>
            <Extensions>
              <ns3:TPX>
                <ns3:Speed>3.000000000</ns3:Speed>
                <ns3:RunCadence>87</ns3:RunCadence>
              </ns3:TPX>
            </Extensions>
          </Trackpoint>
          <Trackpoint>
            <Time>2020-01-03T00:11:50.000Z</Time>
            <Position>
              <LatitudeDegrees>25.527953458</LatitudeDegrees>
              <LongitudeDegrees>108.106753624</LongitudeDegrees>
            </Position>
            <AltitudeMeters>38.0</AltitudeMeters>
            <DistanceMeters>2130.000000000</DistanceMeters>
            <HeartRateBpm>
              <Value>144</Value>
            </HeartRateBpm>
            <Extensions>
              <ns3:TPX>
                <ns3:Speed>3.000000000</ns3:Speed>
                <ns3:RunCadence>87</ns3:RunCadence>
              </ns3:TPX>
            </Extensions>
          </Trackpoint>
          <Trackpoint>
            <Time>2020-01-03T00:11:55.000Z</Time>
            <Position>
              <LatitudeDegrees>25.527904243</LatitudeDegrees>
              <LongitudeDegrees>108.106892811</LongitudeDegrees>
            </Position>
            <AltitudeMeters>38.0</AltitudeMeters>
            <DistanceMeters>2145.000000000</DistanceMeters>
            <HeartRateBpm>
              <Value>144</Value>
            </HeartRateBpm>
            <Extensions>
              <ns3:TPX>
                <ns3:Speed>3.000000000</ns3:Speed>
                <ns3:RunCadence>87</ns3:RunCadence>
              </ns3:TPX>
            </Extensions>
          </Trackpoint>
          <Trackpoint>
            <Time>2020-01-03T00:12:00.000Z</Time>
            <Position>
              <LatitudeDegrees>25.527858873</LatitudeDegrees>
              <LongitudeDegrees>108.107033593</LongitudeDegrees>
            </Position>
            <AltitudeMeters>38.0</AltitudeMeters>
            <DistanceMeters>2160.000000000</DistanceMeters>
            <HeartRateBpm>
              <Value>145</Value>
            </HeartRateBpm>
            <Extensions>
              <ns3:TPX>
                <ns3:Speed>3.000000000</ns3:Speed>
                <ns3:RunCadence>86</ns3:RunCadence>
              </ns3:TPX>
            </Extensions>
          </Trackpoint>
          <Trackpoint>
            <Time>2020-01-03T00:12:05.000Z</Time>
            <Position>
              <LatitudeDegrees>25.527817392</LatitudeDegrees>
              <LongitudeDegrees>108.107175841</LongitudeDegrees>
            </Position>
            <AltitudeMeters>38.0</AltitudeMeters>
            <DistanceMeters>2175.000000000</DistanceMeters>
            <HeartRateBpm>
              <Value>145</Value>
            </HeartRateBpm>
            <Extensions>
              <ns3:TPX>
                <ns3:Speed>3.000000000</ns3:Speed>
                <ns3:RunCadence>86</ns3:RunCadence>
              </ns3:TPX>
            </Extensions>
          </Trackpoint>
          <Trackpoint>
            <Time>2020-01-03T00:12:10.000Z</Time>
            <Position>
              <LatitudeDegrees>25.527779838</LatitudeDegrees>
              <LongitudeDegrees>108.107319423</LongitudeDegrees>
            </Position>
            <AltitudeMeters>38.000007353</AltitudeMeters>
            <DistanceMeters>2190.000000000</DistanceMeters>
            <HeartRateBpm>
              <Value>146</Value>
            </HeartRateBpm>
            <Extensions>
              <ns3:TPX>
                <ns3:Speed>3.000000000</ns3:Speed>
                <ns3:RunCadence>86</ns3:RunCadence>
              </ns3:TPX>
            </Extensions>
          </Trackpoint>
          <Trackpoint>
            <Time>2020-01-03T00:12:15.000Z</Time>
            <Position>
              <LatitudeDegrees>25.527746246</LatitudeDegrees>
              <LongitudeDegrees>108.107464205</LongitudeDegrees>
            </Position>
            <AltitudeMeters>38.000872932</AltitudeMeters>
            <DistanceMeters>2205.000000000</DistanceMeters>
            <HeartRateBpm>
              <Value>146</Value>
            </HeartRateBpm>
            <Extensions>
              <ns3:TPX>
                <ns3:Speed>3.000000000</ns3:Speed>
                <ns3:RunCadence>86</ns3:RunCadence>
              </ns3:TPX>
            </Extensions>
          </Trackpoint>
          <Trackpoint>
            <Time>2020-01-03T00:12:20.000Z</Time>
            <Position>
              <LatitudeDegrees>25.527716646</LatitudeDegrees>
              <LongitudeDegrees>108.107610053</LongitudeDegrees>
            </Position>
            <AltitudeMeters>38.0</AltitudeMeters>
            <DistanceMeters>2220.000000000</DistanceMeters>
            <HeartRateBpm>
              <Value>146</Value>
            </HeartRateBpm>
            <Extensions>
              <ns3:TPX>
                <ns3:Speed>3.000000000</ns3:Speed>
                <ns3:RunCadence>86</ns3:RunCadence>
              </ns3:TPX>
            </Extensions>
          </Trackpoint>
          <Trackpoint>
            <Time>2020-01-03T00:12:25.000Z</Time>
            <Position>
              <LatitudeDegrees>25.527691067</LatitudeDegrees>
              <LongitudeDegrees>108.107756832</LongitudeDegrees>
            </Position>
            <AltitudeMeters>38.008841257</AltitudeMeters>
            <DistanceMeters>2235.000000000</DistanceMeters>
            <HeartRateBpm>
              <Value>147</Value>
            </HeartRateBpm>
            <Extensions>
              <ns3:TPX>
                <ns3:Speed>3.000000000</ns3:Speed>
                <ns3:RunCadence>86</ns3:RunCadence>
              </ns3:TPX>
            </Extensions>
          </Trackpoint>
          <Trackpoint>
            <Time>2020-01-03T00:12:30.000Z</Time>
            <Position>
              <LatitudeDegrees>25.527669532</LatitudeDegrees>
              <LongitudeDegrees>108.107904407</LongitudeDegrees>
            </Position>
            <AltitudeMeters>38.015935711</AltitudeMeters>
            <DistanceMeters>2250.000000000</DistanceMeters>
            <HeartRateBpm>
              <Value>147</Value>
            </HeartRateBpm>
            <Extensions>
              <ns3:TPX>
                <ns3:Speed>3.000000000</ns3:Speed>
                <ns3:RunCadence>86</ns3:RunCadence>
              </ns3:TPX>
            </Extensions>
          </Trackpoint>
          <Trackpoint>
            <Time>2020-01-03T00:12:35.000Z</Time>
            <Position>
              <LatitudeDegrees>25.527652060</LatitudeDegrees>
              <LongitudeDegrees>108.108052639</LongitudeDegrees>
            </Position>
            <AltitudeMeters>38.0</AltitudeMeters>
            <DistanceMeters>2265.000000000</DistanceMeters>
            <HeartRateBpm>
              <Value>147</Value>
            </HeartRateBpm>
            <Extensions>
              <ns3:TPX>
                <ns3:Speed>3.000000000</ns3:Speed>
                <ns3:RunCadence>86</ns3:RunCadence>
              </ns3:TPX>
            </Extensions>
          </Trackpoint>
          <Trackpoint>
            <Time>2020-01-03T00:12:40.000Z</Time>
            <Position>
              <LatitudeDegrees>25.527638669</LatitudeDegrees>
              <LongitudeDegrees>108.108201392</LongitudeDegrees>
            </Position>
            <AltitudeMeters>38.0</AltitudeMeters>
            <DistanceMeters>2280.000000000</DistanceMeters>
            <HeartRateBpm>
              <Value>148</Value>
            </HeartRateBpm>
            <Extensions>
              <ns3:TPX>
                <ns3:Speed>3.000000000</ns3:Speed>
                <ns3:RunCadence>85</ns3:RunCadence>
              </ns3:TPX>
            </Extensions>
          </Trackpoint>
          <Trackpoint>
            <Time>2020-01-03T00:12:45.000Z</Time>
            <Position>
              <LatitudeDegrees>25.527629371</LatitudeDegrees>
              <LongitudeDegrees>108.108350528</LongitudeDegrees>
            </Position>
            <AltitudeMeters>38.0</AltitudeMeters>
            <DistanceMeters>2295.000000000</DistanceMeters>
            <HeartRateBpm>
              <Value>148</Value>
            </HeartRateBpm>
            <Extensions>
              <ns3:TPX>
                <ns3:Speed>3.000000000</ns3:Speed>
                <ns3:RunCadence>85</ns3:RunCadence>
              </ns3:TPX>
            </Extensions>
          </Trackpoint>
          <Trackpoint>
            <Time>2020-01-03T00:12:50.000Z</Time>
            <Position>
              <LatitudeDegrees>25.527624174</LatitudeDegrees>
              <LongitudeDegrees>108.108499909</LongitudeDegrees>
            </Position>
            <AltitudeMeters>38.1</AltitudeMeters>
            <DistanceMeters>2310.000000000</DistanceMeters>
            <HeartRateBpm>
              <Value>148</Value>
            </HeartRateBpm>
            <Extensions>
              <ns3:TPX>
                <ns3:Speed>3.000000000</ns3:Speed>
                <ns3:RunCadence>85</ns3:RunCadence>
              </ns3:TPX>
            </Extensions>
          </Trackpoint>
          <Trackpoint>
            <Time>2020-01-03T00:12:55.000Z</Time>
            <Position>
              <LatitudeDegrees>25.527623082</LatitudeDegrees>
              <LongitudeDegrees>108.108649396</LongitudeDegrees>
            </Position>
            <AltitudeMeters>38.082151451</AltitudeMeters>
            <DistanceMeters>2325.000000000</DistanceMeters>
            <HeartRateBpm>
              <Value>149</Value>
            </HeartRateBpm>
            <Extensions>
              <ns3:TPX>
                <ns3:Speed>3.000000000</ns3:Speed>
                <ns3:RunCadence>85</ns3:RunCadence>
              </ns3:TPX>
            </Extensions>
          </Trackpoint>
          <Trackpoint>
            <Time>2020-01-03T00:13:00.000Z</Time>
            <Position>
              <LatitudeDegrees>25.527626098</LatitudeDegrees>
              <LongitudeDegrees>108.108798850</LongitudeDegrees>
            </Position>
            <AltitudeMeters>38.1</AltitudeMeters>
            <DistanceMeters>2340.000000000</DistanceMeters>
            <HeartRateBpm>
              <Value>149</Value>
            </HeartRateBpm>
            <Extensions>
              <ns3:TPX>
                <ns3:Speed>3.000000000</ns3:Speed>
                <ns3:RunCadence>85</ns3:RunCadence>
              </ns3:TPX>
            </Extensions>
          </Trackpoint>
          <Trackpoint>
            <Time>2020-01-03T00:13:05.000Z</Time>
            <Position>
              <LatitudeDegrees>25.527633218</LatitudeDegrees>
              <LongitudeDegrees>108.108948133</LongitudeDegrees>
            </Position>
            <AltitudeMeters>38.1</AltitudeMeters>
            <DistanceMeters>2355.000000000</DistanceMeters>
            <HeartRateBpm>
              <Value>149</Value>
            </HeartRateBpm>
            <Extensions>
              <ns3:TPX>
                <ns3:Speed>3.000000000</ns3:Speed>
                <ns3:RunCadence>85</ns3:RunCadence>
              </ns3:TPX>
            </Extensions>
          </Trackpoint>
          <Trackpoint>
            <Time>2020-01-03T00:13:10.000Z</Time>
            <Position>
              <LatitudeDegrees>25.527644436</LatitudeDegrees>
              <LongitudeDegrees>108.109097107</LongitudeDegrees>
            </Position>
            <AltitudeMeters>38.1</AltitudeMeters>
            <DistanceMeters>2370.000000000</DistanceMeters>
            <HeartRateBpm>
              <Value>149</Value>
            </HeartRateBpm>
            <Extensions>
              <ns3:TPX>
                <ns3:Speed>3.000000000</ns3:Speed>
                <ns3:RunCadence>84</ns3:RunCadence>
              </ns3:TPX>
            </Extensions>
          </Trackpoint>
          <Trackpoint>
            <Time>2020-01-03T00:13:15.000Z</Time>
            <Position>
              <LatitudeDegrees>25.527659741</LatitudeDegrees>
              <LongitudeDegrees>108.109245634</LongitudeDegrees>
            </Position>
            <AltitudeMeters>38.2</AltitudeMeters>
            <DistanceMeters>2385.000000000</DistanceMeters>
            <HeartRateBpm>
              <Value>150</Value>
            </HeartRateBpm>
            <Extensions>
              <ns3:TPX>
                <ns3:Speed>3.000000000</ns3:Speed>
                <ns3:RunCadence>84</ns3:RunCadence>
              </ns3:TPX>
            </Extensions>
          </Trackpoint>
          <Trackpoint>
            <Time>2020-01-03T00:13:20.000Z</Time>
            <Position>
              <LatitudeDegrees>25.527679118</LatitudeDegrees>
              <LongitudeDegrees>108.109393575</LongitudeDegrees>
            </Position>
            <AltitudeMeters>38.198151126</AltitudeMeters>
            <DistanceMeters>2400.000000000</DistanceMeters>
            <HeartRateBpm>
              <Value>150</Value>
            </HeartRateBpm>
            <Extensions>
              <ns3:TPX>
                <ns3:Speed>3.000000000</ns3:Speed>
                <ns3:RunCadence>84</ns3:RunCadence>
              </ns3:TPX>
            </Extensions>
          </Trackpoint>
          <Trackpoint>
            <Time>2020-01-03T00:13:25.000Z</Time>
            <Position>
              <LatitudeDegrees>25.527702551</LatitudeDegrees>
              <LongitudeDegrees>108.109540793</LongitudeDegrees>
            </Position>
            <AltitudeMeters>38.227082126</AltitudeMeters>
            <DistanceMeters>2415.000000000</DistanceMeters>
            <HeartRateBpm>
              <Value>150</Value>
            </HeartRateBpm>
            <Extensions>
              <ns3:TPX>
                <ns3:Speed>3.000000000</ns3:Speed>
                <ns3:RunCadence>84</ns3:RunCadence>
              </ns3:TPX>
            </Extensions>
          </Trackpoint>
          <Trackpoint>
            <Time>2020-01-03T00:13:30.000Z</Time>
            <Position>
              <LatitudeDegrees>25.527730018</LatitudeDegrees>
              <LongitudeDegrees>108.109687153</LongitudeDegrees>
            </Position>
            <AltitudeMeters>38.257857834</AltitudeMeters>
            <DistanceMeters>2430.000000000</DistanceMeters>
            <HeartRateBpm>
              <Value>151</Value>
            </HeartRateBpm>
            <Extensions>
              <ns3:TPX>
                <ns3:Speed>3.000000000</ns3:Speed>
                <ns3:RunCadence>84</ns3:RunCadence>
              </ns3:TPX>
            </Extensions>
          </Trackpoint>
          <Trackpoint>
            <Time>2020-01-03T00:13:35.000Z</Time>
            <Position>
              <LatitudeDegrees>25.527761492</LatitudeDegrees>
              <LongitudeDegrees>108.109832519</LongitudeDegrees>
            </Position>
            <AltitudeMeters>38.3</AltitudeMeters>
            <DistanceMeters>2445.000000000</DistanceMeters>
            <HeartRateBpm>
              <Value>151</Value>
            </HeartRateBpm>
            <Extensions>
              <ns3:TPX>
                <ns3:Speed>3.000000000</ns3:Speed>
                <ns3:RunCadence>84</ns3:RunCadence>
              </ns3:TPX>
            </Extensions>
          </Trackpoint>
          <Trackpoint>
            <Time>2020-01-03T00:13:40.000Z</Time>
            <Position>
              <LatitudeDegrees>25.527796945</LatitudeDegrees>
              <LongitudeDegrees>108.109976755</LongitudeDegrees>
            </Position>
            <AltitudeMeters>38.3</AltitudeMeters>
            <DistanceMeters>2460.000000000</DistanceMeters>
            <HeartRateBpm>
              <Value>151</Value>
            </HeartRateBpm>
            <Extensions>
              <ns3:TPX>
                <ns3:Speed>3.000000000</ns3:Speed>
                <ns3:RunCadence>83</ns3:RunCadence>
              </ns3:TPX>
            </Extensions>
          </Trackpoint>
          <Trackpoint>
            <Time>2020-01-03T00:13:45.000Z</Time>
            <Position>
              <LatitudeDegrees>25.527836344</LatitudeDegrees>
              <LongitudeDegrees>108.110119728</LongitudeDegrees>
            </Position>
            <AltitudeMeters>38.4</AltitudeMeters>
            <DistanceMeters>2475.000000000</DistanceMeters>
            <HeartRateBpm>
              <Value>151</Value>
            </HeartRateBpm>
            <Extensions>
              <ns3:TPX>
                <ns3:Speed>3.000000000</ns3:Speed>
                <ns3:RunCadence>83</ns3:RunCadence>
              </ns3:TPX>
            </Extensions>
          </Trackpoint>
          <Trackpoint>
            <Time>2020-01-03T00:13:50.000Z</Time>
            <Position>
              <LatitudeDegrees>25.527879652</LatitudeDegrees>
              <LongitudeDegrees>108.110261306</LongitudeDegrees>
            </Position>
            <AltitudeMeters>38.4</AltitudeMeters>
            <DistanceMeters>2490.000000000</DistanceMeters>
            <HeartRateBpm>
              <Value>151</Value>
            </HeartRateBpm>
            <Extensions>
              <ns3:TPX>
                <ns3:Speed>3.000000000</ns3:Speed>
                <ns3:RunCadence>83</ns3:RunCadence>
              </ns3:TPX>
            </Extensions>
          </Trackpoint>
          <Trackpoint>
            <Time>2020-01-03T00:13:55.000Z</Time>
            <Position>
              <LatitudeDegrees>25.527926829</LatitudeDegrees>
              <LongitudeDegrees>108.110401357</LongitudeDegrees>
            </Position>
            <AltitudeMeters>38.4</AltitudeMeters>
            <DistanceMeters>2505.000000000</DistanceMeters>
            <HeartRateBpm>
              <Value>152</Value>
            </HeartRateBpm>
            <Extensions>
              <ns3:TPX>
                <ns3:Speed>3.000000000</ns3:Speed>
                <ns3:RunCadence>83</ns3:RunCadence>
              </ns3:TPX>
            </Extensions>
          </Trackpoint>
          <Trackpoint>
            <Time>2020-01-03T00:14:00.000Z</Time>
            <Position>
              <LatitudeDegrees>25.527977832</LatitudeDegrees>
              <LongitudeDegrees>108.110539751</LongitudeDegrees>
            </Position>
            <AltitudeMeters>38.5</AltitudeMeters>
            <DistanceMeters>2520.000000000</DistanceMeters>
            <HeartRateBpm>
              <Value>152</Value>
            </HeartRateBpm>
            <Extensions>
              <ns3:TPX>
                <ns3:Speed>3.000000000</ns3:Speed>
                <ns3:RunCadence>83</ns3:RunCadence>
              </ns3:TPX>
            </Extensions>
          </Trackpoint>
          <Trackpoint>
            <Time>2020-01-03T00:14:05.000Z</Time>
            <Position>
              <LatitudeDegrees>25.528032613</LatitudeDegrees>
              <LongitudeDegrees>108.110676360</LongitudeDegrees>
            </Position>
            <AltitudeMeters>38.522016729</AltitudeMeters>
            <DistanceMeters>2535.000000000</DistanceMeters>
            <HeartRateBpm>
              <Value>152</Value>
            </HeartRateBpm>
            <Extensions>
              <ns3:TPX>
                <ns3:Speed>3.000000000</ns3:Speed>
                <ns3:RunCadence>83</ns3:RunCadence>
              </ns3:TPX>
            </Extensions>
          </Trackpoint>
          <Trackpoint>
            <Time>2020-01-03T00:14:10.000Z</Time>
            <Position>
              <LatitudeDegrees>25.528091121</LatitudeDegrees>
              <LongitudeDegrees>108.110811058</LongitudeDegrees>
            </Position>
            <AltitudeMeters>38.566243564</AltitudeMeters>
            <DistanceMeters>2550.000000000</DistanceMeters>
            <HeartRateBpm>
              <Value>152</Value>
            </HeartRateBpm>
            <Extensions>
              <ns3:TPX>
                <ns3:Speed>3.000000000</ns3:Speed>
                <ns3:RunCadence>82</ns3:RunCadence>
              </ns3:TPX>
            </Extensions>
          </Trackpoint>
          <Trackpoint>
            <Time>2020-01-03T00:14:15.000Z</Time>
            <Position>
              <LatitudeDegrees>25.528153302</LatitudeDegrees>
              <LongitudeDegrees>108.110943719</LongitudeDegrees>
            </Position>
            <AltitudeMeters>38.611962212</AltitudeMeters>
            <DistanceMeters>2565.000000000</DistanceMeters>
            <HeartRateBpm>
              <Value>152</Value>
            </HeartRateBpm>
            <Extensions>
              <ns3:TPX>
                <ns3:Speed>3.000000000</ns3:Speed>
                <ns3:RunCadence>82</ns3:RunCadence>
              </ns3:TPX>
            </Extensions>
          </Trackpoint>
          <Trackpoint>
            <Time>2020-01-03T00:14:20.000Z</Time>
            <Position>
              <LatitudeDegrees>25.528219099</LatitudeDegrees>
              <LongitudeDegrees>108.111074221</LongitudeDegrees>
            </Position>
            <AltitudeMeters>38.659125103</AltitudeMeters>
            <DistanceMeters>2580.000000000</DistanceMeters>
            <HeartRateBpm>
              <Value>152</Value>
            </HeartRateBpm>
            <Extensions>
              <ns3:TPX>
                <ns3:Speed>3.000000000</ns3:Speed>
                <ns3:RunCadence>82</ns3:RunCadence>
              </ns3:TPX>
            </Extensions>
          </Trackpoint>
          <Trackpoint>
            <Time>2020-01-03T00:14:25.000Z</Time>
            <Position>
              <LatitudeDegrees>25.528288451</LatitudeDegrees>
              <LongitudeDegrees>108.111202443</LongitudeDegrees>
            </Position>
            <AltitudeMeters>38.7</AltitudeMeters>
            <DistanceMeters>2595.000000000</DistanceMeters>
            <HeartRateBpm>
              <Value>153</Value>
            </HeartRateBpm>
            <Extensions>
              <ns3:TPX>
                <ns3:Speed>3.000000000</ns3:Speed>
                <ns3:RunCadence>82</ns3:RunCadence>
              </ns3:TPX>
            </Extensions>
          </Trackpoint>
          <Trackpoint>
            <Time>2020-01-03T00:14:30.000Z</Time>
            <Position>
              <LatitudeDegrees>25.528361292</LatitudeDegrees>
              <LongitudeDegrees>108.111328265</LongitudeDegrees>
            </Position>
            <AltitudeMeters>38.8</AltitudeMeters>
            <DistanceMeters>2610.000000000</DistanceMeters>
            <HeartRateBpm>
              <Value>153</Value>
            </HeartRateBpm>
            <Extensions>
              <ns3:TPX>
                <ns3:Speed>3.000000000</ns3:Speed>
                <ns3:RunCadence>82</ns3:RunCadence>
              </ns3:TPX>
            </Extensions>
          </Trackpoint>
          <Trackpoint>
            <Time>2020-01-03T00:14:35.000Z</Time>
            <Position>
              <LatitudeDegrees>25.528437557</LatitudeDegrees>
              <LongitudeDegrees>108.111451571</LongitudeDegrees>
            </Position>
            <AltitudeMeters>38.808781302</AltitudeMeters>
            <DistanceMeters>2625.000000000</DistanceMeters>
            <HeartRateBpm>
              <Value>153</Value>
            </HeartRateBpm>
            <Extensions>
              <ns3:TPX>
                <ns3:Speed>3.000000000</ns3:Speed>
                <ns3:RunCadence>82</ns3:RunCadence>
              </ns3:TPX>
            </Extensions>
          </Trackpoint>
          <Trackpoint>
            <Time>2020-01-03T00:14:40.000Z</Time>
            <Position>
              <LatitudeDegrees>25.528517173</LatitudeDegrees>
              <LongitudeDegrees>108.111572248</LongitudeDegrees>
            </Position>
            <AltitudeMeters>38.9</AltitudeMeters>
            <DistanceMeters>2640.000000000</DistanceMeters>
            <HeartRateBpm>
              <Value>153</Value>
            </HeartRateBpm>
            <Extensions>
              <ns3:TPX>
                <ns3:Speed>3.000000000</ns3:Speed>
                <ns3:RunCadence>82</ns3:RunCadence>
              </ns3:TPX>
            </Extensions>
          </Trackpoint>
          <Trackpoint>
            <Time>2020-01-03T00:14:45.000Z</Time>
            <Position>
              <LatitudeDegrees>25.528600067</LatitudeDegrees>
              <LongitudeDegrees>108.111690182</LongitudeDegrees>
            </Position>
            <AltitudeMeters>38.914835967</AltitudeMeters>
            <DistanceMeters>2655.000000000</DistanceMeters>
            <HeartRateBpm>
              <Value>153</Value>
            </HeartRateBpm>
            <Extensions>
              <ns3:TPX>
                <ns3:Speed>3.000000000</ns3:Speed>
                <ns3:RunCadence>81</ns3:RunCadence>
              </ns3:TPX>
            </Extensions>
          </Trackpoint>
          <Trackpoint>
            <Time>2020-01-03T00:14:50.000Z</Time>
            <Position>
              <LatitudeDegrees>25.528686163</LatitudeDegrees>
              <LongitudeDegrees>108.111805264</LongitudeDegrees>
            </Position>
            <AltitudeMeters>39.0</AltitudeMeters>
            <DistanceMeters>2670.000000000</DistanceMeters>
            <HeartRateBpm>
              <Value>153</Value>
            </HeartRateBpm>
            <Extensions>
              <ns3:TPX>
                <ns3:Speed>3.000000000</ns3:Speed>
                <ns3:RunCadence>81</ns3:RunCadence>
              </ns3:TPX>
            </Extensions>
          </Trackpoint>
          <Trackpoint>
            <Time>2020-01-03T00:14:55.000Z</Time>
            <Position>
              <LatitudeDegrees>25.528775380</LatitudeDegrees>
              <LongitudeDegrees>108.111917389</LongitudeDegrees>
            </Position>
            <AltitudeMeters>39.025405876</AltitudeMeters>
            <DistanceMeters>2685.000000000</DistanceMeters>
            <HeartRateBpm>
              <Value>153</Value>
            </HeartRateBpm>
            <Extensions>
              <ns3:TPX>
                <ns3:Speed>3.000000000</ns3:Speed>
                <ns3:RunCadence>81</ns3:RunCadence>
              </ns3:TPX>
            </Extensions>
          </Trackpoint>
          <Trackpoint>
            <Time>2020-01-03T00:15:00.000Z</Time>
            <Position>
              <LatitudeDegrees>25.528867637</LatitudeDegrees>
              <LongitudeDegrees>108.112026452</LongitudeDegrees>
            </Position>
            <AltitudeMeters>39.082240958</AltitudeMeters>
            <DistanceMeters>2700.000000000</DistanceMeters>
            <HeartRateBpm>
              <Value>153</Value>
            </HeartRateBpm>
            <Extensions>
              <ns3:TPX>
                <ns3:Speed>3.000000000</ns3:Speed>
                <ns3:RunCadence>81</ns3:RunCadence>
              </ns3:TPX>
            </Extensions>
          </Trackpoint>
          <Trackpoint>
            <Time>2020-01-03T00:15:05.000Z</Time>
            <Position>
              <LatitudeDegrees>25.528962846</LatitudeDegrees>
              <LongitudeDegrees>108.112132351</LongitudeDegrees>
            </Position>
            <AltitudeMeters>39.140030962</AltitudeMeters>
            <DistanceMeters>2715.000000000</DistanceMeters>
            <HeartRateBpm>
              <Value>153</Value>
            </HeartRateBpm>
            <Extensions>
              <ns3:TPX>
                <ns3:Speed>3.000000000</ns3:Speed>
                <ns3:RunCadence>81</ns3:RunCadence>
              </ns3:TPX>
            </Extensions>
          </Trackpoint>
          <Trackpoint>
            <Time>2020-01-03T00:15:10.000Z</Time>
            <Position>
              <LatitudeDegrees>25.529060920</LatitudeDegrees>
              <LongitudeDegrees>108.112234989</LongitudeDegrees>
            </Position>
            <AltitudeMeters>39.198715757</AltitudeMeters>
            <DistanceMeters>2730.000000000</DistanceMeters>
            <HeartRateBpm>
              <Value>153</Value>
            </HeartRateBpm>
            <Extensions>
              <ns3:TPX>
                <ns3:Speed>3.000000000</ns3:Speed>
                <ns3:RunCadence>81</ns3:RunCadence>
              </ns3:TPX>
            </Extensions>
          </Trackpoint>
          <Trackpoint>
            <Time>2020-01-03T00:15:15.000Z</Time>
            <Position>
              <LatitudeDegrees>25.529161769</LatitudeDegrees>
              <LongitudeDegrees>108.112334271</LongitudeDegrees>
            </Position>
            <AltitudeMeters>39.3</AltitudeMeters>
            <DistanceMeters>2745.000000000</DistanceMeters>
            <HeartRateBpm>
              <Value>153</Value>
            </HeartRateBpm>
            <Extensions>
              <ns3:TPX>
                <ns3:Speed>3.000000000</ns3:Speed>
                <ns3:RunCadence>81</ns3:RunCadence>
              </ns3:TPX>
            </Extensions>
          </Trackpoint>
          <Trackpoint>
            <Time>2020-01-03T00:15:20.000Z</Time>
            <Position>
              <LatitudeDegrees>25.529265298</LatitudeDegrees>
              <LongitudeDegrees>108.112430104</LongitudeDegrees>
            </Position>
            <AltitudeMeters>39.3</AltitudeMeters>
            <DistanceMeters>2760.000000000</DistanceMeters>
            <HeartRateBpm>
              <Value>153</Value>
            </HeartRateBpm>
            <Extensions>
              <ns3:TPX>
                <ns3:Speed>3.000000000</ns3:Speed>
                <ns3:RunCadence>81</ns3:RunCadence>
              </ns3:TPX>
            </Extensions>
          </Trackpoint>
          <Trackpoint>
            <Time>2020-01-03T00:15:25.000Z</Time>
            <Position>
              <LatitudeDegrees>25.529371412</LatitudeDegrees>
              <LongitudeDegrees>108.112522400</LongitudeDegrees>
            </Position>
            <AltitudeMeters>39.4</AltitudeMeters>
            <DistanceMeters>2775.000000000</DistanceMeters>
            <HeartRateBpm>
              <Value>153</Value>
            </HeartRateBpm>
            <Extensions>
              <ns3:TPX>
                <ns3:Speed>3.000000000</ns3:Speed>
                <ns3:RunCadence>81</ns3:RunCadence>
              </ns3:TPX>
            </Extensions>
          </Trackpoint>
          <Trackpoint>
            <Time>2020-01-03T00:15:30.000Z</Time>
            <Position>
              <LatitudeDegrees>25.529480011</LatitudeDegrees>
              <LongitudeDegrees>108.112611073</LongitudeDegrees>
            </Position>
            <AltitudeMeters>39.4</AltitudeMeters>
            <DistanceMeters>2790.000000000</DistanceMeters>
            <HeartRateBpm>
              <Value>153</Value>
            </HeartRateBpm>
            <Extensions>
              <ns3:TPX>
                <ns3:Speed>3.000000000</ns3:Speed>
                <ns3:RunCadence>81</ns3:RunCadence>
              </ns3:TPX>
            </Extensions>
          </Trackpoint>
          <Trackpoint>
            <Time>2020-01-03T00:15:35.000Z</Time>
            <Position>
              <LatitudeDegrees>25.529590997</LatitudeDegrees>
              <LongitudeDegrees>108.112696041</LongitudeDegrees>
            </Position>
            <AltitudeMeters>39.5</AltitudeMeters>
            <DistanceMeters>2805.000000000</DistanceMeters>
            <HeartRateBpm>
              <Value>153</Value>
            </HeartRateBpm>
            <Extensions>
              <ns3:TPX>
                <ns3:Speed>3.000000000</ns3:Speed>
                <ns3:RunCadence>81</ns3:RunCadence>
              </ns3:TPX>
            </Extensions>
          </Trackpoint>
          <Trackpoint>
            <Time>2020-01-03T00:15:40.000Z</Time>
            <Position>
              <LatitudeDegrees>25.529704265</LatitudeDegrees>
              <LongitudeDegrees>108.112777224</LongitudeDegrees>
            </Position>
            <AltitudeMeters>39.6</AltitudeMeters>
            <DistanceMeters>2820.00</DistanceMeters>
            <HeartRateBpm>
              <Value>153</Value>
            </HeartRateBpm>
            <Extensions>
              <ns3:TPX>
                <ns3:Speed>3.000000000</ns3:Speed>
                <ns3:RunCadence>81</ns3:RunCadence>
              </ns3:TPX>
            </Extensions>
          </Trackpoint>
          <Trackpoint>
            <Time>2020-01-03T00:15:45.000Z</Time>
            <Position>
              <LatitudeDegrees>25.529819711</LatitudeDegrees>
              <LongitudeDegrees>108.112854549</LongitudeDegrees>
            </Position>
            <AltitudeMeters>39.629333231</AltitudeMeters>
            <DistanceMeters>2835.000000000</DistanceMeters>
            <HeartRateBpm>
              <Value>152</Value>
            </HeartRateBpm>
            <Extensions>
              <ns3:TPX>
                <ns3:Speed>3.000000000</ns3:Speed>
                <ns3:RunCadence>81</ns3:RunCadence>
              </ns3:TPX>
            </Extensions>
          </Trackpoint>
        </Track>
        <Extensions>
          <ns3:LX>
            <ns3:AvgSpeed>3.0</ns3:AvgSpeed>
            <ns3:AvgRunCadence>84</ns3:AvgRunCadence>
            <ns3:MaxRunCadence>87</ns3:MaxRunCadence>
          </ns3:LX>
        </Extensions>
      </Lap>
      <Lap StartTime="2020-01-03T00:15:50.000Z">
        <TotalTimeSeconds>235.0</TotalTimeSeconds>
        <DistanceMeters>705.0</DistanceMeters>
        <MaximumSpeed>3.0</MaximumSpeed>
        <Calories>35</Calories>
        <AverageHeartRateBpm>
          <Value>146</Value>
        </AverageHeartRateBpm>
        <MaximumHeartRateBpm>
          <Value>152</Value>
        </MaximumHeartRateBpm>
        <Intensity>Active</Intensity>
        <TriggerMethod>Manual</TriggerMethod>
        <Track>
          <Trackpoint>
            <Time>2020-01-03T00:15:50.000Z</Time>
            <Position>
              <LatitudeDegrees>25.529937228</LatitudeDegrees>
              <LongitudeDegrees>108.112927943</LongitudeDegrees>
            </Position>
            <AltitudeMeters>39.692913506</AltitudeMeters>
            <DistanceMeters>2850.000000000</DistanceMeters>
            <HeartRateBpm>
              <Value>152</Value>
            </HeartRateBpm>
            <Extensions>
              <ns3:TPX>
                <ns3:Speed>3.000000000</ns3:Speed>
                <ns3:RunCadence>81</ns3:RunCadence>
              </ns3:TPX>
            </Extensions>
          </Trackpoint>
          <Trackpoint>
            <Time>2020-01-03T00:15:55.000Z</Time>
            <Position>
              <LatitudeDegrees>25.530056706</LatitudeDegrees>
              <LongitudeDegrees>108.112997338</LongitudeDegrees>
            </Position>
            <AltitudeMeters>39.756813303</AltitudeMeters>
            <DistanceMeters>2865.000000000</DistanceMeters>
            <HeartRateBpm>
              <Value>152</Value>
            </HeartRateBpm>
            <Extensions>
              <ns3:TPX>
                <ns3:Speed>3.000000000</ns3:Speed>
                <ns3:RunCadence>81</ns3:RunCadence>
              </ns3:TPX>
            </Extensions>
          </Trackpoint>
          <Trackpoint>
            <Time>2020-01-03T00:16:00.000Z</Time>
            <Position>
              <LatitudeDegrees>25.530178035</LatitudeDegrees>
              <LongitudeDegrees>108.113062670</LongitudeDegrees>
            </Position>
            <AltitudeMeters>39.8</AltitudeMeters>
            <DistanceMeters>2880.000000000</DistanceMeters>
            <HeartRateBpm>
              <Value>152</Value>
            </HeartRateBpm>
            <Extensions>
              <ns3:TPX>
                <ns3:Speed>3.000000000</ns3:Speed>
                <ns3:RunCadence>81</ns3:RunCadence>
              </ns3:TPX>
            </Extensions>
          </Trackpoint>
          <Trackpoint>
            <Time>2020-01-03T00:16:05.000Z</Time>
            <Position>
              <LatitudeDegrees>25.530301103</LatitudeDegrees>
              <LongitudeDegrees>108.113123878</LongitudeDegrees>
            </Position>
            <AltitudeMeters>39.9</AltitudeMeters>
            <DistanceMeters>2895.000000000</DistanceMeters>
            <HeartRateBpm>
              <Value>152</Value>
            </HeartRateBpm>
            <Extensions>
              <ns3:TPX>
                <ns3:Speed>3.000000000</ns3:Speed>
                <ns3:RunCadence>81</ns3:RunCadence>
              </ns3:TPX>
            </Extensions>
          </Trackpoint>
          <Trackpoint>
            <Time>2020-01-03T00:16:10.000Z</Time>
            <Position>
              <LatitudeDegrees>25.530425795</LatitudeDegrees>
              <LongitudeDegrees>108.113180906</LongitudeDegrees>
            </Position>
            <AltitudeMeters>39.9</AltitudeMeters>
            <DistanceMeters>2910.000000000</DistanceMeters>
            <HeartRateBpm>
              <Value>152</Value>
            </HeartRateBpm>
            <Extensions>
              <ns3:TPX>
                <ns3:Speed>3.000000000</ns3:Speed>
                <ns3:RunCadence>81</ns3:RunCadence>
              </ns3:TPX>
            </Extensions>
          </Trackpoint>
          <Trackpoint>
            <Time>2020-01-03T00:16:15.000Z</Time>
            <Position>
              <LatitudeDegrees>25.530551996</LatitudeDegrees>
              <LongitudeDegrees>108.113233700</LongitudeDegrees>
            </Position>
            <AltitudeMeters>40.014274426</AltitudeMeters>
            <DistanceMeters>2925.000000000</DistanceMeters>
            <HeartRateBpm>
              <Value>151</Value>
            </HeartRateBpm>
            <Extensions>
              <ns3:TPX>
                <ns3:Speed>3.000000000</ns3:Speed>
                <ns3:RunCadence>81</ns3:RunCadence>
              </ns3:TPX>
            </Extensions>
          </Trackpoint>
          <Trackpoint>
            <Time>2020-01-03T00:16:20.000Z</Time>
            <Position>
              <LatitudeDegrees>25.530679589</LatitudeDegrees>
              <LongitudeDegrees>108.113282212</LongitudeDegrees>
            </Position>
            <AltitudeMeters>40.1</AltitudeMeters>
            <DistanceMeters>2940.000000000</DistanceMeters>
            <HeartRateBpm>
              <Value>151</Value>
            </HeartRateBpm>
            <Extensions>
              <ns3:TPX>
                <ns3:Speed>3.000000000</ns3:Speed>
                <ns3:RunCadence>81</ns3:RunCadence>
              </ns3:TPX>
            </Extensions>
          </Trackpoint>
          <Trackpoint>
            <Time>2020-01-03T00:16:25.000Z</Time>
            <Position>
              <LatitudeDegrees>25.530808455</LatitudeDegrees>
              <LongitudeDegrees>108.113326397</LongitudeDegrees>
            </Position>
            <AltitudeMeters>40.143184209</AltitudeMeters>
            <DistanceMeters>2955.000000000</DistanceMeters>
            <HeartRateBpm>
              <Value>151</Value>
            </HeartRateBpm>
            <Extensions>
              <ns3:TPX>
                <ns3:Speed>3.000000000</ns3:Speed>
                <ns3:RunCadence>82</ns3:RunCadence>
              </ns3:TPX>
            </Extensions>
          </Trackpoint>
          <Trackpoint>
            <Time>2020-01-03T00:16:30.000Z</Time>
            <Position>
              <LatitudeDegrees>25.530938475</LatitudeDegrees>
              <LongitudeDegrees>108.113366213</LongitudeDegrees>
            </Position>
            <AltitudeMeters>40.207449138</AltitudeMeters>
            <DistanceMeters>2970.000000000</DistanceMeters>
            <HeartRateBpm>
              <Value>151</Value>
            </HeartRateBpm>
            <Extensions>
              <ns3:TPX>
                <ns3:Speed>3.000000000</ns3:Speed>
                <ns3:RunCadence>82</ns3:RunCadence>
              </ns3:TPX>
            </Extensions>
          </Trackpoint>
          <Trackpoint>
            <Time>2020-01-03T00:16:35.000Z</Time>
            <Position>
              <LatitudeDegrees>25.531069529</LatitudeDegrees>
              <LongitudeDegrees>108.113401624</LongitudeDegrees>
            </Position>
            <AltitudeMeters>40.3</AltitudeMeters>
            <DistanceMeters>2985.000000000</DistanceMeters>
            <HeartRateBpm>
              <Value>151</Value>
            </HeartRateBpm>
            <Extensions>
              <ns3:TPX>
                <ns3:Speed>3.000000000</ns3:Speed>
                <ns3:RunCadence>82</ns3:RunCadence>
              </ns3:TPX>
            </Extensions>
          </Trackpoint>
          <Trackpoint>
            <Time>2020-01-03T00:16:40.000Z</Time>
            <Position>
              <LatitudeDegrees>25.531201495</LatitudeDegrees>
              <LongitudeDegrees>108.113432598</LongitudeDegrees>
            </Position>
            <AltitudeMeters>40.335264806</AltitudeMeters>
            <DistanceMeters>3000.000000000</DistanceMeters>
            <HeartRateBpm>
              <Value>150</Value>
            </HeartRateBpm>
            <Extensions>
              <ns3:TPX>
                <ns3:Speed>3.000000000</ns3:Speed>
                <ns3:RunCadence>82</ns3:RunCadence>
              </ns3:TPX>
            </Extensions>
          </Trackpoint>
          <Trackpoint>
            <Time>2020-01-03T00:16:45.000Z</Time>
            <Position>
              <LatitudeDegrees>25.531334250</LatitudeDegrees>
              <LongitudeDegrees>108.113459104</LongitudeDegrees>
            </Position>
            <AltitudeMeters>40.4</AltitudeMeters>
            <DistanceMeters>3015.000000000</DistanceMeters>
            <HeartRateBpm>
              <Value>150</Value>
            </HeartRateBpm>
            <Extensions>
              <ns3:TPX>
                <ns3:Speed>3.000000000</ns3:Speed>
                <ns3:RunCadence>82</ns3:RunCadence>
              </ns3:TPX>
            </Extensions>
          </Trackpoint>
          <Trackpoint>
            <Time>2020-01-03T00:16:50.000Z</Time>
            <Position>
              <LatitudeDegrees>25.531467673</LatitudeDegrees>
              <LongitudeDegrees>108.113481119</LongitudeDegrees>
            </Position>
            <AltitudeMeters>40.5</AltitudeMeters>
            <DistanceMeters>3030.000000000</DistanceMeters>
            <HeartRateBpm>
              <Value>150</Value>
            </HeartRateBpm>
            <Extensions>
              <ns3:TPX>
                <ns3:Speed>3.000000000</ns3:Speed>
                <ns3:RunCadence>82</ns3:RunCadence>
              </ns3:TPX>
            </Extensions>
          </Trackpoint>
          <Trackpoint>
            <Time>2020-01-03T00:16:55.000Z</Time>
            <Position>
              <LatitudeDegrees>25.531601638</LatitudeDegrees>
              <LongitudeDegrees>108.113498623</LongitudeDegrees>
            </Position>
            <AltitudeMeters>40.5</AltitudeMeters>
            <DistanceMeters>3045.000000000</DistanceMeters>
            <HeartRateBpm>
              <Value>150</Value>
            </HeartRateBpm>
            <Extensions>
              <ns3:TPX>
                <ns3:Speed>3.000000000</ns3:Speed>
                <ns3:RunCadence>82</ns3:RunCadence>
              </ns3:TPX>
            </Extensions>
          </Trackpoint>
          <Trackpoint>
            <Time>2020-01-03T00:17:00.000Z</Time>
            <Position>
              <LatitudeDegrees>25.531736021</LatitudeDegrees>
              <LongitudeDegrees>108.113511599</LongitudeDegrees>
            </Position>
            <AltitudeMeters>40.586185124</AltitudeMeters>
            <DistanceMeters>3060.000000000</DistanceMeters>
            <HeartRateBpm>
              <Value>149</Value>
            </HeartRateBpm>
            <Extensions>
              <ns3:TPX>
                <ns3:Speed>3.000000000</ns3:Speed>
                <ns3:RunCadence>82</ns3:RunCadence>
              </ns3:TPX>
            </Extensions>
          </Trackpoint>
          <Trackpoint>
            <Time>2020-01-03T00:17:05.000Z</Time>
            <Position>
              <LatitudeDegrees>25.531870699</LatitudeDegrees>
              <LongitudeDegrees>108.113520034</LongitudeDegrees>
            </Position>
            <AltitudeMeters>40.6</AltitudeMeters>
            <DistanceMeters>3075.00</DistanceMeters>
            <HeartRateBpm>
              <Value>149</Value>
            </HeartRateBpm>
            <Extensions>
              <ns3:TPX>
                <ns3:Speed>3.000000000</ns3:Speed>
                <ns3:RunCadence>83</ns3:RunCadence>
              </ns3:TPX>
            </Extensions>
          </Trackpoint>
          <Trackpoint>
            <Time>2020-01-03T00:17:10.000Z</Time>
            <Position>
              <LatitudeDegrees>25.532005547</LatitudeDegrees>
              <LongitudeDegrees>108.113523922</LongitudeDegrees>
            </Position>
            <AltitudeMeters>40.708245721</AltitudeMeters>
            <DistanceMeters>3090.0</DistanceMeters>
            <HeartRateBpm>
              <Value>149</Value>
            </HeartRateBpm>
            <Extensions>
              <ns3:TPX>
                <ns3:Speed>3.000000000</ns3:Speed>
                <ns3:RunCadence>83</ns3:RunCadence>
              </ns3:TPX>
            </Extensions>
          </Trackpoint>
          <Trackpoint>
            <Time>2020-01-03T00:17:15.000Z</Time>
            <Position>
              <LatitudeDegrees>25.532140438</LatitudeDegrees>
              <LongitudeDegrees>108.113523259</LongitudeDegrees>
            </Position>
            <AltitudeMeters>40.8</AltitudeMeters>
            <DistanceMeters>3105.000000000</DistanceMeters>
            <HeartRateBpm>
              <Value>148</Value>
            </HeartRateBpm>
            <Extensions>
              <ns3:TPX>
                <ns3:Speed>3.000000000</ns3:Speed>
                <ns3:RunCadence>83</ns3:RunCadence>
              </ns3:TPX>
            </Extensions>
          </Trackpoint>
          <Trackpoint>
            <Time>2020-01-03T00:17:20.000Z</Time>
            <Position>
              <LatitudeDegrees>25.532275249</LatitudeDegrees>
              <LongitudeDegrees>108.113518045</LongitudeDegrees>
            </Position>
            <AltitudeMeters>40.8</AltitudeMeters>
            <DistanceMeters>3120.000000000</DistanceMeters>
            <HeartRateBpm>
              <Value>148</Value>
            </HeartRateBpm>
            <Extensions>
              <ns3:TPX>
                <ns3:Speed>3.000000000</ns3:Speed>
                <ns3:RunCadence>83</ns3:RunCadence>
              </ns3:TPX>
            </Extensions>
          </Trackpoint>
          <Trackpoint>
            <Time>2020-01-03T00:17:25.000Z</Time>
            <Position>
              <LatitudeDegrees>25.532409854</LatitudeDegrees>
              <LongitudeDegrees>108.113508285</LongitudeDegrees>
            </Position>
            <AltitudeMeters>40.885655706</AltitudeMeters>
            <DistanceMeters>3135.000000000</DistanceMeters>
            <HeartRateBpm>
              <Value>148</Value>
            </HeartRateBpm>
            <Extensions>
              <ns3:TPX>
                <ns3:Speed>3.000000000</ns3:Speed>
                <ns3:RunCadence>83</ns3:RunCadence>
              </ns3:TPX>
            </Extensions>
          </Trackpoint>
          <Trackpoint>
            <Time>2020-01-03T00:17:30.000Z</Time>
            <Position>
              <LatitudeDegrees>25.532544129</LatitudeDegrees>
              <LongitudeDegrees>108.113493988</LongitudeDegrees>
            </Position>
            <AltitudeMeters>40.943030506</AltitudeMeters>
            <DistanceMeters>3150.000000000</DistanceMeters>
            <HeartRateBpm>
              <Value>147</Value>
            </HeartRateBpm>
            <Extensions>
              <ns3:TPX>
                <ns3:Speed>3.000000000</ns3:Speed>
                <ns3:RunCadence>83</ns3:RunCadence>
              </ns3:TPX>
            </Extensions>
          </Trackpoint>
          <Trackpoint>
            <Time>2020-01-03T00:17:35.000Z</Time>
            <Position>
              <LatitudeDegrees>25.532677949</LatitudeDegrees>
              <LongitudeDegrees>108.113475167</LongitudeDegrees>
            </Position>
            <AltitudeMeters>40.999424090</AltitudeMeters>
            <DistanceMeters>3165.000000000</DistanceMeters>
            <HeartRateBpm>
              <Value>147</Value>
            </HeartRateBpm>
            <Extensions>
              <ns3:TPX>
                <ns3:Speed>3.000000000</ns3:Speed>
                <ns3:RunCadence>84</ns3:RunCadence>
              </ns3:TPX>
            </Extensions>
          </Trackpoint>
          <Trackpoint>
            <Time>2020-01-03T00:17:40.000Z</Time>
            <Position>
              <LatitudeDegrees>25.532811189</LatitudeDegrees>
              <LongitudeDegrees>108.113451841</LongitudeDegrees>
            </Position>
            <AltitudeMeters>41.1</AltitudeMeters>
            <DistanceMeters>3180.000000000</DistanceMeters>
            <HeartRateBpm>
              <Value>147</Value>
            </HeartRateBpm>
            <Extensions>
              <ns3:TPX>
                <ns3:Speed>3.000000000</ns3:Speed>
                <ns3:RunCadence>84</ns3:RunCadence>
              </ns3:TPX>
            </Extensions>
          </Trackpoint>
          <Trackpoint>
            <Time>2020-01-03T00:17:45.000Z</Time>
            <Position>
              <LatitudeDegrees>25.532943727</LatitudeDegrees>
              <LongitudeDegrees>108.113424030</LongitudeDegrees>
            </Position>
            <AltitudeMeters>41.1</AltitudeMeters>
            <DistanceMeters>3195.000000000</DistanceMeters>
            <HeartRateBpm>
              <Value>146</Value>
            </HeartRateBpm>
            <Extensions>
              <ns3:TPX>
                <ns3:Speed>3.000000000</ns3:Speed>
                <ns3:RunCadence>84</ns3:RunCadence>
              </ns3:TPX>
            </Extensions>
          </Trackpoint>
          <Trackpoint>
            <Time>2020-01-03T00:17:50.000Z</Time>
            <Position>
              <LatitudeDegrees>25.533075440</LatitudeDegrees>
              <LongitudeDegrees>108.113391760</LongitudeDegrees>
            </Position>
            <AltitudeMeters>41.2</AltitudeMeters>
            <DistanceMeters>3210.000000000</DistanceMeters>
            <HeartRateBpm>
              <Value>146</Value>
            </HeartRateBpm>
            <Extensions>
              <ns3:TPX>
                <ns3:Speed>3.000000000</ns3:Speed>
                <ns3:RunCadence>84</ns3:RunCadence>
              </ns3:TPX>
            </Extensions>
          </Trackpoint>
          <Trackpoint>
            <Time>2020-01-03T00:17:55.000Z</Time>
            <Position>
              <LatitudeDegrees>25.533206205</LatitudeDegrees>
              <LongitudeDegrees>108.113355061</LongitudeDegrees>
            </Position>
            <AltitudeMeters>41.2</AltitudeMeters>
            <DistanceMeters>3225.000000000</DistanceMeters>
            <HeartRateBpm>
              <Value>146</Value>
            </HeartRateBpm>
            <Extensions>
              <ns3:TPX>
                <ns3:Speed>3.000000000</ns3:Speed>
                <ns3:RunCadence>84</ns3:RunCadence>
              </ns3:TPX>
            </Extensions>
          </Trackpoint>
          <Trackpoint>
            <Time>2020-01-03T00:18:00.000Z</Time>
            <Position>
              <LatitudeDegrees>25.533335901</LatitudeDegrees>
              <LongitudeDegrees>108.113313967</LongitudeDegrees>
            </Position>
            <AltitudeMeters>41.3</AltitudeMeters>
            <DistanceMeters>3240.000000000</DistanceMeters>
            <HeartRateBpm>
              <Value>145</Value>
            </HeartRateBpm>
            <Extensions>
              <ns3:TPX>
                <ns3:Speed>3.000000000</ns3:Speed>
                <ns3:RunCadence>84</ns3:RunCadence>
              </ns3:TPX>
            </Extensions>
          </Trackpoint>
          <Trackpoint>
            <Time>2020-01-03T00:18:05.000Z</Time>
            <Position>
              <LatitudeDegrees>25.533464409</LatitudeDegrees>
              <LongitudeDegrees>108.113268517</LongitudeDegrees>
            </Position>
            <AltitudeMeters>41.3</AltitudeMeters>
            <DistanceMeters>3255.000000000</DistanceMeters>
            <HeartRateBpm>
              <Value>145</Value>
            </HeartRateBpm>
            <Extensions>
              <ns3:TPX>
                <ns3:Speed>3.000000000</ns3:Speed>
                <ns3:RunCadence>85</ns3:RunCadence>
              </ns3:TPX>
            </Extensions>
          </Trackpoint>
          <Trackpoint>
            <Time>2020-01-03T00:18:10.000Z</Time>
            <Position>
              <LatitudeDegrees>25.533591608</LatitudeDegrees>
              <LongitudeDegrees>108.113218752</LongitudeDegrees>
            </Position>
            <AltitudeMeters>41.361920028</AltitudeMeters>
            <DistanceMeters>3270.000000000</DistanceMeters>
            <HeartRateBpm>
              <Value>145</Value>
            </HeartRateBpm>
            <Extensions>
              <ns3:TPX>
                <ns3:Speed>3.000000000</ns3:Speed>
                <ns3:RunCadence>85</ns3:RunCadence>
              </ns3:TPX>
            </Extensions>
          </Trackpoint>
          <Trackpoint>
            <Time>2020-01-03T00:18:15.000Z</Time>
            <Position>
              <LatitudeDegrees>25.533717381</LatitudeDegrees>
              <LongitudeDegrees>108.113164719</LongitudeDegrees>
            </Position>
            <AltitudeMeters>41.408449791</AltitudeMeters>
            <DistanceMeters>3285.000000000</DistanceMeters>
            <HeartRateBpm>
              <Value>144</Value>
            </HeartRateBpm>
            <Extensions>
              <ns3:TPX>
                <ns3:Speed>3.000000000</ns3:Speed>
                <ns3:RunCadence>85</ns3:RunCadence>
              </ns3:TPX>
            </Extensions>
          </Trackpoint>
          <Trackpoint>
            <Time>2020-01-03T00:18:20.000Z</Time>
            <Position>
              <LatitudeDegrees>25.533841612</LatitudeDegrees>
              <LongitudeDegrees>108.113106467</LongitudeDegrees>
            </Position>
            <AltitudeMeters>41.453514072</AltitudeMeters>
            <DistanceMeters>3300.000000000</DistanceMeters>
            <HeartRateBpm>
              <Value>144</Value>
            </HeartRateBpm>
            <Extensions>
              <ns3:TPX>
                <ns3:Speed>3.000000000</ns3:Speed>
                <ns3:RunCadence>85</ns3:RunCadence>
              </ns3:TPX>
            </Extensions>
          </Trackpoint>
          <Trackpoint>
            <Time>2020-01-03T00:18:25.000Z</Time>
            <Position>
              <LatitudeDegrees>25.533964184</LatitudeDegrees>
              <LongitudeDegrees>108.113044051</LongitudeDegrees>
            </Position>
            <AltitudeMeters>41.5</AltitudeMeters>
            <DistanceMeters>3315.000000000</DistanceMeters>
            <HeartRateBpm>
              <Value>144</Value>
            </HeartRateBpm>
            <Extensions>
              <ns3:TPX>
                <ns3:Speed>3.000000000</ns3:Speed>
                <ns3:RunCadence>85</ns3:RunCadence>
              </ns3:TPX>
            </Extensions>
          </Trackpoint>
          <Trackpoint>
            <Time>2020-01-03T00:18:30.000Z</Time>
            <Position>
              <LatitudeDegrees>25.534084986</LatitudeDegrees>
              <LongitudeDegrees>108.112977528</LongitudeDegrees>
            </Position>
            <AltitudeMeters>41.539060208</AltitudeMeters>
            <DistanceMeters>3330.000000000</DistanceMeters>
            <HeartRateBpm>
              <Value>143</Value>
            </HeartRateBpm>
            <Extensions>
              <ns3:TPX>
                <ns3:Speed>3.000000000</ns3:Speed>
                <ns3:RunCadence>85</ns3:RunCadence>
              </ns3:TPX>
            </Extensions>
          </Trackpoint>
          <Trackpoint>
            <Time>2020-01-03T00:18:35.000Z</Time>
            <Position>
              <LatitudeDegrees>25.534203903</LatitudeDegrees>
              <LongitudeDegrees>108.112906961</LongitudeDegrees>
            </Position>
            <AltitudeMeters>41.6</AltitudeMeters>
            <DistanceMeters>3345.000000000</DistanceMeters>
            <HeartRateBpm>
              <Value>143</Value>
            </HeartRateBpm>
            <Extensions>
              <ns3:TPX>
                <ns3:Speed>3.000000000</ns3:Speed>
                <ns3:RunCadence>86</ns3:RunCadence>
              </ns3:TPX>
            </Extensions>
          </Trackpoint>
          <Trackpoint>
            <Time>2020-01-03T00:18:40.000Z</Time>
            <Position>
              <LatitudeDegrees>25.534320828</LatitudeDegrees>
              <LongitudeDegrees>108.112832414</LongitudeDegrees>
            </Position>
            <AltitudeMeters>41.618202488</AltitudeMeters>
            <DistanceMeters>3360.000000000</DistanceMeters>
            <HeartRateBpm>
              <Value>143</Value>
            </HeartRateBpm>
            <Extensions>
              <ns3:TPX>
                <ns3:Speed>3.000000000</ns3:Speed>
                <ns3:RunCadence>86</ns3:RunCadence>
              </ns3:TPX>
            </Extensions>
          </Trackpoint>
          <Trackpoint>
            <Time>2020-01-03T00:18:45.000Z</Time>
            <Position>
              <LatitudeDegrees>25.534435650</LatitudeDegrees>
              <LongitudeDegrees>108.112753957</LongitudeDegrees>
            </Position>
            <AltitudeMeters>41.7</AltitudeMeters>
            <DistanceMeters>3375.000000000</DistanceMeters>
            <HeartRateBpm>
              <Value>142</Value>
            </HeartRateBpm>
            <Extensions>
              <ns3:TPX>
                <ns3:Speed>3.000000000</ns3:Speed>
                <ns3:RunCadence>86</ns3:RunCadence>
              </ns3:TPX>
            </Extensions>
          </Trackpoint>
          <Trackpoint>
            <Time>2020-01-03T00:18:50.000Z</Time>
            <Position>
              <LatitudeDegrees>25.534548263</LatitudeDegrees>
              <LongitudeDegrees>108.112671662</LongitudeDegrees>
            </Position>
            <AltitudeMeters>41.7</AltitudeMeters>
            <DistanceMeters>3390.000000000</DistanceMeters>
            <HeartRateBpm>
              <Value>142</Value>
            </HeartRateBpm>
            <Extensions>
              <ns3:TPX>
                <ns3:Speed>3.000000000</ns3:Speed>
                <ns3:RunCadence>86</ns3:RunCadence>
              </ns3:TPX>
            </Extensions>
          </Trackpoint>
          <Trackpoint>
            <Time>2020-01-03T00:18:55.000Z</Time>
            <Position>
              <LatitudeDegrees>25.534658564</LatitudeDegrees>
              <LongitudeDegrees>108.112585606</LongitudeDegrees>
            </Position>
            <AltitudeMeters>41.724195955</AltitudeMeters>
            <DistanceMeters>3405.000000000</DistanceMeters>
            <HeartRateBpm>
              <Value>142</Value>
            </HeartRateBpm>
            <Extensions>
              <ns3:TPX>
                <ns3:Speed>3.000000000</ns3:Speed>
                <ns3:RunCadence>86</ns3:RunCadence>
              </ns3:TPX>
            </Extensions>
          </Trackpoint>
          <Trackpoint>
            <Time>2020-01-03T00:19:00.000Z</Time>
            <Position>
              <LatitudeDegrees>25.534766450</LatitudeDegrees>
              <LongitudeDegrees>108.112495868</LongitudeDegrees>
            </Position>
            <AltitudeMeters>41.755986287</AltitudeMeters>
            <DistanceMeters>3420.000000000</DistanceMeters>
            <HeartRateBpm>
              <Value>141</Value>
            </HeartRateBpm>
            <Extensions>
              <ns3:TPX>
                <ns3:Speed>3.000000000</ns3:Speed>
                <ns3:RunCadence>86</ns3:RunCadence>
              </ns3:TPX>
            </Extensions>
          </Trackpoint>
          <Trackpoint>
            <Time>2020-01-03T00:19:05.000Z</Time>
            <Position>
              <LatitudeDegrees>25.534871820</LatitudeDegrees>
              <LongitudeDegrees>108.112402533</LongitudeDegrees>
            </Position>
            <AltitudeMeters>41.8</AltitudeMeters>
            <DistanceMeters>3435.00</DistanceMeters>
            <HeartRateBpm>
              <Value>141</Value>
            </HeartRateBpm>
            <Extensions>
              <ns3:TPX>
                <ns3:Speed>3.000000000</ns3:Speed>
                <ns3:RunCadence>86</ns3:RunCadence>
              </ns3:TPX>
            </Extensions>
          </Trackpoint>
          <Trackpoint>
            <Time>2020-01-03T00:19:10.000Z</Time>
            <Position>
              <LatitudeDegrees>25.534974578</LatitudeDegrees>
              <LongitudeDegrees>108.112305685</LongitudeDegrees>
            </Position>
            <AltitudeMeters>41.8</AltitudeMeters>
            <DistanceMeters>3450.000000000</DistanceMeters>
            <HeartRateBpm>
              <Value>141</Value>
            </HeartRateBpm>
            <Extensions>
              <ns3:TPX>
                <ns3:Speed>3.000000000</ns3:Speed>
                <ns3:RunCadence>86</ns3:RunCadence>
              </ns3:TPX>
            </Extensions>
          </Trackpoint>
          <Trackpoint>
            <Time>2020-01-03T00:19:15.000Z</Time>
            <Position>
              <LatitudeDegrees>25.535074627</LatitudeDegrees>
              <LongitudeDegrees>108.112205415</LongitudeDegrees>
            </Position>
            <AltitudeMeters>41.8</AltitudeMeters>
            <DistanceMeters>3465.000000000</DistanceMeters>
            <HeartRateBpm>
              <Value>140</Value>
            </HeartRateBpm>
            <Extensions>
              <ns3:TPX>
                <ns3:Speed>3.000000000</ns3:Speed>
                <ns3:RunCadence>87</ns3:RunCadence>
              </ns3:TPX>
            </Extensions>
          </Trackpoint>
          <Trackpoint>
            <Time>2020-01-03T00:19:20.000Z</Time>
            <Position>
              <LatitudeDegrees>25.535171876</LatitudeDegrees>
              <LongitudeDegrees>108.112101817</LongitudeDegrees>
            </Position>
            <AltitudeMeters>41.9</AltitudeMeters>
            <DistanceMeters>3480.000000000</DistanceMeters>
            <HeartRateBpm>
              <Value>140</Value>
            </HeartRateBpm>
            <Extensions>
              <ns3:TPX>
                <ns3:Speed>3.000000000</ns3:Speed>
                <ns3:RunCadence>87</ns3:RunCadence>
              </ns3:TPX>
            </Extensions>
          </Trackpoint>
          <Trackpoint>
            <Time>2020-01-03T00:19:25.000Z</Time>
            <Position>
              <LatitudeDegrees>25.535266233</LatitudeDegrees>
              <LongitudeDegrees>108.111994985</LongitudeDegrees>
            </Position>
            <AltitudeMeters>41.9</AltitudeMeters>
            <DistanceMeters>3495.000000000</DistanceMeters>
            <HeartRateBpm>
              <Value>140</Value>
            </HeartRateBpm>
            <Extensions>
              <ns3:TPX>
                <ns3:Speed>3.000000000</ns3:Speed>
                <ns3:RunCadence>87</ns3:RunCadence>
              </ns3:TPX>
            </Extensions>
          </Trackpoint>
          <Trackpoint>
            <Time>2020-01-03T00:19:30.000Z</Time>
            <Position>
              <LatitudeDegrees>25.535357612</LatitudeDegrees>
              <LongitudeDegrees>108.111885019</LongitudeDegrees>
            </Position>
            <AltitudeMeters>41.9</AltitudeMeters>
            <DistanceMeters>3510.000000000</DistanceMeters>
            <HeartRateBpm>
              <Value>140</Value>
            </HeartRateBpm>
            <Extensions>
              <ns3:TPX>
                <ns3:Speed>3.000000000</ns3:Speed>
                <ns3:RunCadence>87</ns3:RunCadence>
              </ns3:TPX>
            </Extensions>
          </Trackpoint>
          <Trackpoint>
            <Time>2020-01-03T00:19:35.000Z</Time>
            <Position>
              <LatitudeDegrees>25.535445928</LatitudeDegrees>
              <LongitudeDegrees>108.111772022</LongitudeDegrees>
            </Position>
            <AltitudeMeters>41.9</AltitudeMeters>
            <DistanceMeters>3525.000000000</DistanceMeters>
            <HeartRateBpm>
              <Value>139</Value>
            </HeartRateBpm>
            <Extensions>
              <ns3:TPX>
                <ns3:Speed>3.000000000</ns3:Speed>
                <ns3:RunCadence>87</ns3:RunCadence>
              </ns3:TPX>
            </Extensions>
          </Trackpoint>
          <Trackpoint>
            <Time>2020-01-03T00:19:40.000Z</Time>
            <Position>
              <LatitudeDegrees>25.535531099</LatitudeDegrees>
              <LongitudeDegrees>108.111656097</LongitudeDegrees>
            </Position>
            <AltitudeMeters>41.9</AltitudeMeters>
            <DistanceMeters>3540.000000000</DistanceMeters>
            <HeartRateBpm>
              <Value>139</Value>
            </HeartRateBpm>
            <Extensions>
              <ns3:TPX>
                <ns3:Speed>3.000000000</ns3:Speed>
                <ns3:RunCadence>87</ns3:RunCadence>
              </ns3:TPX>
            </Extensions>
          </Trackpoint>
        </Track>
        <Extensions>
          <ns3:LX>
            <ns3:AvgSpeed>3.0</ns3:AvgSpeed>
            <ns3:AvgRunCadence>84</ns3:AvgRunCadence>
            <ns3:MaxRunCadence>87</ns3:MaxRunCadence>
          </ns3:LX>
        </Extensions>
      </Lap>
      <Lap StartTime="2020-01-03T00:19:45.000Z">
        <TotalTimeSeconds>240.0</TotalTimeSeconds>
        <DistanceMeters>720.0</DistanceMeters>
        <MaximumSpeed>3.0</MaximumSpeed>
        <Calories>36</Calories>
        <AverageHeartRateBpm>
          <Value>139</Value>
        </AverageHeartRateBpm>
        <MaximumHeartRateBpm>
          <Value>143</Value>
        </MaximumHeartRateBpm>
        <Intensity>Active</Intensity>
        <TriggerMethod>Manual</TriggerMethod>
        <Track>
          <Trackpoint>
            <Time>2020-01-03T00:19:45.000Z</Time>
            <Position>
              <LatitudeDegrees>25.535613045</LatitudeDegrees>
              <LongitudeDegrees>108.111537352</LongitudeDegrees>
            </Position>
            <AltitudeMeters>41.956552290</AltitudeMeters>
            <DistanceMeters>3555.0</DistanceMeters>
            <HeartRateBpm>
              <Value>139</Value>
            </HeartRateBpm>
            <Extensions>
              <ns3:TPX>
                <ns3:Speed>3.000000000</ns3:Speed>
                <ns3:RunCadence>87</ns3:RunCadence>
              </ns3:TPX>
            </Extensions>
          </Trackpoint>
          <Trackpoint>
            <Time>2020-01-03T00:19:50.000Z</Time>
            <Position>
              <LatitudeDegrees>25.535691692</LatitudeDegrees>
              <LongitudeDegrees>108.111415897</LongitudeDegrees>
            </Position>
            <AltitudeMeters>41.968906664</AltitudeMeters>
            <DistanceMeters>3570.000000000</DistanceMeters>
            <HeartRateBpm>
              <Value>139</Value>
            </HeartRateBpm>
            <Extensions>
              <ns3:TPX>
                <ns3:Speed>3.000000000</ns3:Speed>
                <ns3:RunCadence>87</ns3:RunCadence>
              </ns3:TPX>
            </Extensions>
          </Trackpoint>
          <Trackpoint>
            <Time>2020-01-03T00:19:55.000Z</Time>
            <Position>
              <LatitudeDegrees>25.535766966</LatitudeDegrees>
              <LongitudeDegrees>108.111291846</LongitudeDegrees>
            </Position>
            <AltitudeMeters>42.0</AltitudeMeters>
            <DistanceMeters>3585.000000000</DistanceMeters>
            <HeartRateBpm>
              <Value>138</Value>
            </HeartRateBpm>
            <Extensions>
              <ns3:TPX>
                <ns3:Speed>3.000000000</ns3:Speed>
                <ns3:RunCadence>87</ns3:RunCadence>
              </ns3:TPX>
            </Extensions>
          </Trackpoint>
          <Trackpoint>
            <Time>2020-01-03T00:20:00.000Z</Time>
            <Position>
              <LatitudeDegrees>25.535838797</LatitudeDegrees>
              <LongitudeDegrees>108.111165312</LongitudeDegrees>
            </Position>
            <AltitudeMeters>42.0</AltitudeMeters>
            <DistanceMeters>3600.000000000</DistanceMeters>
            <HeartRateBpm>
              <Value>138</Value>
            </HeartRateBpm>
            <Extensions>
              <ns3:TPX>
                <ns3:Speed>3.000000000</ns3:Speed>
                <ns3:RunCadence>87</ns3:RunCadence>
              </ns3:TPX>
            </Extensions>
          </Trackpoint>
          <Trackpoint>
            <Time>2020-01-03T00:20:05.000Z</Time>
            <Position>
              <LatitudeDegrees>25.535907119</LatitudeDegrees>
              <LongitudeDegrees>108.111036413</LongitudeDegrees>
            </Position>
            <AltitudeMeters>41.993637238</AltitudeMeters>
            <DistanceMeters>3615.000000000</DistanceMeters>
            <HeartRateBpm>
              <Value>138</Value>
            </HeartRateBpm>
            <Extensions>
              <ns3:TPX>
                <ns3:Speed>3.000000000</ns3:Speed>
                <ns3:RunCadence>87</ns3:RunCadence>
              </ns3:TPX>
            </Extensions>
          </Trackpoint>
          <Trackpoint>
            <Time>2020-01-03T00:20:10.000Z</Time>
            <Position>
              <LatitudeDegrees>25.535971868</LatitudeDegrees>
              <LongitudeDegrees>108.110905269</LongitudeDegrees>
            </Position>
            <AltitudeMeters>42.0</AltitudeMeters>
            <DistanceMeters>3630.000000000</DistanceMeters>
            <HeartRateBpm>
              <Value>138</Value>
            </HeartRateBpm>
            <Extensions>
              <ns3:TPX>
                <ns3:Speed>3.000000000</ns3:Speed>
                <ns3:RunCadence>87</ns3:RunCadence>
              </ns3:TPX>
            </Extensions>
          </Trackpoint>
          <Trackpoint>
            <Time>2020-01-03T00:20:15.000Z</Time>
            <Position>
              <LatitudeDegrees>25.536032985</LatitudeDegrees>
              <LongitudeDegrees>108.110772002</LongitudeDegrees>
            </Position>
            <AltitudeMeters>41.999766772</AltitudeMeters>
            <DistanceMeters>3645.000000000</DistanceMeters>
            <HeartRateBpm>
              <Value>138</Value>
            </HeartRateBpm>
            <Extensions>
              <ns3:TPX>
                <ns3:Speed>3.000000000</ns3:Speed>
                <ns3:RunCadence>87</ns3:RunCadence>
              </ns3:TPX>
            </Extensions>
          </Trackpoint>
          <Trackpoint>
            <Time>2020-01-03T00:20:20.000Z</Time>
            <Position>
              <LatitudeDegrees>25.536090412</LatitudeDegrees>
              <LongitudeDegrees>108.110636734</LongitudeDegrees>
            </Position>
            <AltitudeMeters>42.0</AltitudeMeters>
            <DistanceMeters>3660.000000000</DistanceMeters>
            <HeartRateBpm>
              <Value>138</Value>
            </HeartRateBpm>
            <Extensions>
              <ns3:TPX>
                <ns3:Speed>3.000000000</ns3:Speed>
                <ns3:RunCadence>87</ns3:RunCadence>
              </ns3:TPX>
            </Extensions>
          </Trackpoint>
          <Trackpoint>
            <Time>2020-01-03T00:20:25.000Z</Time>
            <Position>
              <LatitudeDegrees>25.536144097</LatitudeDegrees>
              <LongitudeDegrees>108.110499591</LongitudeDegrees>
            </Position>
            <AltitudeMeters>41.997575501</AltitudeMeters>
            <DistanceMeters>3675.000000000</DistanceMeters>
            <HeartRateBpm>
              <Value>137</Value>
            </HeartRateBpm>
            <Extensions>
              <ns3:TPX>
                <ns3:Speed>3.000000000</ns3:Speed>
                <ns3:RunCadence>87</ns3:RunCadence>
              </ns3:TPX>
            </Extensions>
          </Trackpoint>
          <Trackpoint>
            <Time>2020-01-03T00:20:30.000Z</Time>
            <Position>
              <LatitudeDegrees>25.536193989</LatitudeDegrees>
              <LongitudeDegrees>108.110360701</LongitudeDegrees>
            </Position>
            <AltitudeMeters>41.993361062</AltitudeMeters>
            <DistanceMeters>3690.000000000</DistanceMeters>
            <HeartRateBpm>
              <Value>137</Value>
            </HeartRateBpm>
            <Extensions>
              <ns3:TPX>
                <ns3:Speed>3.000000000</ns3:Speed>
                <ns3:RunCadence>87</ns3:RunCadence>
              </ns3:TPX>
            </Extensions>
          </Trackpoint>
          <Trackpoint>
            <Time>2020-01-03T00:20:35.000Z</Time>
            <Position>
              <LatitudeDegrees>25.536240043</LatitudeDegrees>
              <LongitudeDegrees>108.110220191</LongitudeDegrees>
            </Position>
            <AltitudeMeters>41.987072544</AltitudeMeters>
            <DistanceMeters>3705.000000000</DistanceMeters>
            <HeartRateBpm>
              <Value>137</Value>
            </HeartRateBpm>
            <Extensions>
              <ns3:TPX>
                <ns3:Speed>3.000000000</ns3:Speed>
                <ns3:RunCadence>87</ns3:RunCadence>
              </ns3:TPX>
            </Extensions>
          </Trackpoint>
          <Trackpoint>
            <Time>2020-01-03T00:20:40.000Z</Time>
            <Position>
              <LatitudeDegrees>25.536282216</LatitudeDegrees>
              <LongitudeDegrees>108.110078193</LongitudeDegrees>
            </Position>
            <AltitudeMeters>41.978716493</AltitudeMeters>
            <DistanceMeters>3720.000000000</DistanceMeters>
            <HeartRateBpm>
              <Value>137</Value>
            </HeartRateBpm>
            <Extensions>
              <ns3:TPX>
                <ns3:Speed>3.000000000</ns3:Speed>
                <ns3:RunCadence>87</ns3:RunCadence>
              </ns3:TPX>
            </Extensions>
          </Trackpoint>
          <Trackpoint>
            <Time>2020-01-03T00:20:45.000Z</Time>
            <Position>
              <LatitudeDegrees>25.536320468</LatitudeDegrees>
              <LongitudeDegrees>108.109934838</LongitudeDegrees>
            </Position>
            <AltitudeMeters>41.968301602</AltitudeMeters>
            <DistanceMeters>3735.000000000</DistanceMeters>
            <HeartRateBpm>
              <Value>137</Value>
            </HeartRateBpm>
            <Extensions>
              <ns3:TPX>
                <ns3:Speed>3.000000000</ns3:Speed>
                <ns3:RunCadence>87</ns3:RunCadence>
              </ns3:TPX>
            </Extensions>
          </Trackpoint>
          <Trackpoint>
            <Time>2020-01-03T00:20:50.000Z</Time>
            <Position>
              <LatitudeDegrees>25.536354765</LatitudeDegrees>
              <LongitudeDegrees>108.109790259</LongitudeDegrees>
            </Position>
            <AltitudeMeters>41.955838708</AltitudeMeters>
            <DistanceMeters>3750.000000000</DistanceMeters>
            <HeartRateBpm>
              <Value>137</Value>
            </HeartRateBpm>
            <Extensions>
              <ns3:TPX>
                <ns3:Speed>3.000000000</ns3:Speed>
                <ns3:RunCadence>87</ns3:RunCadence>
              </ns3:TPX>
            </Extensions>
          </Trackpoint>
          <Trackpoint>
            <Time>2020-01-03T00:20:55.000Z</Time>
            <Position>
              <LatitudeDegrees>25.536385074</LatitudeDegrees>
              <LongitudeDegrees>108.109644590</LongitudeDegrees>
            </Position>
            <AltitudeMeters>41.941340779</AltitudeMeters>
            <DistanceMeters>3765.000000000</DistanceMeters>
            <HeartRateBpm>
              <Value>137</Value>
            </HeartRateBpm>
            <Extensions>
              <ns3:TPX>
                <ns3:Speed>3.000000000</ns3:Speed>
                <ns3:RunCadence>86</ns3:RunCadence>
              </ns3:TPX>
            </Extensions>
          </Trackpoint>
          <Trackpoint>
            <Time>2020-01-03T00:21:00.000Z</Time>
            <Position>
              <LatitudeDegrees>25.536411367</LatitudeDegrees>
              <LongitudeDegrees>108.109497966</LongitudeDegrees>
            </Position>
            <AltitudeMeters>41.9</AltitudeMeters>
            <DistanceMeters>3780.000000000</DistanceMeters>
            <HeartRateBpm>
              <Value>137</Value>
            </HeartRateBpm>
            <Extensions>
              <ns3:TPX>
                <ns3:Speed>3.000000000</ns3:Speed>
                <ns3:RunCadence>86</ns3:RunCadence>
              </ns3:TPX>
            </Extensions>
          </Trackpoint>
          <Trackpoint>
            <Time>2020-01-03T00:21:05.000Z</Time>
            <Position>
              <LatitudeDegrees>25.536433620</LatitudeDegrees>
              <LongitudeDegrees>108.109350522</LongitudeDegrees>
            </Position>
            <AltitudeMeters>41.9</AltitudeMeters>
            <DistanceMeters>3795.000000000</DistanceMeters>
            <HeartRateBpm>
              <Value>137</Value>
            </HeartRateBpm>
            <Extensions>
              <ns3:TPX>
                <ns3:Speed>3.000000000</ns3:Speed>
                <ns3:RunCadence>86</ns3:RunCadence>
              </ns3:TPX>
            </Extensions>
          </Trackpoint>
          <Trackpoint>
            <Time>2020-01-03T00:21:10.000Z</Time>
            <Position>
              <LatitudeDegrees>25.536451812</LatitudeDegrees>
              <LongitudeDegrees>108.109202396</LongitudeDegrees>
            </Position>
            <AltitudeMeters>41.885798119</AltitudeMeters>
            <DistanceMeters>3810.000000000</DistanceMeters>
            <HeartRateBpm>
              <Value>137</Value>
            </HeartRateBpm>
            <Extensions>
              <ns3:TPX>
                <ns3:Speed>3.000000000</ns3:Speed>
                <ns3:RunCadence>86</ns3:RunCadence>
              </ns3:TPX>
            </Extensions>
          </Trackpoint>
          <Trackpoint>
            <Time>2020-01-03T00:21:15.000Z</Time>
            <Position>
              <LatitudeDegrees>25.536465927</LatitudeDegrees>
              <LongitudeDegrees>108.109053725</LongitudeDegrees>
            </Position>
            <AltitudeMeters>41.9</AltitudeMeters>
            <DistanceMeters>3825.000000000</DistanceMeters>
            <HeartRateBpm>
              <Value>137</Value>
            </HeartRateBpm>
            <Extensions>
              <ns3:TPX>
                <ns3:Speed>3.000000000</ns3:Speed>
                <ns3:RunCadence>86</ns3:RunCadence>
              </ns3:TPX>
            </Extensions>
          </Trackpoint>
          <Trackpoint>
            <Time>2020-01-03T00:21:20.000Z</Time>
            <Position>
              <LatitudeDegrees>25.536475951</LatitudeDegrees>
              <LongitudeDegrees>108.108904647</LongitudeDegrees>
            </Position>
            <AltitudeMeters>41.8</AltitudeMeters>
            <DistanceMeters>3840.00000000</DistanceMeters>
            <HeartRateBpm>
              <Value>137</Value>
            </HeartRateBpm>
            <Extensions>
              <ns3:TPX>
                <ns3:Speed>3.000000000</ns3:Speed>
                <ns3:RunCadence>86</ns3:RunCadence>
              </ns3:TPX>
            </Extensions>
          </Trackpoint>
          <Trackpoint>
            <Time>2020-01-03T00:21:25.000Z</Time>
            <Position>
              <LatitudeDegrees>25.536481876</LatitudeDegrees>
              <LongitudeDegrees>108.108755300</LongitudeDegrees>
            </Position>
            <AltitudeMeters>41.812608277</AltitudeMeters>
            <DistanceMeters>3855.00000000</DistanceMeters>
            <HeartRateBpm>
              <Value>137</Value>
            </HeartRateBpm>
            <Extensions>
              <ns3:TPX>
                <ns3:Speed>3.000000000</ns3:Speed>
                <ns3:RunCadence>86</ns3:RunCadence>
              </ns3:TPX>
            </Extensions>
          </Trackpoint>
          <Trackpoint>
            <Time>2020-01-03T00:21:30.000Z</Time>
            <Position>
              <LatitudeDegrees>25.536483694</LatitudeDegrees>
              <LongitudeDegrees>108.108605822</LongitudeDegrees>
            </Position>
            <AltitudeMeters>41.784403803</AltitudeMeters>
            <DistanceMeters>3870.000000000</DistanceMeters>
            <HeartRateBpm>
              <Value>137</Value>
            </HeartRateBpm>
            <Extensions>
              <ns3:TPX>
                <ns3:Speed>3.000000000</ns3:Speed>
                <ns3:RunCadence>86</ns3:RunCadence>
              </ns3:TPX>
            </Extensions>
          </Trackpoint>
          <Trackpoint>
            <Time>2020-01-03T00:21:35.000Z</Time>
            <Position>
              <LatitudeDegrees>25.536481406</LatitudeDegrees>
              <LongitudeDegrees>108.108456351</LongitudeDegrees>
            </Position>
            <AltitudeMeters>41.754342671</AltitudeMeters>
            <DistanceMeters>3885.000000000</DistanceMeters>
            <HeartRateBpm>
              <Value>137</Value>
            </HeartRateBpm>
            <Extensions>
              <ns3:TPX>
                <ns3:Speed>3.000000000</ns3:Speed>
                <ns3:RunCadence>85</ns3:RunCadence>
              </ns3:TPX>
            </Extensions>
          </Trackpoint>
          <Trackpoint>
            <Time>2020-01-03T00:21:40.000Z</Time>
            <Position>
              <LatitudeDegrees>25.536475013</LatitudeDegrees>
              <LongitudeDegrees>108.108307028</LongitudeDegrees>
            </Position>
            <AltitudeMeters>41.7</AltitudeMeters>
            <DistanceMeters>3900.000000000</DistanceMeters>
            <HeartRateBpm>
              <Value>137</Value>
            </HeartRateBpm>
            <Extensions>
              <ns3:TPX>
                <ns3:Speed>3.000000000</ns3:Speed>
                <ns3:RunCadence>85</ns3:RunCadence>
              </ns3:TPX>
            </Extensions>
          </Trackpoint>
          <Trackpoint>
            <Time>2020-01-03T00:21:45.000Z</Time>
            <Position>
              <LatitudeDegrees>25.536464520</LatitudeDegrees>
              <LongitudeDegrees>108.108157989</LongitudeDegrees>
            </Position>
            <AltitudeMeters>41.7</AltitudeMeters>
            <DistanceMeters>3915.000000000</DistanceMeters>
            <HeartRateBpm>
              <Value>137</Value>
            </HeartRateBpm>
            <Extensions>
              <ns3:TPX>
                <ns3:Speed>3.000000000</ns3:Speed>
                <ns3:RunCadence>85</ns3:RunCadence>
              </ns3:TPX>
            </Extensions>
          </Trackpoint>
          <Trackpoint>
            <Time>2020-01-03T00:21:50.000Z</Time>
            <Position>
              <LatitudeDegrees>25.536449938</LatitudeDegrees>
              <LongitudeDegrees>108.108009373</LongitudeDegrees>
            </Position>
            <AltitudeMeters>41.7</AltitudeMeters>
            <DistanceMeters>3930.000000000</DistanceMeters>
            <HeartRateBpm>
              <Value>138</Value>
            </HeartRateBpm>
            <Extensions>
              <ns3:TPX>
                <ns3:Speed>3.000000000</ns3:Speed>
                <ns3:RunCadence>85</ns3:RunCadence>
              </ns3:TPX>
            </Extensions>
          </Trackpoint>
          <Trackpoint>
            <Time>2020-01-03T00:21:55.000Z</Time>
            <Position>
              <LatitudeDegrees>25.536431281</LatitudeDegrees>
              <LongitudeDegrees>108.107861319</LongitudeDegrees>
            </Position>
            <AltitudeMeters>41.6</AltitudeMeters>
            <DistanceMeters>3945.000000000</DistanceMeters>
            <HeartRateBpm>
              <Value>138</Value>
            </HeartRateBpm>
            <Extensions>
              <ns3:TPX>
                <ns3:Speed>3.000000000</ns3:Speed>
                <ns3:RunCadence>85</ns3:RunCadence>
              </ns3:TPX>
            </Extensions>
          </Trackpoint>
          <Trackpoint>
            <Time>2020-01-03T00:22:00.000Z</Time>
            <Position>
              <LatitudeDegrees>25.536408565</LatitudeDegrees>
              <LongitudeDegrees>108.107713962</LongitudeDegrees>
            </Position>
            <AltitudeMeters>41.6</AltitudeMeters>
            <DistanceMeters>3960.000000000</DistanceMeters>
            <HeartRateBpm>
              <Value>138</Value>
            </HeartRateBpm>
            <Extensions>
              <ns3:TPX>
                <ns3:Speed>3.000000000</ns3:Speed>
                <ns3:RunCadence>85</ns3:RunCadence>
              </ns3:TPX>
            </Extensions>
          </Trackpoint>
          <Trackpoint>
            <Time>2020-01-03T00:22:05.000Z</Time>
            <Position>
              <LatitudeDegrees>25.536381811</LatitudeDegrees>
              <LongitudeDegrees>108.107567440</LongitudeDegrees>
            </Position>
            <AltitudeMeters>41.5</AltitudeMeters>
            <DistanceMeters>3975.000000000</DistanceMeters>
            <HeartRateBpm>
              <Value>138</Value>
            </HeartRateBpm>
            <Extensions>
              <ns3:TPX>
                <ns3:Speed>3.000000000</ns3:Speed>
                <ns3:RunCadence>84</ns3:RunCadence>
              </ns3:TPX>
            </Extensions>
          </Trackpoint>
          <Trackpoint>
            <Time>2020-01-03T00:22:10.000Z</Time>
            <Position>
              <LatitudeDegrees>25.536351045</LatitudeDegrees>
              <LongitudeDegrees>108.107421888</LongitudeDegrees>
            </Position>
            <AltitudeMeters>41.5</AltitudeMeters>
            <DistanceMeters>3990.000000000</DistanceMeters>
            <HeartRateBpm>
              <Value>138</Value>
            </HeartRateBpm>
            <Extensions>
              <ns3:TPX>
                <ns3:Speed>3.000000000</ns3:Speed>
                <ns3:RunCadence>84</ns3:RunCadence>
              </ns3:TPX>
            </Extensions>
          </Trackpoint>
          <Trackpoint>
            <Time>2020-01-03T00:22:15.000Z</Time>
            <Position>
              <LatitudeDegrees>25.536316294</LatitudeDegrees>
              <LongitudeDegrees>108.107277443</LongitudeDegrees>
            </Position>
            <AltitudeMeters>41.451157055</AltitudeMeters>
            <DistanceMeters>4005.000000000</DistanceMeters>
            <HeartRateBpm>
              <Value>138</Value>
            </HeartRateBpm>
            <Extensions>
              <ns3:TPX>
                <ns3:Speed>3.000000000</ns3:Speed>
                <ns3:RunCadence>84</ns3:RunCadence>
              </ns3:TPX>
            </Extensions>
          </Trackpoint>
          <Trackpoint>
            <Time>2020-01-03T00:22:20.000Z</Time>
            <Position>
              <LatitudeDegrees>25.536277592</LatitudeDegrees>
              <LongitudeDegrees>108.107134236</LongitudeDegrees>
            </Position>
            <AltitudeMeters>41.406013707</AltitudeMeters>
            <DistanceMeters>4020.000000000</DistanceMeters>
            <HeartRateBpm>
              <Value>139</Value>
            </HeartRateBpm>
            <Extensions>
              <ns3:TPX>
                <ns3:Speed>3.000000000</ns3:Speed>
                <ns3:RunCadence>84</ns3:RunCadence>
              </ns3:TPX>
            </Extensions>
          </Trackpoint>
          <Trackpoint>
            <Time>2020-01-03T00:22:25.000Z</Time>
            <Position>
              <LatitudeDegrees>25.536234973</LatitudeDegrees>
              <LongitudeDegrees>108.106992402</LongitudeDegrees>
            </Position>
            <AltitudeMeters>41.4</AltitudeMeters>
            <DistanceMeters>4035.000000000</DistanceMeters>
            <HeartRateBpm>
              <Value>139</Value>
            </HeartRateBpm>
            <Extensions>
              <ns3:TPX>
                <ns3:Speed>3.000000000</ns3:Speed>
                <ns3:RunCadence>84</ns3:RunCadence>
              </ns3:TPX>
            </Extensions>
          </Trackpoint>
          <Trackpoint>
            <Time>2020-01-03T00:22:30.000Z</Time>
            <Position>
              <LatitudeDegrees>25.536188478</LatitudeDegrees>
              <LongitudeDegrees>108.106852071</LongitudeDegrees>
            </Position>
            <AltitudeMeters>41.311386663</AltitudeMeters>
            <DistanceMeters>4050.00000000</DistanceMeters>
            <HeartRateBpm>
              <Value>139</Value>
            </HeartRateBpm>
            <Extensions>
              <ns3:TPX>
                <ns3:Speed>3.000000000</ns3:Speed>
                <ns3:RunCadence>83</ns3:RunCadence>
              </ns3:TPX>
            </Extensions>
          </Trackpoint>
          <Trackpoint>
            <Time>2020-01-03T00:22:35.000Z</Time>
            <Position>
              <LatitudeDegrees>25.536138150</LatitudeDegrees>
              <LongitudeDegrees>108.106713374</LongitudeDegrees>
            </Position>
            <AltitudeMeters>41.262001427</AltitudeMeters>
            <DistanceMeters>4065.000000000</DistanceMeters>
            <HeartRateBpm>
              <Value>139</Value>
            </HeartRateBpm>
            <Extensions>
              <ns3:TPX>
                <ns3:Speed>3.000000000</ns3:Speed>
                <ns3:RunCadence>83</ns3:RunCadence>
              </ns3:TPX>
            </Extensions>
          </Trackpoint>
          <Trackpoint>
            <Time>2020-01-03T00:22:40.000Z</Time>
            <Position>
              <LatitudeDegrees>25.536084034</LatitudeDegrees>
              <LongitudeDegrees>108.106576439</LongitudeDegrees>
            </Position>
            <AltitudeMeters>41.211303087</AltitudeMeters>
            <DistanceMeters>4080.000000000</DistanceMeters>
            <HeartRateBpm>
              <Value>140</Value>
            </HeartRateBpm>
            <Extensions>
              <ns3:TPX>
                <ns3:Speed>3.000000000</ns3:Speed>
                <ns3:RunCadence>83</ns3:RunCadence>
              </ns3:TPX>
            </Extensions>
          </Trackpoint>
          <Trackpoint>
            <Time>2020-01-03T00:22:45.000Z</Time>
            <Position>
              <LatitudeDegrees>25.536026182</LatitudeDegrees>
              <LongitudeDegrees>108.106441393</LongitudeDegrees>
            </Position>
            <AltitudeMeters>41.159344396</AltitudeMeters>
            <DistanceMeters>4095.000000000</DistanceMeters>
            <HeartRateBpm>
              <Value>140</Value>
            </HeartRateBpm>
            <Extensions>
              <ns3:TPX>
                <ns3:Speed>3.000000000</ns3:Speed>
                <ns3:RunCadence>83</ns3:RunCadence>
              </ns3:TPX>
            </Extensions>
          </Trackpoint>
          <Trackpoint>
            <Time>2020-01-03T00:22:50.000Z</Time>
            <Position>
              <LatitudeDegrees>25.535964648</LatitudeDegrees>
              <LongitudeDegrees>108.106308362</LongitudeDegrees>
            </Position>
            <AltitudeMeters>41.1</AltitudeMeters>
            <DistanceMeters>4110.000000000</DistanceMeters>
            <HeartRateBpm>
              <Value>140</Value>
            </HeartRateBpm>
            <Extensions>
              <ns3:TPX>
                <ns3:Speed>3.000000000</ns3:Speed>
                <ns3:RunCadence>83</ns3:RunCadence>
              </ns3:TPX>
            </Extensions>
          </Trackpoint>
          <Trackpoint>
            <Time>2020-01-03T00:22:55.000Z</Time>
            <Position>
              <LatitudeDegrees>25.535899487</LatitudeDegrees>
              <LongitudeDegrees>108.106177469</LongitudeDegrees>
            </Position>
            <AltitudeMeters>41.051863464</AltitudeMeters>
            <DistanceMeters>4125.000000000</DistanceMeters>
            <HeartRateBpm>
              <Value>140</Value>
            </HeartRateBpm>
            <Extensions>
              <ns3:TPX>
                <ns3:Speed>3.000000000</ns3:Speed>
                <ns3:RunCadence>83</ns3:RunCadence>
              </ns3:TPX>
            </Extensions>
          </Trackpoint>
          <Trackpoint>
            <Time>2020-01-03T00:23:00.000Z</Time>
            <Position>
              <LatitudeDegrees>25.535830760</LatitudeDegrees>
              <LongitudeDegrees>108.106048835</LongitudeDegrees>
            </Position>
            <AltitudeMeters>40.996453056</AltitudeMeters>
            <DistanceMeters>4140.000000000</DistanceMeters>
            <HeartRateBpm>
              <Value>141</Value>
            </HeartRateBpm>
            <Extensions>
              <ns3:TPX>
                <ns3:Speed>3.000000000</ns3:Speed>
                <ns3:RunCadence>82</ns3:RunCadence>
              </ns3:TPX>
            </Extensions>
          </Trackpoint>
          <Trackpoint>
            <Time>2020-01-03T00:23:05.000Z</Time>
            <Position>
              <LatitudeDegrees>25.535758532</LatitudeDegrees>
              <LongitudeDegrees>108.105922579</LongitudeDegrees>
            </Position>
            <AltitudeMeters>40.9</AltitudeMeters>
            <DistanceMeters>4155.000000000</DistanceMeters>
            <HeartRateBpm>
              <Value>141</Value>
            </HeartRateBpm>
            <Extensions>
              <ns3:TPX>
                <ns3:Speed>3.000000000</ns3:Speed>
                <ns3:RunCadence>82</ns3:RunCadence>
              </ns3:TPX>
            </Extensions>
          </Trackpoint>
          <Trackpoint>
            <Time>2020-01-03T00:23:10.000Z</Time>
            <Position>
              <LatitudeDegrees>25.535682869</LatitudeDegrees>
              <LongitudeDegrees>108.105798819</LongitudeDegrees>
            </Position>
            <AltitudeMeters>40.9</AltitudeMeters>
            <DistanceMeters>4170.000000000</DistanceMeters>
            <HeartRateBpm>
              <Value>141</Value>
            </HeartRateBpm>
            <Extensions>
              <ns3:TPX>
                <ns3:Speed>3.000000000</ns3:Speed>
                <ns3:RunCadence>82</ns3:RunCadence>
              </ns3:TPX>
            </Extensions>
          </Trackpoint>
          <Trackpoint>
            <Time>2020-01-03T00:23:15.000Z</Time>
            <Position>
              <LatitudeDegrees>25.535603841</LatitudeDegrees>
              <LongitudeDegrees>108.105677668</LongitudeDegrees>
            </Position>
            <AltitudeMeters>40.8</AltitudeMeters>
            <DistanceMeters>4185.000000000</DistanceMeters>
            <HeartRateBpm>
              <Value>142</Value>
            </HeartRateBpm>
            <Extensions>
              <ns3:TPX>
                <ns3:Speed>3.000000000</ns3:Speed>
                <ns3:RunCadence>82</ns3:RunCadence>
              </ns3:TPX>
            </Extensions>
          </Trackpoint>
          <Trackpoint>
            <Time>2020-01-03T00:23:20.000Z</Time>
            <Position>
              <LatitudeDegrees>25.535521522</LatitudeDegrees>
              <LongitudeDegrees>108.105559240</LongitudeDegrees>
            </Position>
            <AltitudeMeters>40.8</AltitudeMeters>
            <DistanceMeters>4200.000000000</DistanceMeters>
            <HeartRateBpm>
              <Value>142</Value>
            </HeartRateBpm>
            <Extensions>
              <ns3:TPX>
                <ns3:Speed>3.000000000</ns3:Speed>
                <ns3:RunCadence>82</ns3:RunCadence>
              </ns3:TPX>
            </Extensions>
          </Trackpoint>
          <Trackpoint>
            <Time>2020-01-03T00:23:25.000Z</Time>
            <Position>
              <LatitudeDegrees>25.535435987</LatitudeDegrees>
              <LongitudeDegrees>108.105443645</LongitudeDegrees>
            </Position>
            <AltitudeMeters>40.7</AltitudeMeters>
            <DistanceMeters>4215.000000000</DistanceMeters>
            <HeartRateBpm>
              <Value>142</Value>
            </HeartRateBpm>
            <Extensions>
              <ns3:TPX>
                <ns3:Speed>3.000000000</ns3:Speed>
                <ns3:RunCadence>82</ns3:RunCadence>
              </ns3:TPX>
            </Extensions>
          </Trackpoint>
          <Trackpoint>
            <Time>2020-01-03T00:23:30.000Z</Time>
            <Position>
              <LatitudeDegrees>25.535347317</LatitudeDegrees>
              <LongitudeDegrees>108.105330988</LongitudeDegrees>
            </Position>
            <AltitudeMeters>40.6</AltitudeMeters>
            <DistanceMeters>4230.000000000</DistanceMeters>
            <HeartRateBpm>
              <Value>143</Value>
            </HeartRateBpm>
            <Extensions>
              <ns3:TPX>
                <ns3:Speed>3.000000000</ns3:Speed>
                <ns3:RunCadence>82</ns3:RunCadence>
              </ns3:TPX>
            </Extensions>
          </Trackpoint>
          <Trackpoint>
            <Time>2020-01-03T00:23:35.000Z</Time>
            <Position>
              <LatitudeDegrees>25.535255593</LatitudeDegrees>
              <LongitudeDegrees>108.105221376</LongitudeDegrees>
            </Position>
            <AltitudeMeters>40.6</AltitudeMeters>
            <DistanceMeters>4245.000000000</DistanceMeters>
            <HeartRateBpm>
              <Value>143</Value>
            </HeartRateBpm>
            <Extensions>
              <ns3:TPX>
                <ns3:Speed>3.000000000</ns3:Speed>
                <ns3:RunCadence>82</ns3:RunCadence>
              </ns3:TPX>
            </Extensions>
          </Trackpoint>
          <Trackpoint>
            <Time>2020-01-03T00:23:40.000Z</Time>
            <Position>
              <LatitudeDegrees>25.535160901</LatitudeDegrees>
              <LongitudeDegrees>108.105114909</LongitudeDegrees>
            </Position>
            <AltitudeMeters>40.5</AltitudeMeters>
            <DistanceMeters>4260.00000000</DistanceMeters>
            <HeartRateBpm>
              <Value>143</Value>
            </HeartRateBpm>
            <Extensions>
              <ns3:TPX>
                <ns3:Speed>3.000000000</ns3:Speed>
                <ns3:RunCadence>81</ns3:RunCadence>
              </ns3:TPX>
            </Extensions>
          </Trackpoint>
        </Track>
        <Extensions>
          <ns3:LX>
            <ns3:AvgSpeed>3.0</ns3:AvgSpeed>
            <ns3:AvgRunCadence>85</ns3:AvgRunCadence>
            <ns3:MaxRunCadence>87</ns3:MaxRunCadence>
          </ns3:LX>
        </Extensions>
      </Lap>
      <Lap StartTime="2020-01-03T00:23:45.000Z">
        <TotalTimeSeconds>245.0</TotalTimeSeconds>
        <DistanceMeters>735.0</DistanceMeters>
        <MaximumSpeed>3.0</MaximumSpeed>
        <Calories>37</Calories>
        <AverageHeartRateBpm>
          <Value>150</Value>
        </AverageHeartRateBpm>
        <MaximumHeartRateBpm>
          <Value>153</Value>
        </MaximumHeartRateBpm>
        <Intensity>Active</Intensity>
        <TriggerMethod>Manual</TriggerMethod>
        <Track>
          <Trackpoint>
            <Time>2020-01-03T00:23:45.000Z</Time>
            <Position>
              <LatitudeDegrees>25.535063327</LatitudeDegrees>
              <LongitudeDegrees>108.105011686</LongitudeDegrees>
            </Position>
            <AltitudeMeters>40.5</AltitudeMeters>
            <DistanceMeters>4275.000000000</DistanceMeters>
            <HeartRateBpm>
              <Value>144</Value>
            </HeartRateBpm>
            <Extensions>
              <ns3:TPX>
                <ns3:Speed>3.000000000</ns3:Speed>
                <ns3:RunCadence>81</ns3:RunCadence>
              </ns3:TPX>
            </Extensions>
          </Trackpoint>
          <Trackpoint>
            <Time>2020-01-03T00:23:50.000Z</Time>
            <Position>
              <LatitudeDegrees>25.534962963</LatitudeDegrees>
              <LongitudeDegrees>108.104911803</LongitudeDegrees>
            </Position>
            <AltitudeMeters>40.395322473</AltitudeMeters>
            <DistanceMeters>4290.000000000</DistanceMeters>
            <HeartRateBpm>
              <Value>144</Value>
            </HeartRateBpm>
            <Extensions>
              <ns3:TPX>
                <ns3:Speed>3.000000000</ns3:Speed>
                <ns3:RunCadence>81</ns3:RunCadence>
              </ns3:TPX>
            </Extensions>
          </Trackpoint>
          <Trackpoint>
            <Time>2020-01-03T00:23:55.000Z</Time>
            <Position>
              <LatitudeDegrees>25.534859902</LatitudeDegrees>
              <LongitudeDegrees>108.104815353</LongitudeDegrees>
            </Position>
            <AltitudeMeters>40.331884525</AltitudeMeters>
            <DistanceMeters>4305.000000000</DistanceMeters>
            <HeartRateBpm>
              <Value>144</Value>
            </HeartRateBpm>
            <Extensions>
              <ns3:TPX>
                <ns3:Speed>3.000000000</ns3:Speed>
                <ns3:RunCadence>81</ns3:RunCadence>
              </ns3:TPX>
            </Extensions>
          </Trackpoint>
          <Trackpoint>
            <Time>2020-01-03T00:24:00.000Z</Time>
            <Position>
              <LatitudeDegrees>25.534754239</LatitudeDegrees>
              <LongitudeDegrees>108.104722424</LongitudeDegrees>
            </Position>
            <AltitudeMeters>40.3</AltitudeMeters>
            <DistanceMeters>4320.000000000</DistanceMeters>
            <HeartRateBpm>
              <Value>145</Value>
            </HeartRateBpm>
            <Extensions>
              <ns3:TPX>
                <ns3:Speed>3.000000000</ns3:Speed>
                <ns3:RunCadence>81</ns3:RunCadence>
              </ns3:TPX>
            </Extensions>
          </Trackpoint>
          <Trackpoint>
            <Time>2020-01-03T00:24:05.000Z</Time>
            <Position>
              <LatitudeDegrees>25.534646072</LatitudeDegrees>
              <LongitudeDegrees>108.104633103</LongitudeDegrees>
            </Position>
            <AltitudeMeters>40.2</AltitudeMeters>
            <DistanceMeters>4335.00000000</DistanceMeters>
            <HeartRateBpm>
              <Value>145</Value>
            </HeartRateBpm>
            <Extensions>
              <ns3:TPX>
                <ns3:Speed>3.000000000</ns3:Speed>
                <ns3:RunCadence>81</ns3:RunCadence>
              </ns3:TPX>
            </Extensions>
          </Trackpoint>
          <Trackpoint>
            <Time>2020-01-03T00:24:10.000Z</Time>
            <Position>
              <LatitudeDegrees>25.534535502</LatitudeDegrees>
              <LongitudeDegrees>108.104547473</LongitudeDegrees>
            </Position>
            <AltitudeMeters>40.139764494</AltitudeMeters>
            <DistanceMeters>4350.000000000</DistanceMeters>
            <HeartRateBpm>
              <Value>145</Value>
            </HeartRateBpm>
            <Extensions>
              <ns3:TPX>
                <ns3:Speed>3.000000000</ns3:Speed>
                <ns3:RunCadence>81</ns3:RunCadence>
              </ns3:TPX>
            </Extensions>
          </Trackpoint>
          <Trackpoint>
            <Time>2020-01-03T00:24:15.000Z</Time>
            <Position>
              <LatitudeDegrees>25.534422630</LatitudeDegrees>
              <LongitudeDegrees>108.104465614</LongitudeDegrees>
            </Position>
            <AltitudeMeters>40.1</AltitudeMeters>
            <DistanceMeters>4365.000000000</DistanceMeters>
            <HeartRateBpm>
              <Value>146</Value>
            </HeartRateBpm>
            <Extensions>
              <ns3:TPX>
                <ns3:Speed>3.000000000</ns3:Speed>
                <ns3:RunCadence>81</ns3:RunCadence>
              </ns3:TPX>
            </Extensions>
          </Trackpoint>
          <Trackpoint>
            <Time>2020-01-03T00:24:20.000Z</Time>
            <Position>
              <LatitudeDegrees>25.534307563</LatitudeDegrees>
              <LongitudeDegrees>108.104387600</LongitudeDegrees>
            </Position>
            <AltitudeMeters>40.010846191</AltitudeMeters>
            <DistanceMeters>4380.000000000</DistanceMeters>
            <HeartRateBpm>
              <Value>146</Value>
            </HeartRateBpm>
            <Extensions>
              <ns3:TPX>
                <ns3:Speed>3.000000000</ns3:Speed>
                <ns3:RunCadence>81</ns3:RunCadence>
              </ns3:TPX>
            </Extensions>
          </Trackpoint>
          <Trackpoint>
            <Time>2020-01-03T00:24:25.000Z</Time>
            <Position>
              <LatitudeDegrees>25.534190405</LatitudeDegrees>
              <LongitudeDegrees>108.104313505</LongitudeDegrees>
            </Position>
            <AltitudeMeters>39.946336556</AltitudeMeters>
            <DistanceMeters>4395.000000000</DistanceMeters>
            <HeartRateBpm>
              <Value>146</Value>
            </HeartRateBpm>
            <Extensions>
              <ns3:TPX>
                <ns3:Speed>3.000000000</ns3:Speed>
                <ns3:RunCadence>81</ns3:RunCadence>
              </ns3:TPX>
            </Extensions>
          </Trackpoint>
          <Trackpoint>
            <Time>2020-01-03T00:24:30.000Z</Time>
            <Position>
              <LatitudeDegrees>25.534071266</LatitudeDegrees>
              <LongitudeDegrees>108.104243397</LongitudeDegrees>
            </Position>
            <AltitudeMeters>39.881882758</AltitudeMeters>
            <DistanceMeters>4410.000000000</DistanceMeters>
            <HeartRateBpm>
              <Value>147</Value>
            </HeartRateBpm>
            <Extensions>
              <ns3:TPX>
                <ns3:Speed>3.000000000</ns3:Speed>
                <ns3:RunCadence>81</ns3:RunCadence>
              </ns3:TPX>
            </Extensions>
          </Trackpoint>
          <Trackpoint>
            <Time>2020-01-03T00:24:35.000Z</Time>
            <Position>
              <LatitudeDegrees>25.533950257</LatitudeDegrees>
              <LongitudeDegrees>108.104177340</LongitudeDegrees>
            </Position>
            <AltitudeMeters>39.817551860</AltitudeMeters>
            <DistanceMeters>4425.0</DistanceMeters>
            <HeartRateBpm>
              <Value>147</Value>
            </HeartRateBpm>
            <Extensions>
              <ns3:TPX>
                <ns3:Speed>3.000000000</ns3:Speed>
                <ns3:RunCadence>81</ns3:RunCadence>
              </ns3:TPX>
            </Extensions>
          </Trackpoint>
          <Trackpoint>
            <Time>2020-01-03T00:24:40.000Z</Time>
            <Position>
              <LatitudeDegrees>25.533827488</LatitudeDegrees>
              <LongitudeDegrees>108.104115398</LongitudeDegrees>
            </Position>
            <AltitudeMeters>39.753410798</AltitudeMeters>
            <DistanceMeters>4440.000000000</DistanceMeters>
            <HeartRateBpm>
              <Value>147</Value>
            </HeartRateBpm>
            <Extensions>
              <ns3:TPX>
                <ns3:Speed>3.000000000</ns3:Speed>
                <ns3:RunCadence>81</ns3:RunCadence>
              </ns3:TPX>
            </Extensions>
          </Trackpoint>
          <Trackpoint>
            <Time>2020-01-03T00:24:45.000Z</Time>
            <Position>
              <LatitudeDegrees>25.533703076</LatitudeDegrees>
              <LongitudeDegrees>108.104057626</LongitudeDegrees>
            </Position>
            <AltitudeMeters>39.689526310</AltitudeMeters>
            <DistanceMeters>4455.000000000</DistanceMeters>
            <HeartRateBpm>
              <Value>148</Value>
            </HeartRateBpm>
            <Extensions>
              <ns3:TPX>
                <ns3:Speed>3.000000000</ns3:Speed>
                <ns3:RunCadence>81</ns3:RunCadence>
              </ns3:TPX>
            </Extensions>
          </Trackpoint>
          <Trackpoint>
            <Time>2020-01-03T00:24:50.000Z</Time>
            <Position>
              <LatitudeDegrees>25.533577134</LatitudeDegrees>
              <LongitudeDegrees>108.104004078</LongitudeDegrees>
            </Position>
            <AltitudeMeters>39.625964867</AltitudeMeters>
            <DistanceMeters>4470.000000000</DistanceMeters>
            <HeartRateBpm>
              <Value>148</Value>
            </HeartRateBpm>
            <Extensions>
              <ns3:TPX>
                <ns3:Speed>3.000000000</ns3:Speed>
                <ns3:RunCadence>81</ns3:RunCadence>
              </ns3:TPX>
            </Extensions>
          </Trackpoint>
          <Trackpoint>
            <Time>2020-01-03T00:24:55.000Z</Time>
            <Position>
              <LatitudeDegrees>25.533449779</LatitudeDegrees>
              <LongitudeDegrees>108.103954804</LongitudeDegrees>
            </Position>
            <AltitudeMeters>39.562792605</AltitudeMeters>
            <DistanceMeters>4485.000000000</DistanceMeters>
            <HeartRateBpm>
              <Value>148</Value>
            </HeartRateBpm>
            <Extensions>
              <ns3:TPX>
                <ns3:Speed>3.000000000</ns3:Speed>
                <ns3:RunCadence>81</ns3:RunCadence>
              </ns3:TPX>
            </Extensions>
          </Trackpoint>
          <Trackpoint>
            <Time>2020-01-03T00:25:00.000Z</Time>
            <Position>
              <LatitudeDegrees>25.533321129</LatitudeDegrees>
              <LongitudeDegrees>108.103909850</LongitudeDegrees>
            </Position>
            <AltitudeMeters>39.5</AltitudeMeters>
            <DistanceMeters>4500.000000000</DistanceMeters>
            <HeartRateBpm>
              <Value>149</Value>
            </HeartRateBpm>
            <Extensions>
              <ns3:TPX>
                <ns3:Speed>3.000000000</ns3:Speed>
                <ns3:RunCadence>81</ns3:RunCadence>
              </ns3:TPX>
            </Extensions>
          </Trackpoint>
          <Trackpoint>
            <Time>2020-01-03T00:25:05.000Z</Time>
            <Position>
              <LatitudeDegrees>25.533191305</LatitudeDegrees>
              <LongitudeDegrees>108.103869257</LongitudeDegrees>
            </Position>
            <AltitudeMeters>39.437878072</AltitudeMeters>
            <DistanceMeters>4515.000000000</DistanceMeters>
            <HeartRateBpm>
              <Value>149</Value>
            </HeartRateBpm>
            <Extensions>
              <ns3:TPX>
                <ns3:Speed>3.000000000</ns3:Speed>
                <ns3:RunCadence>81</ns3:RunCadence>
              </ns3:TPX>
            </Extensions>
          </Trackpoint>
          <Trackpoint>
            <Time>2020-01-03T00:25:10.000Z</Time>
            <Position>
              <LatitudeDegrees>25.533060425</LatitudeDegrees>
              <LongitudeDegrees>108.103833063</LongitudeDegrees>
            </Position>
            <AltitudeMeters>39.4</AltitudeMeters>
            <DistanceMeters>4530.000000000</DistanceMeters>
            <HeartRateBpm>
              <Value>149</Value>
            </HeartRateBpm>
            <Extensions>
              <ns3:TPX>
                <ns3:Speed>3.000000000</ns3:Speed>
                <ns3:RunCadence>81</ns3:RunCadence>
              </ns3:TPX>
            </Extensions>
          </Trackpoint>
          <Trackpoint>
            <Time>2020-01-03T00:25:15.000Z</Time>
            <Position>
              <LatitudeDegrees>25.532928612</LatitudeDegrees>
              <LongitudeDegrees>108.103801301</LongitudeDegrees>
            </Position>
            <AltitudeMeters>39.315302464</AltitudeMeters>
            <DistanceMeters>4545.00000000</DistanceMeters>
            <HeartRateBpm>
              <Value>150</Value>
            </HeartRateBpm>
            <Extensions>
              <ns3:TPX>
                <ns3:Speed>3.000000000</ns3:Speed>
                <ns3:RunCadence>81</ns3:RunCadence>
              </ns3:TPX>
            </Extensions>
          </Trackpoint>
          <Trackpoint>
            <Time>2020-01-03T00:25:20.000Z</Time>
            <Position>
              <LatitudeDegrees>25.532795987</LatitudeDegrees>
              <LongitudeDegrees>108.103774001</LongitudeDegrees>
            </Position>
            <AltitudeMeters>39.3</AltitudeMeters>
            <DistanceMeters>4560.000000000</DistanceMeters>
            <HeartRateBpm>
              <Value>150</Value>
            </HeartRateBpm>
            <Extensions>
              <ns3:TPX>
                <ns3:Speed>3.000000000</ns3:Speed>
                <ns3:RunCadence>82</ns3:RunCadence>
              </ns3:TPX>
            </Extensions>
          </Trackpoint>
          <Trackpoint>
            <Time>2020-01-03T00:25:25.000Z</Time>
            <Position>
              <LatitudeDegrees>25.532662674</LatitudeDegrees>
              <LongitudeDegrees>108.103751189</LongitudeDegrees>
            </Position>
            <AltitudeMeters>39.2</AltitudeMeters>
            <DistanceMeters>4575.000000000</DistanceMeters>
            <HeartRateBpm>
              <Value>150</Value>
            </HeartRateBpm>
            <Extensions>
              <ns3:TPX>
                <ns3:Speed>3.000000000</ns3:Speed>
                <ns3:RunCadence>82</ns3:RunCadence>
              </ns3:TPX>
            </Extensions>
          </Trackpoint>
          <Trackpoint>
            <Time>2020-01-03T00:25:30.000Z</Time>
            <Position>
              <LatitudeDegrees>25.532528796</LatitudeDegrees>
              <LongitudeDegrees>108.103732885</LongitudeDegrees>
            </Position>
            <AltitudeMeters>39.136937031</AltitudeMeters>
            <DistanceMeters>4590.000000000</DistanceMeters>
            <HeartRateBpm>
              <Value>150</Value>
            </HeartRateBpm>
            <Extensions>
              <ns3:TPX>
                <ns3:Speed>3.000000000</ns3:Speed>
                <ns3:RunCadence>82</ns3:RunCadence>
              </ns3:TPX>
            </Extensions>
          </Trackpoint>
          <Trackpoint>
            <Time>2020-01-03T00:25:35.000Z</Time>
            <Position>
              <LatitudeDegrees>25.532394478</LatitudeDegrees>
              <LongitudeDegrees>108.103719106</LongitudeDegrees>
            </Position>
            <AltitudeMeters>39.079196266</AltitudeMeters>
            <DistanceMeters>4605.000000000</DistanceMeters>
            <HeartRateBpm>
              <Value>151</Value>
            </HeartRateBpm>
            <Extensions>
              <ns3:TPX>
                <ns3:Speed>3.000000000</ns3:Speed>
                <ns3:RunCadence>82</ns3:RunCadence>
              </ns3:TPX>
            </Extensions>
          </Trackpoint>
          <Trackpoint>
            <Time>2020-01-03T00:25:40.000Z</Time>
            <Position>
              <LatitudeDegrees>25.532259843</LatitudeDegrees>
              <LongitudeDegrees>108.103709866</LongitudeDegrees>
            </Position>
            <AltitudeMeters>39.022413591</AltitudeMeters>
            <DistanceMeters>4620.000000000</DistanceMeters>
            <HeartRateBpm>
              <Value>151</Value>
            </HeartRateBpm>
            <Extensions>
              <ns3:TPX>
                <ns3:Speed>3.000000000</ns3:Speed>
                <ns3:RunCadence>82</ns3:RunCadence>
              </ns3:TPX>
            </Extensions>
          </Trackpoint>
          <Trackpoint>
            <Time>2020-01-03T00:25:45.000Z</Time>
            <Position>
              <LatitudeDegrees>25.532125016</LatitudeDegrees>
              <LongitudeDegrees>108.103705172</LongitudeDegrees>
            </Position>
            <AltitudeMeters>39.0</AltitudeMeters>
            <DistanceMeters>4635.000000000</DistanceMeters>
            <HeartRateBpm>
              <Value>151</Value>
            </HeartRateBpm>
            <Extensions>
              <ns3:TPX>
                <ns3:Speed>3.000000000</ns3:Speed>
                <ns3:RunCadence>82</ns3:RunCadence>
              </ns3:TPX>
            </Extensions>
          </Trackpoint>
          <Trackpoint>
            <Time>2020-01-03T00:25:50.000Z</Time>
            <Position>
              <LatitudeDegrees>25.531990123</LatitudeDegrees>
              <LongitudeDegrees>108.103705029</LongitudeDegrees>
            </Position>
            <AltitudeMeters>38.911957778</AltitudeMeters>
            <DistanceMeters>4650.00000000</DistanceMeters>
            <HeartRateBpm>
              <Value>151</Value>
            </HeartRateBpm>
            <Extensions>
              <ns3:TPX>
                <ns3:Speed>3.000000000</ns3:Speed>
                <ns3:RunCadence>82</ns3:RunCadence>
              </ns3:TPX>
            </Extensions>
          </Trackpoint>
          <Trackpoint>
            <Time>2020-01-03T00:25:55.000Z</Time>
            <Position>
              <LatitudeDegrees>25.531855289</LatitudeDegrees>
              <LongitudeDegrees>108.103709437</LongitudeDegrees>
            </Position>
            <AltitudeMeters>38.9</AltitudeMeters>
            <DistanceMeters>4665.000000000</DistanceMeters>
            <HeartRateBpm>
              <Value>152</Value>
            </HeartRateBpm>
            <Extensions>
              <ns3:TPX>
                <ns3:Speed>3.000000000</ns3:Speed>
                <ns3:RunCadence>82</ns3:RunCadence>
              </ns3:TPX>
            </Extensions>
          </Trackpoint>
          <Trackpoint>
            <Time>2020-01-03T00:26:00.000Z</Time>
            <Position>
              <LatitudeDegrees>25.531720638</LatitudeDegrees>
              <LongitudeDegrees>108.103718392</LongitudeDegrees>
            </Position>
            <AltitudeMeters>38.8</AltitudeMeters>
            <DistanceMeters>4680.00000000</DistanceMeters>
            <HeartRateBpm>
              <Value>152</Value>
            </HeartRateBpm>
            <Extensions>
              <ns3:TPX>
                <ns3:Speed>3.000000000</ns3:Speed>
                <ns3:RunCadence>83</ns3:RunCadence>
              </ns3:TPX>
            </Extensions>
          </Trackpoint>
          <Trackpoint>
            <Time>2020-01-03T00:26:05.000Z</Time>
            <Position>
              <LatitudeDegrees>25.531586296</LatitudeDegrees>
              <LongitudeDegrees>108.103731886</LongitudeDegrees>
            </Position>
            <AltitudeMeters>38.8</AltitudeMeters>
            <DistanceMeters>4695.000000000</DistanceMeters>
            <HeartRateBpm>
              <Value>152</Value>
            </HeartRateBpm>
            <Extensions>
              <ns3:TPX>
                <ns3:Speed>3.000000000</ns3:Speed>
                <ns3:RunCadence>83</ns3:RunCadence>
              </ns3:TPX>
            </Extensions>
          </Trackpoint>
          <Trackpoint>
            <Time>2020-01-03T00:26:10.000Z</Time>
            <Position>
              <LatitudeDegrees>25.531452387</LatitudeDegrees>
              <LongitudeDegrees>108.103749907</LongitudeDegrees>
            </Position>
            <AltitudeMeters>38.7</AltitudeMeters>
            <DistanceMeters>4710.000000000</DistanceMeters>
            <HeartRateBpm>
              <Value>152</Value>
            </HeartRateBpm>
            <Extensions>
              <ns3:TPX>
                <ns3:Speed>3.000000000</ns3:Speed>
                <ns3:RunCadence>83</ns3:RunCadence>
              </ns3:TPX>
            </Extensions>
          </Trackpoint>
          <Trackpoint>
            <Time>2020-01-03T00:26:15.000Z</Time>
            <Position>
              <LatitudeDegrees>25.531319035</LatitudeDegrees>
              <LongitudeDegrees>108.103772437</LongitudeDegrees>
            </Position>
            <AltitudeMeters>38.7</AltitudeMeters>
            <DistanceMeters>4725.00000000</DistanceMeters>
            <HeartRateBpm>
              <Value>152</Value>
            </HeartRateBpm>
            <Extensions>
              <ns3:TPX>
                <ns3:Speed>3.000000000</ns3:Speed>
                <ns3:RunCadence>83</ns3:RunCadence>
              </ns3:TPX>
            </Extensions>
          </Trackpoint>
          <Trackpoint>
            <Time>2020-01-03T00:26:20.000Z</Time>
            <Position>
              <LatitudeDegrees>25.531186363</LatitudeDegrees>
              <LongitudeDegrees>108.103799455</LongitudeDegrees>
            </Position>
            <AltitudeMeters>38.609496023</AltitudeMeters>
            <DistanceMeters>4740.000000000</DistanceMeters>
            <HeartRateBpm>
              <Value>152</Value>
            </HeartRateBpm>
            <Extensions>
              <ns3:TPX>
                <ns3:Speed>3.000000000</ns3:Speed>
                <ns3:RunCadence>83</ns3:RunCadence>
              </ns3:TPX>
            </Extensions>
          </Trackpoint>
          <Trackpoint>
            <Time>2020-01-03T00:26:25.000Z</Time>
            <Position>
              <LatitudeDegrees>25.531054495</LatitudeDegrees>
              <LongitudeDegrees>108.103830938</LongitudeDegrees>
            </Position>
            <AltitudeMeters>38.6</AltitudeMeters>
            <DistanceMeters>4755.000000000</DistanceMeters>
            <HeartRateBpm>
              <Value>153</Value>
            </HeartRateBpm>
            <Extensions>
              <ns3:TPX>
                <ns3:Speed>3.000000000</ns3:Speed>
                <ns3:RunCadence>83</ns3:RunCadence>
              </ns3:TPX>
            </Extensions>
          </Trackpoint>
          <Trackpoint>
            <Time>2020-01-03T00:26:30.000Z</Time>
            <Position>
              <LatitudeDegrees>25.530923554</LatitudeDegrees>
              <LongitudeDegrees>108.103866854</LongitudeDegrees>
            </Position>
            <AltitudeMeters>38.5</AltitudeMeters>
            <DistanceMeters>4770.000000000</DistanceMeters>
            <HeartRateBpm>
              <Value>153</Value>
            </HeartRateBpm>
            <Extensions>
              <ns3:TPX>
                <ns3:Speed>3.000000000</ns3:Speed>
                <ns3:RunCadence>84</ns3:RunCadence>
              </ns3:TPX>
            </Extensions>
          </Trackpoint>
          <Trackpoint>
            <Time>2020-01-03T00:26:35.000Z</Time>
            <Position>
              <LatitudeDegrees>25.530793659</LatitudeDegrees>
              <LongitudeDegrees>108.103907172</LongitudeDegrees>
            </Position>
            <AltitudeMeters>38.477103174</AltitudeMeters>
            <DistanceMeters>4785.0</DistanceMeters>
            <HeartRateBpm>
              <Value>153</Value>
            </HeartRateBpm>
            <Extensions>
              <ns3:TPX>
                <ns3:Speed>3.000000000</ns3:Speed>
                <ns3:RunCadence>84</ns3:RunCadence>
              </ns3:TPX>
            </Extensions>
          </Trackpoint>
          <Trackpoint>
            <Time>2020-01-03T00:26:40.000Z</Time>
            <Position>
              <LatitudeDegrees>25.530664933</LatitudeDegrees>
              <LongitudeDegrees>108.103951854</LongitudeDegrees>
            </Position>
            <AltitudeMeters>38.436081707</AltitudeMeters>
            <DistanceMeters>4800.000000000</DistanceMeters>
            <HeartRateBpm>
              <Value>153</Value>
            </HeartRateBpm>
            <Extensions>
              <ns3:TPX>
                <ns3:Speed>3.000000000</ns3:Speed>
                <ns3:RunCadence>84</ns3:RunCadence>
              </ns3:TPX>
            </Extensions>
          </Trackpoint>
          <Trackpoint>
            <Time>2020-01-03T00:26:45.000Z</Time>
            <Position>
              <LatitudeDegrees>25.530537493</LatitudeDegrees>
              <LongitudeDegrees>108.104000858</LongitudeDegrees>
            </Position>
            <AltitudeMeters>38.4</AltitudeMeters>
            <DistanceMeters>4815.000000000</DistanceMeters>
            <HeartRateBpm>
              <Value>153</Value>
            </HeartRateBpm>
            <Extensions>
              <ns3:TPX>
                <ns3:Speed>3.000000000</ns3:Speed>
                <ns3:RunCadence>84</ns3:RunCadence>
              </ns3:TPX>
            </Extensions>
          </Trackpoint>
          <Trackpoint>
            <Time>2020-01-03T00:26:50.000Z</Time>
            <Position>
              <LatitudeDegrees>25.530411459</LatitudeDegrees>
              <LongitudeDegrees>108.104054138</LongitudeDegrees>
            </Position>
            <AltitudeMeters>38.358961499</AltitudeMeters>
            <DistanceMeters>4830.000000000</DistanceMeters>
            <HeartRateBpm>
              <Value>153</Value>
            </HeartRateBpm>
            <Extensions>
              <ns3:TPX>
                <ns3:Speed>3.000000000</ns3:Speed>
                <ns3:RunCadence>84</ns3:RunCadence>
              </ns3:TPX>
            </Extensions>
          </Trackpoint>
          <Trackpoint>
            <Time>2020-01-03T00:26:55.000Z</Time>
            <Position>
              <LatitudeDegrees>25.530286947</LatitudeDegrees>
              <LongitudeDegrees>108.104111647</LongitudeDegrees>
            </Position>
            <AltitudeMeters>38.322943000</AltitudeMeters>
            <DistanceMeters>4845.000000000</DistanceMeters>
            <HeartRateBpm>
              <Value>153</Value>
            </HeartRateBpm>
            <Extensions>
              <ns3:TPX>
                <ns3:Speed>3.000000000</ns3:Speed>
                <ns3:RunCadence>84</ns3:RunCadence>
              </ns3:TPX>
            </Extensions>
          </Trackpoint>
          <Trackpoint>
            <Time>2020-01-03T00:27:00.000Z</Time>
            <Position>
              <LatitudeDegrees>25.530164072</LatitudeDegrees>
              <LongitudeDegrees>108.104173329</LongitudeDegrees>
            </Position>
            <AltitudeMeters>38.3</AltitudeMeters>
            <DistanceMeters>4860.000000000</DistanceMeters>
            <HeartRateBpm>
              <Value>153</Value>
            </HeartRateBpm>
            <Extensions>
              <ns3:TPX>
                <ns3:Speed>3.000000000</ns3:Speed>
                <ns3:RunCadence>85</ns3:RunCadence>
              </ns3:TPX>
            </Extensions>
          </Trackpoint>
          <Trackpoint>
            <Time>2020-01-03T00:27:05.000Z</Time>
            <Position>
              <LatitudeDegrees>25.530042949</LatitudeDegrees>
              <LongitudeDegrees>108.104239129</LongitudeDegrees>
            </Position>
            <AltitudeMeters>38.256176560</AltitudeMeters>
            <DistanceMeters>4875.000000000</DistanceMeters>
            <HeartRateBpm>
              <Value>153</Value>
            </HeartRateBpm>
            <Extensions>
              <ns3:TPX>
                <ns3:Speed>3.000000000</ns3:Speed>
                <ns3:RunCadence>85</ns3:RunCadence>
              </ns3:TPX>
            </Extensions>
          </Trackpoint>
          <Trackpoint>
            <Time>2020-01-03T00:27:10.000Z</Time>
            <Position>
              <LatitudeDegrees>25.529923689</LatitudeDegrees>
              <LongitudeDegrees>108.104308985</LongitudeDegrees>
            </Position>
            <AltitudeMeters>38.225498088</AltitudeMeters>
            <DistanceMeters>4890.000000000</DistanceMeters>
            <HeartRateBpm>
              <Value>153</Value>
            </HeartRateBpm>
            <Extensions>
              <ns3:TPX>
                <ns3:Speed>3.000000000</ns3:Speed>
                <ns3:RunCadence>85</ns3:RunCadence>
              </ns3:TPX>
            </Extensions>
          </Trackpoint>
          <Trackpoint>
            <Time>2020-01-03T00:27:15.000Z</Time>
            <Position>
              <LatitudeDegrees>25.529806404</LatitudeDegrees>
              <LongitudeDegrees>108.104382832</LongitudeDegrees>
            </Position>
            <AltitudeMeters>38.196665973</AltitudeMeters>
            <DistanceMeters>4905.000000000</DistanceMeters>
            <HeartRateBpm>
              <Value>153</Value>
            </HeartRateBpm>
            <Extensions>
              <ns3:TPX>
                <ns3:Speed>3.000000000</ns3:Speed>
                <ns3:RunCadence>85</ns3:RunCadence>
              </ns3:TPX>
            </Extensions>
          </Trackpoint>
          <Trackpoint>
            <Time>2020-01-03T00:27:20.000Z</Time>
            <Position>
              <LatitudeDegrees>25.529691202</LatitudeDegrees>
              <LongitudeDegrees>108.104460601</LongitudeDegrees>
            </Position>
            <AltitudeMeters>38.2</AltitudeMeters>
            <DistanceMeters>4920.000000000</DistanceMeters>
            <HeartRateBpm>
              <Value>153</Value>
            </HeartRateBpm>
            <Extensions>
              <ns3:TPX>
                <ns3:Speed>3.000000000</ns3:Speed>
                <ns3:RunCadence>85</ns3:RunCadence>
              </ns3:TPX>
            </Extensions>
          </Trackpoint>
          <Trackpoint>
            <Time>2020-01-03T00:27:25.000Z</Time>
            <Position>
              <LatitudeDegrees>25.529578189</LatitudeDegrees>
              <LongitudeDegrees>108.104542222</LongitudeDegrees>
            </Position>
            <AltitudeMeters>38.1</AltitudeMeters>
            <DistanceMeters>4935.000000000</DistanceMeters>
            <HeartRateBpm>
              <Value>153</Value>
            </HeartRateBpm>
            <Extensions>
              <ns3:TPX>
                <ns3:Speed>3.000000000</ns3:Speed>
                <ns3:RunCadence>85</ns3:RunCadence>
              </ns3:TPX>
            </Extensions>
          </Trackpoint>
          <Trackpoint>
            <Time>2020-01-03T00:27:30.000Z</Time>
            <Position>
              <LatitudeDegrees>25.529467471</LatitudeDegrees>
              <LongitudeDegrees>108.104627617</LongitudeDegrees>
            </Position>
            <AltitudeMeters>38.1</AltitudeMeters>
            <DistanceMeters>4950.000000000</DistanceMeters>
            <HeartRateBpm>
              <Value>153</Value>
            </HeartRateBpm>
            <Extensions>
              <ns3:TPX>
                <ns3:Speed>3.000000000</ns3:Speed>
                <ns3:RunCadence>86</ns3:RunCadence>
              </ns3:TPX>
            </Extensions>
          </Trackpoint>
          <Trackpoint>
            <Time>2020-01-03T00:27:35.000Z</Time>
            <Position>
              <LatitudeDegrees>25.529359150</LatitudeDegrees>
              <LongitudeDegrees>108.104716709</LongitudeDegrees>
            </Position>
            <AltitudeMeters>38.1</AltitudeMeters>
            <DistanceMeters>4965.000000000</DistanceMeters>
            <HeartRateBpm>
              <Value>153</Value>
            </HeartRateBpm>
            <Extensions>
              <ns3:TPX>
                <ns3:Speed>3.000000000</ns3:Speed>
                <ns3:RunCadence>86</ns3:RunCadence>
              </ns3:TPX>
            </Extensions>
          </Trackpoint>
          <Trackpoint>
            <Time>2020-01-03T00:27:40.000Z</Time>
            <Position>
              <LatitudeDegrees>25.529253327</LatitudeDegrees>
              <LongitudeDegrees>108.104809413</LongitudeDegrees>
            </Position>
            <AltitudeMeters>38.1</AltitudeMeters>
            <DistanceMeters>4980.000000000</DistanceMeters>
            <HeartRateBpm>
              <Value>153</Value>
            </HeartRateBpm>
            <Extensions>
              <ns3:TPX>
                <ns3:Speed>3.000000000</ns3:Speed>
                <ns3:RunCadence>86</ns3:RunCadence>
              </ns3:TPX>
            </Extensions>
          </Trackpoint>
          <Trackpoint>
            <Time>2020-01-03T00:27:45.000Z</Time>
            <Position>
              <LatitudeDegrees>25.529150100</LatitudeDegrees>
              <LongitudeDegrees>108.104905645</LongitudeDegrees>
            </Position>
            <AltitudeMeters>38.1</AltitudeMeters>
            <DistanceMeters>4995.000000000</DistanceMeters>
            <HeartRateBpm>
              <Value>153</Value>
            </HeartRateBpm>
            <Extensions>
              <ns3:TPX>
                <ns3:Speed>3.000000000</ns3:Speed>
                <ns3:RunCadence>86</ns3:RunCadence>
              </ns3:TPX>
            </Extensions>
          </Trackpoint>
        </Track>
        <Extensions>
          <ns3:LX>
            <ns3:AvgSpeed>3.0</ns3:AvgSpeed>
            <ns3:AvgRunCadence>83</ns3:AvgRunCadence>
            <ns3:MaxRunCadence>86</ns3:MaxRunCadence>
          </ns3:LX>
        </Extensions>
      </Lap>
      <Lap StartTime="2020-01-03T00:27:50.000Z">
        <TotalTimeSeconds>250.0</TotalTimeSeconds>
        <DistanceMeters>750.0</DistanceMeters>
        <MaximumSpeed>3.0</MaximumSpeed>
        <Calories>38</Calories>
        <AverageHeartRateBpm>
          <Value>146</Value>
        </AverageHeartRateBpm>
        <MaximumHeartRateBpm>
          <Value>152</Value>
        </MaximumHeartRateBpm>
        <Intensity>Active</Intensity>
        <TriggerMethod>Manual</TriggerMethod>
        <Track>
          <Trackpoint>
            <Time>2020-01-03T00:27:50.000Z</Time>
            <Position>
              <LatitudeDegrees>25.529049564</LatitudeDegrees>
              <LongitudeDegrees>108.105005315</LongitudeDegrees>
            </Position>
            <AltitudeMeters>38.0</AltitudeMeters>
            <DistanceMeters>5010.000000000</DistanceMeters>
            <HeartRateBpm>
              <Value>152</Value>
            </HeartRateBpm>
            <Extensions>
              <ns3:TPX>
                <ns3:Speed>3.000000000</ns3:Speed>
                <ns3:RunCadence>86</ns3:RunCadence>
              </ns3:TPX>
            </Extensions>
          </Trackpoint>
          <Trackpoint>
            <Time>2020-01-03T00:27:55.000Z</Time>
            <Position>
              <LatitudeDegrees>25.528951813</LatitudeDegrees>
              <LongitudeDegrees>108.105108331</LongitudeDegrees>
            </Position>
            <AltitudeMeters>38.0</AltitudeMeters>
            <DistanceMeters>5025.0</DistanceMeters>
            <HeartRateBpm>
              <Value>152</Value>
            </HeartRateBpm>
            <Extensions>
              <ns3:TPX>
                <ns3:Speed>3.000000000</ns3:Speed>
                <ns3:RunCadence>86</ns3:RunCadence>
              </ns3:TPX>
            </Extensions>
          </Trackpoint>
          <Trackpoint>
            <Time>2020-01-03T00:28:00.000Z</Time>
            <Position>
              <LatitudeDegrees>25.528856937</LatitudeDegrees>
              <LongitudeDegrees>108.105214598</LongitudeDegrees>
            </Position>
            <AltitudeMeters>38.024556091</AltitudeMeters>
            <DistanceMeters>5040.000000000</DistanceMeters>
            <HeartRateBpm>
              <Value>152</Value>
            </HeartRateBpm>
            <Extensions>
              <ns3:TPX>
                <ns3:Speed>3.000000000</ns3:Speed>
                <ns3:RunCadence>86</ns3:RunCadence>
              </ns3:TPX>
            </Extensions>
          </Trackpoint>
          <Trackpoint>
            <Time>2020-01-03T00:28:05.000Z</Time>
            <Position>
              <LatitudeDegrees>25.528765024</LatitudeDegrees>
              <LongitudeDegrees>108.105324015</LongitudeDegrees>
            </Position>
            <AltitudeMeters>38.015506712</AltitudeMeters>
            <DistanceMeters>5055.000000000</DistanceMeters>
            <HeartRateBpm>
              <Value>152</Value>
            </HeartRateBpm>
            <Extensions>
              <ns3:TPX>
                <ns3:Speed>3.000000000</ns3:Speed>
                <ns3:RunCadence>86</ns3:RunCadence>
              </ns3:TPX>
            </Extensions>
          </Trackpoint>
          <Trackpoint>
            <Time>2020-01-03T00:28:10.000Z</Time>
            <Position>
              <LatitudeDegrees>25.528676159</LatitudeDegrees>
              <LongitudeDegrees>108.105436484</LongitudeDegrees>
            </Position>
            <AltitudeMeters>38.0</AltitudeMeters>
            <DistanceMeters>5070.000000000</DistanceMeters>
            <HeartRateBpm>
              <Value>152</Value>
            </HeartRateBpm>
            <Extensions>
              <ns3:TPX>
                <ns3:Speed>3.000000000</ns3:Speed>
                <ns3:RunCadence>87</ns3:RunCadence>
              </ns3:TPX>
            </Extensions>
          </Trackpoint>
          <Trackpoint>
            <Time>2020-01-03T00:28:15.000Z</Time>
            <Position>
              <LatitudeDegrees>25.528590425</LatitudeDegrees>
              <LongitudeDegrees>108.105551898</LongitudeDegrees>
            </Position>
            <AltitudeMeters>38.0</AltitudeMeters>
            <DistanceMeters>5085.000000000</DistanceMeters>
            <HeartRateBpm>
              <Value>152</Value>
            </HeartRateBpm>
            <Extensions>
              <ns3:TPX>
                <ns3:Speed>3.000000000</ns3:Speed>
                <ns3:RunCadence>87</ns3:RunCadence>
              </ns3:TPX>
            </Extensions>
          </Trackpoint>
          <Trackpoint>
            <Time>2020-01-03T00:28:20.000Z</Time>
            <Position>
              <LatitudeDegrees>25.528507902</LatitudeDegrees>
              <LongitudeDegrees>108.105670151</LongitudeDegrees>
            </Position>
            <AltitudeMeters>38.000774590</AltitudeMeters>
            <DistanceMeters>5100.000000000</DistanceMeters>
            <HeartRateBpm>
              <Value>151</Value>
            </HeartRateBpm>
            <Extensions>
              <ns3:TPX>
                <ns3:Speed>3.000000000</ns3:Speed>
                <ns3:RunCadence>87</ns3:RunCadence>
              </ns3:TPX>
            </Extensions>
          </Trackpoint>
          <Trackpoint>
            <Time>2020-01-03T00:28:25.000Z</Time>
            <Position>
              <LatitudeDegrees>25.528428665</LatitudeDegrees>
              <LongitudeDegrees>108.105791134</LongitudeDegrees>
            </Position>
            <AltitudeMeters>38.0</AltitudeMeters>
            <DistanceMeters>5115.0</DistanceMeters>
            <HeartRateBpm>
              <Value>151</Value>
            </HeartRateBpm>
            <Extensions>
              <ns3:TPX>
                <ns3:Speed>3.000000000</ns3:Speed>
                <ns3:RunCadence>87</ns3:RunCadence>
              </ns3:TPX>
            </Extensions>
          </Trackpoint>
          <Trackpoint>
            <Time>2020-01-03T00:28:30.000Z</Time>
            <Position>
              <LatitudeDegrees>25.528352789</LatitudeDegrees>
              <LongitudeDegrees>108.105914734</LongitudeDegrees>
            </Position>
            <AltitudeMeters>38.001345549</AltitudeMeters>
            <DistanceMeters>5130.000000000</DistanceMeters>
            <HeartRateBpm>
              <Value>151</Value>
            </HeartRateBpm>
            <Extensions>
              <ns3:TPX>
                <ns3:Speed>3.000000000</ns3:Speed>
                <ns3:RunCadence>87</ns3:RunCadence>
              </ns3:TPX>
            </Extensions>
          </Trackpoint>
          <Trackpoint>
            <Time>2020-01-03T00:28:35.000Z</Time>
            <Position>
              <LatitudeDegrees>25.528280343</LatitudeDegrees>
              <LongitudeDegrees>108.106040836</LongitudeDegrees>
            </Position>
            <AltitudeMeters>38.004751095</AltitudeMeters>
            <DistanceMeters>5145.000000000</DistanceMeters>
            <HeartRateBpm>
              <Value>151</Value>
            </HeartRateBpm>
            <Extensions>
              <ns3:TPX>
                <ns3:Speed>3.000000000</ns3:Speed>
                <ns3:RunCadence>87</ns3:RunCadence>
              </ns3:TPX>
            </Extensions>
          </Trackpoint>
          <Trackpoint>
            <Time>2020-01-03T00:28:40.000Z</Time>
            <Position>
              <LatitudeDegrees>25.528211395</LatitudeDegrees>
              <LongitudeDegrees>108.106169325</LongitudeDegrees>
            </Position>
            <AltitudeMeters>38.010232683</AltitudeMeters>
            <DistanceMeters>5160.000000000</DistanceMeters>
            <HeartRateBpm>
              <Value>150</Value>
            </HeartRateBpm>
            <Extensions>
              <ns3:TPX>
                <ns3:Speed>3.000000000</ns3:Speed>
                <ns3:RunCadence>87</ns3:RunCadence>
              </ns3:TPX>
            </Extensions>
          </Trackpoint>
          <Trackpoint>
            <Time>2020-01-03T00:28:45.000Z</Time>
            <Position>
              <LatitudeDegrees>25.528146008</LatitudeDegrees>
              <LongitudeDegrees>108.106300080</LongitudeDegrees>
            </Position>
            <AltitudeMeters>38.017784610</AltitudeMeters>
            <DistanceMeters>5175.000000000</DistanceMeters>
            <HeartRateBpm>
              <Value>150</Value>
            </HeartRateBpm>
            <Extensions>
              <ns3:TPX>
                <ns3:Speed>3.000000000</ns3:Speed>
                <ns3:RunCadence>87</ns3:RunCadence>
              </ns3:TPX>
            </Extensions>
          </Trackpoint>
          <Trackpoint>
            <Time>2020-01-03T00:28:50.000Z</Time>
            <Position>
              <LatitudeDegrees>25.528084244</LatitudeDegrees>
              <LongitudeDegrees>108.106432980</LongitudeDegrees>
            </Position>
            <AltitudeMeters>38.027399016</AltitudeMeters>
            <DistanceMeters>5190.000000000</DistanceMeters>
            <HeartRateBpm>
              <Value>150</Value>
            </HeartRateBpm>
            <Extensions>
              <ns3:TPX>
                <ns3:Speed>3.000000000</ns3:Speed>
                <ns3:RunCadence>87</ns3:RunCadence>
              </ns3:TPX>
            </Extensions>
          </Trackpoint>
          <Trackpoint>
            <Time>2020-01-03T00:28:55.000Z</Time>
            <Position>
              <LatitudeDegrees>25.528026159</LatitudeDegrees>
              <LongitudeDegrees>108.106567903</LongitudeDegrees>
            </Position>
            <AltitudeMeters>38.039065899</AltitudeMeters>
            <DistanceMeters>5205.000000000</DistanceMeters>
            <HeartRateBpm>
              <Value>150</Value>
            </HeartRateBpm>
            <Extensions>
              <ns3:TPX>
                <ns3:Speed>3.000000000</ns3:Speed>
                <ns3:RunCadence>87</ns3:RunCadence>
              </ns3:TPX>
            </Extensions>
          </Trackpoint>
          <Trackpoint>
            <Time>2020-01-03T00:29:00.000Z</Time>
            <Position>
              <LatitudeDegrees>25.527971808</LatitudeDegrees>
              <LongitudeDegrees>108.106704723</LongitudeDegrees>
            </Position>
            <AltitudeMeters>38.052773119</AltitudeMeters>
            <DistanceMeters>5220.000000000</DistanceMeters>
            <HeartRateBpm>
              <Value>149</Value>
            </HeartRateBpm>
            <Extensions>
              <ns3:TPX>
                <ns3:Speed>3.000000000</ns3:Speed>
                <ns3:RunCadence>87</ns3:RunCadence>
              </ns3:TPX>
            </Extensions>
          </Trackpoint>
          <Trackpoint>
            <Time>2020-01-03T00:29:05.000Z</Time>
            <Position>
              <LatitudeDegrees>25.527921240</LatitudeDegrees>
              <LongitudeDegrees>108.106843313</LongitudeDegrees>
            </Position>
            <AltitudeMeters>38.1</AltitudeMeters>
            <DistanceMeters>5235.000000000</DistanceMeters>
            <HeartRateBpm>
              <Value>149</Value>
            </HeartRateBpm>
            <Extensions>
              <ns3:TPX>
                <ns3:Speed>3.000000000</ns3:Speed>
                <ns3:RunCadence>87</ns3:RunCadence>
              </ns3:TPX>
            </Extensions>
          </Trackpoint>
          <Trackpoint>
            <Time>2020-01-03T00:29:10.000Z</Time>
            <Position>
              <LatitudeDegrees>25.527874503</LatitudeDegrees>
              <LongitudeDegrees>108.106983545</LongitudeDegrees>
            </Position>
            <AltitudeMeters>38.086249414</AltitudeMeters>
            <DistanceMeters>5250.00000000</DistanceMeters>
            <HeartRateBpm>
              <Value>149</Value>
            </HeartRateBpm>
            <Extensions>
              <ns3:TPX>
                <ns3:Speed>3.000000000</ns3:Speed>
                <ns3:RunCadence>87</ns3:RunCadence>
              </ns3:TPX>
            </Extensions>
          </Trackpoint>
          <Trackpoint>
            <Time>2020-01-03T00:29:15.000Z</Time>
            <Position>
              <LatitudeDegrees>25.527831640</LatitudeDegrees>
              <LongitudeDegrees>108.107125289</LongitudeDegrees>
            </Position>
            <AltitudeMeters>38.105983656</AltitudeMeters>
            <DistanceMeters>5265.000000000</DistanceMeters>
            <HeartRateBpm>
              <Value>148</Value>
            </HeartRateBpm>
            <Extensions>
              <ns3:TPX>
                <ns3:Speed>3.000000000</ns3:Speed>
                <ns3:RunCadence>87</ns3:RunCadence>
              </ns3:TPX>
            </Extensions>
          </Trackpoint>
          <Trackpoint>
            <Time>2020-01-03T00:29:20.000Z</Time>
            <Position>
              <LatitudeDegrees>25.527792691</LatitudeDegrees>
              <LongitudeDegrees>108.107268413</LongitudeDegrees>
            </Position>
            <AltitudeMeters>38.1</AltitudeMeters>
            <DistanceMeters>5280.000000000</DistanceMeters>
            <HeartRateBpm>
              <Value>148</Value>
            </HeartRateBpm>
            <Extensions>
              <ns3:TPX>
                <ns3:Speed>3.000000000</ns3:Speed>
                <ns3:RunCadence>87</ns3:RunCadence>
              </ns3:TPX>
            </Extensions>
          </Trackpoint>
          <Trackpoint>
            <Time>2020-01-03T00:29:25.000Z</Time>
            <Position>
              <LatitudeDegrees>25.527757691</LatitudeDegrees>
              <LongitudeDegrees>108.107412785</LongitudeDegrees>
            </Position>
            <AltitudeMeters>38.151341687</AltitudeMeters>
            <DistanceMeters>5295.000000000</DistanceMeters>
            <HeartRateBpm>
              <Value>148</Value>
            </HeartRateBpm>
            <Extensions>
              <ns3:TPX>
                <ns3:Speed>3.000000000</ns3:Speed>
                <ns3:RunCadence>87</ns3:RunCadence>
              </ns3:TPX>
            </Extensions>
          </Trackpoint>
          <Trackpoint>
            <Time>2020-01-03T00:29:30.000Z</Time>
            <Position>
              <LatitudeDegrees>25.527726674</LatitudeDegrees>
              <LongitudeDegrees>108.107558271</LongitudeDegrees>
            </Position>
            <AltitudeMeters>38.2</AltitudeMeters>
            <DistanceMeters>5310.000000000</DistanceMeters>
            <HeartRateBpm>
              <Value>147</Value>
            </HeartRateBpm>
            <Extensions>
              <ns3:TPX>
                <ns3:Speed>3.000000000</ns3:Speed>
                <ns3:RunCadence>87</ns3:RunCadence>
              </ns3:TPX>
            </Extensions>
          </Trackpoint>
          <Trackpoint>
            <Time>2020-01-03T00:29:35.000Z</Time>
            <Position>
              <LatitudeDegrees>25.527699667</LatitudeDegrees>
              <LongitudeDegrees>108.107704736</LongitudeDegrees>
            </Position>
            <AltitudeMeters>38.2</AltitudeMeters>
            <DistanceMeters>5325.000000000</DistanceMeters>
            <HeartRateBpm>
              <Value>147</Value>
            </HeartRateBpm>
            <Extensions>
              <ns3:TPX>
                <ns3:Speed>3.000000000</ns3:Speed>
                <ns3:RunCadence>87</ns3:RunCadence>
              </ns3:TPX>
            </Extensions>
          </Trackpoint>
          <Trackpoint>
            <Time>2020-01-03T00:29:40.000Z</Time>
            <Position>
              <LatitudeDegrees>25.527676697</LatitudeDegrees>
              <LongitudeDegrees>108.107852044</LongitudeDegrees>
            </Position>
            <AltitudeMeters>38.233733591</AltitudeMeters>
            <DistanceMeters>5340.000000000</DistanceMeters>
            <HeartRateBpm>
              <Value>147</Value>
            </HeartRateBpm>
            <Extensions>
              <ns3:TPX>
                <ns3:Speed>3.000000000</ns3:Speed>
                <ns3:RunCadence>87</ns3:RunCadence>
              </ns3:TPX>
            </Extensions>
          </Trackpoint>
          <Trackpoint>
            <Time>2020-01-03T00:29:45.000Z</Time>
            <Position>
              <LatitudeDegrees>25.527657784</LatitudeDegrees>
              <LongitudeDegrees>108.108000059</LongitudeDegrees>
            </Position>
            <AltitudeMeters>38.264913191</AltitudeMeters>
            <DistanceMeters>5355.000000000</DistanceMeters>
            <HeartRateBpm>
              <Value>146</Value>
            </HeartRateBpm>
            <Extensions>
              <ns3:TPX>
                <ns3:Speed>3.000000000</ns3:Speed>
                <ns3:RunCadence>87</ns3:RunCadence>
              </ns3:TPX>
            </Extensions>
          </Trackpoint>
          <Trackpoint>
            <Time>2020-01-03T00:29:50.000Z</Time>
            <Position>
              <LatitudeDegrees>25.527642946</LatitudeDegrees>
              <LongitudeDegrees>108.108148644</LongitudeDegrees>
            </Position>
            <AltitudeMeters>38.297898136</AltitudeMeters>
            <DistanceMeters>5370.000000000</DistanceMeters>
            <HeartRateBpm>
              <Value>146</Value>
            </HeartRateBpm>
            <Extensions>
              <ns3:TPX>
                <ns3:Speed>3.000000000</ns3:Speed>
                <ns3:RunCadence>86</ns3:RunCadence>
              </ns3:TPX>
            </Extensions>
          </Trackpoint>
          <Trackpoint>
            <Time>2020-01-03T00:29:55.000Z</Time>
            <Position>
              <LatitudeDegrees>25.527632196</LatitudeDegrees>
              <LongitudeDegrees>108.108297660</LongitudeDegrees>
            </Position>
            <AltitudeMeters>38.332654105</AltitudeMeters>
            <DistanceMeters>5385.000000000</DistanceMeters>
            <HeartRateBpm>
              <Value>146</Value>
            </HeartRateBpm>
            <Extensions>
              <ns3:TPX>
                <ns3:Speed>3.000000000</ns3:Speed>
                <ns3:RunCadence>86</ns3:RunCadence>
              </ns3:TPX>
            </Extensions>
          </Trackpoint>
          <Trackpoint>
            <Time>2020-01-03T00:30:00.000Z</Time>
            <Position>
              <LatitudeDegrees>25.527625545</LatitudeDegrees>
              <LongitudeDegrees>108.108446970</LongitudeDegrees>
            </Position>
            <AltitudeMeters>38.4</AltitudeMeters>
            <DistanceMeters>5400.000000000</DistanceMeters>
            <HeartRateBpm>
              <Value>145</Value>
            </HeartRateBpm>
            <Extensions>
              <ns3:TPX>
                <ns3:Speed>3.000000000</ns3:Speed>
                <ns3:RunCadence>86</ns3:RunCadence>
              </ns3:TPX>
            </Extensions>
          </Trackpoint>
          <Trackpoint>
            <Time>2020-01-03T00:30:05.000Z</Time>
            <Position>
              <LatitudeDegrees>25.527622999</LatitudeDegrees>
              <LongitudeDegrees>108.108596435</LongitudeDegrees>
            </Position>
            <AltitudeMeters>38.407332658</AltitudeMeters>
            <DistanceMeters>5415.000000000</DistanceMeters>
            <HeartRateBpm>
              <Value>145</Value>
            </HeartRateBpm>
            <Extensions>
              <ns3:TPX>
                <ns3:Speed>3.000000000</ns3:Speed>
                <ns3:RunCadence>86</ns3:RunCadence>
              </ns3:TPX>
            </Extensions>
          </Trackpoint>
          <Trackpoint>
            <Time>2020-01-03T00:30:10.000Z</Time>
            <Position>
              <LatitudeDegrees>25.527624560</LatitudeDegrees>
              <LongitudeDegrees>108.108745916</LongitudeDegrees>
            </Position>
            <AltitudeMeters>38.4</AltitudeMeters>
            <DistanceMeters>5430.000000000</DistanceMeters>
            <HeartRateBpm>
              <Value>145</Value>
            </HeartRateBpm>
            <Extensions>
              <ns3:TPX>
                <ns3:Speed>3.000000000</ns3:Speed>
                <ns3:RunCadence>86</ns3:RunCadence>
              </ns3:TPX>
            </Extensions>
          </Trackpoint>
          <Trackpoint>
            <Time>2020-01-03T00:30:15.000Z</Time>
            <Position>
              <LatitudeDegrees>25.527630227</LatitudeDegrees>
              <LongitudeDegrees>108.108895276</LongitudeDegrees>
            </Position>
            <AltitudeMeters>38.5</AltitudeMeters>
            <DistanceMeters>5445.000000000</DistanceMeters>
            <HeartRateBpm>
              <Value>144</Value>
            </HeartRateBpm>
            <Extensions>
              <ns3:TPX>
                <ns3:Speed>3.000000000</ns3:Speed>
                <ns3:RunCadence>86</ns3:RunCadence>
              </ns3:TPX>
            </Extensions>
          </Trackpoint>
          <Trackpoint>
            <Time>2020-01-03T00:30:20.000Z</Time>
            <Position>
              <LatitudeDegrees>25.527639994</LatitudeDegrees>
              <LongitudeDegrees>108.109044375</LongitudeDegrees>
            </Position>
            <AltitudeMeters>38.5</AltitudeMeters>
            <DistanceMeters>5460.000000000</DistanceMeters>
            <HeartRateBpm>
              <Value>144</Value>
            </HeartRateBpm>
            <Extensions>
              <ns3:TPX>
                <ns3:Speed>3.000000000</ns3:Speed>
                <ns3:RunCadence>86</ns3:RunCadence>
              </ns3:TPX>
            </Extensions>
          </Trackpoint>
          <Trackpoint>
            <Time>2020-01-03T00:30:25.000Z</Time>
            <Position>
              <LatitudeDegrees>25.527653852</LatitudeDegrees>
              <LongitudeDegrees>108.109193076</LongitudeDegrees>
            </Position>
            <AltitudeMeters>38.6</AltitudeMeters>
            <DistanceMeters>5475.000000000</DistanceMeters>
            <HeartRateBpm>
              <Value>144</Value>
            </HeartRateBpm>
            <Extensions>
              <ns3:TPX>
                <ns3:Speed>3.000000000</ns3:Speed>
                <ns3:RunCadence>85</ns3:RunCadence>
              </ns3:TPX>
            </Extensions>
          </Trackpoint>
          <Trackpoint>
            <Time>2020-01-03T00:30:30.000Z</Time>
            <Position>
              <LatitudeDegrees>25.527671789</LatitudeDegrees>
              <LongitudeDegrees>108.109341240</LongitudeDegrees>
            </Position>
            <AltitudeMeters>38.622274536</AltitudeMeters>
            <DistanceMeters>5490.000000000</DistanceMeters>
            <HeartRateBpm>
              <Value>143</Value>
            </HeartRateBpm>
            <Extensions>
              <ns3:TPX>
                <ns3:Speed>3.000000000</ns3:Speed>
                <ns3:RunCadence>85</ns3:RunCadence>
              </ns3:TPX>
            </Extensions>
          </Trackpoint>
          <Trackpoint>
            <Time>2020-01-03T00:30:35.000Z</Time>
            <Position>
              <LatitudeDegrees>25.527693787</LatitudeDegrees>
              <LongitudeDegrees>108.109488731</LongitudeDegrees>
            </Position>
            <AltitudeMeters>38.669750395</AltitudeMeters>
            <DistanceMeters>5505.000000000</DistanceMeters>
            <HeartRateBpm>
              <Value>143</Value>
            </HeartRateBpm>
            <Extensions>
              <ns3:TPX>
                <ns3:Speed>3.000000000</ns3:Speed>
                <ns3:RunCadence>85</ns3:RunCadence>
              </ns3:TPX>
            </Extensions>
          </Trackpoint>
          <Trackpoint>
            <Time>2020-01-03T00:30:40.000Z</Time>
            <Position>
              <LatitudeDegrees>25.527719828</LatitudeDegrees>
              <LongitudeDegrees>108.109635410</LongitudeDegrees>
            </Position>
            <AltitudeMeters>38.718610370</AltitudeMeters>
            <DistanceMeters>5520.000000000</DistanceMeters>
            <HeartRateBpm>
              <Value>143</Value>
            </HeartRateBpm>
            <Extensions>
              <ns3:TPX>
                <ns3:Speed>3.000000000</ns3:Speed>
                <ns3:RunCadence>85</ns3:RunCadence>
              </ns3:TPX>
            </Extensions>
          </Trackpoint>
          <Trackpoint>
            <Time>2020-01-03T00:30:45.000Z</Time>
            <Position>
              <LatitudeDegrees>25.527749885</LatitudeDegrees>
              <LongitudeDegrees>108.109781143</LongitudeDegrees>
            </Position>
            <AltitudeMeters>38.768803620</AltitudeMeters>
            <DistanceMeters>5535.000000000</DistanceMeters>
            <HeartRateBpm>
              <Value>142</Value>
            </HeartRateBpm>
            <Extensions>
              <ns3:TPX>
                <ns3:Speed>3.000000000</ns3:Speed>
                <ns3:RunCadence>85</ns3:RunCadence>
              </ns3:TPX>
            </Extensions>
          </Trackpoint>
          <Trackpoint>
            <Time>2020-01-03T00:30:50.000Z</Time>
            <Position>
              <LatitudeDegrees>25.527783932</LatitudeDegrees>
              <LongitudeDegrees>108.109925795</LongitudeDegrees>
            </Position>
            <AltitudeMeters>38.820277921</AltitudeMeters>
            <DistanceMeters>5550.000000000</DistanceMeters>
            <HeartRateBpm>
              <Value>142</Value>
            </HeartRateBpm>
            <Extensions>
              <ns3:TPX>
                <ns3:Speed>3.000000000</ns3:Speed>
                <ns3:RunCadence>85</ns3:RunCadence>
              </ns3:TPX>
            </Extensions>
          </Trackpoint>
          <Trackpoint>
            <Time>2020-01-03T00:30:55.000Z</Time>
            <Position>
              <LatitudeDegrees>25.527821937</LatitudeDegrees>
              <LongitudeDegrees>108.110069231</LongitudeDegrees>
            </Position>
            <AltitudeMeters>38.872979715</AltitudeMeters>
            <DistanceMeters>5565.000000000</DistanceMeters>
            <HeartRateBpm>
              <Value>142</Value>
            </HeartRateBpm>
            <Extensions>
              <ns3:TPX>
                <ns3:Speed>3.000000000</ns3:Speed>
                <ns3:RunCadence>85</ns3:RunCadence>
              </ns3:TPX>
            </Extensions>
          </Trackpoint>
          <Trackpoint>
            <Time>2020-01-03T00:31:00.000Z</Time>
            <Position>
              <LatitudeDegrees>25.527863865</LatitudeDegrees>
              <LongitudeDegrees>108.110211318</LongitudeDegrees>
            </Position>
            <AltitudeMeters>38.926854164</AltitudeMeters>
            <DistanceMeters>5580.00</DistanceMeters>
            <HeartRateBpm>
              <Value>141</Value>
            </HeartRateBpm>
            <Extensions>
              <ns3:TPX>
                <ns3:Speed>3.000000000</ns3:Speed>
                <ns3:RunCadence>84</ns3:RunCadence>
              </ns3:TPX>
            </Extensions>
          </Trackpoint>
          <Trackpoint>
            <Time>2020-01-03T00:31:05.000Z</Time>
            <Position>
              <LatitudeDegrees>25.527909676</LatitudeDegrees>
              <LongitudeDegrees>108.110351925</LongitudeDegrees>
            </Position>
            <AltitudeMeters>38.981845214</AltitudeMeters>
            <DistanceMeters>5595.000000000</DistanceMeters>
            <HeartRateBpm>
              <Value>141</Value>
            </HeartRateBpm>
            <Extensions>
              <ns3:TPX>
                <ns3:Speed>3.000000000</ns3:Speed>
                <ns3:RunCadence>84</ns3:RunCadence>
              </ns3:TPX>
            </Extensions>
          </Trackpoint>
          <Trackpoint>
            <Time>2020-01-03T00:31:10.000Z</Time>
            <Position>
              <LatitudeDegrees>25.527959329</LatitudeDegrees>
              <LongitudeDegrees>108.110490920</LongitudeDegrees>
            </Position>
            <AltitudeMeters>39.0</AltitudeMeters>
            <DistanceMeters>5610.000000000</DistanceMeters>
            <HeartRateBpm>
              <Value>141</Value>
            </HeartRateBpm>
            <Extensions>
              <ns3:TPX>
                <ns3:Speed>3.000000000</ns3:Speed>
                <ns3:RunCadence>84</ns3:RunCadence>
              </ns3:TPX>
            </Extensions>
          </Trackpoint>
          <Trackpoint>
            <Time>2020-01-03T00:31:15.000Z</Time>
            <Position>
              <LatitudeDegrees>25.528012777</LatitudeDegrees>
              <LongitudeDegrees>108.110628177</LongitudeDegrees>
            </Position>
            <AltitudeMeters>39.094947140</AltitudeMeters>
            <DistanceMeters>5625.000000000</DistanceMeters>
            <HeartRateBpm>
              <Value>141</Value>
            </HeartRateBpm>
            <Extensions>
              <ns3:TPX>
                <ns3:Speed>3.000000000</ns3:Speed>
                <ns3:RunCadence>84</ns3:RunCadence>
              </ns3:TPX>
            </Extensions>
          </Trackpoint>
          <Trackpoint>
            <Time>2020-01-03T00:31:20.000Z</Time>
            <Position>
              <LatitudeDegrees>25.528069971</LatitudeDegrees>
              <LongitudeDegrees>108.110763566</LongitudeDegrees>
            </Position>
            <AltitudeMeters>39.152940335</AltitudeMeters>
            <DistanceMeters>5640.000000000</DistanceMeters>
            <HeartRateBpm>
              <Value>140</Value>
            </HeartRateBpm>
            <Extensions>
              <ns3:TPX>
                <ns3:Speed>3.000000000</ns3:Speed>
                <ns3:RunCadence>84</ns3:RunCadence>
              </ns3:TPX>
            </Extensions>
          </Trackpoint>
          <Trackpoint>
            <Time>2020-01-03T00:31:25.000Z</Time>
            <Position>
              <LatitudeDegrees>25.528130857</LatitudeDegrees>
              <LongitudeDegrees>108.110896963</LongitudeDegrees>
            </Position>
            <AltitudeMeters>39.211814889</AltitudeMeters>
            <DistanceMeters>5655.000000000</DistanceMeters>
            <HeartRateBpm>
              <Value>140</Value>
            </HeartRateBpm>
            <Extensions>
              <ns3:TPX>
                <ns3:Speed>3.000000000</ns3:Speed>
                <ns3:RunCadence>83</ns3:RunCadence>
              </ns3:TPX>
            </Extensions>
          </Trackpoint>
          <Trackpoint>
            <Time>2020-01-03T00:31:30.000Z</Time>
            <Position>
              <LatitudeDegrees>25.528195380</LatitudeDegrees>
              <LongitudeDegrees>108.111028244</LongitudeDegrees>
            </Position>
            <AltitudeMeters>39.271509544</AltitudeMeters>
            <DistanceMeters>5670.000000000</DistanceMeters>
            <HeartRateBpm>
              <Value>140</Value>
            </HeartRateBpm>
            <Extensions>
              <ns3:TPX>
                <ns3:Speed>3.000000000</ns3:Speed>
                <ns3:RunCadence>83</ns3:RunCadence>
              </ns3:TPX>
            </Extensions>
          </Trackpoint>
          <Trackpoint>
            <Time>2020-01-03T00:31:35.000Z</Time>
            <Position>
              <LatitudeDegrees>25.528263480</LatitudeDegrees>
              <LongitudeDegrees>108.111157287</LongitudeDegrees>
            </Position>
            <AltitudeMeters>39.3</AltitudeMeters>
            <DistanceMeters>5685.0</DistanceMeters>
            <HeartRateBpm>
              <Value>139</Value>
            </HeartRateBpm>
            <Extensions>
              <ns3:TPX>
                <ns3:Speed>3.000000000</ns3:Speed>
                <ns3:RunCadence>83</ns3:RunCadence>
              </ns3:TPX>
            </Extensions>
          </Trackpoint>
          <Trackpoint>
            <Time>2020-01-03T00:31:40.000Z</Time>
            <Position>
              <LatitudeDegrees>25.528335092</LatitudeDegrees>
              <LongitudeDegrees>108.111283973</LongitudeDegrees>
            </Position>
            <AltitudeMeters>39.4</AltitudeMeters>
            <DistanceMeters>5700.000000000</DistanceMeters>
            <HeartRateBpm>
              <Value>139</Value>
            </HeartRateBpm>
            <Extensions>
              <ns3:TPX>
                <ns3:Speed>3.000000000</ns3:Speed>
                <ns3:RunCadence>83</ns3:RunCadence>
              </ns3:TPX>
            </Extensions>
          </Trackpoint>
          <Trackpoint>
            <Time>2020-01-03T00:31:45.000Z</Time>
            <Position>
              <LatitudeDegrees>25.528410152</LatitudeDegrees>
              <LongitudeDegrees>108.111408184</LongitudeDegrees>
            </Position>
            <AltitudeMeters>39.5</AltitudeMeters>
            <DistanceMeters>5715.000000000</DistanceMeters>
            <HeartRateBpm>
              <Value>139</Value>
            </HeartRateBpm>
            <Extensions>
              <ns3:TPX>
                <ns3:Speed>3.000000000</ns3:Speed>
                <ns3:RunCadence>83</ns3:RunCadence>
              </ns3:TPX>
            </Extensions>
          </Trackpoint>
          <Trackpoint>
            <Time>2020-01-03T00:31:50.000Z</Time>
            <Position>
              <LatitudeDegrees>25.528488589</LatitudeDegrees>
              <LongitudeDegrees>108.111529804</LongitudeDegrees>
            </Position>
            <AltitudeMeters>39.5</AltitudeMeters>
            <DistanceMeters>5730.000000000</DistanceMeters>
            <HeartRateBpm>
              <Value>139</Value>
            </HeartRateBpm>
            <Extensions>
              <ns3:TPX>
                <ns3:Speed>3.000000000</ns3:Speed>
                <ns3:RunCadence>83</ns3:RunCadence>
              </ns3:TPX>
            </Extensions>
          </Trackpoint>
          <Trackpoint>
            <Time>2020-01-03T00:31:55.000Z</Time>
            <Position>
              <LatitudeDegrees>25.528570331</LatitudeDegrees>
              <LongitudeDegrees>108.111648723</LongitudeDegrees>
            </Position>
            <AltitudeMeters>39.6</AltitudeMeters>
            <DistanceMeters>5745.000000000</DistanceMeters>
            <HeartRateBpm>
              <Value>139</Value>
            </HeartRateBpm>
            <Extensions>
              <ns3:TPX>
                <ns3:Speed>3.000000000</ns3:Speed>
                <ns3:RunCadence>82</ns3:RunCadence>
              </ns3:TPX>
            </Extensions>
          </Trackpoint>
        </Track>
        <Extensions>
          <ns3:LX>
            <ns3:AvgSpeed>3.0</ns3:AvgSpeed>
            <ns3:AvgRunCadence>86</ns3:AvgRunCadence>
            <ns3:MaxRunCadence>87</ns3:MaxRunCadence>
          </ns3:LX>
        </Extensions>
      </Lap>
      <Lap StartTime="2020-01-03T00:32:00.000Z">
        <TotalTimeSeconds>245.0</TotalTimeSeconds>
        <DistanceMeters>735.0</DistanceMeters>
        <MaximumSpeed>3.0</MaximumSpeed>
        <Calories>37</Calories>
        <AverageHeartRateBpm>
          <Value>139</Value>
        </AverageHeartRateBpm>
        <MaximumHeartRateBpm>
          <Value>144</Value>
        </MaximumHeartRateBpm>
        <Intensity>Active</Intensity>
        <TriggerMethod>Manual</TriggerMethod>
        <Track>
          <Trackpoint>
            <Time>2020-01-03T00:32:00.000Z</Time>
            <Position>
              <LatitudeDegrees>25.528655301</LatitudeDegrees>
              <LongitudeDegrees>108.111764828</LongitudeDegrees>
            </Position>
            <AltitudeMeters>39.6</AltitudeMeters>
            <DistanceMeters>5760.000000000</DistanceMeters>
            <HeartRateBpm>
              <Value>138</Value>
            </HeartRateBpm>
            <Extensions>
              <ns3:TPX>
                <ns3:Speed>3.000000000</ns3:Speed>
                <ns3:RunCadence>82</ns3:RunCadence>
              </ns3:TPX>
            </Extensions>
          </Trackpoint>
          <Trackpoint>
            <Time>2020-01-03T00:32:05.000Z</Time>
            <Position>
              <LatitudeDegrees>25.528743422</LatitudeDegrees>
              <LongitudeDegrees>108.111878012</LongitudeDegrees>
            </Position>
            <AltitudeMeters>39.7</AltitudeMeters>
            <DistanceMeters>5775.000000000</DistanceMeters>
            <HeartRateBpm>
              <Value>138</Value>
            </HeartRateBpm>
            <Extensions>
              <ns3:TPX>
                <ns3:Speed>3.000000000</ns3:Speed>
                <ns3:RunCadence>82</ns3:RunCadence>
              </ns3:TPX>
            </Extensions>
          </Trackpoint>
          <Trackpoint>
            <Time>2020-01-03T00:32:10.000Z</Time>
            <Position>
              <LatitudeDegrees>25.528834611</LatitudeDegrees>
              <LongitudeDegrees>108.111988171</LongitudeDegrees>
            </Position>
            <AltitudeMeters>39.8</AltitudeMeters>
            <DistanceMeters>5790.000000000</DistanceMeters>
            <HeartRateBpm>
              <Value>138</Value>
            </HeartRateBpm>
            <Extensions>
              <ns3:TPX>
                <ns3:Speed>3.000000000</ns3:Speed>
                <ns3:RunCadence>82</ns3:RunCadence>
              </ns3:TPX>
            </Extensions>
          </Trackpoint>
          <Trackpoint>
            <Time>2020-01-03T00:32:15.000Z</Time>
            <Position>
              <LatitudeDegrees>25.528928784</LatitudeDegrees>
              <LongitudeDegrees>108.112095203</LongitudeDegrees>
            </Position>
            <AltitudeMeters>39.835187813</AltitudeMeters>
            <DistanceMeters>5805.000000000</DistanceMeters>
            <HeartRateBpm>
              <Value>138</Value>
            </HeartRateBpm>
            <Extensions>
              <ns3:TPX>
                <ns3:Speed>3.000000000</ns3:Speed>
                <ns3:RunCadence>82</ns3:RunCadence>
              </ns3:TPX>
            </Extensions>
          </Trackpoint>
          <Trackpoint>
            <Time>2020-01-03T00:32:20.000Z</Time>
            <Position>
              <LatitudeDegrees>25.529025854</LatitudeDegrees>
              <LongitudeDegrees>108.112199007</LongitudeDegrees>
            </Position>
            <AltitudeMeters>39.899559104</AltitudeMeters>
            <DistanceMeters>5820.000000000</DistanceMeters>
            <HeartRateBpm>
              <Value>138</Value>
            </HeartRateBpm>
            <Extensions>
              <ns3:TPX>
                <ns3:Speed>3.000000000</ns3:Speed>
                <ns3:RunCadence>82</ns3:RunCadence>
              </ns3:TPX>
            </Extensions>
          </Trackpoint>
          <Trackpoint>
            <Time>2020-01-03T00:32:25.000Z</Time>
            <Position>
              <LatitudeDegrees>25.529125730</LatitudeDegrees>
              <LongitudeDegrees>108.112299489</LongitudeDegrees>
            </Position>
            <AltitudeMeters>40.0</AltitudeMeters>
            <DistanceMeters>5835.000000000</DistanceMeters>
            <HeartRateBpm>
              <Value>138</Value>
            </HeartRateBpm>
            <Extensions>
              <ns3:TPX>
                <ns3:Speed>3.000000000</ns3:Speed>
                <ns3:RunCadence>82</ns3:RunCadence>
              </ns3:TPX>
            </Extensions>
          </Trackpoint>
          <Trackpoint>
            <Time>2020-01-03T00:32:30.000Z</Time>
            <Position>
              <LatitudeDegrees>25.529228321</LatitudeDegrees>
              <LongitudeDegrees>108.112396554</LongitudeDegrees>
            </Position>
            <AltitudeMeters>40.0</AltitudeMeters>
            <DistanceMeters>5850.000000000</DistanceMeters>
            <HeartRateBpm>
              <Value>137</Value>
            </HeartRateBpm>
            <Extensions>
              <ns3:TPX>
                <ns3:Speed>3.000000000</ns3:Speed>
                <ns3:RunCadence>82</ns3:RunCadence>
              </ns3:TPX>
            </Extensions>
          </Trackpoint>
          <Trackpoint>
            <Time>2020-01-03T00:32:35.000Z</Time>
            <Position>
              <LatitudeDegrees>25.529333530</LatitudeDegrees>
              <LongitudeDegrees>108.112490113</LongitudeDegrees>
            </Position>
            <AltitudeMeters>40.1</AltitudeMeters>
            <DistanceMeters>5865.000000000</DistanceMeters>
            <HeartRateBpm>
              <Value>137</Value>
            </HeartRateBpm>
            <Extensions>
              <ns3:TPX>
                <ns3:Speed>3.000000000</ns3:Speed>
                <ns3:RunCadence>81</ns3:RunCadence>
              </ns3:TPX>
            </Extensions>
          </Trackpoint>
          <Trackpoint>
            <Time>2020-01-03T00:32:40.000Z</Time>
            <Position>
              <LatitudeDegrees>25.529441260</LatitudeDegrees>
              <LongitudeDegrees>108.112580079</LongitudeDegrees>
            </Position>
            <AltitudeMeters>40.157418359</AltitudeMeters>
            <DistanceMeters>5880.000000000</DistanceMeters>
            <HeartRateBpm>
              <Value>137</Value>
            </HeartRateBpm>
            <Extensions>
              <ns3:TPX>
                <ns3:Speed>3.000000000</ns3:Speed>
                <ns3:RunCadence>81</ns3:RunCadence>
              </ns3:TPX>
            </Extensions>
          </Trackpoint>
          <Trackpoint>
            <Time>2020-01-03T00:32:45.000Z</Time>
            <Position>
              <LatitudeDegrees>25.529551412</LatitudeDegrees>
              <LongitudeDegrees>108.112666368</LongitudeDegrees>
            </Position>
            <AltitudeMeters>40.2</AltitudeMeters>
            <DistanceMeters>5895.000000000</DistanceMeters>
            <HeartRateBpm>
              <Value>137</Value>
            </HeartRateBpm>
            <Extensions>
              <ns3:TPX>
                <ns3:Speed>3.000000000</ns3:Speed>
                <ns3:RunCadence>81</ns3:RunCadence>
              </ns3:TPX>
            </Extensions>
          </Trackpoint>
          <Trackpoint>
            <Time>2020-01-03T00:32:50.000Z</Time>
            <Position>
              <LatitudeDegrees>25.529663884</LatitudeDegrees>
              <LongitudeDegrees>108.112748902</LongitudeDegrees>
            </Position>
            <AltitudeMeters>40.285633594</AltitudeMeters>
            <DistanceMeters>5910.000000000</DistanceMeters>
            <HeartRateBpm>
              <Value>137</Value>
            </HeartRateBpm>
            <Extensions>
              <ns3:TPX>
                <ns3:Speed>3.000000000</ns3:Speed>
                <ns3:RunCadence>81</ns3:RunCadence>
              </ns3:TPX>
            </Extensions>
          </Trackpoint>
          <Trackpoint>
            <Time>2020-01-03T00:32:55.000Z</Time>
            <Position>
              <LatitudeDegrees>25.529778570</LatitudeDegrees>
              <LongitudeDegrees>108.112827602</LongitudeDegrees>
            </Position>
            <AltitudeMeters>40.349328704</AltitudeMeters>
            <DistanceMeters>5925.00000000</DistanceMeters>
            <HeartRateBpm>
              <Value>137</Value>
            </HeartRateBpm>
            <Extensions>
              <ns3:TPX>
                <ns3:Speed>3.000000000</ns3:Speed>
                <ns3:RunCadence>81</ns3:RunCadence>
              </ns3:TPX>
            </Extensions>
          </Trackpoint>
          <Trackpoint>
            <Time>2020-01-03T00:33:00.000Z</Time>
            <Position>
              <LatitudeDegrees>25.529895366</LatitudeDegrees>
              <LongitudeDegrees>108.112902396</LongitudeDegrees>
            </Position>
            <AltitudeMeters>40.412660339</AltitudeMeters>
            <DistanceMeters>5940.000000000</DistanceMeters>
            <HeartRateBpm>
              <Value>137</Value>
            </HeartRateBpm>
            <Extensions>
              <ns3:TPX>
                <ns3:Speed>3.000000000</ns3:Speed>
                <ns3:RunCadence>81</ns3:RunCadence>
              </ns3:TPX>
            </Extensions>
          </Trackpoint>
          <Trackpoint>
            <Time>2020-01-03T00:33:05.000Z</Time>
            <Position>
              <LatitudeDegrees>25.530014162</LatitudeDegrees>
              <LongitudeDegrees>108.112973216</LongitudeDegrees>
            </Position>
            <AltitudeMeters>40.475562605</AltitudeMeters>
            <DistanceMeters>5955.000000000</DistanceMeters>
            <HeartRateBpm>
              <Value>137</Value>
            </HeartRateBpm>
            <Extensions>
              <ns3:TPX>
                <ns3:Speed>3.000000000</ns3:Speed>
                <ns3:RunCadence>81</ns3:RunCadence>
              </ns3:TPX>
            </Extensions>
          </Trackpoint>
          <Trackpoint>
            <Time>2020-01-03T00:33:10.000Z</Time>
            <Position>
              <LatitudeDegrees>25.530134848</LatitudeDegrees>
              <LongitudeDegrees>108.113039994</LongitudeDegrees>
            </Position>
            <AltitudeMeters>40.537970052</AltitudeMeters>
            <DistanceMeters>5970.000000000</DistanceMeters>
            <HeartRateBpm>
              <Value>137</Value>
            </HeartRateBpm>
            <Extensions>
              <ns3:TPX>
                <ns3:Speed>3.000000000</ns3:Speed>
                <ns3:RunCadence>81</ns3:RunCadence>
              </ns3:TPX>
            </Extensions>
          </Trackpoint>
          <Trackpoint>
            <Time>2020-01-03T00:33:15.000Z</Time>
            <Position>
              <LatitudeDegrees>25.530257313</LatitudeDegrees>
              <LongitudeDegrees>108.113102670</LongitudeDegrees>
            </Position>
            <AltitudeMeters>40.599817744</AltitudeMeters>
            <DistanceMeters>5985.00000000</DistanceMeters>
            <HeartRateBpm>
              <Value>137</Value>
            </HeartRateBpm>
            <Extensions>
              <ns3:TPX>
                <ns3:Speed>3.000000000</ns3:Speed>
                <ns3:RunCadence>81</ns3:RunCadence>
              </ns3:TPX>
            </Extensions>
          </Trackpoint>
          <Trackpoint>
            <Time>2020-01-03T00:33:20.000Z</Time>
            <Position>
              <LatitudeDegrees>25.530381443</LatitudeDegrees>
              <LongitudeDegrees>108.113161185</LongitudeDegrees>
            </Position>
            <AltitudeMeters>40.661041331</AltitudeMeters>
            <DistanceMeters>6000.000000000</DistanceMeters>
            <HeartRateBpm>
              <Value>137</Value>
            </HeartRateBpm>
            <Extensions>
              <ns3:TPX>
                <ns3:Speed>3.000000000</ns3:Speed>
                <ns3:RunCadence>81</ns3:RunCadence>
              </ns3:TPX>
            </Extensions>
          </Trackpoint>
          <Trackpoint>
            <Time>2020-01-03T00:33:25.000Z</Time>
            <Position>
              <LatitudeDegrees>25.530507122</LatitudeDegrees>
              <LongitudeDegrees>108.113215484</LongitudeDegrees>
            </Position>
            <AltitudeMeters>40.721577110</AltitudeMeters>
            <DistanceMeters>6015.000000000</DistanceMeters>
            <HeartRateBpm>
              <Value>137</Value>
            </HeartRateBpm>
            <Extensions>
              <ns3:TPX>
                <ns3:Speed>3.000000000</ns3:Speed>
                <ns3:RunCadence>81</ns3:RunCadence>
              </ns3:TPX>
            </Extensions>
          </Trackpoint>
          <Trackpoint>
            <Time>2020-01-03T00:33:30.000Z</Time>
            <Position>
              <LatitudeDegrees>25.530634235</LatitudeDegrees>
              <LongitudeDegrees>108.113265519</LongitudeDegrees>
            </Position>
            <AltitudeMeters>40.8</AltitudeMeters>
            <DistanceMeters>6030.00</DistanceMeters>
            <HeartRateBpm>
              <Value>137</Value>
            </HeartRateBpm>
            <Extensions>
              <ns3:TPX>
                <ns3:Speed>3.000000000</ns3:Speed>
                <ns3:RunCadence>81</ns3:RunCadence>
              </ns3:TPX>
            </Extensions>
          </Trackpoint>
          <Trackpoint>
            <Time>2020-01-03T00:33:35.000Z</Time>
            <Position>
              <LatitudeDegrees>25.530762664</LatitudeDegrees>
              <LongitudeDegrees>108.113311241</LongitudeDegrees>
            </Position>
            <AltitudeMeters>40.840334074</AltitudeMeters>
            <DistanceMeters>6045.000000000</DistanceMeters>
            <HeartRateBpm>
              <Value>137</Value>
            </HeartRateBpm>
            <Extensions>
              <ns3:TPX>
                <ns3:Speed>3.000000000</ns3:Speed>
                <ns3:RunCadence>81</ns3:RunCadence>
              </ns3:TPX>
            </Extensions>
          </Trackpoint>
          <Trackpoint>
            <Time>2020-01-03T00:33:40.000Z</Time>
            <Position>
              <LatitudeDegrees>25.530892289</LatitudeDegrees>
              <LongitudeDegrees>108.113352610</LongitudeDegrees>
            </Position>
            <AltitudeMeters>40.9</AltitudeMeters>
            <DistanceMeters>6060.000000000</DistanceMeters>
            <HeartRateBpm>
              <Value>137</Value>
            </HeartRateBpm>
            <Extensions>
              <ns3:TPX>
                <ns3:Speed>3.000000000</ns3:Speed>
                <ns3:RunCadence>81</ns3:RunCadence>
              </ns3:TPX>
            </Extensions>
          </Trackpoint>
          <Trackpoint>
            <Time>2020-01-03T00:33:45.000Z</Time>
            <Position>
              <LatitudeDegrees>25.531022991</LatitudeDegrees>
              <LongitudeDegrees>108.113389585</LongitudeDegrees>
            </Position>
            <AltitudeMeters>40.955594502</AltitudeMeters>
            <DistanceMeters>6075.00000000</DistanceMeters>
            <HeartRateBpm>
              <Value>137</Value>
            </HeartRateBpm>
            <Extensions>
              <ns3:TPX>
                <ns3:Speed>3.000000000</ns3:Speed>
                <ns3:RunCadence>81</ns3:RunCadence>
              </ns3:TPX>
            </Extensions>
          </Trackpoint>
          <Trackpoint>
            <Time>2020-01-03T00:33:50.000Z</Time>
            <Position>
              <LatitudeDegrees>25.531154648</LatitudeDegrees>
              <LongitudeDegrees>108.113422134</LongitudeDegrees>
            </Position>
            <AltitudeMeters>41.0</AltitudeMeters>
            <DistanceMeters>6090.000000000</DistanceMeters>
            <HeartRateBpm>
              <Value>138</Value>
            </HeartRateBpm>
            <Extensions>
              <ns3:TPX>
                <ns3:Speed>3.000000000</ns3:Speed>
                <ns3:RunCadence>81</ns3:RunCadence>
              </ns3:TPX>
            </Extensions>
          </Trackpoint>
          <Trackpoint>
            <Time>2020-01-03T00:33:55.000Z</Time>
            <Position>
              <LatitudeDegrees>25.531287137</LatitudeDegrees>
              <LongitudeDegrees>108.113450226</LongitudeDegrees>
            </Position>
            <AltitudeMeters>41.066878810</AltitudeMeters>
            <DistanceMeters>6105.000000000</DistanceMeters>
            <HeartRateBpm>
              <Value>138</Value>
            </HeartRateBpm>
            <Extensions>
              <ns3:TPX>
                <ns3:Speed>3.000000000</ns3:Speed>
                <ns3:RunCadence>81</ns3:RunCadence>
              </ns3:TPX>
            </Extensions>
          </Trackpoint>
          <Trackpoint>
            <Time>2020-01-03T00:34:00.000Z</Time>
            <Position>
              <LatitudeDegrees>25.531420338</LatitudeDegrees>
              <LongitudeDegrees>108.113473835</LongitudeDegrees>
            </Position>
            <AltitudeMeters>41.120884518</AltitudeMeters>
            <DistanceMeters>6120.000000000</DistanceMeters>
            <HeartRateBpm>
              <Value>138</Value>
            </HeartRateBpm>
            <Extensions>
              <ns3:TPX>
                <ns3:Speed>3.000000000</ns3:Speed>
                <ns3:RunCadence>81</ns3:RunCadence>
              </ns3:TPX>
            </Extensions>
          </Trackpoint>
          <Trackpoint>
            <Time>2020-01-03T00:34:05.000Z</Time>
            <Position>
              <LatitudeDegrees>25.531554124</LatitudeDegrees>
              <LongitudeDegrees>108.113492939</LongitudeDegrees>
            </Position>
            <AltitudeMeters>41.173723955</AltitudeMeters>
            <DistanceMeters>6135.000000000</DistanceMeters>
            <HeartRateBpm>
              <Value>138</Value>
            </HeartRateBpm>
            <Extensions>
              <ns3:TPX>
                <ns3:Speed>3.000000000</ns3:Speed>
                <ns3:RunCadence>81</ns3:RunCadence>
              </ns3:TPX>
            </Extensions>
          </Trackpoint>
          <Trackpoint>
            <Time>2020-01-03T00:34:10.000Z</Time>
            <Position>
              <LatitudeDegrees>25.531688374</LatitudeDegrees>
              <LongitudeDegrees>108.113507521</LongitudeDegrees>
            </Position>
            <AltitudeMeters>41.225342140</AltitudeMeters>
            <DistanceMeters>6150.00000000</DistanceMeters>
            <HeartRateBpm>
              <Value>138</Value>
            </HeartRateBpm>
            <Extensions>
              <ns3:TPX>
                <ns3:Speed>3.000000000</ns3:Speed>
                <ns3:RunCadence>81</ns3:RunCadence>
              </ns3:TPX>
            </Extensions>
          </Trackpoint>
          <Trackpoint>
            <Time>2020-01-03T00:34:15.000Z</Time>
            <Position>
              <LatitudeDegrees>25.531822962</LatitudeDegrees>
              <LongitudeDegrees>108.113517566</LongitudeDegrees>
            </Position>
            <AltitudeMeters>41.3</AltitudeMeters>
            <DistanceMeters>6165.000000000</DistanceMeters>
            <HeartRateBpm>
              <Value>138</Value>
            </HeartRateBpm>
            <Extensions>
              <ns3:TPX>
                <ns3:Speed>3.000000000</ns3:Speed>
                <ns3:RunCadence>82</ns3:RunCadence>
              </ns3:TPX>
            </Extensions>
          </Trackpoint>
          <Trackpoint>
            <Time>2020-01-03T00:34:20.000Z</Time>
            <Position>
              <LatitudeDegrees>25.531957764</LatitudeDegrees>
              <LongitudeDegrees>108.113523065</LongitudeDegrees>
            </Position>
            <AltitudeMeters>41.3</AltitudeMeters>
            <DistanceMeters>6180.000000000</DistanceMeters>
            <HeartRateBpm>
              <Value>139</Value>
            </HeartRateBpm>
            <Extensions>
              <ns3:TPX>
                <ns3:Speed>3.000000000</ns3:Speed>
                <ns3:RunCadence>82</ns3:RunCadence>
              </ns3:TPX>
            </Extensions>
          </Trackpoint>
          <Trackpoint>
            <Time>2020-01-03T00:34:25.000Z</Time>
            <Position>
              <LatitudeDegrees>25.532092654</LatitudeDegrees>
              <LongitudeDegrees>108.113524015</LongitudeDegrees>
            </Position>
            <AltitudeMeters>41.372338796</AltitudeMeters>
            <DistanceMeters>6195.000000000</DistanceMeters>
            <HeartRateBpm>
              <Value>139</Value>
            </HeartRateBpm>
            <Extensions>
              <ns3:TPX>
                <ns3:Speed>3.000000000</ns3:Speed>
                <ns3:RunCadence>82</ns3:RunCadence>
              </ns3:TPX>
            </Extensions>
          </Trackpoint>
          <Trackpoint>
            <Time>2020-01-03T00:34:30.000Z</Time>
            <Position>
              <LatitudeDegrees>25.532227508</LatitudeDegrees>
              <LongitudeDegrees>108.113520412</LongitudeDegrees>
            </Position>
            <AltitudeMeters>41.4</AltitudeMeters>
            <DistanceMeters>6210.000000000</DistanceMeters>
            <HeartRateBpm>
              <Value>139</Value>
            </HeartRateBpm>
            <Extensions>
              <ns3:TPX>
                <ns3:Speed>3.000000000</ns3:Speed>
                <ns3:RunCadence>82</ns3:RunCadence>
              </ns3:TPX>
            </Extensions>
          </Trackpoint>
          <Trackpoint>
            <Time>2020-01-03T00:34:35.000Z</Time>
            <Position>
              <LatitudeDegrees>25.532362200</LatitudeDegrees>
              <LongitudeDegrees>108.113512262</LongitudeDegrees>
            </Position>
            <AltitudeMeters>41.5</AltitudeMeters>
            <DistanceMeters>6225.000000000</DistanceMeters>
            <HeartRateBpm>
              <Value>139</Value>
            </HeartRateBpm>
            <Extensions>
              <ns3:TPX>
                <ns3:Speed>3.000000000</ns3:Speed>
                <ns3:RunCadence>82</ns3:RunCadence>
              </ns3:TPX>
            </Extensions>
          </Trackpoint>
          <Trackpoint>
            <Time>2020-01-03T00:34:40.000Z</Time>
            <Position>
              <LatitudeDegrees>25.532496606</LatitudeDegrees>
              <LongitudeDegrees>108.113499571</LongitudeDegrees>
            </Position>
            <AltitudeMeters>41.5</AltitudeMeters>
            <DistanceMeters>6240.000000000</DistanceMeters>
            <HeartRateBpm>
              <Value>139</Value>
            </HeartRateBpm>
            <Extensions>
              <ns3:TPX>
                <ns3:Speed>3.000000000</ns3:Speed>
                <ns3:RunCadence>82</ns3:RunCadence>
              </ns3:TPX>
            </Extensions>
          </Trackpoint>
          <Trackpoint>
            <Time>2020-01-03T00:34:45.000Z</Time>
            <Position>
              <LatitudeDegrees>25.532630601</LatitudeDegrees>
              <LongitudeDegrees>108.113482351</LongitudeDegrees>
            </Position>
            <AltitudeMeters>41.5</AltitudeMeters>
            <DistanceMeters>6255.00000000</DistanceMeters>
            <HeartRateBpm>
              <Value>140</Value>
            </HeartRateBpm>
            <Extensions>
              <ns3:TPX>
                <ns3:Speed>3.000000000</ns3:Speed>
                <ns3:RunCadence>82</ns3:RunCadence>
              </ns3:TPX>
            </Extensions>
          </Trackpoint>
          <Trackpoint>
            <Time>2020-01-03T00:34:50.000Z</Time>
            <Position>
              <LatitudeDegrees>25.532764061</LatitudeDegrees>
              <LongitudeDegrees>108.113460619</LongitudeDegrees>
            </Position>
            <AltitudeMeters>41.588169600</AltitudeMeters>
            <DistanceMeters>6270.000000000</DistanceMeters>
            <HeartRateBpm>
              <Value>140</Value>
            </HeartRateBpm>
            <Extensions>
              <ns3:TPX>
                <ns3:Speed>3.000000000</ns3:Speed>
                <ns3:RunCadence>82</ns3:RunCadence>
              </ns3:TPX>
            </Extensions>
          </Trackpoint>
          <Trackpoint>
            <Time>2020-01-03T00:34:55.000Z</Time>
            <Position>
              <LatitudeDegrees>25.532896862</LatitudeDegrees>
              <LongitudeDegrees>108.113434394</LongitudeDegrees>
            </Position>
            <AltitudeMeters>41.626549914</AltitudeMeters>
            <DistanceMeters>6285.000000000</DistanceMeters>
            <HeartRateBpm>
              <Value>140</Value>
            </HeartRateBpm>
            <Extensions>
              <ns3:TPX>
                <ns3:Speed>3.000000000</ns3:Speed>
                <ns3:RunCadence>83</ns3:RunCadence>
              </ns3:TPX>
            </Extensions>
          </Trackpoint>
          <Trackpoint>
            <Time>2020-01-03T00:35:00.000Z</Time>
            <Position>
              <LatitudeDegrees>25.533028881</LatitudeDegrees>
              <LongitudeDegrees>108.113403700</LongitudeDegrees>
            </Position>
            <AltitudeMeters>41.663237815</AltitudeMeters>
            <DistanceMeters>6300.000000000</DistanceMeters>
            <HeartRateBpm>
              <Value>141</Value>
            </HeartRateBpm>
            <Extensions>
              <ns3:TPX>
                <ns3:Speed>3.000000000</ns3:Speed>
                <ns3:RunCadence>83</ns3:RunCadence>
              </ns3:TPX>
            </Extensions>
          </Trackpoint>
          <Trackpoint>
            <Time>2020-01-03T00:35:05.000Z</Time>
            <Position>
              <LatitudeDegrees>25.533159996</LatitudeDegrees>
              <LongitudeDegrees>108.113368566</LongitudeDegrees>
            </Position>
            <AltitudeMeters>41.698195130</AltitudeMeters>
            <DistanceMeters>6315.00000000</DistanceMeters>
            <HeartRateBpm>
              <Value>141</Value>
            </HeartRateBpm>
            <Extensions>
              <ns3:TPX>
                <ns3:Speed>3.000000000</ns3:Speed>
                <ns3:RunCadence>83</ns3:RunCadence>
              </ns3:TPX>
            </Extensions>
          </Trackpoint>
          <Trackpoint>
            <Time>2020-01-03T00:35:10.000Z</Time>
            <Position>
              <LatitudeDegrees>25.533290085</LatitudeDegrees>
              <LongitudeDegrees>108.113329026</LongitudeDegrees>
            </Position>
            <AltitudeMeters>41.731385485</AltitudeMeters>
            <DistanceMeters>6330.000000000</DistanceMeters>
            <HeartRateBpm>
              <Value>141</Value>
            </HeartRateBpm>
            <Extensions>
              <ns3:TPX>
                <ns3:Speed>3.000000000</ns3:Speed>
                <ns3:RunCadence>83</ns3:RunCadence>
              </ns3:TPX>
            </Extensions>
          </Trackpoint>
          <Trackpoint>
            <Time>2020-01-03T00:35:15.000Z</Time>
            <Position>
              <LatitudeDegrees>25.533419027</LatitudeDegrees>
              <LongitudeDegrees>108.113285114</LongitudeDegrees>
            </Position>
            <AltitudeMeters>41.8</AltitudeMeters>
            <DistanceMeters>6345.000000000</DistanceMeters>
            <HeartRateBpm>
              <Value>141</Value>
            </HeartRateBpm>
            <Extensions>
              <ns3:TPX>
                <ns3:Speed>3.000000000</ns3:Speed>
                <ns3:RunCadence>83</ns3:RunCadence>
              </ns3:TPX>
            </Extensions>
          </Trackpoint>
          <Trackpoint>
            <Time>2020-01-03T00:35:20.000Z</Time>
            <Position>
              <LatitudeDegrees>25.533546703</LatitudeDegrees>
              <LongitudeDegrees>108.113236873</LongitudeDegrees>
            </Position>
            <AltitudeMeters>41.792329055</AltitudeMeters>
            <DistanceMeters>6360.000000000</DistanceMeters>
            <HeartRateBpm>
              <Value>142</Value>
            </HeartRateBpm>
            <Extensions>
              <ns3:TPX>
                <ns3:Speed>3.000000000</ns3:Speed>
                <ns3:RunCadence>83</ns3:RunCadence>
              </ns3:TPX>
            </Extensions>
          </Trackpoint>
          <Trackpoint>
            <Time>2020-01-03T00:35:25.000Z</Time>
            <Position>
              <LatitudeDegrees>25.533672995</LatitudeDegrees>
              <LongitudeDegrees>108.113184346</LongitudeDegrees>
            </Position>
            <AltitudeMeters>41.820018859</AltitudeMeters>
            <DistanceMeters>6375.000000000</DistanceMeters>
            <HeartRateBpm>
              <Value>142</Value>
            </HeartRateBpm>
            <Extensions>
              <ns3:TPX>
                <ns3:Speed>3.000000000</ns3:Speed>
                <ns3:RunCadence>84</ns3:RunCadence>
              </ns3:TPX>
            </Extensions>
          </Trackpoint>
          <Trackpoint>
            <Time>2020-01-03T00:35:30.000Z</Time>
            <Position>
              <LatitudeDegrees>25.533797785</LatitudeDegrees>
              <LongitudeDegrees>108.113127582</LongitudeDegrees>
            </Position>
            <AltitudeMeters>41.845814946</AltitudeMeters>
            <DistanceMeters>6390.000000000</DistanceMeters>
            <HeartRateBpm>
              <Value>142</Value>
            </HeartRateBpm>
            <Extensions>
              <ns3:TPX>
                <ns3:Speed>3.000000000</ns3:Speed>
                <ns3:RunCadence>84</ns3:RunCadence>
              </ns3:TPX>
            </Extensions>
          </Trackpoint>
          <Trackpoint>
            <Time>2020-01-03T00:35:35.000Z</Time>
            <Position>
              <LatitudeDegrees>25.533920958</LatitudeDegrees>
              <LongitudeDegrees>108.113066635</LongitudeDegrees>
            </Position>
            <AltitudeMeters>41.869690477</AltitudeMeters>
            <DistanceMeters>6405.000000000</DistanceMeters>
            <HeartRateBpm>
              <Value>143</Value>
            </HeartRateBpm>
            <Extensions>
              <ns3:TPX>
                <ns3:Speed>3.000000000</ns3:Speed>
                <ns3:RunCadence>84</ns3:RunCadence>
              </ns3:TPX>
            </Extensions>
          </Trackpoint>
          <Trackpoint>
            <Time>2020-01-03T00:35:40.000Z</Time>
            <Position>
              <LatitudeDegrees>25.534042400</LatitudeDegrees>
              <LongitudeDegrees>108.113001561</LongitudeDegrees>
            </Position>
            <AltitudeMeters>41.891620609</AltitudeMeters>
            <DistanceMeters>6420.000000000</DistanceMeters>
            <HeartRateBpm>
              <Value>143</Value>
            </HeartRateBpm>
            <Extensions>
              <ns3:TPX>
                <ns3:Speed>3.000000000</ns3:Speed>
                <ns3:RunCadence>84</ns3:RunCadence>
              </ns3:TPX>
            </Extensions>
          </Trackpoint>
          <Trackpoint>
            <Time>2020-01-03T00:35:45.000Z</Time>
            <Position>
              <LatitudeDegrees>25.534161998</LatitudeDegrees>
              <LongitudeDegrees>108.112932419</LongitudeDegrees>
            </Position>
            <AltitudeMeters>41.911582524</AltitudeMeters>
            <DistanceMeters>6435.000000000</DistanceMeters>
            <HeartRateBpm>
              <Value>143</Value>
            </HeartRateBpm>
            <Extensions>
              <ns3:TPX>
                <ns3:Speed>3.000000000</ns3:Speed>
                <ns3:RunCadence>84</ns3:RunCadence>
              </ns3:TPX>
            </Extensions>
          </Trackpoint>
          <Trackpoint>
            <Time>2020-01-03T00:35:50.000Z</Time>
            <Position>
              <LatitudeDegrees>25.534279641</LatitudeDegrees>
              <LongitudeDegrees>108.112859274</LongitudeDegrees>
            </Position>
            <AltitudeMeters>41.9</AltitudeMeters>
            <DistanceMeters>6450.000000000</DistanceMeters>
            <HeartRateBpm>
              <Value>144</Value>
            </HeartRateBpm>
            <Extensions>
              <ns3:TPX>
                <ns3:Speed>3.000000000</ns3:Speed>
                <ns3:RunCadence>84</ns3:RunCadence>
              </ns3:TPX>
            </Extensions>
          </Trackpoint>
          <Trackpoint>
            <Time>2020-01-03T00:35:55.000Z</Time>
            <Position>
              <LatitudeDegrees>25.534395220</LatitudeDegrees>
              <LongitudeDegrees>108.112782194</LongitudeDegrees>
            </Position>
            <AltitudeMeters>41.9</AltitudeMeters>
            <DistanceMeters>6465.000000000</DistanceMeters>
            <HeartRateBpm>
              <Value>144</Value>
            </HeartRateBpm>
            <Extensions>
              <ns3:TPX>
                <ns3:Speed>3.000000000</ns3:Speed>
                <ns3:RunCadence>85</ns3:RunCadence>
              </ns3:TPX>
            </Extensions>
          </Trackpoint>
          <Trackpoint>
            <Time>2020-01-03T00:36:00.000Z</Time>
            <Position>
              <LatitudeDegrees>25.534508628</LatitudeDegrees>
              <LongitudeDegrees>108.112701250</LongitudeDegrees>
            </Position>
            <AltitudeMeters>42.0</AltitudeMeters>
            <DistanceMeters>6480.000000000</DistanceMeters>
            <HeartRateBpm>
              <Value>144</Value>
            </HeartRateBpm>
            <Extensions>
              <ns3:TPX>
                <ns3:Speed>3.000000000</ns3:Speed>
                <ns3:RunCadence>85</ns3:RunCadence>
              </ns3:TPX>
            </Extensions>
          </Trackpoint>
        </Track>
        <Extensions>
          <ns3:LX>
            <ns3:AvgSpeed>3.0</ns3:AvgSpeed>
            <ns3:AvgRunCadence>82</ns3:AvgRunCadence>
            <ns3:MaxRunCadence>85</ns3:MaxRunCadence>
          </ns3:LX>
        </Extensions>
      </Lap>
      <Lap StartTime="2020-01-03T00:36:05.000Z">
        <TotalTimeSeconds>280.0</TotalTimeSeconds>
        <DistanceMeters>840.0</DistanceMeters>
        <MaximumSpeed>3.0</MaximumSpeed>
        <Calories>42</Calories>
        <AverageHeartRateBpm>
          <Value>151</Value>
        </AverageHeartRateBpm>
        <MaximumHeartRateBpm>
          <Value>153</Value>
        </MaximumHeartRateBpm>
        <Intensity>Active</Intensity>
        <TriggerMethod>Manual</TriggerMethod>
        <Track>
          <Trackpoint>
            <Time>2020-01-03T00:36:05.000Z</Time>
            <Position>
              <LatitudeDegrees>25.534619760</LatitudeDegrees>
              <LongitudeDegrees>108.112616518</LongitudeDegrees>
            </Position>
            <AltitudeMeters>42.0</AltitudeMeters>
            <DistanceMeters>6495.000000000</DistanceMeters>
            <HeartRateBpm>
              <Value>145</Value>
            </HeartRateBpm>
            <Extensions>
              <ns3:TPX>
                <ns3:Speed>3.000000000</ns3:Speed>
                <ns3:RunCadence>85</ns3:RunCadence>
              </ns3:TPX>
            </Extensions>
          </Trackpoint>
          <Trackpoint>
            <Time>2020-01-03T00:36:10.000Z</Time>
            <Position>
              <LatitudeDegrees>25.534728512</LatitudeDegrees>
              <LongitudeDegrees>108.112528075</LongitudeDegrees>
            </Position>
            <AltitudeMeters>42.0</AltitudeMeters>
            <DistanceMeters>6510.000000000</DistanceMeters>
            <HeartRateBpm>
              <Value>145</Value>
            </HeartRateBpm>
            <Extensions>
              <ns3:TPX>
                <ns3:Speed>3.000000000</ns3:Speed>
                <ns3:RunCadence>85</ns3:RunCadence>
              </ns3:TPX>
            </Extensions>
          </Trackpoint>
          <Trackpoint>
            <Time>2020-01-03T00:36:15.000Z</Time>
            <Position>
              <LatitudeDegrees>25.534834785</LatitudeDegrees>
              <LongitudeDegrees>108.112436004</LongitudeDegrees>
            </Position>
            <AltitudeMeters>42.0</AltitudeMeters>
            <DistanceMeters>6525.000000000</DistanceMeters>
            <HeartRateBpm>
              <Value>146</Value>
            </HeartRateBpm>
            <Extensions>
              <ns3:TPX>
                <ns3:Speed>3.000000000</ns3:Speed>
                <ns3:RunCadence>85</ns3:RunCadence>
              </ns3:TPX>
            </Extensions>
          </Trackpoint>
          <Trackpoint>
            <Time>2020-01-03T00:36:20.000Z</Time>
            <Position>
              <LatitudeDegrees>25.534938479</LatitudeDegrees>
              <LongitudeDegrees>108.112340391</LongitudeDegrees>
            </Position>
            <AltitudeMeters>42.0</AltitudeMeters>
            <DistanceMeters>6540.000000000</DistanceMeters>
            <HeartRateBpm>
              <Value>146</Value>
            </HeartRateBpm>
            <Extensions>
              <ns3:TPX>
                <ns3:Speed>3.000000000</ns3:Speed>
                <ns3:RunCadence>85</ns3:RunCadence>
              </ns3:TPX>
            </Extensions>
          </Trackpoint>
          <Trackpoint>
            <Time>2020-01-03T00:36:25.000Z</Time>
            <Position>
              <LatitudeDegrees>25.535039499</LatitudeDegrees>
              <LongitudeDegrees>108.112241323</LongitudeDegrees>
            </Position>
            <AltitudeMeters>42.0</AltitudeMeters>
            <DistanceMeters>6555.000000000</DistanceMeters>
            <HeartRateBpm>
              <Value>146</Value>
            </HeartRateBpm>
            <Extensions>
              <ns3:TPX>
                <ns3:Speed>3.000000000</ns3:Speed>
                <ns3:RunCadence>86</ns3:RunCadence>
              </ns3:TPX>
            </Extensions>
          </Trackpoint>
          <Trackpoint>
            <Time>2020-01-03T00:36:30.000Z</Time>
            <Position>
              <LatitudeDegrees>25.535137750</LatitudeDegrees>
              <LongitudeDegrees>108.112138893</LongitudeDegrees>
            </Position>
            <AltitudeMeters>42.0</AltitudeMeters>
            <DistanceMeters>6570.000000000</DistanceMeters>
            <HeartRateBpm>
              <Value>147</Value>
            </HeartRateBpm>
            <Extensions>
              <ns3:TPX>
                <ns3:Speed>3.000000000</ns3:Speed>
                <ns3:RunCadence>86</ns3:RunCadence>
              </ns3:TPX>
            </Extensions>
          </Trackpoint>
          <Trackpoint>
            <Time>2020-01-03T00:36:35.000Z</Time>
            <Position>
              <LatitudeDegrees>25.535233142</LatitudeDegrees>
              <LongitudeDegrees>108.112033195</LongitudeDegrees>
            </Position>
            <AltitudeMeters>42.0</AltitudeMeters>
            <DistanceMeters>6585.000000000</DistanceMeters>
            <HeartRateBpm>
              <Value>147</Value>
            </HeartRateBpm>
            <Extensions>
              <ns3:TPX>
                <ns3:Speed>3.000000000</ns3:Speed>
                <ns3:RunCadence>86</ns3:RunCadence>
              </ns3:TPX>
            </Extensions>
          </Trackpoint>
          <Trackpoint>
            <Time>2020-01-03T00:36:40.000Z</Time>
            <Position>
              <LatitudeDegrees>25.535325586</LatitudeDegrees>
              <LongitudeDegrees>108.111924328</LongitudeDegrees>
            </Position>
            <AltitudeMeters>41.996821975</AltitudeMeters>
            <DistanceMeters>6600.000000000</DistanceMeters>
            <HeartRateBpm>
              <Value>147</Value>
            </HeartRateBpm>
            <Extensions>
              <ns3:TPX>
                <ns3:Speed>3.000000000</ns3:Speed>
                <ns3:RunCadence>86</ns3:RunCadence>
              </ns3:TPX>
            </Extensions>
          </Trackpoint>
          <Trackpoint>
            <Time>2020-01-03T00:36:45.000Z</Time>
            <Position>
              <LatitudeDegrees>25.535414997</LatitudeDegrees>
              <LongitudeDegrees>108.111812393</LongitudeDegrees>
            </Position>
            <AltitudeMeters>42.0</AltitudeMeters>
            <DistanceMeters>6615.000000000</DistanceMeters>
            <HeartRateBpm>
              <Value>148</Value>
            </HeartRateBpm>
            <Extensions>
              <ns3:TPX>
                <ns3:Speed>3.000000000</ns3:Speed>
                <ns3:RunCadence>86</ns3:RunCadence>
              </ns3:TPX>
            </Extensions>
          </Trackpoint>
          <Trackpoint>
            <Time>2020-01-03T00:36:50.000Z</Time>
            <Position>
              <LatitudeDegrees>25.535501291</LatitudeDegrees>
              <LongitudeDegrees>108.111697493</LongitudeDegrees>
            </Position>
            <AltitudeMeters>42.0</AltitudeMeters>
            <DistanceMeters>6630.000000000</DistanceMeters>
            <HeartRateBpm>
              <Value>148</Value>
            </HeartRateBpm>
            <Extensions>
              <ns3:TPX>
                <ns3:Speed>3.000000000</ns3:Speed>
                <ns3:RunCadence>86</ns3:RunCadence>
              </ns3:TPX>
            </Extensions>
          </Trackpoint>
          <Trackpoint>
            <Time>2020-01-03T00:36:55.000Z</Time>
            <Position>
              <LatitudeDegrees>25.535584388</LatitudeDegrees>
              <LongitudeDegrees>108.111579734</LongitudeDegrees>
            </Position>
            <AltitudeMeters>42.0</AltitudeMeters>
            <DistanceMeters>6645.000000000</DistanceMeters>
            <HeartRateBpm>
              <Value>148</Value>
            </HeartRateBpm>
            <Extensions>
              <ns3:TPX>
                <ns3:Speed>3.000000000</ns3:Speed>
                <ns3:RunCadence>86</ns3:RunCadence>
              </ns3:TPX>
            </Extensions>
          </Trackpoint>
          <Trackpoint>
            <Time>2020-01-03T00:37:00.000Z</Time>
            <Position>
              <LatitudeDegrees>25.535664213</LatitudeDegrees>
              <LongitudeDegrees>108.111459227</LongitudeDegrees>
            </Position>
            <AltitudeMeters>41.965720134</AltitudeMeters>
            <DistanceMeters>6660.00000000</DistanceMeters>
            <HeartRateBpm>
              <Value>149</Value>
            </HeartRateBpm>
            <Extensions>
              <ns3:TPX>
                <ns3:Speed>3.000000000</ns3:Speed>
                <ns3:RunCadence>86</ns3:RunCadence>
              </ns3:TPX>
            </Extensions>
          </Trackpoint>
          <Trackpoint>
            <Time>2020-01-03T00:37:05.000Z</Time>
            <Position>
              <LatitudeDegrees>25.535740690</LatitudeDegrees>
              <LongitudeDegrees>108.111336083</LongitudeDegrees>
            </Position>
            <AltitudeMeters>42.0</AltitudeMeters>
            <DistanceMeters>6675.000000000</DistanceMeters>
            <HeartRateBpm>
              <Value>149</Value>
            </HeartRateBpm>
            <Extensions>
              <ns3:TPX>
                <ns3:Speed>3.000000000</ns3:Speed>
                <ns3:RunCadence>87</ns3:RunCadence>
              </ns3:TPX>
            </Extensions>
          </Trackpoint>
          <Trackpoint>
            <Time>2020-01-03T00:37:10.000Z</Time>
            <Position>
              <LatitudeDegrees>25.535813748</LatitudeDegrees>
              <LongitudeDegrees>108.111210415</LongitudeDegrees>
            </Position>
            <AltitudeMeters>41.937859558</AltitudeMeters>
            <DistanceMeters>6690.00000000</DistanceMeters>
            <HeartRateBpm>
              <Value>149</Value>
            </HeartRateBpm>
            <Extensions>
              <ns3:TPX>
                <ns3:Speed>3.000000000</ns3:Speed>
                <ns3:RunCadence>87</ns3:RunCadence>
              </ns3:TPX>
            </Extensions>
          </Trackpoint>
          <Trackpoint>
            <Time>2020-01-03T00:37:15.000Z</Time>
            <Position>
              <LatitudeDegrees>25.535883321</LatitudeDegrees>
              <LongitudeDegrees>108.111082340</LongitudeDegrees>
            </Position>
            <AltitudeMeters>41.920897001</AltitudeMeters>
            <DistanceMeters>6705.000000000</DistanceMeters>
            <HeartRateBpm>
              <Value>149</Value>
            </HeartRateBpm>
            <Extensions>
              <ns3:TPX>
                <ns3:Speed>3.000000000</ns3:Speed>
                <ns3:RunCadence>87</ns3:RunCadence>
              </ns3:TPX>
            </Extensions>
          </Trackpoint>
          <Trackpoint>
            <Time>2020-01-03T00:37:20.000Z</Time>
            <Position>
              <LatitudeDegrees>25.535949343</LatitudeDegrees>
              <LongitudeDegrees>108.110951978</LongitudeDegrees>
            </Position>
            <AltitudeMeters>41.901935766</AltitudeMeters>
            <DistanceMeters>6720.00000000</DistanceMeters>
            <HeartRateBpm>
              <Value>150</Value>
            </HeartRateBpm>
            <Extensions>
              <ns3:TPX>
                <ns3:Speed>3.000000000</ns3:Speed>
                <ns3:RunCadence>87</ns3:RunCadence>
              </ns3:TPX>
            </Extensions>
          </Trackpoint>
          <Trackpoint>
            <Time>2020-01-03T00:37:25.000Z</Time>
            <Position>
              <LatitudeDegrees>25.536011753</LatitudeDegrees>
              <LongitudeDegrees>108.110819449</LongitudeDegrees>
            </Position>
            <AltitudeMeters>41.880995581</AltitudeMeters>
            <DistanceMeters>6735.000000000</DistanceMeters>
            <HeartRateBpm>
              <Value>150</Value>
            </HeartRateBpm>
            <Extensions>
              <ns3:TPX>
                <ns3:Speed>3.000000000</ns3:Speed>
                <ns3:RunCadence>87</ns3:RunCadence>
              </ns3:TPX>
            </Extensions>
          </Trackpoint>
          <Trackpoint>
            <Time>2020-01-03T00:37:30.000Z</Time>
            <Position>
              <LatitudeDegrees>25.536070493</LatitudeDegrees>
              <LongitudeDegrees>108.110684875</LongitudeDegrees>
            </Position>
            <AltitudeMeters>41.858098234</AltitudeMeters>
            <DistanceMeters>6750.00000000</DistanceMeters>
            <HeartRateBpm>
              <Value>150</Value>
            </HeartRateBpm>
            <Extensions>
              <ns3:TPX>
                <ns3:Speed>3.000000000</ns3:Speed>
                <ns3:RunCadence>87</ns3:RunCadence>
              </ns3:TPX>
            </Extensions>
          </Trackpoint>
          <Trackpoint>
            <Time>2020-01-03T00:37:35.000Z</Time>
            <Position>
              <LatitudeDegrees>25.536125510</LatitudeDegrees>
              <LongitudeDegrees>108.110548382</LongitudeDegrees>
            </Position>
            <AltitudeMeters>41.833267550</AltitudeMeters>
            <DistanceMeters>6765.00000000</DistanceMeters>
            <HeartRateBpm>
              <Value>151</Value>
            </HeartRateBpm>
            <Extensions>
              <ns3:TPX>
                <ns3:Speed>3.000000000</ns3:Speed>
                <ns3:RunCadence>87</ns3:RunCadence>
              </ns3:TPX>
            </Extensions>
          </Trackpoint>
          <Trackpoint>
            <Time>2020-01-03T00:37:40.000Z</Time>
            <Position>
              <LatitudeDegrees>25.536176751</LatitudeDegrees>
              <LongitudeDegrees>108.110410096</LongitudeDegrees>
            </Position>
            <AltitudeMeters>41.806529364</AltitudeMeters>
            <DistanceMeters>6780.000000000</DistanceMeters>
            <HeartRateBpm>
              <Value>151</Value>
            </HeartRateBpm>
            <Extensions>
              <ns3:TPX>
                <ns3:Speed>3.000000000</ns3:Speed>
                <ns3:RunCadence>87</ns3:RunCadence>
              </ns3:TPX>
            </Extensions>
          </Trackpoint>
          <Trackpoint>
            <Time>2020-01-03T00:37:45.000Z</Time>
            <Position>
              <LatitudeDegrees>25.536224170</LatitudeDegrees>
              <LongitudeDegrees>108.110270146</LongitudeDegrees>
            </Position>
            <AltitudeMeters>41.777911499</AltitudeMeters>
            <DistanceMeters>6795.000000000</DistanceMeters>
            <HeartRateBpm>
              <Value>151</Value>
            </HeartRateBpm>
            <Extensions>
              <ns3:TPX>
                <ns3:Speed>3.000000000</ns3:Speed>
                <ns3:RunCadence>87</ns3:RunCadence>
              </ns3:TPX>
            </Extensions>
          </Trackpoint>
          <Trackpoint>
            <Time>2020-01-03T00:37:50.000Z</Time>
            <Position>
              <LatitudeDegrees>25.536267722</LatitudeDegrees>
              <LongitudeDegrees>108.110128660</LongitudeDegrees>
            </Position>
            <AltitudeMeters>41.747443729</AltitudeMeters>
            <DistanceMeters>6810.000000000</DistanceMeters>
            <HeartRateBpm>
              <Value>151</Value>
            </HeartRateBpm>
            <Extensions>
              <ns3:TPX>
                <ns3:Speed>3.000000000</ns3:Speed>
                <ns3:RunCadence>87</ns3:RunCadence>
              </ns3:TPX>
            </Extensions>
          </Trackpoint>
          <Trackpoint>
            <Time>2020-01-03T00:37:55.000Z</Time>
            <Position>
              <LatitudeDegrees>25.536307368</LatitudeDegrees>
              <LongitudeDegrees>108.109985771</LongitudeDegrees>
            </Position>
            <AltitudeMeters>41.715157758</AltitudeMeters>
            <DistanceMeters>6825.00000000</DistanceMeters>
            <HeartRateBpm>
              <Value>151</Value>
            </HeartRateBpm>
            <Extensions>
              <ns3:TPX>
                <ns3:Speed>3.000000000</ns3:Speed>
                <ns3:RunCadence>87</ns3:RunCadence>
              </ns3:TPX>
            </Extensions>
          </Trackpoint>
          <Trackpoint>
            <Time>2020-01-03T00:38:00.000Z</Time>
            <Position>
              <LatitudeDegrees>25.536343069</LatitudeDegrees>
              <LongitudeDegrees>108.109841610</LongitudeDegrees>
            </Position>
            <AltitudeMeters>41.681087178</AltitudeMeters>
            <DistanceMeters>6840.00000000</DistanceMeters>
            <HeartRateBpm>
              <Value>152</Value>
            </HeartRateBpm>
            <Extensions>
              <ns3:TPX>
                <ns3:Speed>3.000000000</ns3:Speed>
                <ns3:RunCadence>87</ns3:RunCadence>
              </ns3:TPX>
            </Extensions>
          </Trackpoint>
          <Trackpoint>
            <Time>2020-01-03T00:38:05.000Z</Time>
            <Position>
              <LatitudeDegrees>25.536374794</LatitudeDegrees>
              <LongitudeDegrees>108.109696311</LongitudeDegrees>
            </Position>
            <AltitudeMeters>41.645267439</AltitudeMeters>
            <DistanceMeters>6855.000000000</DistanceMeters>
            <HeartRateBpm>
              <Value>152</Value>
            </HeartRateBpm>
            <Extensions>
              <ns3:TPX>
                <ns3:Speed>3.000000000</ns3:Speed>
                <ns3:RunCadence>87</ns3:RunCadence>
              </ns3:TPX>
            </Extensions>
          </Trackpoint>
          <Trackpoint>
            <Time>2020-01-03T00:38:10.000Z</Time>
            <Position>
              <LatitudeDegrees>25.536402513</LatitudeDegrees>
              <LongitudeDegrees>108.109550010</LongitudeDegrees>
            </Position>
            <AltitudeMeters>41.6</AltitudeMeters>
            <DistanceMeters>6870.000000000</DistanceMeters>
            <HeartRateBpm>
              <Value>152</Value>
            </HeartRateBpm>
            <Extensions>
              <ns3:TPX>
                <ns3:Speed>3.000000000</ns3:Speed>
                <ns3:RunCadence>87</ns3:RunCadence>
              </ns3:TPX>
            </Extensions>
          </Trackpoint>
          <Trackpoint>
            <Time>2020-01-03T00:38:15.000Z</Time>
            <Position>
              <LatitudeDegrees>25.536426200</LatitudeDegrees>
              <LongitudeDegrees>108.109402841</LongitudeDegrees>
            </Position>
            <AltitudeMeters>41.568531348</AltitudeMeters>
            <DistanceMeters>6885.000000000</DistanceMeters>
            <HeartRateBpm>
              <Value>152</Value>
            </HeartRateBpm>
            <Extensions>
              <ns3:TPX>
                <ns3:Speed>3.000000000</ns3:Speed>
                <ns3:RunCadence>87</ns3:RunCadence>
              </ns3:TPX>
            </Extensions>
          </Trackpoint>
          <Trackpoint>
            <Time>2020-01-03T00:38:20.000Z</Time>
            <Position>
              <LatitudeDegrees>25.536445833</LatitudeDegrees>
              <LongitudeDegrees>108.109254941</LongitudeDegrees>
            </Position>
            <AltitudeMeters>41.5</AltitudeMeters>
            <DistanceMeters>6900.000000000</DistanceMeters>
            <HeartRateBpm>
              <Value>152</Value>
            </HeartRateBpm>
            <Extensions>
              <ns3:TPX>
                <ns3:Speed>3.000000000</ns3:Speed>
                <ns3:RunCadence>87</ns3:RunCadence>
              </ns3:TPX>
            </Extensions>
          </Trackpoint>
          <Trackpoint>
            <Time>2020-01-03T00:38:25.000Z</Time>
            <Position>
              <LatitudeDegrees>25.536461394</LatitudeDegrees>
              <LongitudeDegrees>108.109106448</LongitudeDegrees>
            </Position>
            <AltitudeMeters>41.5</AltitudeMeters>
            <DistanceMeters>6915.000000000</DistanceMeters>
            <HeartRateBpm>
              <Value>152</Value>
            </HeartRateBpm>
            <Extensions>
              <ns3:TPX>
                <ns3:Speed>3.000000000</ns3:Speed>
                <ns3:RunCadence>87</ns3:RunCadence>
              </ns3:TPX>
            </Extensions>
          </Trackpoint>
          <Trackpoint>
            <Time>2020-01-03T00:38:30.000Z</Time>
            <Position>
              <LatitudeDegrees>25.536472869</LatitudeDegrees>
              <LongitudeDegrees>108.108957498</LongitudeDegrees>
            </Position>
            <AltitudeMeters>41.4</AltitudeMeters>
            <DistanceMeters>6930.00000000</DistanceMeters>
            <HeartRateBpm>
              <Value>153</Value>
            </HeartRateBpm>
            <Extensions>
              <ns3:TPX>
                <ns3:Speed>3.000000000</ns3:Speed>
                <ns3:RunCadence>87</ns3:RunCadence>
              </ns3:TPX>
            </Extensions>
          </Trackpoint>
          <Trackpoint>
            <Time>2020-01-03T00:38:35.000Z</Time>
            <Position>
              <LatitudeDegrees>25.536480246</LatitudeDegrees>
              <LongitudeDegrees>108.108808230</LongitudeDegrees>
            </Position>
            <AltitudeMeters>41.395826165</AltitudeMeters>
            <DistanceMeters>6945.0</DistanceMeters>
            <HeartRateBpm>
              <Value>153</Value>
            </HeartRateBpm>
            <Extensions>
              <ns3:TPX>
                <ns3:Speed>3.000000000</ns3:Speed>
                <ns3:RunCadence>87</ns3:RunCadence>
              </ns3:TPX>
            </Extensions>
          </Trackpoint>
          <Trackpoint>
            <Time>2020-01-03T00:38:40.000Z</Time>
            <Position>
              <LatitudeDegrees>25.536483520</LatitudeDegrees>
              <LongitudeDegrees>108.108658782</LongitudeDegrees>
            </Position>
            <AltitudeMeters>41.3</AltitudeMeters>
            <DistanceMeters>6960.000000000</DistanceMeters>
            <HeartRateBpm>
              <Value>153</Value>
            </HeartRateBpm>
            <Extensions>
              <ns3:TPX>
                <ns3:Speed>3.000000000</ns3:Speed>
                <ns3:RunCadence>86</ns3:RunCadence>
              </ns3:TPX>
            </Extensions>
          </Trackpoint>
          <Trackpoint>
            <Time>2020-01-03T00:38:45.000Z</Time>
            <Position>
              <LatitudeDegrees>25.536482686</LatitudeDegrees>
              <LongitudeDegrees>108.108509294</LongitudeDegrees>
            </Position>
            <AltitudeMeters>41.3</AltitudeMeters>
            <DistanceMeters>6975.000000000</DistanceMeters>
            <HeartRateBpm>
              <Value>153</Value>
            </HeartRateBpm>
            <Extensions>
              <ns3:TPX>
                <ns3:Speed>3.000000000</ns3:Speed>
                <ns3:RunCadence>86</ns3:RunCadence>
              </ns3:TPX>
            </Extensions>
          </Trackpoint>
          <Trackpoint>
            <Time>2020-01-03T00:38:50.000Z</Time>
            <Position>
              <LatitudeDegrees>25.536477747</LatitudeDegrees>
              <LongitudeDegrees>108.108359902</LongitudeDegrees>
            </Position>
            <AltitudeMeters>41.250895437</AltitudeMeters>
            <DistanceMeters>6990.000000000</DistanceMeters>
            <HeartRateBpm>
              <Value>153</Value>
            </HeartRateBpm>
            <Extensions>
              <ns3:TPX>
                <ns3:Speed>3.000000000</ns3:Speed>
                <ns3:RunCadence>86</ns3:RunCadence>
              </ns3:TPX>
            </Extensions>
          </Trackpoint>
          <Trackpoint>
            <Time>2020-01-03T00:38:55.000Z</Time>
            <Position>
              <LatitudeDegrees>25.536468706</LatitudeDegrees>
              <LongitudeDegrees>108.108210747</LongitudeDegrees>
            </Position>
            <AltitudeMeters>41.2</AltitudeMeters>
            <DistanceMeters>7005.000000000</DistanceMeters>
            <HeartRateBpm>
              <Value>153</Value>
            </HeartRateBpm>
            <Extensions>
              <ns3:TPX>
                <ns3:Speed>3.000000000</ns3:Speed>
                <ns3:RunCadence>86</ns3:RunCadence>
              </ns3:TPX>
            </Extensions>
          </Trackpoint>
          <Trackpoint>
            <Time>2020-01-03T00:39:00.000Z</Time>
            <Position>
              <LatitudeDegrees>25.536455571</LatitudeDegrees>
              <LongitudeDegrees>108.108061965</LongitudeDegrees>
            </Position>
            <AltitudeMeters>41.147683355</AltitudeMeters>
            <DistanceMeters>7020.00000000</DistanceMeters>
            <HeartRateBpm>
              <Value>153</Value>
            </HeartRateBpm>
            <Extensions>
              <ns3:TPX>
                <ns3:Speed>3.000000000</ns3:Speed>
                <ns3:RunCadence>86</ns3:RunCadence>
              </ns3:TPX>
            </Extensions>
          </Trackpoint>
          <Trackpoint>
            <Time>2020-01-03T00:39:05.000Z</Time>
            <Position>
              <LatitudeDegrees>25.536438356</LatitudeDegrees>
              <LongitudeDegrees>108.107913696</LongitudeDegrees>
            </Position>
            <AltitudeMeters>41.1</AltitudeMeters>
            <DistanceMeters>7035.000000000</DistanceMeters>
            <HeartRateBpm>
              <Value>153</Value>
            </HeartRateBpm>
            <Extensions>
              <ns3:TPX>
                <ns3:Speed>3.000000000</ns3:Speed>
                <ns3:RunCadence>86</ns3:RunCadence>
              </ns3:TPX>
            </Extensions>
          </Trackpoint>
          <Trackpoint>
            <Time>2020-01-03T00:39:10.000Z</Time>
            <Position>
              <LatitudeDegrees>25.536417075</LatitudeDegrees>
              <LongitudeDegrees>108.107766076</LongitudeDegrees>
            </Position>
            <AltitudeMeters>41.0</AltitudeMeters>
            <DistanceMeters>7050.000000000</DistanceMeters>
            <HeartRateBpm>
              <Value>153</Value>
            </HeartRateBpm>
            <Extensions>
              <ns3:TPX>
                <ns3:Speed>3.000000000</ns3:Speed>
                <ns3:RunCadence>86</ns3:RunCadence>
              </ns3:TPX>
            </Extensions>
          </Trackpoint>
          <Trackpoint>
            <Time>2020-01-03T00:39:15.000Z</Time>
            <Position>
              <LatitudeDegrees>25.536391749</LatitudeDegrees>
              <LongitudeDegrees>108.107619243</LongitudeDegrees>
            </Position>
            <AltitudeMeters>40.984051080</AltitudeMeters>
            <DistanceMeters>7065.000000000</DistanceMeters>
            <HeartRateBpm>
              <Value>153</Value>
            </HeartRateBpm>
            <Extensions>
              <ns3:TPX>
                <ns3:Speed>3.000000000</ns3:Speed>
                <ns3:RunCadence>86</ns3:RunCadence>
              </ns3:TPX>
            </Extensions>
          </Trackpoint>
          <Trackpoint>
            <Time>2020-01-03T00:39:20.000Z</Time>
            <Position>
              <LatitudeDegrees>25.536362401</LatitudeDegrees>
              <LongitudeDegrees>108.107473332</LongitudeDegrees>
            </Position>
            <AltitudeMeters>40.9</AltitudeMeters>
            <DistanceMeters>7080.000000000</DistanceMeters>
            <HeartRateBpm>
              <Value>153</Value>
            </HeartRateBpm>
            <Extensions>
              <ns3:TPX>
                <ns3:Speed>3.000000000</ns3:Speed>
                <ns3:RunCadence>85</ns3:RunCadence>
              </ns3:TPX>
            </Extensions>
          </Trackpoint>
          <Trackpoint>
            <Time>2020-01-03T00:39:25.000Z</Time>
            <Position>
              <LatitudeDegrees>25.536329059</LatitudeDegrees>
              <LongitudeDegrees>108.107328479</LongitudeDegrees>
            </Position>
            <AltitudeMeters>40.9</AltitudeMeters>
            <DistanceMeters>7095.000000000</DistanceMeters>
            <HeartRateBpm>
              <Value>153</Value>
            </HeartRateBpm>
            <Extensions>
              <ns3:TPX>
                <ns3:Speed>3.000000000</ns3:Speed>
                <ns3:RunCadence>85</ns3:RunCadence>
              </ns3:TPX>
            </Extensions>
          </Trackpoint>
          <Trackpoint>
            <Time>2020-01-03T00:39:30.000Z</Time>
            <Position>
              <LatitudeDegrees>25.536291752</LatitudeDegrees>
              <LongitudeDegrees>108.107184819</LongitudeDegrees>
            </Position>
            <AltitudeMeters>40.8</AltitudeMeters>
            <DistanceMeters>7110.00000000</DistanceMeters>
            <HeartRateBpm>
              <Value>153</Value>
            </HeartRateBpm>
            <Extensions>
              <ns3:TPX>
                <ns3:Speed>3.000000000</ns3:Speed>
                <ns3:RunCadence>85</ns3:RunCadence>
              </ns3:TPX>
            </Extensions>
          </Trackpoint>
          <Trackpoint>
            <Time>2020-01-03T00:39:35.000Z</Time>
            <Position>
              <LatitudeDegrees>25.536250517</LatitudeDegrees>
              <LongitudeDegrees>108.107042483</LongitudeDegrees>
            </Position>
            <AltitudeMeters>40.8</AltitudeMeters>
            <DistanceMeters>7125.00000000</DistanceMeters>
            <HeartRateBpm>
              <Value>153</Value>
            </HeartRateBpm>
            <Extensions>
              <ns3:TPX>
                <ns3:Speed>3.000000000</ns3:Speed>
                <ns3:RunCadence>85</ns3:RunCadence>
              </ns3:TPX>
            </Extensions>
          </Trackpoint>
          <Trackpoint>
            <Time>2020-01-03T00:39:40.000Z</Time>
            <Position>
              <LatitudeDegrees>25.536205390</LatitudeDegrees>
              <LongitudeDegrees>108.106901605</LongitudeDegrees>
            </Position>
            <AltitudeMeters>40.691662507</AltitudeMeters>
            <DistanceMeters>7140.000000000</DistanceMeters>
            <HeartRateBpm>
              <Value>153</Value>
            </HeartRateBpm>
            <Extensions>
              <ns3:TPX>
                <ns3:Speed>3.000000000</ns3:Speed>
                <ns3:RunCadence>85</ns3:RunCadence>
              </ns3:TPX>
            </Extensions>
          </Trackpoint>
          <Trackpoint>
            <Time>2020-01-03T00:39:45.000Z</Time>
            <Position>
              <LatitudeDegrees>25.536156415</LatitudeDegrees>
              <LongitudeDegrees>108.106762314</LongitudeDegrees>
            </Position>
            <AltitudeMeters>40.630777898</AltitudeMeters>
            <DistanceMeters>7155.000000000</DistanceMeters>
            <HeartRateBpm>
              <Value>153</Value>
            </HeartRateBpm>
            <Extensions>
              <ns3:TPX>
                <ns3:Speed>3.000000000</ns3:Speed>
                <ns3:RunCadence>85</ns3:RunCadence>
              </ns3:TPX>
            </Extensions>
          </Trackpoint>
          <Trackpoint>
            <Time>2020-01-03T00:39:50.000Z</Time>
            <Position>
              <LatitudeDegrees>25.536103635</LatitudeDegrees>
              <LongitudeDegrees>108.106624740</LongitudeDegrees>
            </Position>
            <AltitudeMeters>40.569236969</AltitudeMeters>
            <DistanceMeters>7170.000000000</DistanceMeters>
            <HeartRateBpm>
              <Value>152</Value>
            </HeartRateBpm>
            <Extensions>
              <ns3:TPX>
                <ns3:Speed>3.000000000</ns3:Speed>
                <ns3:RunCadence>84</ns3:RunCadence>
              </ns3:TPX>
            </Extensions>
          </Trackpoint>
          <Trackpoint>
            <Time>2020-01-03T00:39:55.000Z</Time>
            <Position>
              <LatitudeDegrees>25.536047101</LatitudeDegrees>
              <LongitudeDegrees>108.106489011</LongitudeDegrees>
            </Position>
            <AltitudeMeters>40.507103753</AltitudeMeters>
            <DistanceMeters>7185.000000000</DistanceMeters>
            <HeartRateBpm>
              <Value>152</Value>
            </HeartRateBpm>
            <Extensions>
              <ns3:TPX>
                <ns3:Speed>3.000000000</ns3:Speed>
                <ns3:RunCadence>84</ns3:RunCadence>
              </ns3:TPX>
            </Extensions>
          </Trackpoint>
          <Trackpoint>
            <Time>2020-01-03T00:40:00.000Z</Time>
            <Position>
              <LatitudeDegrees>25.535986865</LatitudeDegrees>
              <LongitudeDegrees>108.106355252</LongitudeDegrees>
            </Position>
            <AltitudeMeters>40.4</AltitudeMeters>
            <DistanceMeters>7200.000000000</DistanceMeters>
            <HeartRateBpm>
              <Value>152</Value>
            </HeartRateBpm>
            <Extensions>
              <ns3:TPX>
                <ns3:Speed>3.000000000</ns3:Speed>
                <ns3:RunCadence>84</ns3:RunCadence>
              </ns3:TPX>
            </Extensions>
          </Trackpoint>
          <Trackpoint>
            <Time>2020-01-03T00:40:05.000Z</Time>
            <Position>
              <LatitudeDegrees>25.535922982</LatitudeDegrees>
              <LongitudeDegrees>108.106223588</LongitudeDegrees>
            </Position>
            <AltitudeMeters>40.381319607</AltitudeMeters>
            <DistanceMeters>7215.00000000</DistanceMeters>
            <HeartRateBpm>
              <Value>152</Value>
            </HeartRateBpm>
            <Extensions>
              <ns3:TPX>
                <ns3:Speed>3.000000000</ns3:Speed>
                <ns3:RunCadence>84</ns3:RunCadence>
              </ns3:TPX>
            </Extensions>
          </Trackpoint>
          <Trackpoint>
            <Time>2020-01-03T00:40:10.000Z</Time>
            <Position>
              <LatitudeDegrees>25.535855511</LatitudeDegrees>
              <LongitudeDegrees>108.106094139</LongitudeDegrees>
            </Position>
            <AltitudeMeters>40.317799554</AltitudeMeters>
            <DistanceMeters>7230.000000000</DistanceMeters>
            <HeartRateBpm>
              <Value>152</Value>
            </HeartRateBpm>
            <Extensions>
              <ns3:TPX>
                <ns3:Speed>3.000000000</ns3:Speed>
                <ns3:RunCadence>84</ns3:RunCadence>
              </ns3:TPX>
            </Extensions>
          </Trackpoint>
          <Trackpoint>
            <Time>2020-01-03T00:40:15.000Z</Time>
            <Position>
              <LatitudeDegrees>25.535784516</LatitudeDegrees>
              <LongitudeDegrees>108.105967027</LongitudeDegrees>
            </Position>
            <AltitudeMeters>40.253948833</AltitudeMeters>
            <DistanceMeters>7245.0000000</DistanceMeters>
            <HeartRateBpm>
              <Value>152</Value>
            </HeartRateBpm>
            <Extensions>
              <ns3:TPX>
                <ns3:Speed>3.000000000</ns3:Speed>
                <ns3:RunCadence>84</ns3:RunCadence>
              </ns3:TPX>
            </Extensions>
          </Trackpoint>
          <Trackpoint>
            <Time>2020-01-03T00:40:20.000Z</Time>
            <Position>
              <LatitudeDegrees>25.535710062</LatitudeDegrees>
              <LongitudeDegrees>108.105842370</LongitudeDegrees>
            </Position>
            <AltitudeMeters>40.189833880</AltitudeMeters>
            <DistanceMeters>7260.000000000</DistanceMeters>
            <HeartRateBpm>
              <Value>151</Value>
            </HeartRateBpm>
            <Extensions>
              <ns3:TPX>
                <ns3:Speed>3.000000000</ns3:Speed>
                <ns3:RunCadence>83</ns3:RunCadence>
              </ns3:TPX>
            </Extensions>
          </Trackpoint>
          <Trackpoint>
            <Time>2020-01-03T00:40:25.000Z</Time>
            <Position>
              <LatitudeDegrees>25.535632218</LatitudeDegrees>
              <LongitudeDegrees>108.105720282</LongitudeDegrees>
            </Position>
            <AltitudeMeters>40.125521406</AltitudeMeters>
            <DistanceMeters>7275.00000000</DistanceMeters>
            <HeartRateBpm>
              <Value>151</Value>
            </HeartRateBpm>
            <Extensions>
              <ns3:TPX>
                <ns3:Speed>3.000000000</ns3:Speed>
                <ns3:RunCadence>83</ns3:RunCadence>
              </ns3:TPX>
            </Extensions>
          </Trackpoint>
          <Trackpoint>
            <Time>2020-01-03T00:40:30.000Z</Time>
            <Position>
              <LatitudeDegrees>25.535551056</LatitudeDegrees>
              <LongitudeDegrees>108.105600877</LongitudeDegrees>
            </Position>
            <AltitudeMeters>40.061078328</AltitudeMeters>
            <DistanceMeters>7290.0000000</DistanceMeters>
            <HeartRateBpm>
              <Value>151</Value>
            </HeartRateBpm>
            <Extensions>
              <ns3:TPX>
                <ns3:Speed>3.000000000</ns3:Speed>
                <ns3:RunCadence>83</ns3:RunCadence>
              </ns3:TPX>
            </Extensions>
          </Trackpoint>
          <Trackpoint>
            <Time>2020-01-03T00:40:35.000Z</Time>
            <Position>
              <LatitudeDegrees>25.535466652</LatitudeDegrees>
              <LongitudeDegrees>108.105484265</LongitudeDegrees>
            </Position>
            <AltitudeMeters>40.0</AltitudeMeters>
            <DistanceMeters>7305.00000000</DistanceMeters>
            <HeartRateBpm>
              <Value>151</Value>
            </HeartRateBpm>
            <Extensions>
              <ns3:TPX>
                <ns3:Speed>3.000000000</ns3:Speed>
                <ns3:RunCadence>83</ns3:RunCadence>
              </ns3:TPX>
            </Extensions>
          </Trackpoint>
          <Trackpoint>
            <Time>2020-01-03T00:40:40.000Z</Time>
            <Position>
              <LatitudeDegrees>25.535379083</LatitudeDegrees>
              <LongitudeDegrees>108.105370556</LongitudeDegrees>
            </Position>
            <AltitudeMeters>39.9</AltitudeMeters>
            <DistanceMeters>7320.00000000</DistanceMeters>
            <HeartRateBpm>
              <Value>151</Value>
            </HeartRateBpm>
            <Extensions>
              <ns3:TPX>
                <ns3:Speed>3.000000000</ns3:Speed>
                <ns3:RunCadence>83</ns3:RunCadence>
              </ns3:TPX>
            </Extensions>
          </Trackpoint>
        </Track>
        <Extensions>
          <ns3:LX>
            <ns3:AvgSpeed>3.0</ns3:AvgSpeed>
            <ns3:AvgRunCadence>86</ns3:AvgRunCadence>
            <ns3:MaxRunCadence>87</ns3:MaxRunCadence>
          </ns3:LX>
        </Extensions>
      </Lap>
      <Lap StartTime="2020-01-03T00:40:45.000Z">
        <TotalTimeSeconds>245.0</TotalTimeSeconds>
        <DistanceMeters>735.0</DistanceMeters>
        <MaximumSpeed>3.0</MaximumSpeed>
        <Calories>37</Calories>
        <AverageHeartRateBpm>
          <Value>143</Value>
        </AverageHeartRateBpm>
        <MaximumHeartRateBpm>
          <Value>150</Value>
        </MaximumHeartRateBpm>
        <Intensity>Active</Intensity>
        <TriggerMethod>Manual</TriggerMethod>
        <Track>
          <Trackpoint>
            <Time>2020-01-03T00:40:45.000Z</Time>
            <Position>
              <LatitudeDegrees>25.535288432</LatitudeDegrees>
              <LongitudeDegrees>108.105259853</LongitudeDegrees>
            </Position>
            <AltitudeMeters>39.9</AltitudeMeters>
            <DistanceMeters>7335.000000000</DistanceMeters>
            <HeartRateBpm>
              <Value>150</Value>
            </HeartRateBpm>
            <Extensions>
              <ns3:TPX>
                <ns3:Speed>3.000000000</ns3:Speed>
                <ns3:RunCadence>83</ns3:RunCadence>
              </ns3:TPX>
            </Extensions>
          </Trackpoint>
          <Trackpoint>
            <Time>2020-01-03T00:40:50.000Z</Time>
            <Position>
              <LatitudeDegrees>25.535194781</LatitudeDegrees>
              <LongitudeDegrees>108.105152260</LongitudeDegrees>
            </Position>
            <AltitudeMeters>39.8</AltitudeMeters>
            <DistanceMeters>7350.000000000</DistanceMeters>
            <HeartRateBpm>
              <Value>150</Value>
            </HeartRateBpm>
            <Extensions>
              <ns3:TPX>
                <ns3:Speed>3.000000000</ns3:Speed>
                <ns3:RunCadence>82</ns3:RunCadence>
              </ns3:TPX>
            </Extensions>
          </Trackpoint>
          <Trackpoint>
            <Time>2020-01-03T00:40:55.000Z</Time>
            <Position>
              <LatitudeDegrees>25.535098218</LatitudeDegrees>
              <LongitudeDegrees>108.105047877</LongitudeDegrees>
            </Position>
            <AltitudeMeters>39.7</AltitudeMeters>
            <DistanceMeters>7365.000000000</DistanceMeters>
            <HeartRateBpm>
              <Value>150</Value>
            </HeartRateBpm>
            <Extensions>
              <ns3:TPX>
                <ns3:Speed>3.000000000</ns3:Speed>
                <ns3:RunCadence>82</ns3:RunCadence>
              </ns3:TPX>
            </Extensions>
          </Trackpoint>
          <Trackpoint>
            <Time>2020-01-03T00:41:00.000Z</Time>
            <Position>
              <LatitudeDegrees>25.534998832</LatitudeDegrees>
              <LongitudeDegrees>108.104946800</LongitudeDegrees>
            </Position>
            <AltitudeMeters>39.7</AltitudeMeters>
            <DistanceMeters>7380.00000000</DistanceMeters>
            <HeartRateBpm>
              <Value>150</Value>
            </HeartRateBpm>
            <Extensions>
              <ns3:TPX>
                <ns3:Speed>3.000000000</ns3:Speed>
                <ns3:RunCadence>82</ns3:RunCadence>
              </ns3:TPX>
            </Extensions>
          </Trackpoint>
          <Trackpoint>
            <Time>2020-01-03T00:41:05.000Z</Time>
            <Position>
              <LatitudeDegrees>25.534896715</LatitudeDegrees>
              <LongitudeDegrees>108.104849123</LongitudeDegrees>
            </Position>
            <AltitudeMeters>39.6</AltitudeMeters>
            <DistanceMeters>7395.0</DistanceMeters>
            <HeartRateBpm>
              <Value>149</Value>
            </HeartRateBpm>
            <Extensions>
              <ns3:TPX>
                <ns3:Speed>3.000000000</ns3:Speed>
                <ns3:RunCadence>82</ns3:RunCadence>
              </ns3:TPX>
            </Extensions>
          </Trackpoint>
          <Trackpoint>
            <Time>2020-01-03T00:41:10.000Z</Time>
            <Position>
              <LatitudeDegrees>25.534791963</LatitudeDegrees>
              <LongitudeDegrees>108.104754937</LongitudeDegrees>
            </Position>
            <AltitudeMeters>39.5</AltitudeMeters>
            <DistanceMeters>7410.00</DistanceMeters>
            <HeartRateBpm>
              <Value>149</Value>
            </HeartRateBpm>
            <Extensions>
              <ns3:TPX>
                <ns3:Speed>3.000000000</ns3:Speed>
                <ns3:RunCadence>82</ns3:RunCadence>
              </ns3:TPX>
            </Extensions>
          </Trackpoint>
          <Trackpoint>
            <Time>2020-01-03T00:41:15.000Z</Time>
            <Position>
              <LatitudeDegrees>25.534684672</LatitudeDegrees>
              <LongitudeDegrees>108.104664328</LongitudeDegrees>
            </Position>
            <AltitudeMeters>39.5</AltitudeMeters>
            <DistanceMeters>7425.000000000</DistanceMeters>
            <HeartRateBpm>
              <Value>149</Value>
            </HeartRateBpm>
            <Extensions>
              <ns3:TPX>
                <ns3:Speed>3.000000000</ns3:Speed>
                <ns3:RunCadence>82</ns3:RunCadence>
              </ns3:TPX>
            </Extensions>
          </Trackpoint>
          <Trackpoint>
            <Time>2020-01-03T00:41:20.000Z</Time>
            <Position>
              <LatitudeDegrees>25.534574941</LatitudeDegrees>
              <LongitudeDegrees>108.104577382</LongitudeDegrees>
            </Position>
            <AltitudeMeters>39.424193367</AltitudeMeters>
            <DistanceMeters>7440.000000000</DistanceMeters>
            <HeartRateBpm>
              <Value>148</Value>
            </HeartRateBpm>
            <Extensions>
              <ns3:TPX>
                <ns3:Speed>3.000000000</ns3:Speed>
                <ns3:RunCadence>82</ns3:RunCadence>
              </ns3:TPX>
            </Extensions>
          </Trackpoint>
          <Trackpoint>
            <Time>2020-01-03T00:41:25.000Z</Time>
            <Position>
              <LatitudeDegrees>25.534462873</LatitudeDegrees>
              <LongitudeDegrees>108.104494177</LongitudeDegrees>
            </Position>
            <AltitudeMeters>39.362719160</AltitudeMeters>
            <DistanceMeters>7455.000000000</DistanceMeters>
            <HeartRateBpm>
              <Value>148</Value>
            </HeartRateBpm>
            <Extensions>
              <ns3:TPX>
                <ns3:Speed>3.000000000</ns3:Speed>
                <ns3:RunCadence>82</ns3:RunCadence>
              </ns3:TPX>
            </Extensions>
          </Trackpoint>
          <Trackpoint>
            <Time>2020-01-03T00:41:30.000Z</Time>
            <Position>
              <LatitudeDegrees>25.534348571</LatitudeDegrees>
              <LongitudeDegrees>108.104414793</LongitudeDegrees>
            </Position>
            <AltitudeMeters>39.3</AltitudeMeters>
            <DistanceMeters>7470.000000000</DistanceMeters>
            <HeartRateBpm>
              <Value>148</Value>
            </HeartRateBpm>
            <Extensions>
              <ns3:TPX>
                <ns3:Speed>3.000000000</ns3:Speed>
                <ns3:RunCadence>81</ns3:RunCadence>
              </ns3:TPX>
            </Extensions>
          </Trackpoint>
          <Trackpoint>
            <Time>2020-01-03T00:41:35.000Z</Time>
            <Position>
              <LatitudeDegrees>25.534232142</LatitudeDegrees>
              <LongitudeDegrees>108.104339301</LongitudeDegrees>
            </Position>
            <AltitudeMeters>39.2</AltitudeMeters>
            <DistanceMeters>7485.000000000</DistanceMeters>
            <HeartRateBpm>
              <Value>147</Value>
            </HeartRateBpm>
            <Extensions>
              <ns3:TPX>
                <ns3:Speed>3.000000000</ns3:Speed>
                <ns3:RunCadence>81</ns3:RunCadence>
              </ns3:TPX>
            </Extensions>
          </Trackpoint>
          <Trackpoint>
            <Time>2020-01-03T00:41:40.000Z</Time>
            <Position>
              <LatitudeDegrees>25.534113692</LatitudeDegrees>
              <LongitudeDegrees>108.104267773</LongitudeDegrees>
            </Position>
            <AltitudeMeters>39.182527394</AltitudeMeters>
            <DistanceMeters>7500.00000000</DistanceMeters>
            <HeartRateBpm>
              <Value>147</Value>
            </HeartRateBpm>
            <Extensions>
              <ns3:TPX>
                <ns3:Speed>3.000000000</ns3:Speed>
                <ns3:RunCadence>81</ns3:RunCadence>
              </ns3:TPX>
            </Extensions>
          </Trackpoint>
          <Trackpoint>
            <Time>2020-01-03T00:41:45.000Z</Time>
            <Position>
              <LatitudeDegrees>25.533993333</LatitudeDegrees>
              <LongitudeDegrees>108.104200274</LongitudeDegrees>
            </Position>
            <AltitudeMeters>39.1</AltitudeMeters>
            <DistanceMeters>7515.000000000</DistanceMeters>
            <HeartRateBpm>
              <Value>147</Value>
            </HeartRateBpm>
            <Extensions>
              <ns3:TPX>
                <ns3:Speed>3.000000000</ns3:Speed>
                <ns3:RunCadence>81</ns3:RunCadence>
              </ns3:TPX>
            </Extensions>
          </Trackpoint>
          <Trackpoint>
            <Time>2020-01-03T00:41:50.000Z</Time>
            <Position>
              <LatitudeDegrees>25.533871175</LatitudeDegrees>
              <LongitudeDegrees>108.104136867</LongitudeDegrees>
            </Position>
            <AltitudeMeters>39.066548160</AltitudeMeters>
            <DistanceMeters>7530.000000000</DistanceMeters>
            <HeartRateBpm>
              <Value>146</Value>
            </HeartRateBpm>
            <Extensions>
              <ns3:TPX>
                <ns3:Speed>3.000000000</ns3:Speed>
                <ns3:RunCadence>81</ns3:RunCadence>
              </ns3:TPX>
            </Extensions>
          </Trackpoint>
          <Trackpoint>
            <Time>2020-01-03T00:41:55.000Z</Time>
            <Position>
              <LatitudeDegrees>25.533747331</LatitudeDegrees>
              <LongitudeDegrees>108.104077612</LongitudeDegrees>
            </Position>
            <AltitudeMeters>39.0</AltitudeMeters>
            <DistanceMeters>7545.000000000</DistanceMeters>
            <HeartRateBpm>
              <Value>146</Value>
            </HeartRateBpm>
            <Extensions>
              <ns3:TPX>
                <ns3:Speed>3.000000000</ns3:Speed>
                <ns3:RunCadence>81</ns3:RunCadence>
              </ns3:TPX>
            </Extensions>
          </Trackpoint>
          <Trackpoint>
            <Time>2020-01-03T00:42:00.000Z</Time>
            <Position>
              <LatitudeDegrees>25.533621918</LatitudeDegrees>
              <LongitudeDegrees>108.104022561</LongitudeDegrees>
            </Position>
            <AltitudeMeters>38.954452914</AltitudeMeters>
            <DistanceMeters>7560.000000000</DistanceMeters>
            <HeartRateBpm>
              <Value>146</Value>
            </HeartRateBpm>
            <Extensions>
              <ns3:TPX>
                <ns3:Speed>3.000000000</ns3:Speed>
                <ns3:RunCadence>81</ns3:RunCadence>
              </ns3:TPX>
            </Extensions>
          </Trackpoint>
          <Trackpoint>
            <Time>2020-01-03T00:42:05.000Z</Time>
            <Position>
              <LatitudeDegrees>25.533495050</LatitudeDegrees>
              <LongitudeDegrees>108.103971768</LongitudeDegrees>
            </Position>
            <AltitudeMeters>38.900008227</AltitudeMeters>
            <DistanceMeters>7575.00000000</DistanceMeters>
            <HeartRateBpm>
              <Value>145</Value>
            </HeartRateBpm>
            <Extensions>
              <ns3:TPX>
                <ns3:Speed>3.000000000</ns3:Speed>
                <ns3:RunCadence>81</ns3:RunCadence>
              </ns3:TPX>
            </Extensions>
          </Trackpoint>
          <Trackpoint>
            <Time>2020-01-03T00:42:10.000Z</Time>
            <Position>
              <LatitudeDegrees>25.533366846</LatitudeDegrees>
              <LongitudeDegrees>108.103925278</LongitudeDegrees>
            </Position>
            <AltitudeMeters>38.846708072</AltitudeMeters>
            <DistanceMeters>7590.000000000</DistanceMeters>
            <HeartRateBpm>
              <Value>145</Value>
            </HeartRateBpm>
            <Extensions>
              <ns3:TPX>
                <ns3:Speed>3.000000000</ns3:Speed>
                <ns3:RunCadence>81</ns3:RunCadence>
              </ns3:TPX>
            </Extensions>
          </Trackpoint>
          <Trackpoint>
            <Time>2020-01-03T00:42:15.000Z</Time>
            <Position>
              <LatitudeDegrees>25.533237424</LatitudeDegrees>
              <LongitudeDegrees>108.103883136</LongitudeDegrees>
            </Position>
            <AltitudeMeters>38.794607909</AltitudeMeters>
            <DistanceMeters>7605.000000000</DistanceMeters>
            <HeartRateBpm>
              <Value>145</Value>
            </HeartRateBpm>
            <Extensions>
              <ns3:TPX>
                <ns3:Speed>3.000000000</ns3:Speed>
                <ns3:RunCadence>81</ns3:RunCadence>
              </ns3:TPX>
            </Extensions>
          </Trackpoint>
          <Trackpoint>
            <Time>2020-01-03T00:42:20.000Z</Time>
            <Position>
              <LatitudeDegrees>25.533106904</LatitudeDegrees>
              <LongitudeDegrees>108.103845379</LongitudeDegrees>
            </Position>
            <AltitudeMeters>38.7</AltitudeMeters>
            <DistanceMeters>7620.0</DistanceMeters>
            <HeartRateBpm>
              <Value>144</Value>
            </HeartRateBpm>
            <Extensions>
              <ns3:TPX>
                <ns3:Speed>3.000000000</ns3:Speed>
                <ns3:RunCadence>81</ns3:RunCadence>
              </ns3:TPX>
            </Extensions>
          </Trackpoint>
          <Trackpoint>
            <Time>2020-01-03T00:42:25.000Z</Time>
            <Position>
              <LatitudeDegrees>25.532975408</LatitudeDegrees>
              <LongitudeDegrees>108.103812044</LongitudeDegrees>
            </Position>
            <AltitudeMeters>38.7</AltitudeMeters>
            <DistanceMeters>7635.000000000</DistanceMeters>
            <HeartRateBpm>
              <Value>144</Value>
            </HeartRateBpm>
            <Extensions>
              <ns3:TPX>
                <ns3:Speed>3.000000000</ns3:Speed>
                <ns3:RunCadence>81</ns3:RunCadence>
              </ns3:TPX>
            </Extensions>
          </Trackpoint>
          <Trackpoint>
            <Time>2020-01-03T00:42:30.000Z</Time>
            <Position>
              <LatitudeDegrees>25.532843057</LatitudeDegrees>
              <LongitudeDegrees>108.103783161</LongitudeDegrees>
            </Position>
            <AltitudeMeters>38.646042888</AltitudeMeters>
            <DistanceMeters>7650.000000000</DistanceMeters>
            <HeartRateBpm>
              <Value>144</Value>
            </HeartRateBpm>
            <Extensions>
              <ns3:TPX>
                <ns3:Speed>3.000000000</ns3:Speed>
                <ns3:RunCadence>81</ns3:RunCadence>
              </ns3:TPX>
            </Extensions>
          </Trackpoint>
          <Trackpoint>
            <Time>2020-01-03T00:42:35.000Z</Time>
            <Position>
              <LatitudeDegrees>25.532709973</LatitudeDegrees>
              <LongitudeDegrees>108.103758756</LongitudeDegrees>
            </Position>
            <AltitudeMeters>38.599271466</AltitudeMeters>
            <DistanceMeters>7665.000000000</DistanceMeters>
            <HeartRateBpm>
              <Value>143</Value>
            </HeartRateBpm>
            <Extensions>
              <ns3:TPX>
                <ns3:Speed>3.000000000</ns3:Speed>
                <ns3:RunCadence>81</ns3:RunCadence>
              </ns3:TPX>
            </Extensions>
          </Trackpoint>
          <Trackpoint>
            <Time>2020-01-03T00:42:40.000Z</Time>
            <Position>
              <LatitudeDegrees>25.532576281</LatitudeDegrees>
              <LongitudeDegrees>108.103738853</LongitudeDegrees>
            </Position>
            <AltitudeMeters>38.6</AltitudeMeters>
            <DistanceMeters>7680.0000000</DistanceMeters>
            <HeartRateBpm>
              <Value>143</Value>
            </HeartRateBpm>
            <Extensions>
              <ns3:TPX>
                <ns3:Speed>3.000000000</ns3:Speed>
                <ns3:RunCadence>81</ns3:RunCadence>
              </ns3:TPX>
            </Extensions>
          </Trackpoint>
          <Trackpoint>
            <Time>2020-01-03T00:42:45.000Z</Time>
            <Position>
              <LatitudeDegrees>25.532442104</LatitudeDegrees>
              <LongitudeDegrees>108.103723469</LongitudeDegrees>
            </Position>
            <AltitudeMeters>38.510148114</AltitudeMeters>
            <DistanceMeters>7695.000000000</DistanceMeters>
            <HeartRateBpm>
              <Value>143</Value>
            </HeartRateBpm>
            <Extensions>
              <ns3:TPX>
                <ns3:Speed>3.000000000</ns3:Speed>
                <ns3:RunCadence>81</ns3:RunCadence>
              </ns3:TPX>
            </Extensions>
          </Trackpoint>
          <Trackpoint>
            <Time>2020-01-03T00:42:50.000Z</Time>
            <Position>
              <LatitudeDegrees>25.532307567</LatitudeDegrees>
              <LongitudeDegrees>108.103712619</LongitudeDegrees>
            </Position>
            <AltitudeMeters>38.5</AltitudeMeters>
            <DistanceMeters>7710.0000000</DistanceMeters>
            <HeartRateBpm>
              <Value>142</Value>
            </HeartRateBpm>
            <Extensions>
              <ns3:TPX>
                <ns3:Speed>3.000000000</ns3:Speed>
                <ns3:RunCadence>81</ns3:RunCadence>
              </ns3:TPX>
            </Extensions>
          </Trackpoint>
          <Trackpoint>
            <Time>2020-01-03T00:42:55.000Z</Time>
            <Position>
              <LatitudeDegrees>25.532172794</LatitudeDegrees>
              <LongitudeDegrees>108.103706314</LongitudeDegrees>
            </Position>
            <AltitudeMeters>38.4</AltitudeMeters>
            <DistanceMeters>7725.00000000</DistanceMeters>
            <HeartRateBpm>
              <Value>142</Value>
            </HeartRateBpm>
            <Extensions>
              <ns3:TPX>
                <ns3:Speed>3.000000000</ns3:Speed>
                <ns3:RunCadence>81</ns3:RunCadence>
              </ns3:TPX>
            </Extensions>
          </Trackpoint>
          <Trackpoint>
            <Time>2020-01-03T00:43:00.000Z</Time>
            <Position>
              <LatitudeDegrees>25.532037911</LatitudeDegrees>
              <LongitudeDegrees>108.103704559</LongitudeDegrees>
            </Position>
            <AltitudeMeters>38.388195281</AltitudeMeters>
            <DistanceMeters>7740.000000000</DistanceMeters>
            <HeartRateBpm>
              <Value>142</Value>
            </HeartRateBpm>
            <Extensions>
              <ns3:TPX>
                <ns3:Speed>3.000000000</ns3:Speed>
                <ns3:RunCadence>81</ns3:RunCadence>
              </ns3:TPX>
            </Extensions>
          </Trackpoint>
          <Trackpoint>
            <Time>2020-01-03T00:43:05.000Z</Time>
            <Position>
              <LatitudeDegrees>25.531903041</LatitudeDegrees>
              <LongitudeDegrees>108.103707355</LongitudeDegrees>
            </Position>
            <AltitudeMeters>38.350843765</AltitudeMeters>
            <DistanceMeters>7755.000000000</DistanceMeters>
            <HeartRateBpm>
              <Value>141</Value>
            </HeartRateBpm>
            <Extensions>
              <ns3:TPX>
                <ns3:Speed>3.000000000</ns3:Speed>
                <ns3:RunCadence>81</ns3:RunCadence>
              </ns3:TPX>
            </Extensions>
          </Trackpoint>
          <Trackpoint>
            <Time>2020-01-03T00:43:10.000Z</Time>
            <Position>
              <LatitudeDegrees>25.531768311</LatitudeDegrees>
              <LongitudeDegrees>108.103714700</LongitudeDegrees>
            </Position>
            <AltitudeMeters>38.315208184</AltitudeMeters>
            <DistanceMeters>7770.000000000</DistanceMeters>
            <HeartRateBpm>
              <Value>141</Value>
            </HeartRateBpm>
            <Extensions>
              <ns3:TPX>
                <ns3:Speed>3.000000000</ns3:Speed>
                <ns3:RunCadence>82</ns3:RunCadence>
              </ns3:TPX>
            </Extensions>
          </Trackpoint>
          <Trackpoint>
            <Time>2020-01-03T00:43:15.000Z</Time>
            <Position>
              <LatitudeDegrees>25.531633846</LatitudeDegrees>
              <LongitudeDegrees>108.103726588</LongitudeDegrees>
            </Position>
            <AltitudeMeters>38.3</AltitudeMeters>
            <DistanceMeters>7785.0</DistanceMeters>
            <HeartRateBpm>
              <Value>141</Value>
            </HeartRateBpm>
            <Extensions>
              <ns3:TPX>
                <ns3:Speed>3.000000000</ns3:Speed>
                <ns3:RunCadence>82</ns3:RunCadence>
              </ns3:TPX>
            </Extensions>
          </Trackpoint>
          <Trackpoint>
            <Time>2020-01-03T00:43:20.000Z</Time>
            <Position>
              <LatitudeDegrees>25.531499769</LatitudeDegrees>
              <LongitudeDegrees>108.103743006</LongitudeDegrees>
            </Position>
            <AltitudeMeters>38.249231316</AltitudeMeters>
            <DistanceMeters>7800.000000000</DistanceMeters>
            <HeartRateBpm>
              <Value>140</Value>
            </HeartRateBpm>
            <Extensions>
              <ns3:TPX>
                <ns3:Speed>3.000000000</ns3:Speed>
                <ns3:RunCadence>82</ns3:RunCadence>
              </ns3:TPX>
            </Extensions>
          </Trackpoint>
          <Trackpoint>
            <Time>2020-01-03T00:43:25.000Z</Time>
            <Position>
              <LatitudeDegrees>25.531366205</LatitudeDegrees>
              <LongitudeDegrees>108.103763941</LongitudeDegrees>
            </Position>
            <AltitudeMeters>38.2</AltitudeMeters>
            <DistanceMeters>7815.00000000</DistanceMeters>
            <HeartRateBpm>
              <Value>140</Value>
            </HeartRateBpm>
            <Extensions>
              <ns3:TPX>
                <ns3:Speed>3.000000000</ns3:Speed>
                <ns3:RunCadence>82</ns3:RunCadence>
              </ns3:TPX>
            </Extensions>
          </Trackpoint>
          <Trackpoint>
            <Time>2020-01-03T00:43:30.000Z</Time>
            <Position>
              <LatitudeDegrees>25.531233278</LatitudeDegrees>
              <LongitudeDegrees>108.103789372</LongitudeDegrees>
            </Position>
            <AltitudeMeters>38.2</AltitudeMeters>
            <DistanceMeters>7830.000000000</DistanceMeters>
            <HeartRateBpm>
              <Value>140</Value>
            </HeartRateBpm>
            <Extensions>
              <ns3:TPX>
                <ns3:Speed>3.000000000</ns3:Speed>
                <ns3:RunCadence>82</ns3:RunCadence>
              </ns3:TPX>
            </Extensions>
          </Trackpoint>
          <Trackpoint>
            <Time>2020-01-03T00:43:35.000Z</Time>
            <Position>
              <LatitudeDegrees>25.531101112</LatitudeDegrees>
              <LongitudeDegrees>108.103819276</LongitudeDegrees>
            </Position>
            <AltitudeMeters>38.2</AltitudeMeters>
            <DistanceMeters>7845.000000000</DistanceMeters>
            <HeartRateBpm>
              <Value>140</Value>
            </HeartRateBpm>
            <Extensions>
              <ns3:TPX>
                <ns3:Speed>3.000000000</ns3:Speed>
                <ns3:RunCadence>82</ns3:RunCadence>
              </ns3:TPX>
            </Extensions>
          </Trackpoint>
          <Trackpoint>
            <Time>2020-01-03T00:43:40.000Z</Time>
            <Position>
              <LatitudeDegrees>25.530969828</LatitudeDegrees>
              <LongitudeDegrees>108.103853625</LongitudeDegrees>
            </Position>
            <AltitudeMeters>38.1</AltitudeMeters>
            <DistanceMeters>7860.000000000</DistanceMeters>
            <HeartRateBpm>
              <Value>139</Value>
            </HeartRateBpm>
            <Extensions>
              <ns3:TPX>
                <ns3:Speed>3.000000000</ns3:Speed>
                <ns3:RunCadence>82</ns3:RunCadence>
              </ns3:TPX>
            </Extensions>
          </Trackpoint>
          <Trackpoint>
            <Time>2020-01-03T00:43:45.000Z</Time>
            <Position>
              <LatitudeDegrees>25.530839549</LatitudeDegrees>
              <LongitudeDegrees>108.103892388</LongitudeDegrees>
            </Position>
            <AltitudeMeters>38.116685604</AltitudeMeters>
            <DistanceMeters>7875.00000000</DistanceMeters>
            <HeartRateBpm>
              <Value>139</Value>
            </HeartRateBpm>
            <Extensions>
              <ns3:TPX>
                <ns3:Speed>3.000000000</ns3:Speed>
                <ns3:RunCadence>82</ns3:RunCadence>
              </ns3:TPX>
            </Extensions>
          </Trackpoint>
          <Trackpoint>
            <Time>2020-01-03T00:43:50.000Z</Time>
            <Position>
              <LatitudeDegrees>25.530710395</LatitudeDegrees>
              <LongitudeDegrees>108.103935528</LongitudeDegrees>
            </Position>
            <AltitudeMeters>38.095954738</AltitudeMeters>
            <DistanceMeters>7890.000000000</DistanceMeters>
            <HeartRateBpm>
              <Value>139</Value>
            </HeartRateBpm>
            <Extensions>
              <ns3:TPX>
                <ns3:Speed>3.000000000</ns3:Speed>
                <ns3:RunCadence>83</ns3:RunCadence>
              </ns3:TPX>
            </Extensions>
          </Trackpoint>
          <Trackpoint>
            <Time>2020-01-03T00:43:55.000Z</Time>
            <Position>
              <LatitudeDegrees>25.530582486</LatitudeDegrees>
              <LongitudeDegrees>108.103983006</LongitudeDegrees>
            </Position>
            <AltitudeMeters>38.077205016</AltitudeMeters>
            <DistanceMeters>7905.000000000</DistanceMeters>
            <HeartRateBpm>
              <Value>139</Value>
            </HeartRateBpm>
            <Extensions>
              <ns3:TPX>
                <ns3:Speed>3.000000000</ns3:Speed>
                <ns3:RunCadence>83</ns3:RunCadence>
              </ns3:TPX>
            </Extensions>
          </Trackpoint>
          <Trackpoint>
            <Time>2020-01-03T00:44:00.000Z</Time>
            <Position>
              <LatitudeDegrees>25.530455940</LatitudeDegrees>
              <LongitudeDegrees>108.104034777</LongitudeDegrees>
            </Position>
            <AltitudeMeters>38.060455948</AltitudeMeters>
            <DistanceMeters>7920.000000000</DistanceMeters>
            <HeartRateBpm>
              <Value>138</Value>
            </HeartRateBpm>
            <Extensions>
              <ns3:TPX>
                <ns3:Speed>3.000000000</ns3:Speed>
                <ns3:RunCadence>83</ns3:RunCadence>
              </ns3:TPX>
            </Extensions>
          </Trackpoint>
          <Trackpoint>
            <Time>2020-01-03T00:44:05.000Z</Time>
            <Position>
              <LatitudeDegrees>25.530330875</LatitudeDegrees>
              <LongitudeDegrees>108.104090793</LongitudeDegrees>
            </Position>
            <AltitudeMeters>38.045724961</AltitudeMeters>
            <DistanceMeters>7935.000000000</DistanceMeters>
            <HeartRateBpm>
              <Value>138</Value>
            </HeartRateBpm>
            <Extensions>
              <ns3:TPX>
                <ns3:Speed>3.000000000</ns3:Speed>
                <ns3:RunCadence>83</ns3:RunCadence>
              </ns3:TPX>
            </Extensions>
          </Trackpoint>
          <Trackpoint>
            <Time>2020-01-03T00:44:10.000Z</Time>
            <Position>
              <LatitudeDegrees>25.530207407</LatitudeDegrees>
              <LongitudeDegrees>108.104151004</LongitudeDegrees>
            </Position>
            <AltitudeMeters>38.033027383</AltitudeMeters>
            <DistanceMeters>7950.0000000</DistanceMeters>
            <HeartRateBpm>
              <Value>138</Value>
            </HeartRateBpm>
            <Extensions>
              <ns3:TPX>
                <ns3:Speed>3.000000000</ns3:Speed>
                <ns3:RunCadence>83</ns3:RunCadence>
              </ns3:TPX>
            </Extensions>
          </Trackpoint>
          <Trackpoint>
            <Time>2020-01-03T00:44:15.000Z</Time>
            <Position>
              <LatitudeDegrees>25.530085651</LatitudeDegrees>
              <LongitudeDegrees>108.104215352</LongitudeDegrees>
            </Position>
            <AltitudeMeters>38.022376425</AltitudeMeters>
            <DistanceMeters>7965.000000000</DistanceMeters>
            <HeartRateBpm>
              <Value>138</Value>
            </HeartRateBpm>
            <Extensions>
              <ns3:TPX>
                <ns3:Speed>3.000000000</ns3:Speed>
                <ns3:RunCadence>83</ns3:RunCadence>
              </ns3:TPX>
            </Extensions>
          </Trackpoint>
          <Trackpoint>
            <Time>2020-01-03T00:44:20.000Z</Time>
            <Position>
              <LatitudeDegrees>25.529965718</LatitudeDegrees>
              <LongitudeDegrees>108.104283777</LongitudeDegrees>
            </Position>
            <AltitudeMeters>38.013783169</AltitudeMeters>
            <DistanceMeters>7980.000000000</DistanceMeters>
            <HeartRateBpm>
              <Value>138</Value>
            </HeartRateBpm>
            <Extensions>
              <ns3:TPX>
                <ns3:Speed>3.000000000</ns3:Speed>
                <ns3:RunCadence>84</ns3:RunCadence>
              </ns3:TPX>
            </Extensions>
          </Trackpoint>
          <Trackpoint>
            <Time>2020-01-03T00:44:25.000Z</Time>
            <Position>
              <LatitudeDegrees>25.529847721</LatitudeDegrees>
              <LongitudeDegrees>108.104356218</LongitudeDegrees>
            </Position>
            <AltitudeMeters>38.007256558</AltitudeMeters>
            <DistanceMeters>7995.000000000</DistanceMeters>
            <HeartRateBpm>
              <Value>138</Value>
            </HeartRateBpm>
            <Extensions>
              <ns3:TPX>
                <ns3:Speed>3.000000000</ns3:Speed>
                <ns3:RunCadence>84</ns3:RunCadence>
              </ns3:TPX>
            </Extensions>
          </Trackpoint>
          <Trackpoint>
            <Time>2020-01-03T00:44:30.000Z</Time>
            <Position>
              <LatitudeDegrees>25.529731768</LatitudeDegrees>
              <LongitudeDegrees>108.104432606</LongitudeDegrees>
            </Position>
            <AltitudeMeters>38.002803380</AltitudeMeters>
            <DistanceMeters>8010.0000000</DistanceMeters>
            <HeartRateBpm>
              <Value>137</Value>
            </HeartRateBpm>
            <Extensions>
              <ns3:TPX>
                <ns3:Speed>3.000000000</ns3:Speed>
                <ns3:RunCadence>84</ns3:RunCadence>
              </ns3:TPX>
            </Extensions>
          </Trackpoint>
          <Trackpoint>
            <Time>2020-01-03T00:44:35.000Z</Time>
            <Position>
              <LatitudeDegrees>25.529617968</LatitudeDegrees>
              <LongitudeDegrees>108.104512871</LongitudeDegrees>
            </Position>
            <AltitudeMeters>38.000428271</AltitudeMeters>
            <DistanceMeters>8025.000000000</DistanceMeters>
            <HeartRateBpm>
              <Value>137</Value>
            </HeartRateBpm>
            <Extensions>
              <ns3:TPX>
                <ns3:Speed>3.000000000</ns3:Speed>
                <ns3:RunCadence>84</ns3:RunCadence>
              </ns3:TPX>
            </Extensions>
          </Trackpoint>
          <Trackpoint>
            <Time>2020-01-03T00:44:40.000Z</Time>
            <Position>
              <LatitudeDegrees>25.529506425</LatitudeDegrees>
              <LongitudeDegrees>108.104596938</LongitudeDegrees>
            </Position>
            <AltitudeMeters>38.000133701</AltitudeMeters>
            <DistanceMeters>8040.000000000</DistanceMeters>
            <HeartRateBpm>
              <Value>137</Value>
            </HeartRateBpm>
            <Extensions>
              <ns3:TPX>
                <ns3:Speed>3.000000000</ns3:Speed>
                <ns3:RunCadence>84</ns3:RunCadence>
              </ns3:TPX>
            </Extensions>
          </Trackpoint>
          <Trackpoint>
            <Time>2020-01-03T00:44:45.000Z</Time>
            <Position>
              <LatitudeDegrees>25.529397244</LatitudeDegrees>
              <LongitudeDegrees>108.104684729</LongitudeDegrees>
            </Position>
            <AltitudeMeters>38.001919977</AltitudeMeters>
            <DistanceMeters>8055.000000000</DistanceMeters>
            <HeartRateBpm>
              <Value>137</Value>
            </HeartRateBpm>
            <Extensions>
              <ns3:TPX>
                <ns3:Speed>3.000000000</ns3:Speed>
                <ns3:RunCadence>85</ns3:RunCadence>
              </ns3:TPX>
            </Extensions>
          </Trackpoint>
        </Track>
        <Extensions>
          <ns3:LX>
            <ns3:AvgSpeed>3.0</ns3:AvgSpeed>
            <ns3:AvgRunCadence>82</ns3:AvgRunCadence>
            <ns3:MaxRunCadence>85</ns3:MaxRunCadence>
          </ns3:LX>
        </Extensions>
      </Lap>
      <Lap StartTime="2020-01-03T00:44:50.000Z">
        <TotalTimeSeconds>155.0</TotalTimeSeconds>
        <DistanceMeters>465.0</DistanceMeters>
        <MaximumSpeed>3.0</MaximumSpeed>
        <Calories>23</Calories>
        <AverageHeartRateBpm>
          <Value>139</Value>
        </AverageHeartRateBpm>
        <MaximumHeartRateBpm>
          <Value>142</Value>
        </MaximumHeartRateBpm>
        <Intensity>Active</Intensity>
        <TriggerMethod>Manual</TriggerMethod>
        <Track>
          <Trackpoint>
            <Time>2020-01-03T00:44:50.000Z</Time>
            <Position>
              <LatitudeDegrees>25.529290525</LatitudeDegrees>
              <LongitudeDegrees>108.104776163</LongitudeDegrees>
            </Position>
            <AltitudeMeters>38.005785240</AltitudeMeters>
            <DistanceMeters>8070.000000000</DistanceMeters>
            <HeartRateBpm>
              <Value>137</Value>
            </HeartRateBpm>
            <Extensions>
              <ns3:TPX>
                <ns3:Speed>3.000000000</ns3:Speed>
                <ns3:RunCadence>85</ns3:RunCadence>
              </ns3:TPX>
            </Extensions>
          </Trackpoint>
          <Trackpoint>
            <Time>2020-01-03T00:44:55.000Z</Time>
            <Position>
              <LatitudeDegrees>25.529186367</LatitudeDegrees>
              <LongitudeDegrees>108.104871156</LongitudeDegrees>
            </Position>
            <AltitudeMeters>38.011725469</AltitudeMeters>
            <DistanceMeters>8085.000000000</DistanceMeters>
            <HeartRateBpm>
              <Value>137</Value>
            </HeartRateBpm>
            <Extensions>
              <ns3:TPX>
                <ns3:Speed>3.000000000</ns3:Speed>
                <ns3:RunCadence>85</ns3:RunCadence>
              </ns3:TPX>
            </Extensions>
          </Trackpoint>
          <Trackpoint>
            <Time>2020-01-03T00:45:00.000Z</Time>
            <Position>
              <LatitudeDegrees>25.529084866</LatitudeDegrees>
              <LongitudeDegrees>108.104969619</LongitudeDegrees>
            </Position>
            <AltitudeMeters>38.019734483</AltitudeMeters>
            <DistanceMeters>8100.000000000</DistanceMeters>
            <HeartRateBpm>
              <Value>137</Value>
            </HeartRateBpm>
            <Extensions>
              <ns3:TPX>
                <ns3:Speed>3.000000000</ns3:Speed>
                <ns3:RunCadence>85</ns3:RunCadence>
              </ns3:TPX>
            </Extensions>
          </Trackpoint>
          <Trackpoint>
            <Time>2020-01-03T00:45:05.000Z</Time>
            <Position>
              <LatitudeDegrees>25.528986118</LatitudeDegrees>
              <LongitudeDegrees>108.105071460</LongitudeDegrees>
            </Position>
            <AltitudeMeters>38.0</AltitudeMeters>
            <DistanceMeters>8115.000000000</DistanceMeters>
            <HeartRateBpm>
              <Value>137</Value>
            </HeartRateBpm>
            <Extensions>
              <ns3:TPX>
                <ns3:Speed>3.000000000</ns3:Speed>
                <ns3:RunCadence>85</ns3:RunCadence>
              </ns3:TPX>
            </Extensions>
          </Trackpoint>
          <Trackpoint>
            <Time>2020-01-03T00:45:10.000Z</Time>
            <Position>
              <LatitudeDegrees>25.528890213</LatitudeDegrees>
              <LongitudeDegrees>108.105176586</LongitudeDegrees>
            </Position>
            <AltitudeMeters>38.041923387</AltitudeMeters>
            <DistanceMeters>8130.000000000</DistanceMeters>
            <HeartRateBpm>
              <Value>137</Value>
            </HeartRateBpm>
            <Extensions>
              <ns3:TPX>
                <ns3:Speed>3.000000000</ns3:Speed>
                <ns3:RunCadence>85</ns3:RunCadence>
              </ns3:TPX>
            </Extensions>
          </Trackpoint>
          <Trackpoint>
            <Time>2020-01-03T00:45:15.000Z</Time>
            <Position>
              <LatitudeDegrees>25.528797241</LatitudeDegrees>
              <LongitudeDegrees>108.105284899</LongitudeDegrees>
            </Position>
            <AltitudeMeters>38.056080190</AltitudeMeters>
            <DistanceMeters>8145.000000000</DistanceMeters>
            <HeartRateBpm>
              <Value>137</Value>
            </HeartRateBpm>
            <Extensions>
              <ns3:TPX>
                <ns3:Speed>3.000000000</ns3:Speed>
                <ns3:RunCadence>86</ns3:RunCadence>
              </ns3:TPX>
            </Extensions>
          </Trackpoint>
          <Trackpoint>
            <Time>2020-01-03T00:45:20.000Z</Time>
            <Position>
              <LatitudeDegrees>25.528707287</LatitudeDegrees>
              <LongitudeDegrees>108.105396298</LongitudeDegrees>
            </Position>
            <AltitudeMeters>38.072259627</AltitudeMeters>
            <DistanceMeters>8160.000000000</DistanceMeters>
            <HeartRateBpm>
              <Value>137</Value>
            </HeartRateBpm>
            <Extensions>
              <ns3:TPX>
                <ns3:Speed>3.000000000</ns3:Speed>
                <ns3:RunCadence>86</ns3:RunCadence>
              </ns3:TPX>
            </Extensions>
          </Trackpoint>
          <Trackpoint>
            <Time>2020-01-03T00:45:25.000Z</Time>
            <Position>
              <LatitudeDegrees>25.528620435</LatitudeDegrees>
              <LongitudeDegrees>108.105510680</LongitudeDegrees>
            </Position>
            <AltitudeMeters>38.090444864</AltitudeMeters>
            <DistanceMeters>8175.0000000</DistanceMeters>
            <HeartRateBpm>
              <Value>137</Value>
            </HeartRateBpm>
            <Extensions>
              <ns3:TPX>
                <ns3:Speed>3.000000000</ns3:Speed>
                <ns3:RunCadence>86</ns3:RunCadence>
              </ns3:TPX>
            </Extensions>
          </Trackpoint>
          <Trackpoint>
            <Time>2020-01-03T00:45:30.000Z</Time>
            <Position>
              <LatitudeDegrees>25.528536765</LatitudeDegrees>
              <LongitudeDegrees>108.105627940</LongitudeDegrees>
            </Position>
            <AltitudeMeters>38.110616978</AltitudeMeters>
            <DistanceMeters>8190.000000000</DistanceMeters>
            <HeartRateBpm>
              <Value>137</Value>
            </HeartRateBpm>
            <Extensions>
              <ns3:TPX>
                <ns3:Speed>3.000000000</ns3:Speed>
                <ns3:RunCadence>86</ns3:RunCadence>
              </ns3:TPX>
            </Extensions>
          </Trackpoint>
          <Trackpoint>
            <Time>2020-01-03T00:45:35.000Z</Time>
            <Position>
              <LatitudeDegrees>25.528456355</LatitudeDegrees>
              <LongitudeDegrees>108.105747969</LongitudeDegrees>
            </Position>
            <AltitudeMeters>38.132754981</AltitudeMeters>
            <DistanceMeters>8205.000000000</DistanceMeters>
            <HeartRateBpm>
              <Value>137</Value>
            </HeartRateBpm>
            <Extensions>
              <ns3:TPX>
                <ns3:Speed>3.000000000</ns3:Speed>
                <ns3:RunCadence>86</ns3:RunCadence>
              </ns3:TPX>
            </Extensions>
          </Trackpoint>
          <Trackpoint>
            <Time>2020-01-03T00:45:40.000Z</Time>
            <Position>
              <LatitudeDegrees>25.528379280</LatitudeDegrees>
              <LongitudeDegrees>108.105870654</LongitudeDegrees>
            </Position>
            <AltitudeMeters>38.156835839</AltitudeMeters>
            <DistanceMeters>8220.000000000</DistanceMeters>
            <HeartRateBpm>
              <Value>137</Value>
            </HeartRateBpm>
            <Extensions>
              <ns3:TPX>
                <ns3:Speed>3.000000000</ns3:Speed>
                <ns3:RunCadence>86</ns3:RunCadence>
              </ns3:TPX>
            </Extensions>
          </Trackpoint>
          <Trackpoint>
            <Time>2020-01-03T00:45:45.000Z</Time>
            <Position>
              <LatitudeDegrees>25.528305611</LatitudeDegrees>
              <LongitudeDegrees>108.105995884</LongitudeDegrees>
            </Position>
            <AltitudeMeters>38.182834495</AltitudeMeters>
            <DistanceMeters>8235.000000000</DistanceMeters>
            <HeartRateBpm>
              <Value>137</Value>
            </HeartRateBpm>
            <Extensions>
              <ns3:TPX>
                <ns3:Speed>3.000000000</ns3:Speed>
                <ns3:RunCadence>86</ns3:RunCadence>
              </ns3:TPX>
            </Extensions>
          </Trackpoint>
          <Trackpoint>
            <Time>2020-01-03T00:45:50.000Z</Time>
            <Position>
              <LatitudeDegrees>25.528235416</LatitudeDegrees>
              <LongitudeDegrees>108.106123540</LongitudeDegrees>
            </Position>
            <AltitudeMeters>38.210723898</AltitudeMeters>
            <DistanceMeters>8250.000000000</DistanceMeters>
            <HeartRateBpm>
              <Value>137</Value>
            </HeartRateBpm>
            <Extensions>
              <ns3:TPX>
                <ns3:Speed>3.000000000</ns3:Speed>
                <ns3:RunCadence>86</ns3:RunCadence>
              </ns3:TPX>
            </Extensions>
          </Trackpoint>
          <Trackpoint>
            <Time>2020-01-03T00:45:55.000Z</Time>
            <Position>
              <LatitudeDegrees>25.528168761</LatitudeDegrees>
              <LongitudeDegrees>108.106253506</LongitudeDegrees>
            </Position>
            <AltitudeMeters>38.2</AltitudeMeters>
            <DistanceMeters>8265.000000000</DistanceMeters>
            <HeartRateBpm>
              <Value>138</Value>
            </HeartRateBpm>
            <Extensions>
              <ns3:TPX>
                <ns3:Speed>3.000000000</ns3:Speed>
                <ns3:RunCadence>87</ns3:RunCadence>
              </ns3:TPX>
            </Extensions>
          </Trackpoint>
          <Trackpoint>
            <Time>2020-01-03T00:46:00.000Z</Time>
            <Position>
              <LatitudeDegrees>25.528105707</LatitudeDegrees>
              <LongitudeDegrees>108.106385661</LongitudeDegrees>
            </Position>
            <AltitudeMeters>38.272056933</AltitudeMeters>
            <DistanceMeters>8280.000000000</DistanceMeters>
            <HeartRateBpm>
              <Value>138</Value>
            </HeartRateBpm>
            <Extensions>
              <ns3:TPX>
                <ns3:Speed>3.000000000</ns3:Speed>
                <ns3:RunCadence>87</ns3:RunCadence>
              </ns3:TPX>
            </Extensions>
          </Trackpoint>
          <Trackpoint>
            <Time>2020-01-03T00:46:05.000Z</Time>
            <Position>
              <LatitudeDegrees>25.528046312</LatitudeDegrees>
              <LongitudeDegrees>108.106519881</LongitudeDegrees>
            </Position>
            <AltitudeMeters>38.3</AltitudeMeters>
            <DistanceMeters>8295.000000000</DistanceMeters>
            <HeartRateBpm>
              <Value>138</Value>
            </HeartRateBpm>
            <Extensions>
              <ns3:TPX>
                <ns3:Speed>3.000000000</ns3:Speed>
                <ns3:RunCadence>87</ns3:RunCadence>
              </ns3:TPX>
            </Extensions>
          </Trackpoint>
          <Trackpoint>
            <Time>2020-01-03T00:46:10.000Z</Time>
            <Position>
              <LatitudeDegrees>25.527990632</LatitudeDegrees>
              <LongitudeDegrees>108.106656043</LongitudeDegrees>
            </Position>
            <AltitudeMeters>38.340579745</AltitudeMeters>
            <DistanceMeters>8310.00000000</DistanceMeters>
            <HeartRateBpm>
              <Value>138</Value>
            </HeartRateBpm>
            <Extensions>
              <ns3:TPX>
                <ns3:Speed>3.000000000</ns3:Speed>
                <ns3:RunCadence>87</ns3:RunCadence>
              </ns3:TPX>
            </Extensions>
          </Trackpoint>
          <Trackpoint>
            <Time>2020-01-03T00:46:15.000Z</Time>
            <Position>
              <LatitudeDegrees>25.527938719</LatitudeDegrees>
              <LongitudeDegrees>108.106794021</LongitudeDegrees>
            </Position>
            <AltitudeMeters>38.377449356</AltitudeMeters>
            <DistanceMeters>8325.000000000</DistanceMeters>
            <HeartRateBpm>
              <Value>138</Value>
            </HeartRateBpm>
            <Extensions>
              <ns3:TPX>
                <ns3:Speed>3.000000000</ns3:Speed>
                <ns3:RunCadence>87</ns3:RunCadence>
              </ns3:TPX>
            </Extensions>
          </Trackpoint>
          <Trackpoint>
            <Time>2020-01-03T00:46:20.000Z</Time>
            <Position>
              <LatitudeDegrees>25.527890619</LatitudeDegrees>
              <LongitudeDegrees>108.106933686</LongitudeDegrees>
            </Position>
            <AltitudeMeters>38.4</AltitudeMeters>
            <DistanceMeters>8340.000000000</DistanceMeters>
            <HeartRateBpm>
              <Value>138</Value>
            </HeartRateBpm>
            <Extensions>
              <ns3:TPX>
                <ns3:Speed>3.000000000</ns3:Speed>
                <ns3:RunCadence>87</ns3:RunCadence>
              </ns3:TPX>
            </Extensions>
          </Trackpoint>
          <Trackpoint>
            <Time>2020-01-03T00:46:25.000Z</Time>
            <Position>
              <LatitudeDegrees>25.527846379</LatitudeDegrees>
              <LongitudeDegrees>108.107074909</LongitudeDegrees>
            </Position>
            <AltitudeMeters>38.456213213</AltitudeMeters>
            <DistanceMeters>8355.000000000</DistanceMeters>
            <HeartRateBpm>
              <Value>139</Value>
            </HeartRateBpm>
            <Extensions>
              <ns3:TPX>
                <ns3:Speed>3.000000000</ns3:Speed>
                <ns3:RunCadence>87</ns3:RunCadence>
              </ns3:TPX>
            </Extensions>
          </Trackpoint>
          <Trackpoint>
            <Time>2020-01-03T00:46:30.000Z</Time>
            <Position>
              <LatitudeDegrees>25.527806039</LatitudeDegrees>
              <LongitudeDegrees>108.107217560</LongitudeDegrees>
            </Position>
            <AltitudeMeters>38.498025506</AltitudeMeters>
            <DistanceMeters>8370.00000000</DistanceMeters>
            <HeartRateBpm>
              <Value>139</Value>
            </HeartRateBpm>
            <Extensions>
              <ns3:TPX>
                <ns3:Speed>3.000000000</ns3:Speed>
                <ns3:RunCadence>87</ns3:RunCadence>
              </ns3:TPX>
            </Extensions>
          </Trackpoint>
          <Trackpoint>
            <Time>2020-01-03T00:46:35.000Z</Time>
            <Position>
              <LatitudeDegrees>25.527769636</LatitudeDegrees>
              <LongitudeDegrees>108.107361505</LongitudeDegrees>
            </Position>
            <AltitudeMeters>38.541400593</AltitudeMeters>
            <DistanceMeters>8385.000000000</DistanceMeters>
            <HeartRateBpm>
              <Value>139</Value>
            </HeartRateBpm>
            <Extensions>
              <ns3:TPX>
                <ns3:Speed>3.000000000</ns3:Speed>
                <ns3:RunCadence>87</ns3:RunCadence>
              </ns3:TPX>
            </Extensions>
          </Trackpoint>
          <Trackpoint>
            <Time>2020-01-03T00:46:40.000Z</Time>
            <Position>
              <LatitudeDegrees>25.527737205</LatitudeDegrees>
              <LongitudeDegrees>108.107506612</LongitudeDegrees>
            </Position>
            <AltitudeMeters>38.6</AltitudeMeters>
            <DistanceMeters>8400.000000000</DistanceMeters>
            <HeartRateBpm>
              <Value>139</Value>
            </HeartRateBpm>
            <Extensions>
              <ns3:TPX>
                <ns3:Speed>3.000000000</ns3:Speed>
                <ns3:RunCadence>87</ns3:RunCadence>
              </ns3:TPX>
            </Extensions>
          </Trackpoint>
          <Trackpoint>
            <Time>2020-01-03T00:46:45.000Z</Time>
            <Position>
              <LatitudeDegrees>25.527708774</LatitudeDegrees>
              <LongitudeDegrees>108.107652745</LongitudeDegrees>
            </Position>
            <AltitudeMeters>38.6</AltitudeMeters>
            <DistanceMeters>8415.000000000</DistanceMeters>
            <HeartRateBpm>
              <Value>140</Value>
            </HeartRateBpm>
            <Extensions>
              <ns3:TPX>
                <ns3:Speed>3.000000000</ns3:Speed>
                <ns3:RunCadence>87</ns3:RunCadence>
              </ns3:TPX>
            </Extensions>
          </Trackpoint>
          <Trackpoint>
            <Time>2020-01-03T00:46:50.000Z</Time>
            <Position>
              <LatitudeDegrees>25.527684371</LatitudeDegrees>
              <LongitudeDegrees>108.107799770</LongitudeDegrees>
            </Position>
            <AltitudeMeters>38.680443451</AltitudeMeters>
            <DistanceMeters>8430.00000000</DistanceMeters>
            <HeartRateBpm>
              <Value>140</Value>
            </HeartRateBpm>
            <Extensions>
              <ns3:TPX>
                <ns3:Speed>3.000000000</ns3:Speed>
                <ns3:RunCadence>87</ns3:RunCadence>
              </ns3:TPX>
            </Extensions>
          </Trackpoint>
          <Trackpoint>
            <Time>2020-01-03T00:46:55.000Z</Time>
            <Position>
              <LatitudeDegrees>25.527664019</LatitudeDegrees>
              <LongitudeDegrees>108.107947551</LongitudeDegrees>
            </Position>
            <AltitudeMeters>38.729602849</AltitudeMeters>
            <DistanceMeters>8445.00000000</DistanceMeters>
            <HeartRateBpm>
              <Value>140</Value>
            </HeartRateBpm>
            <Extensions>
              <ns3:TPX>
                <ns3:Speed>3.000000000</ns3:Speed>
                <ns3:RunCadence>87</ns3:RunCadence>
              </ns3:TPX>
            </Extensions>
          </Trackpoint>
          <Trackpoint>
            <Time>2020-01-03T00:47:00.000Z</Time>
            <Position>
              <LatitudeDegrees>25.527647735</LatitudeDegrees>
              <LongitudeDegrees>108.108095949</LongitudeDegrees>
            </Position>
            <AltitudeMeters>38.780084086</AltitudeMeters>
            <DistanceMeters>8460.000000000</DistanceMeters>
            <HeartRateBpm>
              <Value>140</Value>
            </HeartRateBpm>
            <Extensions>
              <ns3:TPX>
                <ns3:Speed>3.000000000</ns3:Speed>
                <ns3:RunCadence>87</ns3:RunCadence>
              </ns3:TPX>
            </Extensions>
          </Trackpoint>
          <Trackpoint>
            <Time>2020-01-03T00:47:05.000Z</Time>
            <Position>
              <LatitudeDegrees>25.527635536</LatitudeDegrees>
              <LongitudeDegrees>108.108244828</LongitudeDegrees>
            </Position>
            <AltitudeMeters>38.831834636</AltitudeMeters>
            <DistanceMeters>8475.000000000</DistanceMeters>
            <HeartRateBpm>
              <Value>141</Value>
            </HeartRateBpm>
            <Extensions>
              <ns3:TPX>
                <ns3:Speed>3.000000000</ns3:Speed>
                <ns3:RunCadence>87</ns3:RunCadence>
              </ns3:TPX>
            </Extensions>
          </Trackpoint>
          <Trackpoint>
            <Time>2020-01-03T00:47:10.000Z</Time>
            <Position>
              <LatitudeDegrees>25.527627432</LatitudeDegrees>
              <LongitudeDegrees>108.108394050</LongitudeDegrees>
            </Position>
            <AltitudeMeters>38.884800654</AltitudeMeters>
            <DistanceMeters>8490.000000000</DistanceMeters>
            <HeartRateBpm>
              <Value>141</Value>
            </HeartRateBpm>
            <Extensions>
              <ns3:TPX>
                <ns3:Speed>3.000000000</ns3:Speed>
                <ns3:RunCadence>87</ns3:RunCadence>
              </ns3:TPX>
            </Extensions>
          </Trackpoint>
          <Trackpoint>
            <Time>2020-01-03T00:47:15.000Z</Time>
            <Position>
              <LatitudeDegrees>25.527623431</LatitudeDegrees>
              <LongitudeDegrees>108.108543476</LongitudeDegrees>
            </Position>
            <AltitudeMeters>38.938927028</AltitudeMeters>
            <DistanceMeters>8505.00000000</DistanceMeters>
            <HeartRateBpm>
              <Value>141</Value>
            </HeartRateBpm>
            <Extensions>
              <ns3:TPX>
                <ns3:Speed>3.000000000</ns3:Speed>
                <ns3:RunCadence>87</ns3:RunCadence>
              </ns3:TPX>
            </Extensions>
          </Trackpoint>
          <Trackpoint>
            <Time>2020-01-03T00:47:20.000Z</Time>
            <Position>
              <LatitudeDegrees>25.527623537</LatitudeDegrees>
              <LongitudeDegrees>108.108692967</LongitudeDegrees>
            </Position>
            <AltitudeMeters>38.994157441</AltitudeMeters>
            <DistanceMeters>8520.000000000</DistanceMeters>
            <HeartRateBpm>
              <Value>142</Value>
            </HeartRateBpm>
            <Extensions>
              <ns3:TPX>
                <ns3:Speed>3.000000000</ns3:Speed>
                <ns3:RunCadence>87</ns3:RunCadence>
              </ns3:TPX>
            </Extensions>
          </Trackpoint>
          <Trackpoint>
            <Time>2020-01-03T00:47:25.000Z</Time>
            <Position>
              <LatitudeDegrees>25.527627750</LatitudeDegrees>
              <LongitudeDegrees>108.108842386</LongitudeDegrees>
            </Position>
            <AltitudeMeters>39.050434425</AltitudeMeters>
            <DistanceMeters>8535.000000000</DistanceMeters>
            <HeartRateBpm>
              <Value>142</Value>
            </HeartRateBpm>
            <Extensions>
              <ns3:TPX>
                <ns3:Speed>3.000000000</ns3:Speed>
                <ns3:RunCadence>87</ns3:RunCadence>
              </ns3:TPX>
            </Extensions>
          </Trackpoint>
        </Track>
        <Extensions>
          <ns3:LX>
            <ns3:AvgSpeed>3.0</ns3:AvgSpeed>
            <ns3:AvgRunCadence>86</ns3:AvgRunCadence>
            <ns3:MaxRunCadence>87</ns3:MaxRunCadence>
          </ns3:LX>
        </Extensions>
      </Lap>
      <Creator xsi:type="Device_t">
        <Name>Forerunner 235</Name>
        <UnitId>10002</UnitId>
        <ProductID>2396</ProductID>
        <Version>
          <VersionMajor>7</VersionMajor>
          <VersionMinor>60</VersionMinor>
          <BuildMajor>0</BuildMajor>
          <BuildMinor>0</BuildMinor>
        </Version>
      </Creator>
    </Activity>
  </Activities>
  <Author xsi:type="Application_t">
    <Name>Connect Api</Name>
    <Build>
      <Version>
        <VersionMajor>26</VersionMajor>
        <VersionMinor>14</VersionMinor>
        <BuildMajor>0</BuildMajor>
        <BuildMinor>0</BuildMinor>
      </Version>
    </Build>
    <LangID>en</LangID>
    <PartNumber>006-D2449-00</PartNumber>
  </Author>
</TrainingCenterDatabase>
