<?xml version="1.0" encoding="UTF-8"?>
<gpx xmlns="http://www.topografix.com/GPX/1/1" version="1.1" creator="Chengdu Ledong Information & Technology Co., Ltd. ">
	<metadata>
		<name>Codoon_Sport_Record</name>
		<desc>Codoon_Sport_2020-01-02 08:00:00</desc>
		<author>
			<name><![CDATA[synthetic]]></name>
		</author>
		<time>2020-01-02T00:00:00Z</time>
	</metadata>
	<trk>
		<trkseg>
			<trkpt lat="24.337379" lon="109.321482">
				<ele>40.000000</ele>
			</trkpt>
			<trkpt lat="24.337514" lon="109.321479">
				<ele>40.064505</ele>
			</trkpt>
			<trkpt lat="24.337649" lon="109.321472">
				<ele>40.128943</ele>
			</trkpt>
			<trkpt lat="24.337783" lon="109.321461">
				<ele>40.193246</ele>
			</trkpt>
			<trkpt lat="24.337917" lon="109.321444">
				<ele>40.257349</ele>
			</trkpt>
			<trkpt lat="24.338051" lon="109.321423">
				<ele>40.321184</ele>
			</trkpt>
			<trkpt lat="24.338184" lon="109.321397">
				<ele>40.384684</ele>
			</trkpt>
			<trkpt lat="24.338316" lon="109.321367">
				<ele>40.447785</ele>
			</trkpt>
			<trkpt lat="24.338447" lon="109.321332">
				<ele>40.510419</ele>
			</trkpt>
			<trkpt lat="24.338577" lon="109.321292">
				<ele>40.572523</ele>
			</trkpt>
			<trkpt lat="24.338706" lon="109.321248">
				<ele>40.634030</ele>
			</trkpt>
			<trkpt lat="24.338833" lon="109.321199">
				<ele>40.694878</ele>
			</trkpt>
			<trkpt lat="24.338959" lon="109.321146">
				<ele>40.755003</ele>
			</trkpt>
			<trkpt lat="24.339083" lon="109.321089">
				<ele>40.814343</ele>
			</trkpt>
			<trkpt lat="24.339206" lon="109.321027">
				<ele>40.872835</ele>
			</trkpt>
			<trkpt lat="24.339327" lon="109.320961">
				<ele>40.930418</ele>
			</trkpt>
			<trkpt lat="24.339445" lon="109.320891">
				<ele>40.987034</ele>
			</trkpt>
			<trkpt lat="24.339562" lon="109.320817">
				<ele>41.042623</ele>
			</trkpt>
			<trkpt lat="24.339677" lon="109.320738">
				<ele>41.097127</ele>
			</trkpt>
			<trkpt lat="24.339789" lon="109.320656">
				<ele>41.150489</ele>
			</trkpt>
			<trkpt lat="24.339898" lon="109.320570">
				<ele>41.202655</ele>
			</trkpt>
			<trkpt lat="24.340006" lon="109.320480">
				<ele>41.253569</ele>
			</trkpt>
			<trkpt lat="24.340110" lon="109.320386">
				<ele>41.303178</ele>
			</trkpt>
			<trkpt lat="24.340212" lon="109.320289">
				<ele>41.351432</ele>
			</trkpt>
			<trkpt lat="24.340311" lon="109.320188">
				<ele>41.398279</ele>
			</trkpt>
			<trkpt lat="24.340406" lon="109.320084">
				<ele>41.443672</ele>
			</trkpt>
			<trkpt lat="24.340499" lon="109.319977">
				<ele>41.487563</ele>
			</trkpt>
			<trkpt lat="24.340589" lon="109.319866">
				<ele>41.529905</ele>
			</trkpt>
			<trkpt lat="24.340675" lon="109.319752">
				<ele>41.570656</ele>
			</trkpt>
			<trkpt lat="24.340758" lon="109.319635">
				<ele>41.609773</ele>
			</trkpt>
			<trkpt lat="24.340838" lon="109.319516">
				<ele>41.647214</ele>
			</trkpt>
			<trkpt lat="24.340914" lon="109.319394">
				<ele>41.682942</ele>
			</trkpt>
			<trkpt lat="24.340986" lon="109.319269">
				<ele>41.716919</ele>
			</trkpt>
			<trkpt lat="24.341055" lon="109.319141">
				<ele>41.749109</ele>
			</trkpt>
			<trkpt lat="24.341120" lon="109.319012">
				<ele>41.779479</ele>
			</trkpt>
			<trkpt lat="24.341181" lon="109.318880">
				<ele>41.807998</ele>
			</trkpt>
			<trkpt lat="24.341239" lon="109.318746">
				<ele>41.834635</ele>
			</trkpt>
			<trkpt lat="24.341292" lon="109.318610">
				<ele>41.859364</ele>
			</trkpt>
			<trkpt lat="24.341342" lon="109.318472">
				<ele>41.882158</ele>
			</trkpt>
			<trkpt lat="24.341387" lon="109.318333">
				<ele>41.902993</ele>
			</trkpt>
			<trkpt lat="24.341429" lon="109.318192">
				<ele>41.921849</ele>
			</trkpt>
			<trkpt lat="24.341466" lon="109.318050">
				<ele>41.938705</ele>
			</trkpt>
			<trkpt lat="24.341499" lon="109.317906">
				<ele>41.953543</ele>
			</trkpt>
			<trkpt lat="24.341528" lon="109.317762">
				<ele>41.966349</ele>
			</trkpt>
			<trkpt lat="24.341553" lon="109.317616">
				<ele>41.977109</ele>
			</trkpt>
			<trkpt lat="24.341574" lon="109.317470">
				<ele>41.985812</ele>
			</trkpt>
			<trkpt lat="24.341590" lon="109.317323">
				<ele>41.992449</ele>
			</trkpt>
			<trkpt lat="24.341602" lon="109.317175">
				<ele>41.997012</ele>
			</trkpt>
			<trkpt lat="24.341610" lon="109.317028">
				<ele>41.999498</ele>
			</trkpt>
			<trkpt lat="24.341613" lon="109.316880">
				<ele>41.999903</ele>
			</trkpt>
			<trkpt lat="24.341613" lon="109.316732">
				<ele>41.998227</ele>
			</trkpt>
			<trkpt lat="24.341607" lon="109.316584">
				<ele>41.994472</ele>
			</trkpt>
			<trkpt lat="24.341598" lon="109.316436">
				<ele>41.988642</ele>
			</trkpt>
			<trkpt lat="24.341584" lon="109.316289">
				<ele>41.980743</ele>
			</trkpt>
			<trkpt lat="24.341566" lon="109.316142">
				<ele>41.970783</ele>
			</trkpt>
			<trkpt lat="24.341544" lon="109.315996">
				<ele>41.958772</ele>
			</trkpt>
			<trkpt lat="24.341518" lon="109.315851">
				<ele>41.944723</ele>
			</trkpt>
			<trkpt lat="24.341487" lon="109.315707">
				<ele>41.928651</ele>
			</trkpt>
			<trkpt lat="24.341452" lon="109.315564">
				<ele>41.910572</ele>
			</trkpt>
			<trkpt lat="24.341413" lon="109.315422">
				<ele>41.890505</ele>
			</trkpt>
			<trkpt lat="24.341370" lon="109.315281">
				<ele>41.868470</ele>
			</trkpt>
			<trkpt lat="24.341323" lon="109.315143">
				<ele>41.844492</ele>
			</trkpt>
			<trkpt lat="24.341272" lon="109.315006">
				<ele>41.818595</ele>
			</trkpt>
			<trkpt lat="24.341217" lon="109.314871">
				<ele>41.790805</ele>
			</trkpt>
			<trkpt lat="24.341158" lon="109.314737">
				<ele>41.761152</ele>
			</trkpt>
			<trkpt lat="24.341095" lon="109.314606">
				<ele>41.729667</ele>
			</trkpt>
			<trkpt lat="24.341029" lon="109.314478">
				<ele>41.696382</ele>
			</trkpt>
			<trkpt lat="24.340958" lon="109.314351">
				<ele>41.661331</ele>
			</trkpt>
			<trkpt lat="24.340884" lon="109.314227">
				<ele>41.624553</ele>
			</trkpt>
			<trkpt lat="24.340807" lon="109.314106">
				<ele>41.586084</ele>
			</trkpt>
			<trkpt lat="24.340726" lon="109.313988">
				<ele>41.545964</ele>
			</trkpt>
			<trkpt lat="24.340642" lon="109.313872">
				<ele>41.504236</ele>
			</trkpt>
			<trkpt lat="24.340554" lon="109.313760">
				<ele>41.460943</ele>
			</trkpt>
			<trkpt lat="24.340463" lon="109.313650">
				<ele>41.416130</ele>
			</trkpt>
			<trkpt lat="24.340369" lon="109.313544">
				<ele>41.369843</ele>
			</trkpt>
			<trkpt lat="24.340272" lon="109.313441">
				<ele>41.322131</ele>
			</trkpt>
			<trkpt lat="24.340172" lon="109.313342">
				<ele>41.273043</ele>
			</trkpt>
			<trkpt lat="24.340069" lon="109.313246">
				<ele>41.222631</ele>
			</trkpt>
			<trkpt lat="24.339964" lon="109.313154">
				<ele>41.170946</ele>
			</trkpt>
			<trkpt lat="24.339856" lon="109.313065">
				<ele>41.118044</ele>
			</trkpt>
			<trkpt lat="24.339745" lon="109.312980">
				<ele>41.063977</ele>
			</trkpt>
			<trkpt lat="24.339632" lon="109.312900">
				<ele>41.008804</ele>
			</trkpt>
			<trkpt lat="24.339517" lon="109.312823">
				<ele>40.952581</ele>
			</trkpt>
			<trkpt lat="24.339399" lon="109.312750">
				<ele>40.895367</ele>
			</trkpt>
			<trkpt lat="24.339280" lon="109.312682">
				<ele>40.837222</ele>
			</trkpt>
			<trkpt lat="24.339158" lon="109.312617">
				<ele>40.778205</ele>
			</trkpt>
			<trkpt lat="24.339035" lon="109.312557">
				<ele>40.718379</ele>
			</trkpt>
			<trkpt lat="24.338910" lon="109.312502">
				<ele>40.657805</ele>
			</trkpt>
			<trkpt lat="24.338783" lon="109.312450">
				<ele>40.596546</ele>
			</trkpt>
			<trkpt lat="24.338655" lon="109.312403">
				<ele>40.534667</ele>
			</trkpt>
			<trkpt lat="24.338526" lon="109.312361">
				<ele>40.472232</ele>
			</trkpt>
			<trkpt lat="24.338396" lon="109.312323">
				<ele>40.409305</ele>
			</trkpt>
			<trkpt lat="24.338264" lon="109.312290">
				<ele>40.345953</ele>
			</trkpt>
			<trkpt lat="24.338132" lon="109.312261">
				<ele>40.282240</ele>
			</trkpt>
			<trkpt lat="24.337999" lon="109.312237">
				<ele>40.218234</ele>
			</trkpt>
			<trkpt lat="24.337865" lon="109.312218">
				<ele>40.154000</ele>
			</trkpt>
			<trkpt lat="24.337731" lon="109.312203">
				<ele>40.089607</ele>
			</trkpt>
			<trkpt lat="24.337596" lon="109.312193">
				<ele>40.025120</ele>
			</trkpt>
			<trkpt lat="24.337461" lon="109.312188">
				<ele>39.960607</ele>
			</trkpt>
			<trkpt lat="24.337327" lon="109.312188">
				<ele>39.896135</ele>
			</trkpt>
			<trkpt lat="24.337192" lon="109.312192">
				<ele>39.831771</ele>
			</trkpt>
			<trkpt lat="24.337057" lon="109.312201">
				<ele>39.767583</ele>
			</trkpt>
			<trkpt lat="24.336923" lon="109.312214">
				<ele>39.703636</ele>
			</trkpt>
			<trkpt lat="24.336789" lon="109.312233">
				<ele>39.639997</ele>
			</trkpt>
			<trkpt lat="24.336656" lon="109.312256">
				<ele>39.576733</ele>
			</trkpt>
			<trkpt lat="24.336523" lon="109.312283">
				<ele>39.513909</ele>
			</trkpt>
			<trkpt lat="24.336392" lon="109.312316">
				<ele>39.451591</ele>
			</trkpt>
			<trkpt lat="24.336261" lon="109.312352">
				<ele>39.389844</ele>
			</trkpt>
			<trkpt lat="24.336131" lon="109.312394">
				<ele>39.328732</ele>
			</trkpt>
			<trkpt lat="24.336003" lon="109.312440">
				<ele>39.268318</ele>
			</trkpt>
			<trkpt lat="24.335876" lon="109.312490">
				<ele>39.208665</ele>
			</trkpt>
			<trkpt lat="24.335751" lon="109.312545">
				<ele>39.149836</ele>
			</trkpt>
			<trkpt lat="24.335627" lon="109.312604">
				<ele>39.091891</ele>
			</trkpt>
			<trkpt lat="24.335505" lon="109.312667">
				<ele>39.034891</ele>
			</trkpt>
			<trkpt lat="24.335385" lon="109.312735">
				<ele>38.978896</ele>
			</trkpt>
			<trkpt lat="24.335267" lon="109.312807">
				<ele>38.923963</ele>
			</trkpt>
			<trkpt lat="24.335152" lon="109.312883">
				<ele>38.870149</ele>
			</trkpt>
			<trkpt lat="24.335038" lon="109.312962">
				<ele>38.817511</ele>
			</trkpt>
			<trkpt lat="24.334927" lon="109.313046">
				<ele>38.766104</ele>
			</trkpt>
			<trkpt lat="24.334818" lon="109.313134">
				<ele>38.715980</ele>
			</trkpt>
			<trkpt lat="24.334712" lon="109.313225">
				<ele>38.667192</ele>
			</trkpt>
			<trkpt lat="24.334609" lon="109.313320">
				<ele>38.619791</ele>
			</trkpt>
			<trkpt lat="24.334508" lon="109.313419">
				<ele>38.573827</ele>
			</trkpt>
			<trkpt lat="24.334410" lon="109.313521">
				<ele>38.529346</ele>
			</trkpt>
			<trkpt lat="24.334316" lon="109.313627">
				<ele>38.486395</ele>
			</trkpt>
			<trkpt lat="24.334224" lon="109.313735">
				<ele>38.445019</ele>
			</trkpt>
			<trkpt lat="24.334136" lon="109.313847">
				<ele>38.405261</ele>
			</trkpt>
			<trkpt lat="24.334051" lon="109.313962">
				<ele>38.367163</ele>
			</trkpt>
			<trkpt lat="24.333969" lon="109.314080">
				<ele>38.330763</ele>
			</trkpt>
			<trkpt lat="24.333891" lon="109.314201">
				<ele>38.296100</ele>
			</trkpt>
			<trkpt lat="24.333816" lon="109.314324">
				<ele>38.263211</ele>
			</trkpt>
			<trkpt lat="24.333745" lon="109.314450">
				<ele>38.232128</ele>
			</trkpt>
			<trkpt lat="24.333678" lon="109.314578">
				<ele>38.202885</ele>
			</trkpt>
			<trkpt lat="24.333614" lon="109.314709">
				<ele>38.175511</ele>
			</trkpt>
			<trkpt lat="24.333554" lon="109.314841">
				<ele>38.150036</ele>
			</trkpt>
			<trkpt lat="24.333498" lon="109.314976">
				<ele>38.126486</ele>
			</trkpt>
			<trkpt lat="24.333446" lon="109.315113">
				<ele>38.104885</ele>
			</trkpt>
			<trkpt lat="24.333399" lon="109.315251">
				<ele>38.085256</ele>
			</trkpt>
			<trkpt lat="24.333355" lon="109.315391">
				<ele>38.067620</ele>
			</trkpt>
			<trkpt lat="24.333315" lon="109.315533">
				<ele>38.051994</ele>
			</trkpt>
			<trkpt lat="24.333279" lon="109.315675">
				<ele>38.038394</ele>
			</trkpt>
			<trkpt lat="24.333247" lon="109.315819">
				<ele>38.026836</ele>
			</trkpt>
			<trkpt lat="24.333220" lon="109.315964">
				<ele>38.017331</ele>
			</trkpt>
			<trkpt lat="24.333197" lon="109.316110">
				<ele>38.009889</ele>
			</trkpt>
			<trkpt lat="24.333178" lon="109.316257">
				<ele>38.004518</ele>
			</trkpt>
			<trkpt lat="24.333163" lon="109.316404">
				<ele>38.001223</ele>
			</trkpt>
			<trkpt lat="24.333153" lon="109.316551">
				<ele>38.000007</ele>
			</trkpt>
			<trkpt lat="24.333147" lon="109.316699">
				<ele>38.000873</ele>
			</trkpt>
			<trkpt lat="24.333145" lon="109.316847">
				<ele>38.003819</ele>
			</trkpt>
			<trkpt lat="24.333148" lon="109.316995">
				<ele>38.008841</ele>
			</trkpt>
			<trkpt lat="24.333154" lon="109.317143">
				<ele>38.015936</ele>
			</trkpt>
			<trkpt lat="24.333166" lon="109.317291">
				<ele>38.025095</ele>
			</trkpt>
			<trkpt lat="24.333181" lon="109.317438">
				<ele>38.036308</ele>
			</trkpt>
			<trkpt lat="24.333201" lon="109.317584">
				<ele>38.049565</ele>
			</trkpt>
			<trkpt lat="24.333224" lon="109.317730">
				<ele>38.064852</ele>
			</trkpt>
			<trkpt lat="24.333253" lon="109.317875">
				<ele>38.082151</ele>
			</trkpt>
			<trkpt lat="24.333285" lon="109.318019">
				<ele>38.101447</ele>
			</trkpt>
			<trkpt lat="24.333321" lon="109.318161">
				<ele>38.122718</ele>
			</trkpt>
			<trkpt lat="24.333362" lon="109.318302">
				<ele>38.145942</ele>
			</trkpt>
			<trkpt lat="24.333407" lon="109.318442">
				<ele>38.171095</ele>
			</trkpt>
			<trkpt lat="24.333455" lon="109.318580">
				<ele>38.198151</ele>
			</trkpt>
			<trkpt lat="24.333508" lon="109.318716">
				<ele>38.227082</ele>
			</trkpt>
			<trkpt lat="24.333564" lon="109.318851">
				<ele>38.257858</ele>
			</trkpt>
			<trkpt lat="24.333625" lon="109.318983">
				<ele>38.290446</ele>
			</trkpt>
			<trkpt lat="24.333689" lon="109.319113">
				<ele>38.324813</ele>
			</trkpt>
			<trkpt lat="24.333757" lon="109.319241">
				<ele>38.360924</ele>
			</trkpt>
			<trkpt lat="24.333829" lon="109.319367">
				<ele>38.398739</ele>
			</trkpt>
			<trkpt lat="24.333904" lon="109.319489">
				<ele>38.438221</ele>
			</trkpt>
			<trkpt lat="24.333983" lon="109.319610">
				<ele>38.479328</ele>
			</trkpt>
			<trkpt lat="24.334065" lon="109.319727">
				<ele>38.522017</ele>
			</trkpt>
			<trkpt lat="24.334151" lon="109.319841">
				<ele>38.566244</ele>
			</trkpt>
			<trkpt lat="24.334240" lon="109.319953">
				<ele>38.611962</ele>
			</trkpt>
			<trkpt lat="24.334332" lon="109.320061">
				<ele>38.659125</ele>
			</trkpt>
			<trkpt lat="24.334427" lon="109.320166">
				<ele>38.707683</ele>
			</trkpt>
			<trkpt lat="24.334525" lon="109.320267">
				<ele>38.757586</ele>
			</trkpt>
			<trkpt lat="24.334626" lon="109.320365">
				<ele>38.808781</ele>
			</trkpt>
			<trkpt lat="24.334730" lon="109.320460">
				<ele>38.861216</ele>
			</trkpt>
			<trkpt lat="24.334837" lon="109.320551">
				<ele>38.914836</ele>
			</trkpt>
			<trkpt lat="24.334946" lon="109.320638">
				<ele>38.969585</ele>
			</trkpt>
			<trkpt lat="24.335057" lon="109.320721">
				<ele>39.025406</ele>
			</trkpt>
			<trkpt lat="24.335171" lon="109.320800">
				<ele>39.082241</ele>
			</trkpt>
			<trkpt lat="24.335288" lon="109.320875">
				<ele>39.140031</ele>
			</trkpt>
			<trkpt lat="24.335406" lon="109.320946">
				<ele>39.198716</ele>
			</trkpt>
			<trkpt lat="24.335526" lon="109.321013">
				<ele>39.258234</ele>
			</trkpt>
			<trkpt lat="24.335648" lon="109.321076">
				<ele>39.318525</ele>
			</trkpt>
			<trkpt lat="24.335772" lon="109.321134">
				<ele>39.379524</ele>
			</trkpt>
			<trkpt lat="24.335898" lon="109.321188">
				<ele>39.441169</ele>
			</trkpt>
			<trkpt lat="24.336025" lon="109.321238">
				<ele>39.503395</ele>
			</trkpt>
			<trkpt lat="24.336154" lon="109.321283">
				<ele>39.566139</ele>
			</trkpt>
			<trkpt lat="24.336283" lon="109.321323">
				<ele>39.629333</ele>
			</trkpt>
			<trkpt lat="24.336414" lon="109.321359">
				<ele>39.692914</ele>
			</trkpt>
			<trkpt lat="24.336546" lon="109.321391">
				<ele>39.756813</ele>
			</trkpt>
			<trkpt lat="24.336679" lon="109.321418">
				<ele>39.820966</ele>
			</trkpt>
			<trkpt lat="24.336812" lon="109.321440">
				<ele>39.885305</ele>
			</trkpt>
			<trkpt lat="24.336946" lon="109.321457">
				<ele>39.949764</ele>
			</trkpt>
			<trkpt lat="24.337080" lon="109.321470">
				<ele>40.014274</ele>
			</trkpt>
			<trkpt lat="24.337215" lon="109.321478">
				<ele>40.078770</ele>
			</trkpt>
			<trkpt lat="24.337350" lon="109.321482">
				<ele>40.143184</ele>
			</trkpt>
			<trkpt lat="24.337485" lon="109.321480">
				<ele>40.207449</ele>
			</trkpt>
			<trkpt lat="24.337620" lon="109.321474">
				<ele>40.271498</ele>
			</trkpt>
			<trkpt lat="24.337754" lon="109.321463">
				<ele>40.335265</ele>
			</trkpt>
			<trkpt lat="24.337888" lon="109.321448">
				<ele>40.398683</ele>
			</trkpt>
			<trkpt lat="24.338022" lon="109.321428">
				<ele>40.461685</ele>
			</trkpt>
			<trkpt lat="24.338155" lon="109.321403">
				<ele>40.524208</ele>
			</trkpt>
			<trkpt lat="24.338287" lon="109.321374">
				<ele>40.586185</ele>
			</trkpt>
			<trkpt lat="24.338418" lon="109.321340">
				<ele>40.647552</ele>
			</trkpt>
			<trkpt lat="24.338549" lon="109.321301">
				<ele>40.708246</ele>
			</trkpt>
			<trkpt lat="24.338678" lon="109.321258">
				<ele>40.768202</ele>
			</trkpt>
			<trkpt lat="24.338805" lon="109.321210">
				<ele>40.827359</ele>
			</trkpt>
			<trkpt lat="24.338932" lon="109.321158">
				<ele>40.885656</ele>
			</trkpt>
			<trkpt lat="24.339056" lon="109.321102">
				<ele>40.943031</ele>
			</trkpt>
			<trkpt lat="24.339179" lon="109.321041">
				<ele>40.999424</ele>
			</trkpt>
			<trkpt lat="24.339301" lon="109.320976">
				<ele>41.054778</ele>
			</trkpt>
			<trkpt lat="24.339420" lon="109.320907">
				<ele>41.109034</ele>
			</trkpt>
			<trkpt lat="24.339537" lon="109.320833">
				<ele>41.162136</ele>
			</trkpt>
			<trkpt lat="24.339652" lon="109.320756">
				<ele>41.214029</ele>
			</trkpt>
			<trkpt lat="24.339764" lon="109.320674">
				<ele>41.264659</ele>
			</trkpt>
			<trkpt lat="24.339875" lon="109.320589">
				<ele>41.313973</ele>
			</trkpt>
			<trkpt lat="24.339982" lon="109.320500">
				<ele>41.361920</ele>
			</trkpt>
			<trkpt lat="24.340087" lon="109.320407">
				<ele>41.408450</ele>
			</trkpt>
			<trkpt lat="24.340190" lon="109.320310">
				<ele>41.453514</ele>
			</trkpt>
			<trkpt lat="24.340289" lon="109.320210">
				<ele>41.497066</ele>
			</trkpt>
			<trkpt lat="24.340386" lon="109.320107">
				<ele>41.539060</ele>
			</trkpt>
			<trkpt lat="24.340479" lon="109.320000">
				<ele>41.579453</ele>
			</trkpt>
			<trkpt lat="24.340569" lon="109.319890">
				<ele>41.618202</ele>
			</trkpt>
			<trkpt lat="24.340657" lon="109.319777">
				<ele>41.655268</ele>
			</trkpt>
			<trkpt lat="24.340740" lon="109.319661">
				<ele>41.690612</ele>
			</trkpt>
			<trkpt lat="24.340821" lon="109.319542">
				<ele>41.724196</ele>
			</trkpt>
			<trkpt lat="24.340897" lon="109.319420">
				<ele>41.755986</ele>
			</trkpt>
			<trkpt lat="24.340971" lon="109.319296">
				<ele>41.785950</ele>
			</trkpt>
			<trkpt lat="24.341040" lon="109.319169">
				<ele>41.814055</ele>
			</trkpt>
			<trkpt lat="24.341106" lon="109.319040">
				<ele>41.840272</ele>
			</trkpt>
			<trkpt lat="24.341168" lon="109.318909">
				<ele>41.864575</ele>
			</trkpt>
			<trkpt lat="24.341227" lon="109.318775">
				<ele>41.886937</ele>
			</trkpt>
			<trkpt lat="24.341281" lon="109.318640">
				<ele>41.907336</ele>
			</trkpt>
			<trkpt lat="24.341331" lon="109.318502">
				<ele>41.925751</ele>
			</trkpt>
			<trkpt lat="24.341378" lon="109.318363">
				<ele>41.942162</ele>
			</trkpt>
			<trkpt lat="24.341420" lon="109.318223">
				<ele>41.956552</ele>
			</trkpt>
			<trkpt lat="24.341458" lon="109.318081">
				<ele>41.968907</ele>
			</trkpt>
			<trkpt lat="24.341493" lon="109.317938">
				<ele>41.979212</ele>
			</trkpt>
			<trkpt lat="24.341522" lon="109.317793">
				<ele>41.987459</ele>
			</trkpt>
			<trkpt lat="24.341548" lon="109.317648">
				<ele>41.993637</ele>
			</trkpt>
			<trkpt lat="24.341570" lon="109.317502">
				<ele>41.997741</ele>
			</trkpt>
			<trkpt lat="24.341587" lon="109.317355">
				<ele>41.999767</ele>
			</trkpt>
			<trkpt lat="24.341600" lon="109.317208">
				<ele>41.999711</ele>
			</trkpt>
			<trkpt lat="24.341609" lon="109.317060">
				<ele>41.997576</ele>
			</trkpt>
			<trkpt lat="24.341613" lon="109.316912">
				<ele>41.993361</ele>
			</trkpt>
			<trkpt lat="24.341613" lon="109.316764">
				<ele>41.987073</ele>
			</trkpt>
			<trkpt lat="24.341609" lon="109.316616">
				<ele>41.978716</ele>
			</trkpt>
			<trkpt lat="24.341600" lon="109.316468">
				<ele>41.968302</ele>
			</trkpt>
			<trkpt lat="24.341588" lon="109.316321">
				<ele>41.955839</ele>
			</trkpt>
			<trkpt lat="24.341571" lon="109.316174">
				<ele>41.941341</ele>
			</trkpt>
			<trkpt lat="24.341549" lon="109.316028">
				<ele>41.924823</ele>
			</trkpt>
			<trkpt lat="24.341524" lon="109.315882">
				<ele>41.906302</ele>
			</trkpt>
			<trkpt lat="24.341494" lon="109.315738">
				<ele>41.885798</ele>
			</trkpt>
			<trkpt lat="24.341460" lon="109.315595">
				<ele>41.863332</ele>
			</trkpt>
			<trkpt lat="24.341422" lon="109.315453">
				<ele>41.838927</ele>
			</trkpt>
			<trkpt lat="24.341380" lon="109.315312">
				<ele>41.812608</ele>
			</trkpt>
			<trkpt lat="24.341334" lon="109.315173">
				<ele>41.784404</ele>
			</trkpt>
			<trkpt lat="24.341283" lon="109.315035">
				<ele>41.754343</ele>
			</trkpt>
			<trkpt lat="24.341229" lon="109.314900">
				<ele>41.722456</ele>
			</trkpt>
			<trkpt lat="24.341171" lon="109.314766">
				<ele>41.688777</ele>
			</trkpt>
			<trkpt lat="24.341109" lon="109.314635">
				<ele>41.653342</ele>
			</trkpt>
			<trkpt lat="24.341043" lon="109.314505">
				<ele>41.616185</ele>
			</trkpt>
			<trkpt lat="24.340974" lon="109.314379">
				<ele>41.577348</ele>
			</trkpt>
			<trkpt lat="24.340901" lon="109.314254">
				<ele>41.536869</ele>
			</trkpt>
			<trkpt lat="24.340824" lon="109.314132">
				<ele>41.494790</ele>
			</trkpt>
			<trkpt lat="24.340744" lon="109.314013">
				<ele>41.451157</ele>
			</trkpt>
			<trkpt lat="24.340660" lon="109.313897">
				<ele>41.406014</ele>
			</trkpt>
			<trkpt lat="24.340573" lon="109.313784">
				<ele>41.359407</ele>
			</trkpt>
			<trkpt lat="24.340483" lon="109.313674">
				<ele>41.311387</ele>
			</trkpt>
			<trkpt lat="24.340390" lon="109.313567">
				<ele>41.262001</ele>
			</trkpt>
			<trkpt lat="24.340294" lon="109.313463">
				<ele>41.211303</ele>
			</trkpt>
			<trkpt lat="24.340194" lon="109.313363">
				<ele>41.159344</ele>
			</trkpt>
			<trkpt lat="24.340092" lon="109.313266">
				<ele>41.106179</ele>
			</trkpt>
			<trkpt lat="24.339987" lon="109.313173">
				<ele>41.051863</ele>
			</trkpt>
			<trkpt lat="24.339880" lon="109.313084">
				<ele>40.996453</ele>
			</trkpt>
			<trkpt lat="24.339770" lon="109.312999">
				<ele>40.940006</ele>
			</trkpt>
			<trkpt lat="24.339657" lon="109.312917">
				<ele>40.882581</ele>
			</trkpt>
			<trkpt lat="24.339542" lon="109.312839">
				<ele>40.824237</ele>
			</trkpt>
			<trkpt lat="24.339425" lon="109.312766">
				<ele>40.765036</ele>
			</trkpt>
			<trkpt lat="24.339306" lon="109.312696">
				<ele>40.705039</ele>
			</trkpt>
			<trkpt lat="24.339185" lon="109.312631">
				<ele>40.644308</ele>
			</trkpt>
			<trkpt lat="24.339062" lon="109.312570">
				<ele>40.582907</ele>
			</trkpt>
			<trkpt lat="24.338937" lon="109.312513">
				<ele>40.520899</ele>
			</trkpt>
			<trkpt lat="24.338811" lon="109.312461">
				<ele>40.458349</ele>
			</trkpt>
			<trkpt lat="24.338683" lon="109.312413">
				<ele>40.395322</ele>
			</trkpt>
			<trkpt lat="24.338554" lon="109.312370">
				<ele>40.331885</ele>
			</trkpt>
			<trkpt lat="24.338424" lon="109.312331">
				<ele>40.268101</ele>
			</trkpt>
			<trkpt lat="24.338293" lon="109.312297">
				<ele>40.204039</ele>
			</trkpt>
			<trkpt lat="24.338161" lon="109.312267">
				<ele>40.139764</ele>
			</trkpt>
			<trkpt lat="24.338028" lon="109.312242">
				<ele>40.075345</ele>
			</trkpt>
			<trkpt lat="24.337894" lon="109.312222">
				<ele>40.010846</ele>
			</trkpt>
			<trkpt lat="24.337760" lon="109.312206">
				<ele>39.946337</ele>
			</trkpt>
			<trkpt lat="24.337626" lon="109.312195">
				<ele>39.881883</ele>
			</trkpt>
			<trkpt lat="24.337491" lon="109.312189">
				<ele>39.817552</ele>
			</trkpt>
			<trkpt lat="24.337356" lon="109.312187">
				<ele>39.753411</ele>
			</trkpt>
			<trkpt lat="24.337221" lon="109.312191">
				<ele>39.689526</ele>
			</trkpt>
			<trkpt lat="24.337086" lon="109.312198">
				<ele>39.625965</ele>
			</trkpt>
			<trkpt lat="24.336952" lon="109.312211">
				<ele>39.562793</ele>
			</trkpt>
			<trkpt lat="24.336818" lon="109.312228">
				<ele>39.500075</ele>
			</trkpt>
			<trkpt lat="24.336685" lon="109.312250">
				<ele>39.437878</ele>
			</trkpt>
			<trkpt lat="24.336552" lon="109.312277">
				<ele>39.376266</ele>
			</trkpt>
			<trkpt lat="24.336420" lon="109.312308">
				<ele>39.315302</ele>
			</trkpt>
			<trkpt lat="24.336289" lon="109.312344">
				<ele>39.255052</ele>
			</trkpt>
			<trkpt lat="24.336159" lon="109.312384">
				<ele>39.195576</ele>
			</trkpt>
			<trkpt lat="24.336031" lon="109.312429">
				<ele>39.136937</ele>
			</trkpt>
			<trkpt lat="24.335904" lon="109.312479">
				<ele>39.079196</ele>
			</trkpt>
			<trkpt lat="24.335778" lon="109.312532">
				<ele>39.022414</ele>
			</trkpt>
			<trkpt lat="24.335654" lon="109.312591">
				<ele>38.966648</ele>
			</trkpt>
			<trkpt lat="24.335532" lon="109.312653">
				<ele>38.911958</ele>
			</trkpt>
			<trkpt lat="24.335411" lon="109.312720">
				<ele>38.858400</ele>
			</trkpt>
			<trkpt lat="24.335293" lon="109.312791">
				<ele>38.806029</ele>
			</trkpt>
			<trkpt lat="24.335177" lon="109.312866">
				<ele>38.754901</ele>
			</trkpt>
			<trkpt lat="24.335063" lon="109.312945">
				<ele>38.705069</ele>
			</trkpt>
			<trkpt lat="24.334951" lon="109.313028">
				<ele>38.656583</ele>
			</trkpt>
			<trkpt lat="24.334842" lon="109.313115">
				<ele>38.609496</ele>
			</trkpt>
			<trkpt lat="24.334735" lon="109.313205">
				<ele>38.563855</ele>
			</trkpt>
			<trkpt lat="24.334631" lon="109.313299">
				<ele>38.519709</ele>
			</trkpt>
			<trkpt lat="24.334530" lon="109.313397">
				<ele>38.477103</ele>
			</trkpt>
			<trkpt lat="24.334431" lon="109.313499">
				<ele>38.436082</ele>
			</trkpt>
			<trkpt lat="24.334336" lon="109.313603">
				<ele>38.396687</ele>
			</trkpt>
			<trkpt lat="24.334244" lon="109.313711">
				<ele>38.358961</ele>
			</trkpt>
			<trkpt lat="24.334155" lon="109.313823">
				<ele>38.322943</ele>
			</trkpt>
			<trkpt lat="24.334069" lon="109.313937">
				<ele>38.288669</ele>
			</trkpt>
			<trkpt lat="24.333987" lon="109.314054">
				<ele>38.256177</ele>
			</trkpt>
			<trkpt lat="24.333908" lon="109.314174">
				<ele>38.225498</ele>
			</trkpt>
			<trkpt lat="24.333832" lon="109.314297">
				<ele>38.196666</ele>
			</trkpt>
			<trkpt lat="24.333760" lon="109.314422">
				<ele>38.169710</ele>
			</trkpt>
			<trkpt lat="24.333692" lon="109.314550">
				<ele>38.144659</ele>
			</trkpt>
			<trkpt lat="24.333628" lon="109.314680">
				<ele>38.121538</ele>
			</trkpt>
			<trkpt lat="24.333567" lon="109.314812">
				<ele>38.100372</ele>
			</trkpt>
			<trkpt lat="24.333510" lon="109.314947">
				<ele>38.081182</ele>
			</trkpt>
			<trkpt lat="24.333457" lon="109.315083">
				<ele>38.063988</ele>
			</trkpt>
			<trkpt lat="24.333409" lon="109.315221">
				<ele>38.048810</ele>
			</trkpt>
			<trkpt lat="24.333364" lon="109.315360">
				<ele>38.035661</ele>
			</trkpt>
			<trkpt lat="24.333323" lon="109.315502">
				<ele>38.024556</ele>
			</trkpt>
			<trkpt lat="24.333286" lon="109.315644">
				<ele>38.015507</ele>
			</trkpt>
			<trkpt lat="24.333254" lon="109.315788">
				<ele>38.008522</ele>
			</trkpt>
			<trkpt lat="24.333226" lon="109.315932">
				<ele>38.003610</ele>
			</trkpt>
			<trkpt lat="24.333202" lon="109.316078">
				<ele>38.000775</ele>
			</trkpt>
			<trkpt lat="24.333182" lon="109.316225">
				<ele>38.000020</ele>
			</trkpt>
			<trkpt lat="24.333166" lon="109.316372">
				<ele>38.001346</ele>
			</trkpt>
			<trkpt lat="24.333155" lon="109.316519">
				<ele>38.004751</ele>
			</trkpt>
			<trkpt lat="24.333148" lon="109.316667">
				<ele>38.010233</ele>
			</trkpt>
			<trkpt lat="24.333145" lon="109.316815">
				<ele>38.017785</ele>
			</trkpt>
			<trkpt lat="24.333147" lon="109.316963">
				<ele>38.027399</ele>
			</trkpt>
			<trkpt lat="24.333153" lon="109.317111">
				<ele>38.039066</ele>
			</trkpt>
			<trkpt lat="24.333163" lon="109.317259">
				<ele>38.052773</ele>
			</trkpt>
			<trkpt lat="24.333177" lon="109.317406">
				<ele>38.068506</ele>
			</trkpt>
			<trkpt lat="24.333196" lon="109.317552">
				<ele>38.086249</ele>
			</trkpt>
			<trkpt lat="24.333219" lon="109.317698">
				<ele>38.105984</ele>
			</trkpt>
			<trkpt lat="24.333246" lon="109.317843">
				<ele>38.127689</ele>
			</trkpt>
			<trkpt lat="24.333277" lon="109.317987">
				<ele>38.151342</ele>
			</trkpt>
			<trkpt lat="24.333313" lon="109.318130">
				<ele>38.176918</ele>
			</trkpt>
			<trkpt lat="24.333353" lon="109.318272">
				<ele>38.204392</ele>
			</trkpt>
			<trkpt lat="24.333396" lon="109.318412">
				<ele>38.233734</ele>
			</trkpt>
			<trkpt lat="24.333444" lon="109.318550">
				<ele>38.264913</ele>
			</trkpt>
			<trkpt lat="24.333496" lon="109.318687">
				<ele>38.297898</ele>
			</trkpt>
			<trkpt lat="24.333552" lon="109.318822">
				<ele>38.332654</ele>
			</trkpt>
			<trkpt lat="24.333611" lon="109.318954">
				<ele>38.369145</ele>
			</trkpt>
			<trkpt lat="24.333675" lon="109.319085">
				<ele>38.407333</ele>
			</trkpt>
			<trkpt lat="24.333742" lon="109.319213">
				<ele>38.447178</ele>
			</trkpt>
			<trkpt lat="24.333813" lon="109.319339">
				<ele>38.488638</ele>
			</trkpt>
			<trkpt lat="24.333887" lon="109.319463">
				<ele>38.531671</ele>
			</trkpt>
			<trkpt lat="24.333965" lon="109.319584">
				<ele>38.576232</ele>
			</trkpt>
			<trkpt lat="24.334047" lon="109.319702">
				<ele>38.622275</ele>
			</trkpt>
			<trkpt lat="24.334132" lon="109.319817">
				<ele>38.669750</ele>
			</trkpt>
			<trkpt lat="24.334220" lon="109.319929">
				<ele>38.718610</ele>
			</trkpt>
			<trkpt lat="24.334311" lon="109.320038">
				<ele>38.768804</ele>
			</trkpt>
			<trkpt lat="24.334406" lon="109.320143">
				<ele>38.820278</ele>
			</trkpt>
			<trkpt lat="24.334504" lon="109.320245">
				<ele>38.872980</ele>
			</trkpt>
			<trkpt lat="24.334604" lon="109.320344">
				<ele>38.926854</ele>
			</trkpt>
			<trkpt lat="24.334707" lon="109.320439">
				<ele>38.981845</ele>
			</trkpt>
			<trkpt lat="24.334813" lon="109.320531">
				<ele>39.037896</ele>
			</trkpt>
			<trkpt lat="24.334922" lon="109.320619">
				<ele>39.094947</ele>
			</trkpt>
			<trkpt lat="24.335033" lon="109.320703">
				<ele>39.152940</ele>
			</trkpt>
			<trkpt lat="24.335146" lon="109.320783">
				<ele>39.211815</ele>
			</trkpt>
			<trkpt lat="24.335262" lon="109.320859">
				<ele>39.271510</ele>
			</trkpt>
			<trkpt lat="24.335380" lon="109.320931">
				<ele>39.331962</ele>
			</trkpt>
			<trkpt lat="24.335500" lon="109.320999">
				<ele>39.393110</ele>
			</trkpt>
			<trkpt lat="24.335622" lon="109.321062">
				<ele>39.454889</ele>
			</trkpt>
			<trkpt lat="24.335745" lon="109.321122">
				<ele>39.517235</ele>
			</trkpt>
			<trkpt lat="24.335871" lon="109.321177">
				<ele>39.580084</ele>
			</trkpt>
			<trkpt lat="24.335997" lon="109.321227">
				<ele>39.643370</ele>
			</trkpt>
			<trkpt lat="24.336126" lon="109.321273">
				<ele>39.707026</ele>
			</trkpt>
			<trkpt lat="24.336255" lon="109.321315">
				<ele>39.770988</ele>
			</trkpt>
			<trkpt lat="24.336386" lon="109.321352">
				<ele>39.835188</ele>
			</trkpt>
			<trkpt lat="24.336517" lon="109.321384">
				<ele>39.899559</ele>
			</trkpt>
			<trkpt lat="24.336650" lon="109.321412">
				<ele>39.964035</ele>
			</trkpt>
			<trkpt lat="24.336783" lon="109.321435">
				<ele>40.028548</ele>
			</trkpt>
			<trkpt lat="24.336917" lon="109.321454">
				<ele>40.093032</ele>
			</trkpt>
			<trkpt lat="24.337051" lon="109.321468">
				<ele>40.157418</ele>
			</trkpt>
			<trkpt lat="24.337186" lon="109.321477">
				<ele>40.221641</ele>
			</trkpt>
			<trkpt lat="24.337321" lon="109.321481">
				<ele>40.285634</ele>
			</trkpt>
			<trkpt lat="24.337455" lon="109.321481">
				<ele>40.349329</ele>
			</trkpt>
			<trkpt lat="24.337590" lon="109.321476">
				<ele>40.412660</ele>
			</trkpt>
			<trkpt lat="24.337725" lon="109.321466">
				<ele>40.475563</ele>
			</trkpt>
			<trkpt lat="24.337859" lon="109.321452">
				<ele>40.537970</ele>
			</trkpt>
			<trkpt lat="24.337993" lon="109.321433">
				<ele>40.599818</ele>
			</trkpt>
			<trkpt lat="24.338126" lon="109.321409">
				<ele>40.661041</ele>
			</trkpt>
			<trkpt lat="24.338258" lon="109.321380">
				<ele>40.721577</ele>
			</trkpt>
			<trkpt lat="24.338390" lon="109.321347">
				<ele>40.781362</ele>
			</trkpt>
			<trkpt lat="24.338520" lon="109.321310">
				<ele>40.840334</ele>
			</trkpt>
			<trkpt lat="24.338650" lon="109.321268">
				<ele>40.898432</ele>
			</trkpt>
			<trkpt lat="24.338778" lon="109.321221">
				<ele>40.955595</ele>
			</trkpt>
			<trkpt lat="24.338904" lon="109.321170">
				<ele>41.011763</ele>
			</trkpt>
			<trkpt lat="24.339029" lon="109.321114">
				<ele>41.066879</ele>
			</trkpt>
			<trkpt lat="24.339153" lon="109.321055">
				<ele>41.120885</ele>
			</trkpt>
			<trkpt lat="24.339274" lon="109.320990">
				<ele>41.173724</ele>
			</trkpt>
			<trkpt lat="24.339394" lon="109.320922">
				<ele>41.225342</ele>
			</trkpt>
			<trkpt lat="24.339512" lon="109.320850">
				<ele>41.275685</ele>
			</trkpt>
			<trkpt lat="24.339627" lon="109.320773">
				<ele>41.324701</ele>
			</trkpt>
			<trkpt lat="24.339740" lon="109.320692">
				<ele>41.372339</ele>
			</trkpt>
			<trkpt lat="24.339851" lon="109.320608">
				<ele>41.418548</ele>
			</trkpt>
			<trkpt lat="24.339959" lon="109.320520">
				<ele>41.463282</ele>
			</trkpt>
			<trkpt lat="24.340065" lon="109.320428">
				<ele>41.506493</ele>
			</trkpt>
			<trkpt lat="24.340168" lon="109.320332">
				<ele>41.548137</ele>
			</trkpt>
			<trkpt lat="24.340268" lon="109.320233">
				<ele>41.588170</ele>
			</trkpt>
			<trkpt lat="24.340365" lon="109.320130">
				<ele>41.626550</ele>
			</trkpt>
			<trkpt lat="24.340459" lon="109.320024">
				<ele>41.663238</ele>
			</trkpt>
			<trkpt lat="24.340550" lon="109.319914">
				<ele>41.698195</ele>
			</trkpt>
			<trkpt lat="24.340638" lon="109.319802">
				<ele>41.731385</ele>
			</trkpt>
			<trkpt lat="24.340722" lon="109.319687">
				<ele>41.762774</ele>
			</trkpt>
			<trkpt lat="24.340803" lon="109.319568">
				<ele>41.792329</ele>
			</trkpt>
			<trkpt lat="24.340881" lon="109.319447">
				<ele>41.820019</ele>
			</trkpt>
			<trkpt lat="24.340955" lon="109.319323">
				<ele>41.845815</ele>
			</trkpt>
			<trkpt lat="24.341025" lon="109.319197">
				<ele>41.869690</ele>
			</trkpt>
			<trkpt lat="24.341092" lon="109.319069">
				<ele>41.891621</ele>
			</trkpt>
			<trkpt lat="24.341155" lon="109.318938">
				<ele>41.911583</ele>
			</trkpt>
			<trkpt lat="24.341214" lon="109.318805">
				<ele>41.929555</ele>
			</trkpt>
			<trkpt lat="24.341270" lon="109.318669">
				<ele>41.945521</ele>
			</trkpt>
			<trkpt lat="24.341321" lon="109.318533">
				<ele>41.959462</ele>
			</trkpt>
			<trkpt lat="24.341368" lon="109.318394">
				<ele>41.971364</ele>
			</trkpt>
			<trkpt lat="24.341411" lon="109.318254">
				<ele>41.981215</ele>
			</trkpt>
			<trkpt lat="24.341450" lon="109.318112">
				<ele>41.989004</ele>
			</trkpt>
			<trkpt lat="24.341485" lon="109.317969">
				<ele>41.994724</ele>
			</trkpt>
			<trkpt lat="24.341516" lon="109.317825">
				<ele>41.998369</ele>
			</trkpt>
			<trkpt lat="24.341543" lon="109.317680">
				<ele>41.999934</ele>
			</trkpt>
			<trkpt lat="24.341565" lon="109.317534">
				<ele>41.999418</ele>
			</trkpt>
			<trkpt lat="24.341584" lon="109.317387">
				<ele>41.996822</ele>
			</trkpt>
			<trkpt lat="24.341597" lon="109.317240">
				<ele>41.992148</ele>
			</trkpt>
			<trkpt lat="24.341607" lon="109.317092">
				<ele>41.985402</ele>
			</trkpt>
			<trkpt lat="24.341612" lon="109.316944">
				<ele>41.976589</ele>
			</trkpt>
			<trkpt lat="24.341613" lon="109.316796">
				<ele>41.965720</ele>
			</trkpt>
			<trkpt lat="24.341610" lon="109.316648">
				<ele>41.952806</ele>
			</trkpt>
			<trkpt lat="24.341603" lon="109.316500">
				<ele>41.937860</ele>
			</trkpt>
			<trkpt lat="24.341591" lon="109.316353">
				<ele>41.920897</ele>
			</trkpt>
			<trkpt lat="24.341575" lon="109.316206">
				<ele>41.901936</ele>
			</trkpt>
			<trkpt lat="24.341554" lon="109.316059">
				<ele>41.880996</ele>
			</trkpt>
			<trkpt lat="24.341530" lon="109.315914">
				<ele>41.858098</ele>
			</trkpt>
			<trkpt lat="24.341501" lon="109.315769">
				<ele>41.833268</ele>
			</trkpt>
			<trkpt lat="24.341468" lon="109.315626">
				<ele>41.806529</ele>
			</trkpt>
			<trkpt lat="24.341431" lon="109.315483">
				<ele>41.777911</ele>
			</trkpt>
			<trkpt lat="24.341389" lon="109.315342">
				<ele>41.747444</ele>
			</trkpt>
			<trkpt lat="24.341344" lon="109.315203">
				<ele>41.715158</ele>
			</trkpt>
			<trkpt lat="24.341295" lon="109.315065">
				<ele>41.681087</ele>
			</trkpt>
			<trkpt lat="24.341241" lon="109.314929">
				<ele>41.645267</ele>
			</trkpt>
			<trkpt lat="24.341184" lon="109.314795">
				<ele>41.607736</ele>
			</trkpt>
			<trkpt lat="24.341123" lon="109.314663">
				<ele>41.568531</ele>
			</trkpt>
			<trkpt lat="24.341058" lon="109.314533">
				<ele>41.527695</ele>
			</trkpt>
			<trkpt lat="24.340989" lon="109.314406">
				<ele>41.485269</ele>
			</trkpt>
			<trkpt lat="24.340917" lon="109.314281">
				<ele>41.441297</ele>
			</trkpt>
			<trkpt lat="24.340841" lon="109.314159">
				<ele>41.395826</ele>
			</trkpt>
			<trkpt lat="24.340762" lon="109.314039">
				<ele>41.348903</ele>
			</trkpt>
			<trkpt lat="24.340679" lon="109.313922">
				<ele>41.300576</ele>
			</trkpt>
			<trkpt lat="24.340593" lon="109.313808">
				<ele>41.250895</ele>
			</trkpt>
			<trkpt lat="24.340503" lon="109.313697">
				<ele>41.199914</ele>
			</trkpt>
			<trkpt lat="24.340411" lon="109.313590">
				<ele>41.147683</ele>
			</trkpt>
			<trkpt lat="24.340315" lon="109.313486">
				<ele>41.094259</ele>
			</trkpt>
			<trkpt lat="24.340216" lon="109.313385">
				<ele>41.039696</ele>
			</trkpt>
			<trkpt lat="24.340115" lon="109.313287">
				<ele>40.984051</ele>
			</trkpt>
			<trkpt lat="24.340010" lon="109.313193">
				<ele>40.927382</ele>
			</trkpt>
			<trkpt lat="24.339903" lon="109.313103">
				<ele>40.869749</ele>
			</trkpt>
			<trkpt lat="24.339794" lon="109.313017">
				<ele>40.811210</ele>
			</trkpt>
			<trkpt lat="24.339682" lon="109.312934">
				<ele>40.751827</ele>
			</trkpt>
			<trkpt lat="24.339567" lon="109.312856">
				<ele>40.691663</ele>
			</trkpt>
			<trkpt lat="24.339451" lon="109.312781">
				<ele>40.630778</ele>
			</trkpt>
			<trkpt lat="24.339332" lon="109.312711">
				<ele>40.569237</ele>
			</trkpt>
			<trkpt lat="24.339211" lon="109.312645">
				<ele>40.507104</ele>
			</trkpt>
			<trkpt lat="24.339089" lon="109.312583">
				<ele>40.444443</ele>
			</trkpt>
			<trkpt lat="24.338965" lon="109.312525">
				<ele>40.381320</ele>
			</trkpt>
			<trkpt lat="24.338839" lon="109.312472">
				<ele>40.317800</ele>
			</trkpt>
			<trkpt lat="24.338711" lon="109.312423">
				<ele>40.253949</ele>
			</trkpt>
			<trkpt lat="24.338583" lon="109.312379">
				<ele>40.189834</ele>
			</trkpt>
			<trkpt lat="24.338453" lon="109.312339">
				<ele>40.125521</ele>
			</trkpt>
			<trkpt lat="24.338322" lon="109.312304">
				<ele>40.061078</ele>
			</trkpt>
			<trkpt lat="24.338190" lon="109.312273">
				<ele>39.996572</ele>
			</trkpt>
			<trkpt lat="24.338057" lon="109.312247">
				<ele>39.932069</ele>
			</trkpt>
			<trkpt lat="24.337924" lon="109.312226">
				<ele>39.867636</ele>
			</trkpt>
			<trkpt lat="24.337789" lon="109.312209">
				<ele>39.803342</ele>
			</trkpt>
			<trkpt lat="24.337655" lon="109.312197">
				<ele>39.739252</ele>
			</trkpt>
			<trkpt lat="24.337520" lon="109.312190">
				<ele>39.675433</ele>
			</trkpt>
			<trkpt lat="24.337385" lon="109.312187">
				<ele>39.611952</ele>
			</trkpt>
			<trkpt lat="24.337251" lon="109.312189">
				<ele>39.548875</ele>
			</trkpt>
			<trkpt lat="24.337116" lon="109.312196">
				<ele>39.486267</ele>
			</trkpt>
			<trkpt lat="24.336981" lon="109.312208">
				<ele>39.424193</ele>
			</trkpt>
			<trkpt lat="24.336847" lon="109.312224">
				<ele>39.362719</ele>
			</trkpt>
			<trkpt lat="24.336714" lon="109.312245">
				<ele>39.301908</ele>
			</trkpt>
			<trkpt lat="24.336581" lon="109.312271">
				<ele>39.241823</ele>
			</trkpt>
			<trkpt lat="24.336449" lon="109.312301">
				<ele>39.182527</ele>
			</trkpt>
			<trkpt lat="24.336318" lon="109.312336">
				<ele>39.124082</ele>
			</trkpt>
			<trkpt lat="24.336188" lon="109.312375">
				<ele>39.066548</ele>
			</trkpt>
			<trkpt lat="24.336059" lon="109.312419">
				<ele>39.009985</ele>
			</trkpt>
			<trkpt lat="24.335931" lon="109.312468">
				<ele>38.954453</ele>
			</trkpt>
			<trkpt lat="24.335805" lon="109.312520">
				<ele>38.900008</ele>
			</trkpt>
			<trkpt lat="24.335681" lon="109.312578">
				<ele>38.846708</ele>
			</trkpt>
			<trkpt lat="24.335558" lon="109.312639">
				<ele>38.794608</ele>
			</trkpt>
			<trkpt lat="24.335437" lon="109.312705">
				<ele>38.743762</ele>
			</trkpt>
			<trkpt lat="24.335319" lon="109.312775">
				<ele>38.694223</ele>
			</trkpt>
			<trkpt lat="24.335202" lon="109.312849">
				<ele>38.646043</ele>
			</trkpt>
			<trkpt lat="24.335087" lon="109.312927">
				<ele>38.599271</ele>
			</trkpt>
			<trkpt lat="24.334975" lon="109.313009">
				<ele>38.553957</ele>
			</trkpt>
			<trkpt lat="24.334865" lon="109.313095">
				<ele>38.510148</ele>
			</trkpt>
			<trkpt lat="24.334758" lon="109.313185">
				<ele>38.467889</ele>
			</trkpt>
			<trkpt lat="24.334653" lon="109.313279">
				<ele>38.427224</ele>
			</trkpt>
			<trkpt lat="24.334552" lon="109.313376">
				<ele>38.388195</ele>
			</trkpt>
			<trkpt lat="24.334453" lon="109.313476">
				<ele>38.350844</ele>
			</trkpt>
			<trkpt lat="24.334357" lon="109.313580">
				<ele>38.315208</ele>
			</trkpt>
			<trkpt lat="24.334264" lon="109.313688">
				<ele>38.281326</ele>
			</trkpt>
			<trkpt lat="24.334174" lon="109.313798">
				<ele>38.249231</ele>
			</trkpt>
			<trkpt lat="24.334087" lon="109.313912">
				<ele>38.218959</ele>
			</trkpt>
			<trkpt lat="24.334004" lon="109.314028">
				<ele>38.190539</ele>
			</trkpt>
			<trkpt lat="24.333925" lon="109.314148">
				<ele>38.164002</ele>
			</trkpt>
			<trkpt lat="24.333848" lon="109.314270">
				<ele>38.139376</ele>
			</trkpt>
			<trkpt lat="24.333776" lon="109.314395">
				<ele>38.116686</ele>
			</trkpt>
			<trkpt lat="24.333707" lon="109.314522">
				<ele>38.095955</ele>
			</trkpt>
			<trkpt lat="24.333641" lon="109.314651">
				<ele>38.077205</ele>
			</trkpt>
			<trkpt lat="24.333580" lon="109.314783">
				<ele>38.060456</ele>
			</trkpt>
			<trkpt lat="24.333522" lon="109.314917">
				<ele>38.045725</ele>
			</trkpt>
			<trkpt lat="24.333469" lon="109.315053">
				<ele>38.033027</ele>
			</trkpt>
			<trkpt lat="24.333419" lon="109.315191">
				<ele>38.022376</ele>
			</trkpt>
			<trkpt lat="24.333373" lon="109.315330">
				<ele>38.013783</ele>
			</trkpt>
			<trkpt lat="24.333332" lon="109.315471">
				<ele>38.007257</ele>
			</trkpt>
			<trkpt lat="24.333294" lon="109.315613">
				<ele>38.002803</ele>
			</trkpt>
			<trkpt lat="24.333261" lon="109.315756">
				<ele>38.000428</ele>
			</trkpt>
			<trkpt lat="24.333231" lon="109.315901">
				<ele>38.000134</ele>
			</trkpt>
			<trkpt lat="24.333206" lon="109.316046">
				<ele>38.001920</ele>
			</trkpt>
			<trkpt lat="24.333186" lon="109.316193">
				<ele>38.005785</ele>
			</trkpt>
			<trkpt lat="24.333169" lon="109.316340">
				<ele>38.011725</ele>
			</trkpt>
			<trkpt lat="24.333157" lon="109.316487">
				<ele>38.019734</ele>
			</trkpt>
			<trkpt lat="24.333149" lon="109.316635">
				<ele>38.029804</ele>
			</trkpt>
			<trkpt lat="24.333145" lon="109.316783">
				<ele>38.041923</ele>
			</trkpt>
			<trkpt lat="24.333146" lon="109.316931">
				<ele>38.056080</ele>
			</trkpt>
			<trkpt lat="24.333151" lon="109.317079">
				<ele>38.072260</ele>
			</trkpt>
			<trkpt lat="24.333160" lon="109.317226">
				<ele>38.090445</ele>
			</trkpt>
			<trkpt lat="24.333174" lon="109.317374">
				<ele>38.110617</ele>
			</trkpt>
			<trkpt lat="24.333192" lon="109.317521">
				<ele>38.132755</ele>
			</trkpt>
			<trkpt lat="24.333214" lon="109.317667">
				<ele>38.156836</ele>
			</trkpt>
			<trkpt lat="24.333240" lon="109.317812">
				<ele>38.182834</ele>
			</trkpt>
			<trkpt lat="24.333270" lon="109.317956">
				<ele>38.210724</ele>
			</trkpt>
			<trkpt lat="24.333305" lon="109.318099">
				<ele>38.240475</ele>
			</trkpt>
			<trkpt lat="24.333344" lon="109.318241">
				<ele>38.272057</ele>
			</trkpt>
			<trkpt lat="24.333387" lon="109.318381">
				<ele>38.305437</ele>
			</trkpt>
			<trkpt lat="24.333433" lon="109.318520">
				<ele>38.340580</ele>
			</trkpt>
			<trkpt lat="24.333484" lon="109.318657">
				<ele>38.377449</ele>
			</trkpt>
			<trkpt lat="24.333539" lon="109.318792">
				<ele>38.416007</ele>
			</trkpt>
			<trkpt lat="24.333598" lon="109.318926">
				<ele>38.456213</ele>
			</trkpt>
			<trkpt lat="24.333661" lon="109.319057">
				<ele>38.498026</ele>
			</trkpt>
			<trkpt lat="24.333727" lon="109.319186">
				<ele>38.541401</ele>
			</trkpt>
			<trkpt lat="24.333797" lon="109.319312">
				<ele>38.586293</ele>
			</trkpt>
			<trkpt lat="24.333871" lon="109.319436">
				<ele>38.632657</ele>
			</trkpt>
			<trkpt lat="24.333948" lon="109.319558">
				<ele>38.680443</ele>
			</trkpt>
			<trkpt lat="24.334029" lon="109.319676">
				<ele>38.729603</ele>
			</trkpt>
			<trkpt lat="24.334113" lon="109.319792">
				<ele>38.780084</ele>
			</trkpt>
			<trkpt lat="24.334201" lon="109.319904">
				<ele>38.831835</ele>
			</trkpt>
			<trkpt lat="24.334291" lon="109.320014">
				<ele>38.884801</ele>
			</trkpt>
			<trkpt lat="24.334385" lon="109.320120">
				<ele>38.938927</ele>
			</trkpt>
			<trkpt lat="24.334482" lon="109.320223">
				<ele>38.994157</ele>
			</trkpt>
			<trkpt lat="24.334582" lon="109.320323">
				<ele>39.050434</ele>
			</trkpt>
			<trkpt lat="24.334684" lon="109.320419">
				<ele>39.107699</ele>
			</trkpt>
			<trkpt lat="24.334790" lon="109.320511">
				<ele>39.165893</ele>
			</trkpt>
			<trkpt lat="24.334898" lon="109.320600">
				<ele>39.224954</ele>
			</trkpt>
			<trkpt lat="24.335008" lon="109.320685">
				<ele>39.284822</ele>
			</trkpt>
			<trkpt lat="24.335121" lon="109.320766">
				<ele>39.345434</ele>
			</trkpt>
			<trkpt lat="24.335237" lon="109.320843">
				<ele>39.406727</ele>
			</trkpt>
			<trkpt lat="24.335354" lon="109.320916">
				<ele>39.468637</ele>
			</trkpt>
			<trkpt lat="24.335474" lon="109.320984">
				<ele>39.531100</ele>
			</trkpt>
			<trkpt lat="24.335595" lon="109.321049">
				<ele>39.594051</ele>
			</trkpt>
			<trkpt lat="24.335718" lon="109.321109">
				<ele>39.657425</ele>
			</trkpt>
			<trkpt lat="24.335843" lon="109.321165">
				<ele>39.721154</ele>
			</trkpt>
			<trkpt lat="24.335970" lon="109.321217">
				<ele>39.785174</ele>
			</trkpt>
			<trkpt lat="24.336097" lon="109.321264">
				<ele>39.849418</ele>
			</trkpt>
			<trkpt lat="24.336227" lon="109.321306">
				<ele>39.913818</ele>
			</trkpt>
			<trkpt lat="24.336357" lon="109.321344">
				<ele>39.978308</ele>
			</trkpt>
			<trkpt lat="24.336488" lon="109.321378">
				<ele>40.042820</ele>
			</trkpt>
			<trkpt lat="24.336621" lon="109.321407">
				<ele>40.107288</ele>
			</trkpt>
			<trkpt lat="24.336754" lon="109.321431">
				<ele>40.171644</ele>
			</trkpt>
			<trkpt lat="24.336888" lon="109.321450">
				<ele>40.235822</ele>
			</trkpt>
			<trkpt lat="24.337022" lon="109.321465">
				<ele>40.299754</ele>
			</trkpt>
			<trkpt lat="24.337156" lon="109.321475">
				<ele>40.363375</ele>
			</trkpt>
			<trkpt lat="24.337291" lon="109.321481">
				<ele>40.426617</ele>
			</trkpt>
			<trkpt lat="24.337426" lon="109.321481">
				<ele>40.489416</ele>
			</trkpt>
			<trkpt lat="24.337561" lon="109.321477">
				<ele>40.551705</ele>
			</trkpt>
			<trkpt lat="24.337696" lon="109.321469">
				<ele>40.613420</ele>
			</trkpt>
			<trkpt lat="24.337830" lon="109.321455">
				<ele>40.674497</ele>
			</trkpt>
			<trkpt lat="24.337964" lon="109.321437">
				<ele>40.734872</ele>
			</trkpt>
			<trkpt lat="24.338097" lon="109.321414">
				<ele>40.794482</ele>
			</trkpt>
			<trkpt lat="24.338230" lon="109.321387">
				<ele>40.853266</ele>
			</trkpt>
			<trkpt lat="24.338361" lon="109.321355">
				<ele>40.911162</ele>
			</trkpt>
			<trkpt lat="24.338492" lon="109.321318">
				<ele>40.968110</ele>
			</trkpt>
			<trkpt lat="24.338622" lon="109.321277">
				<ele>41.024050</ele>
			</trkpt>
			<trkpt lat="24.338750" lon="109.321232">
				<ele>41.078925</ele>
			</trkpt>
			<trkpt lat="24.338877" lon="109.321181">
				<ele>41.132678</ele>
			</trkpt>
			<trkpt lat="24.339002" lon="109.321127">
				<ele>41.185252</ele>
			</trkpt>
			<trkpt lat="24.339126" lon="109.321068">
				<ele>41.236593</ele>
			</trkpt>
			<trkpt lat="24.339248" lon="109.321005">
				<ele>41.286647</ele>
			</trkpt>
			<trkpt lat="24.339368" lon="109.320937">
				<ele>41.335362</ele>
			</trkpt>
			<trkpt lat="24.339486" lon="109.320866">
				<ele>41.382688</ele>
			</trkpt>
			<trkpt lat="24.339602" lon="109.320790">
				<ele>41.428575</ele>
			</trkpt>
			<trkpt lat="24.339716" lon="109.320710">
				<ele>41.472976</ele>
			</trkpt>
			<trkpt lat="24.339827" lon="109.320627">
				<ele>41.515844</ele>
			</trkpt>
			<trkpt lat="24.339936" lon="109.320539">
				<ele>41.557135</ele>
			</trkpt>
			<trkpt lat="24.340042" lon="109.320448">
				<ele>41.596805</ele>
			</trkpt>
			<trkpt lat="24.340146" lon="109.320353">
				<ele>41.634814</ele>
			</trkpt>
			<trkpt lat="24.340246" lon="109.320254">
				<ele>41.671123</ele>
			</trkpt>
			<trkpt lat="24.340344" lon="109.320153">
				<ele>41.705692</ele>
			</trkpt>
			<trkpt lat="24.340439" lon="109.320047">
				<ele>41.738487</ele>
			</trkpt>
			<trkpt lat="24.340530" lon="109.319939">
				<ele>41.769473</ele>
			</trkpt>
			<trkpt lat="24.340619" lon="109.319827">
				<ele>41.798617</ele>
			</trkpt>
			<trkpt lat="24.340704" lon="109.319712">
				<ele>41.825891</ele>
			</trkpt>
			<trkpt lat="24.340786" lon="109.319594">
				<ele>41.851264</ele>
			</trkpt>
			<trkpt lat="24.340864" lon="109.319474">
				<ele>41.874711</ele>
			</trkpt>
			<trkpt lat="24.340939" lon="109.319351">
				<ele>41.896208</ele>
			</trkpt>
			<trkpt lat="24.341010" lon="109.319225">
				<ele>41.915731</ele>
			</trkpt>
			<trkpt lat="24.341078" lon="109.319097">
				<ele>41.933261</ele>
			</trkpt>
			<trkpt lat="24.341142" lon="109.318966">
				<ele>41.948780</ele>
			</trkpt>
			<trkpt lat="24.341202" lon="109.318834">
				<ele>41.962271</ele>
			</trkpt>
			<trkpt lat="24.341258" lon="109.318699">
				<ele>41.973720</ele>
			</trkpt>
			<trkpt lat="24.341310" lon="109.318563">
				<ele>41.983116</ele>
			</trkpt>
			<trkpt lat="24.341358" lon="109.318424">
				<ele>41.990448</ele>
			</trkpt>
			<trkpt lat="24.341402" lon="109.318284">
				<ele>41.995710</ele>
			</trkpt>
			<trkpt lat="24.341442" lon="109.318143">
				<ele>41.998894</ele>
			</trkpt>
			<trkpt lat="24.341478" lon="109.318000">
				<ele>41.999999</ele>
			</trkpt>
			<trkpt lat="24.341510" lon="109.317856">
				<ele>41.999023</ele>
			</trkpt>
			<trkpt lat="24.341537" lon="109.317711">
				<ele>41.995967</ele>
			</trkpt>
			<trkpt lat="24.341561" lon="109.317566">
				<ele>41.990834</ele>
			</trkpt>
			<trkpt lat="24.341580" lon="109.317419">
				<ele>41.983629</ele>
			</trkpt>
			<trkpt lat="24.341595" lon="109.317272">
				<ele>41.974361</ele>
			</trkpt>
			<trkpt lat="24.341605" lon="109.317124">
				<ele>41.963039</ele>
			</trkpt>
			<trkpt lat="24.341612" lon="109.316976">
				<ele>41.949673</ele>
			</trkpt>
			<trkpt lat="24.341614" lon="109.316828">
				<ele>41.934280</ele>
			</trkpt>
			<trkpt lat="24.341611" lon="109.316680">
				<ele>41.916873</ele>
			</trkpt>
			<trkpt lat="24.341605" lon="109.316533">
				<ele>41.897472</ele>
			</trkpt>
			<trkpt lat="24.341594" lon="109.316385">
				<ele>41.876097</ele>
			</trkpt>
			<trkpt lat="24.341579" lon="109.316238">
				<ele>41.852770</ele>
			</trkpt>
			<trkpt lat="24.341559" lon="109.316091">
				<ele>41.827515</ele>
			</trkpt>
			<trkpt lat="24.341535" lon="109.315946">
				<ele>41.800358</ele>
			</trkpt>
			<trkpt lat="24.341507" lon="109.315801">
				<ele>41.771329</ele>
			</trkpt>
			<trkpt lat="24.341475" lon="109.315657">
				<ele>41.740456</ele>
			</trkpt>
			<trkpt lat="24.341439" lon="109.315514">
				<ele>41.707772</ele>
			</trkpt>
			<trkpt lat="24.341399" lon="109.315373">
				<ele>41.673311</ele>
			</trkpt>
			<trkpt lat="24.341354" lon="109.315233">
				<ele>41.637109</ele>
			</trkpt>
			<trkpt lat="24.341306" lon="109.315095">
				<ele>41.599204</ele>
			</trkpt>
			<trkpt lat="24.341253" lon="109.314959">
				<ele>41.559635</ele>
			</trkpt>
			<trkpt lat="24.341197" lon="109.314824">
				<ele>41.518443</ele>
			</trkpt>
			<trkpt lat="24.341137" lon="109.314692">
				<ele>41.475671</ele>
			</trkpt>
			<trkpt lat="24.341073" lon="109.314562">
				<ele>41.431364</ele>
			</trkpt>
			<trkpt lat="24.341005" lon="109.314434">
				<ele>41.385568</ele>
			</trkpt>
			<trkpt lat="24.340933" lon="109.314308">
				<ele>41.338329</ele>
			</trkpt>
			<trkpt lat="24.340858" lon="109.314185">
				<ele>41.289698</ele>
			</trkpt>
			<trkpt lat="24.340779" lon="109.314065">
				<ele>41.239726</ele>
			</trkpt>
			<trkpt lat="24.340697" lon="109.313947">
				<ele>41.188463</ele>
			</trkpt>
			<trkpt lat="24.340612" lon="109.313833">
				<ele>41.135964</ele>
			</trkpt>
			<trkpt lat="24.340523" lon="109.313721">
				<ele>41.082283</ele>
			</trkpt>
			<trkpt lat="24.340431" lon="109.313613">
				<ele>41.027475</ele>
			</trkpt>
			<trkpt lat="24.340336" lon="109.313508">
				<ele>40.971599</ele>
			</trkpt>
			<trkpt lat="24.340238" lon="109.313406">
				<ele>40.914712</ele>
			</trkpt>
			<trkpt lat="24.340137" lon="109.313308">
				<ele>40.856873</ele>
			</trkpt>
			<trkpt lat="24.340033" lon="109.313213">
				<ele>40.798142</ele>
			</trkpt>
			<trkpt lat="24.339927" lon="109.313123">
				<ele>40.738581</ele>
			</trkpt>
			<trkpt lat="24.339818" lon="109.313035">
				<ele>40.678251</ele>
			</trkpt>
			<trkpt lat="24.339706" lon="109.312952">
				<ele>40.617216</ele>
			</trkpt>
			<trkpt lat="24.339592" lon="109.312873">
				<ele>40.555538</ele>
			</trkpt>
			<trkpt lat="24.339476" lon="109.312797">
				<ele>40.493283</ele>
			</trkpt>
			<trkpt lat="24.339358" lon="109.312726">
				<ele>40.430514</ele>
			</trkpt>
			<trkpt lat="24.339238" lon="109.312659">
				<ele>40.367297</ele>
			</trkpt>
			<trkpt lat="24.339116" lon="109.312596">
				<ele>40.303698</ele>
			</trkpt>
			<trkpt lat="24.338992" lon="109.312538">
				<ele>40.239783</ele>
			</trkpt>
			<trkpt lat="24.338866" lon="109.312483">
				<ele>40.175619</ele>
			</trkpt>
			<trkpt lat="24.338739" lon="109.312434">
				<ele>40.111272</ele>
			</trkpt>
			<trkpt lat="24.338611" lon="109.312388">
				<ele>40.046809</ele>
			</trkpt>
			<trkpt lat="24.338481" lon="109.312347">
				<ele>39.982297</ele>
			</trkpt>
			<trkpt lat="24.338350" lon="109.312311">
				<ele>39.917804</ele>
			</trkpt>
			<trkpt lat="24.338219" lon="109.312280">
				<ele>39.853396</ele>
			</trkpt>
			<trkpt lat="24.338086" lon="109.312253">
				<ele>39.789141</ele>
			</trkpt>
			<trkpt lat="24.337953" lon="109.312230">
				<ele>39.725106</ele>
			</trkpt>
			<trkpt lat="24.337819" lon="109.312212">
				<ele>39.661356</ele>
			</trkpt>
			<trkpt lat="24.337684" lon="109.312199">
				<ele>39.597959</ele>
			</trkpt>
			<trkpt lat="24.337550" lon="109.312191">
				<ele>39.534979</ele>
			</trkpt>
			<trkpt lat="24.337415" lon="109.312188">
				<ele>39.472484</ele>
			</trkpt>
			<trkpt lat="24.337280" lon="109.312189">
				<ele>39.410538</ele>
			</trkpt>
			<trkpt lat="24.337145" lon="109.312194">
				<ele>39.349205</ele>
			</trkpt>
			<trkpt lat="24.337011" lon="109.312205">
				<ele>39.288549</ele>
			</trkpt>
			<trkpt lat="24.336876" lon="109.312220">
				<ele>39.228634</ele>
			</trkpt>
			<trkpt lat="24.336743" lon="109.312240">
				<ele>39.169521</ele>
			</trkpt>
			<trkpt lat="24.336610" lon="109.312265">
				<ele>39.111272</ele>
			</trkpt>
			<trkpt lat="24.336478" lon="109.312294">
				<ele>39.053948</ele>
			</trkpt>
			<trkpt lat="24.336346" lon="109.312328">
				<ele>38.997608</ele>
			</trkpt>
			<trkpt lat="24.336216" lon="109.312366">
				<ele>38.942311</ele>
			</trkpt>
			<trkpt lat="24.336087" lon="109.312409">
				<ele>38.888115</ele>
			</trkpt>
			<trkpt lat="24.335959" lon="109.312457">
				<ele>38.835075</ele>
			</trkpt>
			<trkpt lat="24.335833" lon="109.312508">
				<ele>38.783248</ele>
			</trkpt>
			<trkpt lat="24.335708" lon="109.312565">
				<ele>38.732687</ele>
			</trkpt>
			<trkpt lat="24.335585" lon="109.312625">
				<ele>38.683444</ele>
			</trkpt>
			<trkpt lat="24.335464" lon="109.312690">
				<ele>38.635571</ele>
			</trkpt>
			<trkpt lat="24.335344" lon="109.312759">
				<ele>38.589118</ele>
			</trkpt>
			<trkpt lat="24.335227" lon="109.312832">
				<ele>38.544133</ele>
			</trkpt>
			<trkpt lat="24.335112" lon="109.312910">
				<ele>38.500663</ele>
			</trkpt>
			<trkpt lat="24.334999" lon="109.312991">
				<ele>38.458753</ele>
			</trkpt>
			<trkpt lat="24.334889" lon="109.313076">
				<ele>38.418446</ele>
			</trkpt>
			<trkpt lat="24.334781" lon="109.313165">
				<ele>38.379785</ele>
			</trkpt>
			<trkpt lat="24.334676" lon="109.313258">
				<ele>38.342810</ele>
			</trkpt>
			<trkpt lat="24.334573" lon="109.313354">
				<ele>38.307559</ele>
			</trkpt>
			<trkpt lat="24.334474" lon="109.313454">
				<ele>38.274069</ele>
			</trkpt>
			<trkpt lat="24.334377" lon="109.313557">
				<ele>38.242375</ele>
			</trkpt>
			<trkpt lat="24.334284" lon="109.313664">
				<ele>38.212510</ele>
			</trkpt>
			<trkpt lat="24.334193" lon="109.313774">
				<ele>38.184505</ele>
			</trkpt>
			<trkpt lat="24.334106" lon="109.313887">
				<ele>38.158388</ele>
			</trkpt>
			<trkpt lat="24.334022" lon="109.314003">
				<ele>38.134188</ele>
			</trkpt>
			<trkpt lat="24.333942" lon="109.314121">
				<ele>38.111929</ele>
			</trkpt>
			<trkpt lat="24.333865" lon="109.314243">
				<ele>38.091635</ele>
			</trkpt>
			<trkpt lat="24.333791" lon="109.314367">
				<ele>38.073326</ele>
			</trkpt>
			<trkpt lat="24.333721" lon="109.314494">
				<ele>38.057022</ele>
			</trkpt>
			<trkpt lat="24.333655" lon="109.314623">
				<ele>38.042740</ele>
			</trkpt>
			<trkpt lat="24.333593" lon="109.314754">
				<ele>38.030494</ele>
			</trkpt>
			<trkpt lat="24.333535" lon="109.314888">
				<ele>38.020298</ele>
			</trkpt>
			<trkpt lat="24.333480" lon="109.315023">
				<ele>38.012161</ele>
			</trkpt>
			<trkpt lat="24.333429" lon="109.315160">
				<ele>38.006092</ele>
			</trkpt>
			<trkpt lat="24.333383" lon="109.315299">
				<ele>38.002099</ele>
			</trkpt>
			<trkpt lat="24.333340" lon="109.315440">
				<ele>38.000184</ele>
			</trkpt>
			<trkpt lat="24.333302" lon="109.315582">
				<ele>38.000350</ele>
			</trkpt>
			<trkpt lat="24.333268" lon="109.315725">
				<ele>38.002596</ele>
			</trkpt>
			<trkpt lat="24.333237" lon="109.315869">
				<ele>38.006921</ele>
			</trkpt>
			<trkpt lat="24.333212" lon="109.316015">
				<ele>38.013320</ele>
			</trkpt>
			<trkpt lat="24.333190" lon="109.316161">
				<ele>38.021785</ele>
			</trkpt>
			<trkpt lat="24.333172" lon="109.316307">
				<ele>38.032309</ele>
			</trkpt>
			<trkpt lat="24.333159" lon="109.316455">
				<ele>38.044881</ele>
			</trkpt>
			<trkpt lat="24.333150" lon="109.316603">
				<ele>38.059486</ele>
			</trkpt>
			<trkpt lat="24.333146" lon="109.316750">
				<ele>38.076111</ele>
			</trkpt>
			<trkpt lat="24.333146" lon="109.316899">
				<ele>38.094738</ele>
			</trkpt>
			<trkpt lat="24.333150" lon="109.317047">
				<ele>38.115347</ele>
			</trkpt>
			<trkpt lat="24.333158" lon="109.317194">
				<ele>38.137916</ele>
			</trkpt>
			<trkpt lat="24.333170" lon="109.317342">
				<ele>38.162424</ele>
			</trkpt>
			<trkpt lat="24.333187" lon="109.317489">
				<ele>38.188843</ele>
			</trkpt>
			<trkpt lat="24.333208" lon="109.317635">
				<ele>38.217147</ele>
			</trkpt>
			<trkpt lat="24.333234" lon="109.317780">
				<ele>38.247306</ele>
			</trkpt>
			<trkpt lat="24.333263" lon="109.317925">
				<ele>38.279289</ele>
			</trkpt>
			<trkpt lat="24.333297" lon="109.318068">
				<ele>38.313062</ele>
			</trkpt>
			<trkpt lat="24.333335" lon="109.318210">
				<ele>38.348590</ele>
			</trkpt>
			<trkpt lat="24.333377" lon="109.318351">
				<ele>38.385836</ele>
			</trkpt>
			<trkpt lat="24.333423" lon="109.318490">
				<ele>38.424762</ele>
			</trkpt>
			<trkpt lat="24.333473" lon="109.318627">
				<ele>38.465328</ele>
			</trkpt>
			<trkpt lat="24.333527" lon="109.318763">
				<ele>38.507489</ele>
			</trkpt>
			<trkpt lat="24.333585" lon="109.318897">
				<ele>38.551204</ele>
			</trkpt>
			<trkpt lat="24.333647" lon="109.319028">
				<ele>38.596427</ele>
			</trkpt>
			<trkpt lat="24.333712" lon="109.319158">
				<ele>38.643109</ele>
			</trkpt>
			<trkpt lat="24.333782" lon="109.319285">
				<ele>38.691204</ele>
			</trkpt>
			<trkpt lat="24.333854" lon="109.319409">
				<ele>38.740660</ele>
			</trkpt>
			<trkpt lat="24.333931" lon="109.319531">
				<ele>38.791427</ele>
			</trkpt>
			<trkpt lat="24.334011" lon="109.319650">
				<ele>38.843451</ele>
			</trkpt>
			<trkpt lat="24.334094" lon="109.319767">
				<ele>38.896678</ele>
			</trkpt>
			<trkpt lat="24.334181" lon="109.319880">
				<ele>38.951054</ele>
			</trkpt>
			<trkpt lat="24.334271" lon="109.319990">
				<ele>39.006521</ele>
			</trkpt>
			<trkpt lat="24.334364" lon="109.320097">
				<ele>39.063022</ele>
			</trkpt>
			<trkpt lat="24.334461" lon="109.320201">
				<ele>39.120497</ele>
			</trkpt>
			<trkpt lat="24.334560" lon="109.320302">
				<ele>39.178888</ele>
			</trkpt>
			<trkpt lat="24.334662" lon="109.320398">
				<ele>39.238133</ele>
			</trkpt>
			<trkpt lat="24.334767" lon="109.320492">
				<ele>39.298171</ele>
			</trkpt>
			<trkpt lat="24.334874" lon="109.320581">
				<ele>39.358939</ele>
			</trkpt>
			<trkpt lat="24.334984" lon="109.320667">
				<ele>39.420374</ele>
			</trkpt>
			<trkpt lat="24.335097" lon="109.320749">
				<ele>39.482412</ele>
			</trkpt>
			<trkpt lat="24.335211" lon="109.320826">
				<ele>39.544989</ele>
			</trkpt>
			<trkpt lat="24.335328" lon="109.320900">
				<ele>39.608039</ele>
			</trkpt>
			<trkpt lat="24.335447" lon="109.320970">
				<ele>39.671497</ele>
			</trkpt>
			<trkpt lat="24.335568" lon="109.321035">
				<ele>39.735296</ele>
			</trkpt>
			<trkpt lat="24.335691" lon="109.321096">
				<ele>39.799372</ele>
			</trkpt>
			<trkpt lat="24.335816" lon="109.321153">
				<ele>39.863656</ele>
			</trkpt>
			<trkpt lat="24.335942" lon="109.321206">
				<ele>39.928081</ele>
			</trkpt>
			<trkpt lat="24.336069" lon="109.321254">
				<ele>39.992582</ele>
			</trkpt>
			<trkpt lat="24.336198" lon="109.321297">
				<ele>40.057090</ele>
			</trkpt>
			<trkpt lat="24.336328" lon="109.321336">
				<ele>40.121539</ele>
			</trkpt>
			<trkpt lat="24.336460" lon="109.321371">
				<ele>40.185862</ele>
			</trkpt>
			<trkpt lat="24.336592" lon="109.321401">
				<ele>40.249991</ele>
			</trkpt>
			<trkpt lat="24.336725" lon="109.321426">
				<ele>40.313860</ele>
			</trkpt>
			<trkpt lat="24.336858" lon="109.321446">
				<ele>40.377402</ele>
			</trkpt>
			<trkpt lat="24.336992" lon="109.321462">
				<ele>40.440552</ele>
			</trkpt>
			<trkpt lat="24.337127" lon="109.321473">
				<ele>40.503243</ele>
			</trkpt>
			<trkpt lat="24.337262" lon="109.321480">
				<ele>40.565411</ele>
			</trkpt>
			<trkpt lat="24.337397" lon="109.321482">
				<ele>40.626991</ele>
			</trkpt>
			<trkpt lat="24.337531" lon="109.321479">
				<ele>40.687918</ele>
			</trkpt>
			<trkpt lat="24.337666" lon="109.321471">
				<ele>40.748129</ele>
			</trkpt>
			<trkpt lat="24.337801" lon="109.321459">
				<ele>40.807562</ele>
			</trkpt>
			<trkpt lat="24.337935" lon="109.321442">
				<ele>40.866154</ele>
			</trkpt>
			<trkpt lat="24.338068" lon="109.321420">
				<ele>40.923846</ele>
			</trkpt>
			<trkpt lat="24.338201" lon="109.321393">
				<ele>40.980576</ele>
			</trkpt>
			<trkpt lat="24.338333" lon="109.321362">
				<ele>41.036286</ele>
			</trkpt>
			<trkpt lat="24.338464" lon="109.321327">
				<ele>41.090917</ele>
			</trkpt>
			<trkpt lat="24.338593" lon="109.321287">
				<ele>41.144414</ele>
			</trkpt>
			<trkpt lat="24.338722" lon="109.321242">
				<ele>41.196719</ele>
			</trkpt>
			<trkpt lat="24.338849" lon="109.321193">
				<ele>41.247780</ele>
			</trkpt>
			<trkpt lat="24.338975" lon="109.321139">
				<ele>41.297542</ele>
			</trkpt>
			<trkpt lat="24.339099" lon="109.321081">
				<ele>41.345954</ele>
			</trkpt>
			<trkpt lat="24.339221" lon="109.321019">
				<ele>41.392966</ele>
			</trkpt>
			<trkpt lat="24.339342" lon="109.320952">
				<ele>41.438528</ele>
			</trkpt>
			<trkpt lat="24.339460" lon="109.320882">
				<ele>41.482594</ele>
			</trkpt>
			<trkpt lat="24.339577" lon="109.320807">
				<ele>41.525117</ele>
			</trkpt>
			<trkpt lat="24.339691" lon="109.320728">
				<ele>41.566053</ele>
			</trkpt>
			<trkpt lat="24.339803" lon="109.320645">
				<ele>41.605360</ele>
			</trkpt>
			<trkpt lat="24.339912" lon="109.320559">
				<ele>41.642996</ele>
			</trkpt>
			<trkpt lat="24.340019" lon="109.320468">
				<ele>41.678922</ele>
			</trkpt>
			<trkpt lat="24.340123" lon="109.320374">
				<ele>41.713102</ele>
			</trkpt>
			<trkpt lat="24.340224" lon="109.320276">
				<ele>41.745500</ele>
			</trkpt>
			<trkpt lat="24.340323" lon="109.320175">
				<ele>41.776081</ele>
			</trkpt>
			<trkpt lat="24.340418" lon="109.320070">
				<ele>41.804814</ele>
			</trkpt>
			<trkpt lat="24.340511" lon="109.319963">
				<ele>41.831669</ele>
			</trkpt>
			<trkpt lat="24.340600" lon="109.319851">
				<ele>41.856619</ele>
			</trkpt>
			<trkpt lat="24.340686" lon="109.319737">
				<ele>41.879636</ele>
			</trkpt>
			<trkpt lat="24.340768" lon="109.319620">
				<ele>41.900698</ele>
			</trkpt>
			<trkpt lat="24.340848" lon="109.319500">
				<ele>41.919782</ele>
			</trkpt>
			<trkpt lat="24.340923" lon="109.319378">
				<ele>41.936869</ele>
			</trkpt>
			<trkpt lat="24.340995" lon="109.319253">
				<ele>41.951940</ele>
			</trkpt>
			<trkpt lat="24.341064" lon="109.319125">
				<ele>41.964981</ele>
			</trkpt>
			<trkpt lat="24.341128" lon="109.318995">
				<ele>41.975977</ele>
			</trkpt>
			<trkpt lat="24.341189" lon="109.318863">
				<ele>41.984916</ele>
			</trkpt>
			<trkpt lat="24.341246" lon="109.318729">
				<ele>41.991791</ele>
			</trkpt>
			<trkpt lat="24.341299" lon="109.318592">
				<ele>41.996593</ele>
			</trkpt>
			<trkpt lat="24.341348" lon="109.318455">
				<ele>41.999318</ele>
			</trkpt>
			<trkpt lat="24.341393" lon="109.318315">
				<ele>41.999962</ele>
			</trkpt>
			<trkpt lat="24.341434" lon="109.318174">
				<ele>41.998526</ele>
			</trkpt>
			<trkpt lat="24.341471" lon="109.318031">
				<ele>41.995010</ele>
			</trkpt>
			<trkpt lat="24.341503" lon="109.317888">
				<ele>41.989418</ele>
			</trkpt>
			<trkpt lat="24.341532" lon="109.317743">
				<ele>41.981756</ele>
			</trkpt>
			<trkpt lat="24.341556" lon="109.317598">
				<ele>41.972033</ele>
			</trkpt>
			<trkpt lat="24.341576" lon="109.317451">
				<ele>41.960257</ele>
			</trkpt>
			<trkpt lat="24.341592" lon="109.317304">
				<ele>41.946442</ele>
			</trkpt>
			<trkpt lat="24.341603" lon="109.317157">
				<ele>41.930601</ele>
			</trkpt>
			<trkpt lat="24.341611" lon="109.317009">
				<ele>41.912752</ele>
			</trkpt>
			<trkpt lat="24.341613" lon="109.316861">
				<ele>41.892912</ele>
			</trkpt>
			<trkpt lat="24.341612" lon="109.316713">
				<ele>41.871103</ele>
			</trkpt>
			<trkpt lat="24.341606" lon="109.316565">
				<ele>41.847347</ele>
			</trkpt>
			<trkpt lat="24.341596" lon="109.316417">
				<ele>41.821669</ele>
			</trkpt>
			<trkpt lat="24.341582" lon="109.316270">
				<ele>41.794096</ele>
			</trkpt>
			<trkpt lat="24.341564" lon="109.316123">
				<ele>41.764656</ele>
			</trkpt>
			<trkpt lat="24.341541" lon="109.315977">
				<ele>41.733379</ele>
			</trkpt>
			<trkpt lat="24.341514" lon="109.315832">
				<ele>41.700299</ele>
			</trkpt>
			<trkpt lat="24.341483" lon="109.315688">
				<ele>41.665450</ele>
			</trkpt>
			<trkpt lat="24.341447" lon="109.315545">
				<ele>41.628868</ele>
			</trkpt>
			<trkpt lat="24.341408" lon="109.315404">
				<ele>41.590591</ele>
			</trkpt>
			<trkpt lat="24.341364" lon="109.315264">
				<ele>41.550660</ele>
			</trkpt>
			<trkpt lat="24.341317" lon="109.315125">
				<ele>41.509114</ele>
			</trkpt>
			<trkpt lat="24.341265" lon="109.314988">
				<ele>41.465999</ele>
			</trkpt>
			<trkpt lat="24.341210" lon="109.314853">
				<ele>41.421358</ele>
			</trkpt>
			<trkpt lat="24.341150" lon="109.314721">
				<ele>41.375238</ele>
			</trkpt>
			<trkpt lat="24.341087" lon="109.314590">
				<ele>41.327688</ele>
			</trkpt>
			<trkpt lat="24.341020" lon="109.314461">
				<ele>41.278756</ele>
			</trkpt>
			<trkpt lat="24.340949" lon="109.314335">
				<ele>41.228493</ele>
			</trkpt>
			<trkpt lat="24.340875" lon="109.314212">
				<ele>41.176952</ele>
			</trkpt>
			<trkpt lat="24.340797" lon="109.314091">
				<ele>41.124186</ele>
			</trkpt>
			<trkpt lat="24.340715" lon="109.313973">
				<ele>41.070251</ele>
			</trkpt>
			<trkpt lat="24.340631" lon="109.313858">
				<ele>41.015202</ele>
			</trkpt>
			<trkpt lat="24.340543" lon="109.313745">
				<ele>40.959097</ele>
			</trkpt>
			<trkpt lat="24.340451" lon="109.313636">
				<ele>40.901994</ele>
			</trkpt>
			<trkpt lat="24.340357" lon="109.313531">
				<ele>40.843953</ele>
			</trkpt>
			<trkpt lat="24.340260" lon="109.313428">
				<ele>40.785033</ele>
			</trkpt>
			<trkpt lat="24.340159" lon="109.313329">
				<ele>40.725297</ele>
			</trkpt>
			<trkpt lat="24.340056" lon="109.313234">
				<ele>40.664805</ele>
			</trkpt>
			<trkpt lat="24.339950" lon="109.313142">
				<ele>40.603623</ele>
			</trkpt>
			<trkpt lat="24.339842" lon="109.313054">
				<ele>40.541812</ele>
			</trkpt>
			<trkpt lat="24.339731" lon="109.312970">
				<ele>40.479437</ele>
			</trkpt>
			<trkpt lat="24.339617" lon="109.312890">
				<ele>40.416563</ele>
			</trkpt>
			<trkpt lat="24.339502" lon="109.312813">
				<ele>40.353256</ele>
			</trkpt>
			<trkpt lat="24.339384" lon="109.312741">
				<ele>40.289582</ele>
			</trkpt>
			<trkpt lat="24.339264" lon="109.312673">
				<ele>40.225606</ele>
			</trkpt>
			<trkpt lat="24.339143" lon="109.312609">
				<ele>40.161395</ele>
			</trkpt>
			<trkpt lat="24.339019" lon="109.312550">
				<ele>40.097017</ele>
			</trkpt>
			<trkpt lat="24.338894" lon="109.312495">
				<ele>40.032537</ele>
			</trkpt>
			<trkpt lat="24.338767" lon="109.312444">
				<ele>39.968024</ele>
			</trkpt>
			<trkpt lat="24.338639" lon="109.312398">
				<ele>39.903544</ele>
			</trkpt>
			<trkpt lat="24.338510" lon="109.312356">
				<ele>39.839164</ele>
			</trkpt>
			<trkpt lat="24.338379" lon="109.312319">
				<ele>39.774952</ele>
			</trkpt>
			<trkpt lat="24.338247" lon="109.312286">
				<ele>39.710974</ele>
			</trkpt>
			<trkpt lat="24.338115" lon="109.312258">
				<ele>39.647296</ele>
			</trkpt>
			<trkpt lat="24.337982" lon="109.312235">
				<ele>39.583986</ele>
			</trkpt>
			<trkpt lat="24.337848" lon="109.312216">
				<ele>39.521108</ele>
			</trkpt>
			<trkpt lat="24.337714" lon="109.312202">
				<ele>39.458729</ele>
			</trkpt>
			<trkpt lat="24.337579" lon="109.312193">
				<ele>39.396913</ele>
			</trkpt>
			<trkpt lat="24.337444" lon="109.312188">
				<ele>39.335724</ele>
			</trkpt>
			<trkpt lat="24.337309" lon="109.312188">
				<ele>39.275227</ele>
			</trkpt>
			<trkpt lat="24.337175" lon="109.312193">
				<ele>39.215483</ele>
			</trkpt>
			<trkpt lat="24.337040" lon="109.312202">
				<ele>39.156556</ele>
			</trkpt>
			<trkpt lat="24.336906" lon="109.312217">
				<ele>39.098507</ele>
			</trkpt>
			<trkpt lat="24.336772" lon="109.312235">
				<ele>39.041395</ele>
			</trkpt>
			<trkpt lat="24.336639" lon="109.312259">
				<ele>38.985281</ele>
			</trkpt>
			<trkpt lat="24.336506" lon="109.312287">
				<ele>38.930223</ele>
			</trkpt>
			<trkpt lat="24.336375" lon="109.312320">
				<ele>38.876278</ele>
			</trkpt>
			<trkpt lat="24.336244" lon="109.312357">
				<ele>38.823502</ele>
			</trkpt>
			<trkpt lat="24.336115" lon="109.312399">
				<ele>38.771950</ele>
			</trkpt>
			<trkpt lat="24.335987" lon="109.312446">
				<ele>38.721676</ele>
			</trkpt>
			<trkpt lat="24.335860" lon="109.312497">
				<ele>38.672732</ele>
			</trkpt>
			<trkpt lat="24.335735" lon="109.312552">
				<ele>38.625169</ele>
			</trkpt>
			<trkpt lat="24.335612" lon="109.312612">
				<ele>38.579037</ele>
			</trkpt>
			<trkpt lat="24.335490" lon="109.312676">
				<ele>38.534383</ele>
			</trkpt>
			<trkpt lat="24.335370" lon="109.312744">
				<ele>38.491254</ele>
			</trkpt>
			<trkpt lat="24.335252" lon="109.312816">
				<ele>38.449695</ele>
			</trkpt>
			<trkpt lat="24.335137" lon="109.312893">
				<ele>38.409749</ele>
			</trkpt>
			<trkpt lat="24.335024" lon="109.312973">
				<ele>38.371458</ele>
			</trkpt>
			<trkpt lat="24.334913" lon="109.313057">
				<ele>38.334861</ele>
			</trkpt>
			<trkpt lat="24.334804" lon="109.313145">
				<ele>38.299996</ele>
			</trkpt>
			<trkpt lat="24.334699" lon="109.313237">
				<ele>38.266901</ele>
			</trkpt>
			<trkpt lat="24.334596" lon="109.313333">
				<ele>38.235609</ele>
			</trkpt>
			<trkpt lat="24.334495" lon="109.313432">
				<ele>38.206152</ele>
			</trkpt>
			<trkpt lat="24.334398" lon="109.313535">
				<ele>38.178562</ele>
			</trkpt>
			<trkpt lat="24.334304" lon="109.313640">
				<ele>38.152868</ele>
			</trkpt>
			<trkpt lat="24.334213" lon="109.313750">
				<ele>38.129095</ele>
			</trkpt>
			<trkpt lat="24.334125" lon="109.313862">
				<ele>38.107269</ele>
			</trkpt>
			<trkpt lat="24.334040" lon="109.313977">
				<ele>38.087412</ele>
			</trkpt>
			<trkpt lat="24.333959" lon="109.314095">
				<ele>38.069546</ele>
			</trkpt>
			<trkpt lat="24.333881" lon="109.314216">
				<ele>38.053687</ele>
			</trkpt>
			<trkpt lat="24.333807" lon="109.314340">
				<ele>38.039854</ele>
			</trkpt>
			<trkpt lat="24.333736" lon="109.314466">
				<ele>38.028061</ele>
			</trkpt>
			<trkpt lat="24.333669" lon="109.314595">
				<ele>38.018319</ele>
			</trkpt>
			<trkpt lat="24.333606" lon="109.314725">
				<ele>38.010640</ele>
			</trkpt>
			<trkpt lat="24.333547" lon="109.314858">
				<ele>38.005030</ele>
			</trkpt>
			<trkpt lat="24.333492" lon="109.314993">
				<ele>38.001496</ele>
			</trkpt>
			<trkpt lat="24.333440" lon="109.315130">
				<ele>38.000041</ele>
			</trkpt>
			<trkpt lat="24.333393" lon="109.315269">
				<ele>38.000668</ele>
			</trkpt>
			<trkpt lat="24.333349" lon="109.315409">
				<ele>38.003374</ele>
			</trkpt>
			<trkpt lat="24.333310" lon="109.315551">
				<ele>38.008158</ele>
			</trkpt>
			<trkpt lat="24.333275" lon="109.315694">
				<ele>38.015015</ele>
			</trkpt>
			<trkpt lat="24.333244" lon="109.315838">
				<ele>38.023937</ele>
			</trkpt>
			<trkpt lat="24.333217" lon="109.315983">
				<ele>38.034915</ele>
			</trkpt>
			<trkpt lat="24.333194" lon="109.316129">
				<ele>38.047937</ele>
			</trkpt>
			<trkpt lat="24.333176" lon="109.316275">
				<ele>38.062991</ele>
			</trkpt>
			<trkpt lat="24.333162" lon="109.316423">
				<ele>38.080060</ele>
			</trkpt>
			<trkpt lat="24.333152" lon="109.316570">
				<ele>38.099127</ele>
			</trkpt>
			<trkpt lat="24.333146" lon="109.316718">
				<ele>38.120172</ele>
			</trkpt>
			<trkpt lat="24.333145" lon="109.316866">
				<ele>38.143173</ele>
			</trkpt>
			<trkpt lat="24.333148" lon="109.317014">
				<ele>38.168106</ele>
			</trkpt>
			<trkpt lat="24.333156" lon="109.317162">
				<ele>38.194944</ele>
			</trkpt>
			<trkpt lat="24.333167" lon="109.317310">
				<ele>38.223661</ele>
			</trkpt>
			<trkpt lat="24.333183" lon="109.317457">
				<ele>38.254226</ele>
			</trkpt>
			<trkpt lat="24.333203" lon="109.317603">
				<ele>38.286608</ele>
			</trkpt>
			<trkpt lat="24.333228" lon="109.317749">
				<ele>38.320773</ele>
			</trkpt>
			<trkpt lat="24.333256" lon="109.317893">
				<ele>38.356684</ele>
			</trkpt>
			<trkpt lat="24.333289" lon="109.318037">
				<ele>38.394306</ele>
			</trkpt>
			<trkpt lat="24.333326" lon="109.318179">
				<ele>38.433598</ele>
			</trkpt>
			<trkpt lat="24.333367" lon="109.318320">
				<ele>38.474520</ele>
			</trkpt>
			<trkpt lat="24.333413" lon="109.318460">
				<ele>38.517029</ele>
			</trkpt>
			<trkpt lat="24.333462" lon="109.318598">
				<ele>38.561082</ele>
			</trkpt>
			<trkpt lat="24.333515" lon="109.318734">
				<ele>38.606631</ele>
			</trkpt>
			<trkpt lat="24.333572" lon="109.318868">
				<ele>38.653630</ele>
			</trkpt>
			<trkpt lat="24.333633" lon="109.319000">
				<ele>38.702031</ele>
			</trkpt>
			<trkpt lat="24.333698" lon="109.319130">
				<ele>38.751781</ele>
			</trkpt>
			<trkpt lat="24.333766" lon="109.319257">
				<ele>38.802831</ele>
			</trkpt>
			<trkpt lat="24.333838" lon="109.319382">
				<ele>38.855126</ele>
			</trkpt>
			<trkpt lat="24.333914" lon="109.319505">
				<ele>38.908612</ele>
			</trkpt>
			<trkpt lat="24.333993" lon="109.319625">
				<ele>38.963234</ele>
			</trkpt>
			<trkpt lat="24.334076" lon="109.319742">
				<ele>39.018935</ele>
			</trkpt>
			<trkpt lat="24.334162" lon="109.319856">
				<ele>39.075656</ele>
			</trkpt>
			<trkpt lat="24.334251" lon="109.319967">
				<ele>39.133340</ele>
			</trkpt>
			<trkpt lat="24.334344" lon="109.320074">
				<ele>39.191925</ele>
			</trkpt>
			<trkpt lat="24.334439" lon="109.320179">
				<ele>39.251351</ele>
			</trkpt>
			<trkpt lat="24.334538" lon="109.320280">
				<ele>39.311555</ele>
			</trkpt>
			<trkpt lat="24.334639" lon="109.320378">
				<ele>39.372476</ele>
			</trkpt>
			<trkpt lat="24.334744" lon="109.320472">
				<ele>39.434050</ele>
			</trkpt>
			<trkpt lat="24.334850" lon="109.320562">
				<ele>39.496213</ele>
			</trkpt>
			<trkpt lat="24.334960" lon="109.320648">
				<ele>39.558900</ele>
			</trkpt>
			<trkpt lat="24.335072" lon="109.320731">
				<ele>39.622046</ele>
			</trkpt>
			<trkpt lat="24.335186" lon="109.320810">
				<ele>39.685586</ele>
			</trkpt>
			<trkpt lat="24.335303" lon="109.320884">
				<ele>39.749452</ele>
			</trkpt>
			<trkpt lat="24.335421" lon="109.320955">
				<ele>39.813579</ele>
			</trkpt>
			<trkpt lat="24.335542" lon="109.321021">
				<ele>39.877900</ele>
			</trkpt>
			<trkpt lat="24.335664" lon="109.321083">
				<ele>39.942348</ele>
			</trkpt>
			<trkpt lat="24.335788" lon="109.321141">
				<ele>40.006857</ele>
			</trkpt>
			<trkpt lat="24.335914" lon="109.321195">
				<ele>40.071358</ele>
			</trkpt>
			<trkpt lat="24.336042" lon="109.321244">
				<ele>40.135784</ele>
			</trkpt>
			<trkpt lat="24.336170" lon="109.321288">
				<ele>40.200070</ele>
			</trkpt>
			<trkpt lat="24.336300" lon="109.321328">
				<ele>40.264147</ele>
			</trkpt>
			<trkpt lat="24.336431" lon="109.321364">
				<ele>40.327950</ele>
			</trkpt>
			<trkpt lat="24.336563" lon="109.321395">
				<ele>40.391411</ele>
			</trkpt>
			<trkpt lat="24.336696" lon="109.321421">
				<ele>40.454465</ele>
			</trkpt>
			<trkpt lat="24.336829" lon="109.321442">
				<ele>40.517046</ele>
			</trkpt>
			<trkpt lat="24.336963" lon="109.321459">
				<ele>40.579089</ele>
			</trkpt>
			<trkpt lat="24.337098" lon="109.321471">
				<ele>40.640530</ele>
			</trkpt>
			<trkpt lat="24.337232" lon="109.321479">
				<ele>40.701304</ele>
			</trkpt>
			<trkpt lat="24.337367" lon="109.321482">
				<ele>40.761348</ele>
			</trkpt>
			<trkpt lat="24.337502" lon="109.321480">
				<ele>40.820600</ele>
			</trkpt>
			<trkpt lat="24.337637" lon="109.321473">
				<ele>40.878999</ele>
			</trkpt>
			<trkpt lat="24.337771" lon="109.321462">
				<ele>40.936482</ele>
			</trkpt>
			<trkpt lat="24.337905" lon="109.321446">
				<ele>40.992992</ele>
			</trkpt>
			<trkpt lat="24.338039" lon="109.321425">
				<ele>41.048468</ele>
			</trkpt>
			<trkpt lat="24.338172" lon="109.321400">
				<ele>41.102853</ele>
			</trkpt>
			<trkpt lat="24.338304" lon="109.321370">
				<ele>41.156091</ele>
			</trkpt>
			<trkpt lat="24.338435" lon="109.321335">
				<ele>41.208126</ele>
			</trkpt>
			<trkpt lat="24.338565" lon="109.321296">
				<ele>41.258904</ele>
			</trkpt>
			<trkpt lat="24.338694" lon="109.321252">
				<ele>41.308372</ele>
			</trkpt>
			<trkpt lat="24.338822" lon="109.321204">
				<ele>41.356478</ele>
			</trkpt>
			<trkpt lat="24.338948" lon="109.321151">
				<ele>41.403174</ele>
			</trkpt>
			<trkpt lat="24.339072" lon="109.321094">
				<ele>41.448409</ele>
			</trkpt>
			<trkpt lat="24.339195" lon="109.321033">
				<ele>41.492137</ele>
			</trkpt>
			<trkpt lat="24.339316" lon="109.320967">
				<ele>41.534312</ele>
			</trkpt>
			<trkpt lat="24.339435" lon="109.320897">
				<ele>41.574892</ele>
			</trkpt>
			<trkpt lat="24.339552" lon="109.320824">
				<ele>41.613832</ele>
			</trkpt>
			<trkpt lat="24.339666" lon="109.320746">
				<ele>41.651093</ele>
			</trkpt>
			<trkpt lat="24.339779" lon="109.320664">
				<ele>41.686637</ele>
			</trkpt>
			<trkpt lat="24.339889" lon="109.320578">
				<ele>41.720425</ele>
			</trkpt>
			<trkpt lat="24.339996" lon="109.320488">
				<ele>41.752423</ele>
			</trkpt>
			<trkpt lat="24.340101" lon="109.320395">
				<ele>41.782598</ele>
			</trkpt>
			<trkpt lat="24.340203" lon="109.320298">
				<ele>41.810919</ele>
			</trkpt>
			<trkpt lat="24.340302" lon="109.320197">
				<ele>41.837354</ele>
			</trkpt>
			<trkpt lat="24.340398" lon="109.320094">
				<ele>41.861879</ele>
			</trkpt>
			<trkpt lat="24.340491" lon="109.319986">
				<ele>41.884466</ele>
			</trkpt>
			<trkpt lat="24.340581" lon="109.319876">
				<ele>41.905092</ele>
			</trkpt>
			<trkpt lat="24.340667" lon="109.319762">
				<ele>41.923736</ele>
			</trkpt>
			<trkpt lat="24.340751" lon="109.319646">
				<ele>41.940378</ele>
			</trkpt>
			<trkpt lat="24.340831" lon="109.319527">
				<ele>41.955001</ele>
			</trkpt>
			<trkpt lat="24.340907" lon="109.319405">
				<ele>41.967590</ele>
			</trkpt>
			<trkpt lat="24.340980" lon="109.319280">
				<ele>41.978132</ele>
			</trkpt>
			<trkpt lat="24.341049" lon="109.319153">
				<ele>41.986616</ele>
			</trkpt>
			<trkpt lat="24.341114" lon="109.319024">
				<ele>41.993032</ele>
			</trkpt>
			<trkpt lat="24.341176" lon="109.318892">
				<ele>41.997375</ele>
			</trkpt>
			<trkpt lat="24.341234" lon="109.318758">
				<ele>41.999640</ele>
			</trkpt>
			<trkpt lat="24.341288" lon="109.318622">
				<ele>41.999824</ele>
			</trkpt>
			<trkpt lat="24.341338" lon="109.318485">
				<ele>41.997927</ele>
			</trkpt>
			<trkpt lat="24.341383" lon="109.318346">
				<ele>41.993951</ele>
			</trkpt>
			<trkpt lat="24.341425" lon="109.318205">
				<ele>41.987901</ele>
			</trkpt>
			<trkpt lat="24.341463" lon="109.318063">
				<ele>41.979782</ele>
			</trkpt>
			<trkpt lat="24.341497" lon="109.317919">
				<ele>41.969604</ele>
			</trkpt>
			<trkpt lat="24.341526" lon="109.317775">
				<ele>41.957375</ele>
			</trkpt>
			<trkpt lat="24.341551" lon="109.317629">
				<ele>41.943111</ele>
			</trkpt>
			<trkpt lat="24.341572" lon="109.317483">
				<ele>41.926824</ele>
			</trkpt>
			<trkpt lat="24.341589" lon="109.317336">
				<ele>41.908533</ele>
			</trkpt>
			<trkpt lat="24.341601" lon="109.317189">
				<ele>41.888256</ele>
			</trkpt>
			<trkpt lat="24.341609" lon="109.317041">
				<ele>41.866014</ele>
			</trkpt>
			<trkpt lat="24.341613" lon="109.316893">
				<ele>41.841831</ele>
			</trkpt>
			<trkpt lat="24.341613" lon="109.316745">
				<ele>41.815731</ele>
			</trkpt>
			<trkpt lat="24.341608" lon="109.316597">
				<ele>41.787742</ele>
			</trkpt>
			<trkpt lat="24.341599" lon="109.316449">
				<ele>41.757893</ele>
			</trkpt>
			<trkpt lat="24.341586" lon="109.316302">
				<ele>41.726214</ele>
			</trkpt>
			<trkpt lat="24.341568" lon="109.316155">
				<ele>41.692740</ele>
			</trkpt>
			<trkpt lat="24.341546" lon="109.316009">
				<ele>41.657504</ele>
			</trkpt>
			<trkpt lat="24.341520" lon="109.315864">
				<ele>41.620544</ele>
			</trkpt>
			<trkpt lat="24.341490" lon="109.315720">
				<ele>41.581897</ele>
			</trkpt>
			<trkpt lat="24.341455" lon="109.315576">
				<ele>41.541605</ele>
			</trkpt>
			<trkpt lat="24.341417" lon="109.315435">
				<ele>41.499709</ele>
			</trkpt>
			<trkpt lat="24.341374" lon="109.315294">
				<ele>41.456252</ele>
			</trkpt>
			<trkpt lat="24.341327" lon="109.315155">
				<ele>41.411280</ele>
			</trkpt>
			<trkpt lat="24.341277" lon="109.315018">
				<ele>41.364839</ele>
			</trkpt>
			<trkpt lat="24.341222" lon="109.314883">
				<ele>41.316978</ele>
			</trkpt>
			<trkpt lat="24.341163" lon="109.314749">
				<ele>41.267747</ele>
			</trkpt>
			<trkpt lat="24.341101" lon="109.314618">
				<ele>41.217197</ele>
			</trkpt>
			<trkpt lat="24.341035" lon="109.314489">
				<ele>41.165381</ele>
			</trkpt>
			<trkpt lat="24.340965" lon="109.314363">
				<ele>41.112352</ele>
			</trkpt>
			<trkpt lat="24.340891" lon="109.314238">
				<ele>41.058165</ele>
			</trkpt>
			<trkpt lat="24.340814" lon="109.314117">
				<ele>41.002878</ele>
			</trkpt>
			<trkpt lat="24.340734" lon="109.313998">
				<ele>40.946547</ele>
			</trkpt>
			<trkpt lat="24.340649" lon="109.313882">
				<ele>40.889231</ele>
			</trkpt>
			<trkpt lat="24.340562" lon="109.313770">
				<ele>40.830990</ele>
			</trkpt>
			<trkpt lat="24.340472" lon="109.313660">
				<ele>40.771884</ele>
			</trkpt>
			<trkpt lat="24.340378" lon="109.313553">
				<ele>40.711975</ele>
			</trkpt>
			<trkpt lat="24.340281" lon="109.313450">
				<ele>40.651326</ele>
			</trkpt>
			<trkpt lat="24.340181" lon="109.313351">
				<ele>40.589998</ele>
			</trkpt>
			<trkpt lat="24.340079" lon="109.313254">
				<ele>40.528057</ele>
			</trkpt>
			<trkpt lat="24.339974" lon="109.313162">
				<ele>40.465566</ele>
			</trkpt>
			<trkpt lat="24.339866" lon="109.313073">
				<ele>40.402591</ele>
			</trkpt>
			<trkpt lat="24.339755" lon="109.312988">
				<ele>40.339197</ele>
			</trkpt>
			<trkpt lat="24.339642" lon="109.312907">
				<ele>40.275450</ele>
			</trkpt>
			<trkpt lat="24.339527" lon="109.312830">
				<ele>40.211417</ele>
			</trkpt>
			<trkpt lat="24.339410" lon="109.312757">
				<ele>40.147163</ele>
			</trkpt>
			<trkpt lat="24.339291" lon="109.312688">
				<ele>40.082757</ele>
			</trkpt>
			<trkpt lat="24.339169" lon="109.312623">
				<ele>40.018264</ele>
			</trkpt>
			<trkpt lat="24.339046" lon="109.312563">
				<ele>39.953752</ele>
			</trkpt>
			<trkpt lat="24.338921" lon="109.312506">
				<ele>39.889289</ele>
			</trkpt>
			<trkpt lat="24.338795" lon="109.312455">
				<ele>39.824940</ele>
			</trkpt>
			<trkpt lat="24.338667" lon="109.312407">
				<ele>39.760774</ele>
			</trkpt>
			<trkpt lat="24.338538" lon="109.312365">
				<ele>39.696856</ele>
			</trkpt>
			<trkpt lat="24.338408" lon="109.312326">
				<ele>39.633254</ele>
			</trkpt>
			<trkpt lat="24.338276" lon="109.312293">
				<ele>39.570034</ele>
			</trkpt>
			<trkpt lat="24.338144" lon="109.312264">
				<ele>39.507261</ele>
			</trkpt>
			<trkpt lat="24.338011" lon="109.312239">
				<ele>39.445001</ele>
			</trkpt>
			<trkpt lat="24.337877" lon="109.312220">
				<ele>39.383318</ele>
			</trkpt>
			<trkpt lat="24.337743" lon="109.312205">
				<ele>39.322277</ele>
			</trkpt>
			<trkpt lat="24.337608" lon="109.312194">
				<ele>39.261941</ele>
			</trkpt>
			<trkpt lat="24.337474" lon="109.312189">
				<ele>39.202373</ele>
			</trkpt>
			<trkpt lat="24.337339" lon="109.312188">
				<ele>39.143635</ele>
			</trkpt>
			<trkpt lat="24.337204" lon="109.312191">
				<ele>39.085788</ele>
			</trkpt>
			<trkpt lat="24.337069" lon="109.312200">
				<ele>39.028892</ele>
			</trkpt>
			<trkpt lat="24.336935" lon="109.312213">
				<ele>38.973006</ele>
			</trkpt>
			<trkpt lat="24.336801" lon="109.312231">
				<ele>38.918189</ele>
			</trkpt>
			<trkpt lat="24.336668" lon="109.312253">
				<ele>38.864498</ele>
			</trkpt>
			<trkpt lat="24.336535" lon="109.312281">
				<ele>38.811988</ele>
			</trkpt>
			<trkpt lat="24.336403" lon="109.312312">
				<ele>38.760715</ele>
			</trkpt>
			<trkpt lat="24.336273" lon="109.312349">
				<ele>38.710731</ele>
			</trkpt>
			<trkpt lat="24.336143" lon="109.312390">
				<ele>38.662088</ele>
			</trkpt>
			<trkpt lat="24.336015" lon="109.312435">
				<ele>38.614837</ele>
			</trkpt>
			<trkpt lat="24.335888" lon="109.312485">
				<ele>38.569028</ele>
			</trkpt>
			<trkpt lat="24.335762" lon="109.312540">
				<ele>38.524708</ele>
			</trkpt>
			<trkpt lat="24.335638" lon="109.312598">
				<ele>38.481922</ele>
			</trkpt>
			<trkpt lat="24.335516" lon="109.312661">
				<ele>38.440716</ele>
			</trkpt>
			<trkpt lat="24.335396" lon="109.312729">
				<ele>38.401133</ele>
			</trkpt>
			<trkpt lat="24.335278" lon="109.312800">
				<ele>38.363213</ele>
			</trkpt>
			<trkpt lat="24.335162" lon="109.312876">
				<ele>38.326996</ele>
			</trkpt>
			<trkpt lat="24.335048" lon="109.312955">
				<ele>38.292520</ele>
			</trkpt>
			<trkpt lat="24.334937" lon="109.313039">
				<ele>38.259821</ele>
			</trkpt>
			<trkpt lat="24.334828" lon="109.313126">
				<ele>38.228932</ele>
			</trkpt>
			<trkpt lat="24.334721" lon="109.313217">
				<ele>38.199886</ele>
			</trkpt>
			<trkpt lat="24.334618" lon="109.313312">
				<ele>38.172713</ele>
			</trkpt>
			<trkpt lat="24.334517" lon="109.313410">
				<ele>38.147441</ele>
			</trkpt>
			<trkpt lat="24.334419" lon="109.313512">
				<ele>38.124097</ele>
			</trkpt>
			<trkpt lat="24.334324" lon="109.313617">
				<ele>38.102705</ele>
			</trkpt>
			<trkpt lat="24.334232" lon="109.313726">
				<ele>38.083287</ele>
			</trkpt>
			<trkpt lat="24.334144" lon="109.313837">
				<ele>38.065863</ele>
			</trkpt>
			<trkpt lat="24.334058" lon="109.313952">
				<ele>38.050452</ele>
			</trkpt>
			<trkpt lat="24.333976" lon="109.314069">
				<ele>38.037069</ele>
			</trkpt>
			<trkpt lat="24.333898" lon="109.314190">
				<ele>38.025729</ele>
			</trkpt>
			<trkpt lat="24.333823" lon="109.314313">
				<ele>38.016442</ele>
			</trkpt>
			<trkpt lat="24.333751" lon="109.314438">
				<ele>38.009220</ele>
			</trkpt>
			<trkpt lat="24.333684" lon="109.314566">
				<ele>38.004069</ele>
			</trkpt>
			<trkpt lat="24.333620" lon="109.314697">
				<ele>38.000995</ele>
			</trkpt>
			<trkpt lat="24.333560" lon="109.314829">
				<ele>38.000001</ele>
			</trkpt>
			<trkpt lat="24.333503" lon="109.314964">
				<ele>38.001087</ele>
			</trkpt>
			<trkpt lat="24.333451" lon="109.315100">
				<ele>38.004254</ele>
			</trkpt>
			<trkpt lat="24.333403" lon="109.315239">
				<ele>38.009497</ele>
			</trkpt>
			<trkpt lat="24.333358" lon="109.315378">
				<ele>38.016811</ele>
			</trkpt>
			<trkpt lat="24.333318" lon="109.315520">
				<ele>38.026189</ele>
			</trkpt>
			<trkpt lat="24.333282" lon="109.315662">
				<ele>38.037620</ele>
			</trkpt>
			<trkpt lat="24.333250" lon="109.315806">
				<ele>38.051094</ele>
			</trkpt>
			<trkpt lat="24.333222" lon="109.315951">
				<ele>38.066595</ele>
			</trkpt>
			<trkpt lat="24.333199" lon="109.316097">
				<ele>38.084108</ele>
			</trkpt>
			<trkpt lat="24.333180" lon="109.316243">
				<ele>38.103614</ele>
			</trkpt>
			<trkpt lat="24.333165" lon="109.316390">
				<ele>38.125093</ele>
			</trkpt>
			<trkpt lat="24.333154" lon="109.316538">
				<ele>38.148524</ele>
			</trkpt>
			<trkpt lat="24.333147" lon="109.316686">
				<ele>38.173880</ele>
			</trkpt>
			<trkpt lat="24.333145" lon="109.316834">
				<ele>38.201137</ele>
			</trkpt>
			<trkpt lat="24.333147" lon="109.316982">
				<ele>38.230266</ele>
			</trkpt>
			<trkpt lat="24.333154" lon="109.317130">
				<ele>38.261236</ele>
			</trkpt>
			<trkpt lat="24.333164" lon="109.317277">
				<ele>38.294015</ele>
			</trkpt>
			<trkpt lat="24.333179" lon="109.317425">
				<ele>38.328569</ele>
			</trkpt>
			<trkpt lat="24.333199" lon="109.317571">
				<ele>38.364862</ele>
			</trkpt>
			<trkpt lat="24.333222" lon="109.317717">
				<ele>38.402857</ele>
			</trkpt>
			<trkpt lat="24.333250" lon="109.317862">
				<ele>38.442513</ele>
			</trkpt>
			<trkpt lat="24.333282" lon="109.318006">
				<ele>38.483790</ele>
			</trkpt>
			<trkpt lat="24.333318" lon="109.318148">
				<ele>38.526645</ele>
			</trkpt>
			<trkpt lat="24.333358" lon="109.318290">
				<ele>38.571032</ele>
			</trkpt>
			<trkpt lat="24.333402" lon="109.318429">
				<ele>38.616907</ele>
			</trkpt>
			<trkpt lat="24.333451" lon="109.318568">
				<ele>38.664220</ele>
			</trkpt>
			<trkpt lat="24.333503" lon="109.318704">
				<ele>38.712924</ele>
			</trkpt>
			<trkpt lat="24.333559" lon="109.318839">
				<ele>38.762966</ele>
			</trkpt>
			<trkpt lat="24.333619" lon="109.318971">
				<ele>38.814296</ele>
			</trkpt>
			<trkpt lat="24.333683" lon="109.319102">
				<ele>38.866859</ele>
			</trkpt>
			<trkpt lat="24.333751" lon="109.319230">
				<ele>38.920602</ele>
			</trkpt>
			<trkpt lat="24.333822" lon="109.319355">
				<ele>38.975467</ele>
			</trkpt>
			<trkpt lat="24.333897" lon="109.319478">
				<ele>39.031399</ele>
			</trkpt>
			<trkpt lat="24.333976" lon="109.319599">
				<ele>39.088338</ele>
			</trkpt>
			<trkpt lat="24.334058" lon="109.319716">
				<ele>39.146226</ele>
			</trkpt>
			<trkpt lat="24.334143" lon="109.319831">
				<ele>39.205003</ele>
			</trkpt>
			<trkpt lat="24.334232" lon="109.319943">
				<ele>39.264606</ele>
			</trkpt>
			<trkpt lat="24.334323" lon="109.320051">
				<ele>39.324975</ele>
			</trkpt>
			<trkpt lat="24.334418" lon="109.320156">
				<ele>39.386046</ele>
			</trkpt>
			<trkpt lat="24.334516" lon="109.320258">
				<ele>39.447756</ele>
			</trkpt>
			<trkpt lat="24.334617" lon="109.320357">
				<ele>39.510040</ele>
			</trkpt>
			<trkpt lat="24.334721" lon="109.320451">
				<ele>39.572834</ele>
			</trkpt>
			<trkpt lat="24.334827" lon="109.320542">
				<ele>39.636073</ele>
			</trkpt>
			<trkpt lat="24.334936" lon="109.320630">
				<ele>39.699691</ele>
			</trkpt>
			<trkpt lat="24.335047" lon="109.320713">
				<ele>39.763620</ele>
			</trkpt>
			<trkpt lat="24.335161" lon="109.320793">
				<ele>39.827796</ele>
			</trkpt>
			<trkpt lat="24.335277" lon="109.320868">
				<ele>39.892151</ele>
			</trkpt>
			<trkpt lat="24.335395" lon="109.320940">
				<ele>39.956618</ele>
			</trkpt>
			<trkpt lat="24.335515" lon="109.321007">
				<ele>40.021131</ele>
			</trkpt>
			<trkpt lat="24.335637" lon="109.321070">
				<ele>40.085621</ele>
			</trkpt>
			<trkpt lat="24.335761" lon="109.321129">
				<ele>40.150022</ele>
			</trkpt>
			<trkpt lat="24.335887" lon="109.321183">
				<ele>40.214268</ele>
			</trkpt>
			<trkpt lat="24.336014" lon="109.321233">
				<ele>40.278290</ele>
			</trkpt>
			<trkpt lat="24.336142" lon="109.321279">
				<ele>40.342022</ele>
			</trkpt>
			<trkpt lat="24.336272" lon="109.321320">
				<ele>40.405399</ele>
			</trkpt>
			<trkpt lat="24.336402" lon="109.321356">
				<ele>40.468354</ele>
			</trkpt>
			<trkpt lat="24.336534" lon="109.321388">
				<ele>40.530822</ele>
			</trkpt>
			<trkpt lat="24.336667" lon="109.321415">
				<ele>40.592737</ele>
			</trkpt>
			<trkpt lat="24.336800" lon="109.321438">
				<ele>40.654036</ele>
			</trkpt>
			<trkpt lat="24.336934" lon="109.321456">
				<ele>40.714654</ele>
			</trkpt>
			<trkpt lat="24.337068" lon="109.321469">
				<ele>40.774528</ele>
			</trkpt>
			<trkpt lat="24.337203" lon="109.321478">
				<ele>40.833597</ele>
			</trkpt>
			<trkpt lat="24.337338" lon="109.321482">
				<ele>40.891798</ele>
			</trkpt>
			<trkpt lat="24.337473" lon="109.321481">
				<ele>40.949072</ele>
			</trkpt>
			<trkpt lat="24.337607" lon="109.321475">
				<ele>41.005357</ele>
			</trkpt>
			<trkpt lat="24.337742" lon="109.321465">
				<ele>41.060597</ele>
			</trkpt>
			<trkpt lat="24.337876" lon="109.321450">
				<ele>41.114733</ele>
			</trkpt>
			<trkpt lat="24.338010" lon="109.321430">
				<ele>41.167710</ele>
			</trkpt>
			<trkpt lat="24.338143" lon="109.321406">
				<ele>41.219471</ele>
			</trkpt>
			<trkpt lat="24.338275" lon="109.321377">
				<ele>41.269964</ele>
			</trkpt>
			<trkpt lat="24.338407" lon="109.321343">
				<ele>41.319135</ele>
			</trkpt>
			<trkpt lat="24.338537" lon="109.321305">
				<ele>41.366933</ele>
			</trkpt>
			<trkpt lat="24.338666" lon="109.321262">
				<ele>41.413310</ele>
			</trkpt>
			<trkpt lat="24.338794" lon="109.321215">
				<ele>41.458215</ele>
			</trkpt>
			<trkpt lat="24.338920" lon="109.321163">
				<ele>41.501604</ele>
			</trkpt>
			<trkpt lat="24.339045" lon="109.321107">
				<ele>41.543430</ele>
			</trkpt>
			<trkpt lat="24.339168" lon="109.321047">
				<ele>41.583650</ele>
			</trkpt>
			<trkpt lat="24.339290" lon="109.320982">
				<ele>41.622222</ele>
			</trkpt>
			<trkpt lat="24.339409" lon="109.320913">
				<ele>41.659107</ele>
			</trkpt>
			<trkpt lat="24.339526" lon="109.320840">
				<ele>41.694265</ele>
			</trkpt>
			<trkpt lat="24.339642" lon="109.320763">
				<ele>41.727660</ele>
			</trkpt>
			<trkpt lat="24.339754" lon="109.320682">
				<ele>41.759258</ele>
			</trkpt>
			<trkpt lat="24.339865" lon="109.320597">
				<ele>41.789025</ele>
			</trkpt>
			<trkpt lat="24.339973" lon="109.320508">
				<ele>41.816931</ele>
			</trkpt>
			<trkpt lat="24.340078" lon="109.320415">
				<ele>41.842946</ele>
			</trkpt>
			<trkpt lat="24.340181" lon="109.320319">
				<ele>41.867044</ele>
			</trkpt>
			<trkpt lat="24.340280" lon="109.320220">
				<ele>41.889199</ele>
			</trkpt>
			<trkpt lat="24.340377" lon="109.320116">
				<ele>41.909388</ele>
			</trkpt>
			<trkpt lat="24.340471" lon="109.320010">
				<ele>41.927591</ele>
			</trkpt>
			<trkpt lat="24.340561" lon="109.319900">
				<ele>41.943788</ele>
			</trkpt>
			<trkpt lat="24.340649" lon="109.319787">
				<ele>41.957962</ele>
			</trkpt>
			<trkpt lat="24.340733" lon="109.319672">
				<ele>41.970099</ele>
			</trkpt>
			<trkpt lat="24.340814" lon="109.319553">
				<ele>41.980187</ele>
			</trkpt>
			<trkpt lat="24.340891" lon="109.319432">
				<ele>41.988214</ele>
			</trkpt>
			<trkpt lat="24.340964" lon="109.319308">
				<ele>41.994172</ele>
			</trkpt>
			<trkpt lat="24.341034" lon="109.319181">
				<ele>41.998055</ele>
			</trkpt>
			<trkpt lat="24.341100" lon="109.319052">
				<ele>41.999860</ele>
			</trkpt>
			<trkpt lat="24.341163" lon="109.318921">
				<ele>41.999583</ele>
			</trkpt>
			<trkpt lat="24.341222" lon="109.318787">
				<ele>41.997226</ele>
			</trkpt>
			<trkpt lat="24.341276" lon="109.318652">
				<ele>41.992791</ele>
			</trkpt>
			<trkpt lat="24.341327" lon="109.318515">
				<ele>41.986283</ele>
			</trkpt>
			<trkpt lat="24.341374" lon="109.318376">
				<ele>41.977707</ele>
			</trkpt>
			<trkpt lat="24.341417" lon="109.318236">
				<ele>41.967074</ele>
			</trkpt>
			<trkpt lat="24.341455" lon="109.318094">
				<ele>41.954394</ele>
			</trkpt>
			<trkpt lat="24.341490" lon="109.317951">
				<ele>41.939681</ele>
			</trkpt>
			<trkpt lat="24.341520" lon="109.317806">
				<ele>41.922949</ele>
			</trkpt>
			<trkpt lat="24.341546" lon="109.317661">
				<ele>41.904217</ele>
			</trkpt>
			<trkpt lat="24.341568" lon="109.317515">
				<ele>41.883503</ele>
			</trkpt>
			<trkpt lat="24.341586" lon="109.317368">
				<ele>41.860830</ele>
			</trkpt>
			<trkpt lat="24.341599" lon="109.317221">
				<ele>41.836220</ele>
			</trkpt>
			<trkpt lat="24.341608" lon="109.317073">
				<ele>41.809700</ele>
			</trkpt>
			<trkpt lat="24.341613" lon="109.316925">
				<ele>41.781297</ele>
			</trkpt>
			<trkpt lat="24.341613" lon="109.316777">
				<ele>41.751040</ele>
			</trkpt>
			<trkpt lat="24.341609" lon="109.316629">
				<ele>41.718961</ele>
			</trkpt>
			<trkpt lat="24.341601" lon="109.316481">
				<ele>41.685094</ele>
			</trkpt>
			<trkpt lat="24.341589" lon="109.316334">
				<ele>41.649474</ele>
			</trkpt>
			<trkpt lat="24.341572" lon="109.316187">
				<ele>41.612137</ele>
			</trkpt>
			<trkpt lat="24.341551" lon="109.316041">
				<ele>41.573123</ele>
			</trkpt>
			<trkpt lat="24.341526" lon="109.315895">
				<ele>41.532472</ele>
			</trkpt>
			<trkpt lat="24.341497" lon="109.315751">
				<ele>41.490226</ele>
			</trkpt>
			<trkpt lat="24.341463" lon="109.315607">
				<ele>41.446430</ele>
			</trkpt>
			<trkpt lat="24.341426" lon="109.315465">
				<ele>41.401129</ele>
			</trkpt>
			<trkpt lat="24.341384" lon="109.315325">
				<ele>41.354370</ele>
			</trkpt>
			<trkpt lat="24.341338" lon="109.315185">
				<ele>41.306202</ele>
			</trkpt>
			<trkpt lat="24.341288" lon="109.315048">
				<ele>41.256675</ele>
			</trkpt>
			<trkpt lat="24.341234" lon="109.314912">
				<ele>41.205840</ele>
			</trkpt>
			<trkpt lat="24.341176" lon="109.314778">
				<ele>41.153750</ele>
			</trkpt>
			<trkpt lat="24.341115" lon="109.314647">
				<ele>41.100461</ele>
			</trkpt>
			<trkpt lat="24.341049" lon="109.314517">
				<ele>41.046026</ele>
			</trkpt>
			<trkpt lat="24.340980" lon="109.314390">
				<ele>40.990502</ele>
			</trkpt>
			<trkpt lat="24.340908" lon="109.314265">
				<ele>40.933948</ele>
			</trkpt>
			<trkpt lat="24.340831" lon="109.314143">
				<ele>40.876423</ele>
			</trkpt>
			<trkpt lat="24.340751" lon="109.314024">
				<ele>40.817985</ele>
			</trkpt>
			<trkpt lat="24.340668" lon="109.313907">
				<ele>40.758696</ele>
			</trkpt>
			<trkpt lat="24.340581" lon="109.313794">
				<ele>40.698618</ele>
			</trkpt>
			<trkpt lat="24.340492" lon="109.313684">
				<ele>40.637813</ele>
			</trkpt>
			<trkpt lat="24.340399" lon="109.313576">
				<ele>40.576344</ele>
			</trkpt>
			<trkpt lat="24.340302" lon="109.313472">
				<ele>40.514276</ele>
			</trkpt>
			<trkpt lat="24.340203" lon="109.313372">
				<ele>40.451672</ele>
			</trkpt>
			<trkpt lat="24.340101" lon="109.313275">
				<ele>40.388599</ele>
			</trkpt>
			<trkpt lat="24.339997" lon="109.313182">
				<ele>40.325121</ele>
			</trkpt>
			<trkpt lat="24.339889" lon="109.313092">
				<ele>40.261305</ele>
			</trkpt>
			<trkpt lat="24.339780" lon="109.313006">
				<ele>40.197217</ele>
			</trkpt>
			<trkpt lat="24.339667" lon="109.312924">
				<ele>40.132924</ele>
			</trkpt>
			<trkpt lat="24.339553" lon="109.312846">
				<ele>40.068492</ele>
			</trkpt>
			<trkpt lat="24.339436" lon="109.312772">
				<ele>40.003990</ele>
			</trkpt>
			<trkpt lat="24.339317" lon="109.312702">
				<ele>39.939483</ele>
			</trkpt>
			<trkpt lat="24.339196" lon="109.312637">
				<ele>39.875039</ele>
			</trkpt>
			<trkpt lat="24.339073" lon="109.312575">
				<ele>39.810725</ele>
			</trkpt>
			<trkpt lat="24.338949" lon="109.312518">
				<ele>39.746608</ele>
			</trkpt>
			<trkpt lat="24.338823" lon="109.312466">
				<ele>39.682755</ele>
			</trkpt>
			<trkpt lat="24.338695" lon="109.312417">
				<ele>39.619231</ele>
			</trkpt>
			<trkpt lat="24.338566" lon="109.312374">
				<ele>39.556104</ele>
			</trkpt>
			<trkpt lat="24.338436" lon="109.312334">
				<ele>39.493439</ele>
			</trkpt>
			<trkpt lat="24.338305" lon="109.312300">
				<ele>39.431301</ele>
			</trkpt>
			<trkpt lat="24.338173" lon="109.312270">
				<ele>39.369755</ele>
			</trkpt>
			<trkpt lat="24.338040" lon="109.312244">
				<ele>39.308864</ele>
			</trkpt>
			<trkpt lat="24.337906" lon="109.312223">
				<ele>39.248693</ele>
			</trkpt>
			<trkpt lat="24.337772" lon="109.312207">
				<ele>39.189303</ele>
			</trkpt>
			<trkpt lat="24.337638" lon="109.312196">
				<ele>39.130757</ele>
			</trkpt>
			<trkpt lat="24.337503" lon="109.312189">
				<ele>39.073115</ele>
			</trkpt>
			<trkpt lat="24.337368" lon="109.312187">
				<ele>39.016438</ele>
			</trkpt>
			<trkpt lat="24.337233" lon="109.312190">
				<ele>38.960784</ele>
			</trkpt>
			<trkpt lat="24.337099" lon="109.312198">
				<ele>38.906211</ele>
			</trkpt>
			<trkpt lat="24.336964" lon="109.312210">
				<ele>38.852776</ele>
			</trkpt>
			<trkpt lat="24.336830" lon="109.312227">
				<ele>38.800535</ele>
			</trkpt>
			<trkpt lat="24.336697" lon="109.312248">
				<ele>38.749543</ele>
			</trkpt>
			<trkpt lat="24.336564" lon="109.312274">
				<ele>38.699851</ele>
			</trkpt>
			<trkpt lat="24.336432" lon="109.312305">
				<ele>38.651512</ele>
			</trkpt>
			<trkpt lat="24.336301" lon="109.312341">
				<ele>38.604576</ele>
			</trkpt>
			<trkpt lat="24.336171" lon="109.312381">
				<ele>38.559092</ele>
			</trkpt>
			<trkpt lat="24.336042" lon="109.312425">
				<ele>38.515107</ele>
			</trkpt>
			<trkpt lat="24.335915" lon="109.312474">
				<ele>38.472668</ele>
			</trkpt>
			<trkpt lat="24.335789" lon="109.312527">
				<ele>38.431817</ele>
			</trkpt>
			<trkpt lat="24.335665" lon="109.312585">
				<ele>38.392598</ele>
			</trkpt>
			<trkpt lat="24.335543" lon="109.312647">
				<ele>38.355052</ele>
			</trkpt>
			<trkpt lat="24.335422" lon="109.312714">
				<ele>38.319217</ele>
			</trkpt>
			<trkpt lat="24.335304" lon="109.312784">
				<ele>38.285131</ele>
			</trkpt>
			<trkpt lat="24.335187" lon="109.312859">
				<ele>38.252829</ele>
			</trkpt>
			<trkpt lat="24.335073" lon="109.312937">
				<ele>38.222346</ele>
			</trkpt>
			<trkpt lat="24.334961" lon="109.313020">
				<ele>38.193712</ele>
			</trkpt>
			<trkpt lat="24.334851" lon="109.313107">
				<ele>38.166957</ele>
			</trkpt>
			<trkpt lat="24.334744" lon="109.313197">
				<ele>38.142110</ele>
			</trkpt>
			<trkpt lat="24.334640" lon="109.313291">
				<ele>38.119195</ele>
			</trkpt>
			<trkpt lat="24.334539" lon="109.313388">
				<ele>38.098238</ele>
			</trkpt>
			<trkpt lat="24.334440" lon="109.313489">
				<ele>38.079259</ele>
			</trkpt>
			<trkpt lat="24.334345" lon="109.313594">
				<ele>38.062279</ele>
			</trkpt>
			<trkpt lat="24.334252" lon="109.313702">
				<ele>38.047316</ele>
			</trkpt>
			<trkpt lat="24.334163" lon="109.313813">
				<ele>38.034383</ele>
			</trkpt>
			<trkpt lat="24.334077" lon="109.313927">
				<ele>38.023497</ele>
			</trkpt>
			<trkpt lat="24.333994" lon="109.314043">
				<ele>38.014666</ele>
			</trkpt>
			<trkpt lat="24.333915" lon="109.314163">
				<ele>38.007902</ele>
			</trkpt>
			<trkpt lat="24.333839" lon="109.314286">
				<ele>38.003210</ele>
			</trkpt>
			<trkpt lat="24.333767" lon="109.314411">
				<ele>38.000596</ele>
			</trkpt>
			<trkpt lat="24.333698" lon="109.314538">
				<ele>38.000062</ele>
			</trkpt>
			<trkpt lat="24.333633" lon="109.314668">
				<ele>38.001609</ele>
			</trkpt>
			<trkpt lat="24.333572" lon="109.314800">
				<ele>38.005235</ele>
			</trkpt>
			<trkpt lat="24.333515" lon="109.314934">
				<ele>38.010937</ele>
			</trkpt>
			<trkpt lat="24.333462" lon="109.315070">
				<ele>38.018709</ele>
			</trkpt>
			<trkpt lat="24.333413" lon="109.315208">
				<ele>38.028542</ele>
			</trkpt>
			<trkpt lat="24.333368" lon="109.315348">
				<ele>38.040426</ele>
			</trkpt>
			<trkpt lat="24.333327" lon="109.315489">
				<ele>38.054349</ele>
			</trkpt>
			<trkpt lat="24.333290" lon="109.315631">
				<ele>38.070297</ele>
			</trkpt>
			<trkpt lat="24.333257" lon="109.315775">
				<ele>38.088252</ele>
			</trkpt>
			<trkpt lat="24.333228" lon="109.315919">
				<ele>38.108197</ele>
			</trkpt>
			<trkpt lat="24.333204" lon="109.316065">
				<ele>38.130110</ele>
			</trkpt>
			<trkpt lat="24.333183" lon="109.316211">
				<ele>38.153969</ele>
			</trkpt>
			<trkpt lat="24.333167" lon="109.316358">
				<ele>38.179748</ele>
			</trkpt>
			<trkpt lat="24.333156" lon="109.316506">
				<ele>38.207422</ele>
			</trkpt>
			<trkpt lat="24.333148" lon="109.316654">
				<ele>38.236961</ele>
			</trkpt>
			<trkpt lat="24.333145" lon="109.316802">
				<ele>38.268334</ele>
			</trkpt>
			<trkpt lat="24.333146" lon="109.316950">
				<ele>38.301508</ele>
			</trkpt>
			<trkpt lat="24.333152" lon="109.317098">
				<ele>38.336451</ele>
			</trkpt>
			<trkpt lat="24.333162" lon="109.317245">
				<ele>38.373124</ele>
			</trkpt>
			<trkpt lat="24.333176" lon="109.317393">
				<ele>38.411489</ele>
			</trkpt>
			<trkpt lat="24.333194" lon="109.317539">
				<ele>38.451508</ele>
			</trkpt>
			<trkpt lat="24.333217" lon="109.317685">
				<ele>38.493138</ele>
			</trkpt>
			<trkpt lat="24.333243" lon="109.317830">
				<ele>38.536335</ele>
			</trkpt>
			<trkpt lat="24.333274" lon="109.317974">
				<ele>38.581056</ele>
			</trkpt>
			<trkpt lat="24.333310" lon="109.318117">
				<ele>38.627253</ele>
			</trkpt>
			<trkpt lat="24.333349" lon="109.318259">
				<ele>38.674878</ele>
			</trkpt>
			<trkpt lat="24.333392" lon="109.318399">
				<ele>38.723882</ele>
			</trkpt>
			<trkpt lat="24.333440" lon="109.318538">
				<ele>38.774214</ele>
			</trkpt>
			<trkpt lat="24.333491" lon="109.318675">
				<ele>38.825822</ele>
			</trkpt>
			<trkpt lat="24.333547" lon="109.318810">
				<ele>38.878651</ele>
			</trkpt>
			<trkpt lat="24.333606" lon="109.318943">
				<ele>38.932646</ele>
			</trkpt>
			<trkpt lat="24.333669" lon="109.319073">
				<ele>38.987753</ele>
			</trkpt>
			<trkpt lat="24.333736" lon="109.319202">
				<ele>39.043912</ele>
			</trkpt>
			<trkpt lat="24.333806" lon="109.319328">
				<ele>39.101067</ele>
			</trkpt>
			<trkpt lat="24.333881" lon="109.319452">
				<ele>39.159157</ele>
			</trkpt>
			<trkpt lat="24.333958" lon="109.319573">
				<ele>39.218121</ele>
			</trkpt>
			<trkpt lat="24.334039" lon="109.319691">
				<ele>39.277899</ele>
			</trkpt>
			<trkpt lat="24.334124" lon="109.319806">
				<ele>39.338429</ele>
			</trkpt>
			<trkpt lat="24.334212" lon="109.319919">
				<ele>39.399647</ele>
			</trkpt>
			<trkpt lat="24.334303" lon="109.320028">
				<ele>39.461489</ele>
			</trkpt>
			<trkpt lat="24.334397" lon="109.320134">
				<ele>39.523892</ele>
			</trkpt>
			<trkpt lat="24.334495" lon="109.320236">
				<ele>39.586790</ele>
			</trkpt>
			<trkpt lat="24.334595" lon="109.320335">
				<ele>39.650119</ele>
			</trkpt>
			<trkpt lat="24.334698" lon="109.320431">
				<ele>39.713811</ele>
			</trkpt>
			<trkpt lat="24.334804" lon="109.320523">
				<ele>39.777801</ele>
			</trkpt>
			<trkpt lat="24.334912" lon="109.320611">
				<ele>39.842022</ele>
			</trkpt>
			<trkpt lat="24.335023" lon="109.320695">
				<ele>39.906408</ele>
			</trkpt>
			<trkpt lat="24.335136" lon="109.320776">
				<ele>39.970891</ele>
			</trkpt>
			<trkpt lat="24.335252" lon="109.320852">
				<ele>40.035404</ele>
			</trkpt>
			<trkpt lat="24.335369" lon="109.320925">
				<ele>40.099880</ele>
			</trkpt>
			<trkpt lat="24.335489" lon="109.320993">
				<ele>40.164253</ele>
			</trkpt>
			<trkpt lat="24.335611" lon="109.321057">
				<ele>40.228454</ele>
			</trkpt>
			<trkpt lat="24.335734" lon="109.321117">
				<ele>40.292418</ele>
			</trkpt>
			<trkpt lat="24.335859" lon="109.321172">
				<ele>40.356078</ele>
			</trkpt>
			<trkpt lat="24.335986" lon="109.321223">
				<ele>40.419367</ele>
			</trkpt>
			<trkpt lat="24.336114" lon="109.321269">
				<ele>40.482220</ele>
			</trkpt>
			<trkpt lat="24.336243" lon="109.321311">
				<ele>40.544571</ele>
			</trkpt>
			<trkpt lat="24.336374" lon="109.321349">
				<ele>40.606355</ele>
			</trkpt>
			<trkpt lat="24.336505" lon="109.321382">
				<ele>40.667509</ele>
			</trkpt>
			<trkpt lat="24.336638" lon="109.321410">
				<ele>40.727968</ele>
			</trkpt>
			<trkpt lat="24.336771" lon="109.321433">
				<ele>40.787669</ele>
			</trkpt>
			<trkpt lat="24.336905" lon="109.321452">
				<ele>40.846551</ele>
			</trkpt>
			<trkpt lat="24.337039" lon="109.321467">
				<ele>40.904552</ele>
			</trkpt>
			<trkpt lat="24.337174" lon="109.321476">
				<ele>40.961612</ele>
			</trkpt>
			<trkpt lat="24.337308" lon="109.321481">
				<ele>41.017672</ele>
			</trkpt>
			<trkpt lat="24.337443" lon="109.321481">
				<ele>41.072672</ele>
			</trkpt>
			<trkpt lat="24.337578" lon="109.321477">
				<ele>41.126557</ele>
			</trkpt>
			<trkpt lat="24.337713" lon="109.321467">
				<ele>41.179269</ele>
			</trkpt>
			<trkpt lat="24.337847" lon="109.321453">
				<ele>41.230754</ele>
			</trkpt>
			<trkpt lat="24.337981" lon="109.321435">
				<ele>41.280959</ele>
			</trkpt>
			<trkpt lat="24.338114" lon="109.321411">
				<ele>41.329830</ele>
			</trkpt>
			<trkpt lat="24.338246" lon="109.321383">
				<ele>41.377319</ele>
			</trkpt>
			<trkpt lat="24.338378" lon="109.321351">
				<ele>41.423374</ele>
			</trkpt>
			<trkpt lat="24.338509" lon="109.321313">
				<ele>41.467948</ele>
			</trkpt>
			<trkpt lat="24.338638" lon="109.321272">
				<ele>41.510994</ele>
			</trkpt>
			<trkpt lat="24.338766" lon="109.321225">
				<ele>41.552469</ele>
			</trkpt>
			<trkpt lat="24.338893" lon="109.321175">
				<ele>41.592328</ele>
			</trkpt>
			<trkpt lat="24.339018" lon="109.321120">
				<ele>41.630530</ele>
			</trkpt>
			<trkpt lat="24.339142" lon="109.321060">
				<ele>41.667036</ele>
			</trkpt>
			<trkpt lat="24.339263" lon="109.320996">
				<ele>41.701807</ele>
			</trkpt>
			<trkpt lat="24.339383" lon="109.320928">
				<ele>41.734808</ele>
			</trkpt>
			<trkpt lat="24.339501" lon="109.320856">
				<ele>41.766003</ele>
			</trkpt>
			<trkpt lat="24.339617" lon="109.320780">
				<ele>41.795361</ele>
			</trkpt>
			<trkpt lat="24.339730" lon="109.320700">
				<ele>41.822851</ele>
			</trkpt>
			<trkpt lat="24.339841" lon="109.320616">
				<ele>41.848444</ele>
			</trkpt>
			<trkpt lat="24.339949" lon="109.320528">
				<ele>41.872114</ele>
			</trkpt>
			<trkpt lat="24.340055" lon="109.320436">
				<ele>41.893836</ele>
			</trkpt>
			<trkpt lat="24.340159" lon="109.320341">
				<ele>41.913587</ele>
			</trkpt>
			<trkpt lat="24.340259" lon="109.320242">
				<ele>41.931348</ele>
			</trkpt>
			<trkpt lat="24.340356" lon="109.320139">
				<ele>41.947099</ele>
			</trkpt>
			<trkpt lat="24.340451" lon="109.320033">
				<ele>41.960824</ele>
			</trkpt>
			<trkpt lat="24.340542" lon="109.319924">
				<ele>41.972508</ele>
			</trkpt>
			<trkpt lat="24.340630" lon="109.319812">
				<ele>41.982141</ele>
			</trkpt>
			<trkpt lat="24.340715" lon="109.319697">
				<ele>41.989711</ele>
			</trkpt>
			<trkpt lat="24.340796" lon="109.319579">
				<ele>41.995210</ele>
			</trkpt>
			<trkpt lat="24.340874" lon="109.319458">
				<ele>41.998634</ele>
			</trkpt>
			<trkpt lat="24.340949" lon="109.319335">
				<ele>41.999978</ele>
			</trkpt>
			<trkpt lat="24.341019" lon="109.319209">
				<ele>41.999241</ele>
			</trkpt>
			<trkpt lat="24.341086" lon="109.319080">
				<ele>41.996424</ele>
			</trkpt>
			<trkpt lat="24.341150" lon="109.318950">
				<ele>41.991530</ele>
			</trkpt>
			<trkpt lat="24.341209" lon="109.318817">
				<ele>41.984563</ele>
			</trkpt>
			<trkpt lat="24.341265" lon="109.318682">
				<ele>41.975532</ele>
			</trkpt>
			<trkpt lat="24.341316" lon="109.318545">
				<ele>41.964445</ele>
			</trkpt>
			<trkpt lat="24.341364" lon="109.318406">
				<ele>41.951314</ele>
			</trkpt>
			<trkpt lat="24.341408" lon="109.318266">
				<ele>41.936152</ele>
			</trkpt>
			<trkpt lat="24.341447" lon="109.318125">
				<ele>41.918976</ele>
			</trkpt>
			<trkpt lat="24.341482" lon="109.317982">
				<ele>41.899804</ele>
			</trkpt>
			<trkpt lat="24.341514" lon="109.317838">
				<ele>41.878655</ele>
			</trkpt>
			<trkpt lat="24.341541" lon="109.317693">
				<ele>41.855551</ele>
			</trkpt>
			<trkpt lat="24.341564" lon="109.317547">
				<ele>41.830516</ele>
			</trkpt>
			<trkpt lat="24.341582" lon="109.317400">
				<ele>41.803577</ele>
			</trkpt>
			<trkpt lat="24.341596" lon="109.317253">
				<ele>41.774761</ele>
			</trkpt>
			<trkpt lat="24.341606" lon="109.317105">
				<ele>41.744098</ele>
			</trkpt>
			<trkpt lat="24.341612" lon="109.316958">
				<ele>41.711621</ele>
			</trkpt>
			<trkpt lat="24.341613" lon="109.316809">
				<ele>41.677363</ele>
			</trkpt>
			<trkpt lat="24.341611" lon="109.316661">
				<ele>41.641359</ele>
			</trkpt>
			<trkpt lat="24.341603" lon="109.316514">
				<ele>41.603648</ele>
			</trkpt>
			<trkpt lat="24.341592" lon="109.316366">
				<ele>41.564268</ele>
			</trkpt>
			<trkpt lat="24.341576" lon="109.316219">
				<ele>41.523261</ele>
			</trkpt>
			<trkpt lat="24.341556" lon="109.316073">
				<ele>41.480668</ele>
			</trkpt>
			<trkpt lat="24.341532" lon="109.315927">
				<ele>41.436535</ele>
			</trkpt>
			<trkpt lat="24.341504" lon="109.315782">
				<ele>41.390907</ele>
			</trkpt>
			<trkpt lat="24.341471" lon="109.315639">
				<ele>41.343832</ele>
			</trkpt>
			<trkpt lat="24.341434" lon="109.315496">
				<ele>41.295359</ele>
			</trkpt>
			<trkpt lat="24.341393" lon="109.315355">
				<ele>41.245538</ele>
			</trkpt>
			<trkpt lat="24.341348" lon="109.315216">
				<ele>41.194421</ele>
			</trkpt>
			<trkpt lat="24.341299" lon="109.315078">
				<ele>41.142061</ele>
			</trkpt>
			<trkpt lat="24.341246" lon="109.314941">
				<ele>41.088513</ele>
			</trkpt>
			<trkpt lat="24.341189" lon="109.314807">
				<ele>41.033832</ele>
			</trkpt>
			<trkpt lat="24.341129" lon="109.314675">
				<ele>40.978076</ele>
			</trkpt>
			<trkpt lat="24.341064" lon="109.314545">
				<ele>40.921302</ele>
			</trkpt>
			<trkpt lat="24.340996" lon="109.314417">
				<ele>40.863569</ele>
			</trkpt>
			<trkpt lat="24.340924" lon="109.314292">
				<ele>40.804938</ele>
			</trkpt>
			<trkpt lat="24.340848" lon="109.314170">
				<ele>40.745469</ele>
			</trkpt>
			<trkpt lat="24.340769" lon="109.314050">
				<ele>40.685225</ele>
			</trkpt>
			<trkpt lat="24.340687" lon="109.313933">
				<ele>40.624268</ele>
			</trkpt>
			<trkpt lat="24.340601" lon="109.313818">
				<ele>40.562661</ele>
			</trkpt>
			<trkpt lat="24.340511" lon="109.313707">
				<ele>40.500468</ele>
			</trkpt>
			<trkpt lat="24.340419" lon="109.313599">
				<ele>40.437755</ele>
			</trkpt>
			<trkpt lat="24.340324" lon="109.313495">
				<ele>40.374587</ele>
			</trkpt>
			<trkpt lat="24.340225" lon="109.313394">
				<ele>40.311028</ele>
			</trkpt>
			<trkpt lat="24.340124" lon="109.313296">
				<ele>40.247146</ele>
			</trkpt>
			<trkpt lat="24.340020" lon="109.313202">
				<ele>40.183007</ele>
			</trkpt>
			<trkpt lat="24.339913" lon="109.313111">
				<ele>40.118678</ele>
			</trkpt>
			<trkpt lat="24.339804" lon="109.313025">
				<ele>40.054225</ele>
			</trkpt>
			<trkpt lat="24.339692" lon="109.312942">
				<ele>39.989715</ele>
			</trkpt>
			<trkpt lat="24.339578" lon="109.312863">
				<ele>39.925216</ele>
			</trkpt>
			<trkpt lat="24.339461" lon="109.312788">
				<ele>39.860795</ele>
			</trkpt>
			<trkpt lat="24.339343" lon="109.312717">
				<ele>39.796519</ele>
			</trkpt>
			<trkpt lat="24.339222" lon="109.312651">
				<ele>39.732455</ele>
			</trkpt>
			<trkpt lat="24.339100" lon="109.312588">
				<ele>39.668669</ele>
			</trkpt>
			<trkpt lat="24.338976" lon="109.312530">
				<ele>39.605228</ele>
			</trkpt>
			<trkpt lat="24.338850" lon="109.312477">
				<ele>39.542197</ele>
			</trkpt>
			<trkpt lat="24.338723" lon="109.312428">
				<ele>39.479643</ele>
			</trkpt>
			<trkpt lat="24.338594" lon="109.312383">
				<ele>39.417630</ele>
			</trkpt>
			<trkpt lat="24.338465" lon="109.312343">
				<ele>39.356224</ele>
			</trkpt>
			<trkpt lat="24.338334" lon="109.312307">
				<ele>39.295487</ele>
			</trkpt>
			<trkpt lat="24.338202" lon="109.312276">
				<ele>39.235483</ele>
			</trkpt>
			<trkpt lat="24.338069" lon="109.312249">
				<ele>39.176275</ele>
			</trkpt>
			<trkpt lat="24.337936" lon="109.312228">
				<ele>39.117923</ele>
			</trkpt>
			<trkpt lat="24.337802" lon="109.312211">
				<ele>39.060490</ele>
			</trkpt>
			<trkpt lat="24.337667" lon="109.312198">
				<ele>39.004034</ele>
			</trkpt>
			<trkpt lat="24.337532" lon="109.312190">
				<ele>38.948614</ele>
			</trkpt>
			<trkpt lat="24.337398" lon="109.312187">
				<ele>38.894288</ele>
			</trkpt>
			<trkpt lat="24.337263" lon="109.312189">
				<ele>38.841113</ele>
			</trkpt>
			<trkpt lat="24.337128" lon="109.312196">
				<ele>38.789144</ele>
			</trkpt>
			<trkpt lat="24.336993" lon="109.312207">
				<ele>38.738434</ele>
			</trkpt>
			<trkpt lat="24.336859" lon="109.312223">
				<ele>38.689037</ele>
			</trkpt>
			<trkpt lat="24.336726" lon="109.312243">
				<ele>38.641004</ele>
			</trkpt>
			<trkpt lat="24.336593" lon="109.312268">
				<ele>38.594386</ele>
			</trkpt>
			<trkpt lat="24.336461" lon="109.312298">
				<ele>38.549229</ele>
			</trkpt>
			<trkpt lat="24.336329" lon="109.312332">
				<ele>38.505583</ele>
			</trkpt>
			<trkpt lat="24.336199" lon="109.312371">
				<ele>38.463491</ele>
			</trkpt>
			<trkpt lat="24.336070" lon="109.312415">
				<ele>38.422998</ele>
			</trkpt>
			<trkpt lat="24.335943" lon="109.312463">
				<ele>38.384145</ele>
			</trkpt>
			<trkpt lat="24.335817" lon="109.312515">
				<ele>38.346974</ele>
			</trkpt>
			<trkpt lat="24.335692" lon="109.312572">
				<ele>38.311523</ele>
			</trkpt>
			<trkpt lat="24.335569" lon="109.312633">
				<ele>38.277829</ele>
			</trkpt>
			<trkpt lat="24.335448" lon="109.312699">
				<ele>38.245927</ele>
			</trkpt>
			<trkpt lat="24.335329" lon="109.312768">
				<ele>38.215850</ele>
			</trkpt>
			<trkpt lat="24.335212" lon="109.312842">
				<ele>38.187629</ele>
			</trkpt>
			<trkpt lat="24.335097" lon="109.312920">
				<ele>38.161294</ele>
			</trkpt>
			<trkpt lat="24.334985" lon="109.313002">
				<ele>38.136872</ele>
			</trkpt>
			<trkpt lat="24.334875" lon="109.313087">
				<ele>38.114389</ele>
			</trkpt>
			<trkpt lat="24.334767" lon="109.313177">
				<ele>38.093868</ele>
			</trkpt>
			<trkpt lat="24.334663" lon="109.313270">
				<ele>38.075330</ele>
			</trkpt>
			<trkpt lat="24.334561" lon="109.313367">
				<ele>38.058794</ele>
			</trkpt>
			<trkpt lat="24.334461" lon="109.313467">
				<ele>38.044279</ele>
			</trkpt>
			<trkpt lat="24.334365" lon="109.313571">
				<ele>38.031798</ele>
			</trkpt>
			<trkpt lat="24.334272" lon="109.313678">
				<ele>38.021365</ele>
			</trkpt>
			<trkpt lat="24.334182" lon="109.313788">
				<ele>38.012991</ele>
			</trkpt>
			<trkpt lat="24.334095" lon="109.313901">
				<ele>38.006685</ele>
			</trkpt>
			<trkpt lat="24.334012" lon="109.314018">
				<ele>38.002452</ele>
			</trkpt>
			<trkpt lat="24.333932" lon="109.314137">
				<ele>38.000298</ele>
			</trkpt>
			<trkpt lat="24.333855" lon="109.314259">
				<ele>38.000225</ele>
			</trkpt>
			<trkpt lat="24.333782" lon="109.314383">
				<ele>38.002232</ele>
			</trkpt>
			<trkpt lat="24.333713" lon="109.314510">
				<ele>38.006318</ele>
			</trkpt>
			<trkpt lat="24.333647" lon="109.314640">
				<ele>38.012479</ele>
			</trkpt>
			<trkpt lat="24.333585" lon="109.314771">
				<ele>38.020707</ele>
			</trkpt>
			<trkpt lat="24.333527" lon="109.314905">
				<ele>38.030995</ele>
			</trkpt>
			<trkpt lat="24.333473" lon="109.315041">
				<ele>38.043331</ele>
			</trkpt>
			<trkpt lat="24.333423" lon="109.315178">
				<ele>38.057704</ele>
			</trkpt>
			<trkpt lat="24.333377" lon="109.315317">
				<ele>38.074097</ele>
			</trkpt>
			<trkpt lat="24.333335" lon="109.315458">
				<ele>38.092495</ele>
			</trkpt>
			<trkpt lat="24.333297" lon="109.315600">
				<ele>38.112877</ele>
			</trkpt>
			<trkpt lat="24.333264" lon="109.315743">
				<ele>38.135222</ele>
			</trkpt>
			<trkpt lat="24.333234" lon="109.315888">
				<ele>38.159508</ele>
			</trkpt>
			<trkpt lat="24.333209" lon="109.316033">
				<ele>38.185709</ele>
			</trkpt>
			<trkpt lat="24.333187" lon="109.316179">
				<ele>38.213798</ele>
			</trkpt>
			<trkpt lat="24.333171" lon="109.316326">
				<ele>38.243745</ele>
			</trkpt>
			<trkpt lat="24.333158" lon="109.316474">
				<ele>38.275520</ele>
			</trkpt>
			<trkpt lat="24.333150" lon="109.316621">
				<ele>38.309089</ele>
			</trkpt>
			<trkpt lat="24.333146" lon="109.316769">
				<ele>38.344417</ele>
			</trkpt>
			<trkpt lat="24.333146" lon="109.316917">
				<ele>38.381468</ele>
			</trkpt>
			<trkpt lat="24.333150" lon="109.317065">
				<ele>38.420203</ele>
			</trkpt>
			<trkpt lat="24.333159" lon="109.317213">
				<ele>38.460581</ele>
			</trkpt>
			<trkpt lat="24.333172" lon="109.317360">
				<ele>38.502562</ele>
			</trkpt>
			<trkpt lat="24.333190" lon="109.317507">
				<ele>38.546100</ele>
			</trkpt>
			<trkpt lat="24.333211" lon="109.317653">
				<ele>38.591152</ele>
			</trkpt>
			<trkpt lat="24.333237" lon="109.317799">
				<ele>38.637669</ele>
			</trkpt>
			<trkpt lat="24.333267" lon="109.317943">
				<ele>38.685604</ele>
			</trkpt>
			<trkpt lat="24.333302" lon="109.318086">
				<ele>38.734906</ele>
			</trkpt>
			<trkpt lat="24.333340" lon="109.318228">
				<ele>38.785525</ele>
			</trkpt>
			<trkpt lat="24.333383" lon="109.318369">
				<ele>38.837407</ele>
			</trkpt>
			<trkpt lat="24.333429" lon="109.318508">
				<ele>38.890499</ele>
			</trkpt>
			<trkpt lat="24.333480" lon="109.318645">
				<ele>38.944745</ele>
			</trkpt>
			<trkpt lat="24.333534" lon="109.318780">
				<ele>39.000090</ele>
			</trkpt>
			<trkpt lat="24.333593" lon="109.318914">
				<ele>39.056475</ele>
			</trkpt>
			<trkpt lat="24.333655" lon="109.319045">
				<ele>39.113841</ele>
			</trkpt>
			<trkpt lat="24.333721" lon="109.319174">
				<ele>39.172130</ele>
			</trkpt>
			<trkpt lat="24.333791" lon="109.319301">
				<ele>39.231280</ele>
			</trkpt>
			<trkpt lat="24.333864" lon="109.319425">
				<ele>39.291229</ele>
			</trkpt>
			<trkpt lat="24.333941" lon="109.319547">
				<ele>39.351917</ele>
			</trkpt>
			<trkpt lat="24.334021" lon="109.319666">
				<ele>39.413278</ele>
			</trkpt>
			<trkpt lat="24.334105" lon="109.319781">
				<ele>39.475250</ele>
			</trkpt>
			<trkpt lat="24.334193" lon="109.319894">
				<ele>39.537768</ele>
			</trkpt>
			<trkpt lat="24.334283" lon="109.320004">
				<ele>39.600767</ele>
			</trkpt>
			<trkpt lat="24.334377" lon="109.320111">
				<ele>39.664182</ele>
			</trkpt>
			<trkpt lat="24.334473" lon="109.320214">
				<ele>39.727946</ele>
			</trkpt>
			<trkpt lat="24.334573" lon="109.320314">
				<ele>39.791993</ele>
			</trkpt>
			<trkpt lat="24.334675" lon="109.320410">
				<ele>39.856256</ele>
			</trkpt>
			<trkpt lat="24.334780" lon="109.320503">
				<ele>39.920669</ele>
			</trkpt>
			<trkpt lat="24.334888" lon="109.320592">
				<ele>39.985164</ele>
			</trkpt>
			<trkpt lat="24.334998" lon="109.320677">
				<ele>40.049675</ele>
			</trkpt>
			<trkpt lat="24.335111" lon="109.320759">
				<ele>40.114134</ele>
			</trkpt>
			<trkpt lat="24.335226" lon="109.320836">
				<ele>40.178475</ele>
			</trkpt>
			<trkpt lat="24.335343" lon="109.320909">
				<ele>40.242630</ele>
			</trkpt>
			<trkpt lat="24.335463" lon="109.320978">
				<ele>40.306532</ele>
			</trkpt>
			<trkpt lat="24.335584" lon="109.321043">
				<ele>40.370115</ele>
			</trkpt>
			<trkpt lat="24.335707" lon="109.321104">
				<ele>40.433313</ele>
			</trkpt>
			<trkpt lat="24.335832" lon="109.321160">
				<ele>40.496061</ele>
			</trkpt>
			<trkpt lat="24.335958" lon="109.321212">
				<ele>40.558292</ele>
			</trkpt>
			<trkpt lat="24.336086" lon="109.321260">
				<ele>40.619942</ele>
			</trkpt>
			<trkpt lat="24.336215" lon="109.321303">
				<ele>40.680948</ele>
			</trkpt>
			<trkpt lat="24.336345" lon="109.321341">
				<ele>40.741244</ele>
			</trkpt>
			<trkpt lat="24.336477" lon="109.321375">
				<ele>40.800770</ele>
			</trkpt>
			<trkpt lat="24.336609" lon="109.321404">
				<ele>40.859462</ele>
			</trkpt>
			<trkpt lat="24.336742" lon="109.321429">
				<ele>40.917260</ele>
			</trkpt>
			<trkpt lat="24.336875" lon="109.321449">
				<ele>40.974104</ele>
			</trkpt>
			<trkpt lat="24.337010" lon="109.321464">
				<ele>41.029934</ele>
			</trkpt>
			<trkpt lat="24.337144" lon="109.321475">
				<ele>41.084692</ele>
			</trkpt>
			<trkpt lat="24.337279" lon="109.321480">
				<ele>41.138322</ele>
			</trkpt>
			<trkpt lat="24.337414" lon="109.321482">
				<ele>41.190768</ele>
			</trkpt>
			<trkpt lat="24.337549" lon="109.321478">
				<ele>41.241974</ele>
			</trkpt>
			<trkpt lat="24.337683" lon="109.321470">
				<ele>41.291888</ele>
			</trkpt>
			<trkpt lat="24.337818" lon="109.321457">
				<ele>41.340458</ele>
			</trkpt>
			<trkpt lat="24.337952" lon="109.321439">
				<ele>41.387634</ele>
			</trkpt>
			<trkpt lat="24.338085" lon="109.321417">
				<ele>41.433365</ele>
			</trkpt>
			<trkpt lat="24.338218" lon="109.321390">
				<ele>41.477605</ele>
			</trkpt>
			<trkpt lat="24.338349" lon="109.321358">
				<ele>41.520308</ele>
			</trkpt>
			<trkpt lat="24.338480" lon="109.321322">
				<ele>41.561428</ele>
			</trkpt>
			<trkpt lat="24.338610" lon="109.321281">
				<ele>41.600924</ele>
			</trkpt>
			<trkpt lat="24.338738" lon="109.321236">
				<ele>41.638755</ele>
			</trkpt>
			<trkpt lat="24.338865" lon="109.321186">
				<ele>41.674880</ele>
			</trkpt>
			<trkpt lat="24.338991" lon="109.321132">
				<ele>41.709262</ele>
			</trkpt>
			<trkpt lat="24.339115" lon="109.321073">
				<ele>41.741866</ele>
			</trkpt>
			<trkpt lat="24.339237" lon="109.321011">
				<ele>41.772658</ele>
			</trkpt>
			<trkpt lat="24.339357" lon="109.320944">
				<ele>41.801605</ele>
			</trkpt>
			<trkpt lat="24.339475" lon="109.320872">
				<ele>41.828678</ele>
			</trkpt>
			<trkpt lat="24.339592" lon="109.320797">
				<ele>41.853848</ele>
			</trkpt>
			<trkpt lat="24.339705" lon="109.320718">
				<ele>41.877089</ele>
			</trkpt>
			<trkpt lat="24.339817" lon="109.320634">
				<ele>41.898377</ele>
			</trkpt>
			<trkpt lat="24.339926" lon="109.320547">
				<ele>41.917689</ele>
			</trkpt>
			<trkpt lat="24.340033" lon="109.320456">
				<ele>41.935007</ele>
			</trkpt>
			<trkpt lat="24.340136" lon="109.320362">
				<ele>41.950310</ele>
			</trkpt>
			<trkpt lat="24.340237" lon="109.320264">
				<ele>41.963585</ele>
			</trkpt>
			<trkpt lat="24.340335" lon="109.320162">
				<ele>41.974817</ele>
			</trkpt>
			<trkpt lat="24.340430" lon="109.320057">
				<ele>41.983993</ele>
			</trkpt>
			<trkpt lat="24.340522" lon="109.319949">
				<ele>41.991106</ele>
			</trkpt>
			<trkpt lat="24.340611" lon="109.319837">
				<ele>41.996147</ele>
			</trkpt>
			<trkpt lat="24.340697" lon="109.319723">
				<ele>41.999110</ele>
			</trkpt>
			<trkpt lat="24.340779" lon="109.319605">
				<ele>41.999994</ele>
			</trkpt>
			<trkpt lat="24.340857" lon="109.319485">
				<ele>41.998797</ele>
			</trkpt>
			<trkpt lat="24.340933" lon="109.319362">
				<ele>41.995520</ele>
			</trkpt>
			<trkpt lat="24.341004" lon="109.319236">
				<ele>41.990166</ele>
			</trkpt>
			<trkpt lat="24.341072" lon="109.319108">
				<ele>41.982742</ele>
			</trkpt>
			<trkpt lat="24.341136" lon="109.318978">
				<ele>41.973255</ele>
			</trkpt>
			<trkpt lat="24.341196" lon="109.318846">
				<ele>41.961715</ele>
			</trkpt>
			<trkpt lat="24.341253" lon="109.318711">
				<ele>41.948133</ele>
			</trkpt>
			<trkpt lat="24.341305" lon="109.318575">
				<ele>41.932525</ele>
			</trkpt>
			<trkpt lat="24.341354" lon="109.318437">
				<ele>41.914906</ele>
			</trkpt>
			<trkpt lat="24.341398" lon="109.318297">
				<ele>41.895294</ele>
			</trkpt>
			<trkpt lat="24.341439" lon="109.318156">
				<ele>41.873710</ele>
			</trkpt>
			<trkpt lat="24.341475" lon="109.318013">
				<ele>41.850177</ele>
			</trkpt>
			<trkpt lat="24.341507" lon="109.317869">
				<ele>41.824719</ele>
			</trkpt>
			<trkpt lat="24.341535" lon="109.317725">
				<ele>41.797362</ele>
			</trkpt>
			<trkpt lat="24.341559" lon="109.317579">
				<ele>41.768135</ele>
			</trkpt>
			<trkpt lat="24.341578" lon="109.317432">
				<ele>41.737068</ele>
			</trkpt>
			<trkpt lat="24.341594" lon="109.317285">
				<ele>41.704193</ele>
			</trkpt>
			<trkpt lat="24.341605" lon="109.317138">
				<ele>41.669546</ele>
			</trkpt>
			<trkpt lat="24.341611" lon="109.316990">
				<ele>41.633161</ele>
			</trkpt>
			<trkpt lat="24.341614" lon="109.316842">
				<ele>41.595077</ele>
			</trkpt>
			<trkpt lat="24.341612" lon="109.316694">
				<ele>41.555334</ele>
			</trkpt>
			<trkpt lat="24.341605" lon="109.316546">
				<ele>41.513972</ele>
			</trkpt>
			<trkpt lat="24.341595" lon="109.316398">
				<ele>41.471035</ele>
			</trkpt>
			<trkpt lat="24.341580" lon="109.316251">
				<ele>41.426567</ele>
			</trkpt>
			<trkpt lat="24.341561" lon="109.316105">
				<ele>41.380615</ele>
			</trkpt>
			<trkpt lat="24.341538" lon="109.315959">
				<ele>41.333226</ele>
			</trkpt>
			<trkpt lat="24.341510" lon="109.315814">
				<ele>41.284450</ele>
			</trkpt>
			<trkpt lat="24.341478" lon="109.315670">
				<ele>41.234338</ele>
			</trkpt>
			<trkpt lat="24.341443" lon="109.315527">
				<ele>41.182941</ele>
			</trkpt>
			<trkpt lat="24.341403" lon="109.315386">
				<ele>41.130314</ele>
			</trkpt>
			<trkpt lat="24.341358" lon="109.315246">
				<ele>41.076510</ele>
			</trkpt>
			<trkpt lat="24.341310" lon="109.315108">
				<ele>41.021587</ele>
			</trkpt>
			<trkpt lat="24.341258" lon="109.314971">
				<ele>40.965600</ele>
			</trkpt>
			<trkpt lat="24.341202" lon="109.314836">
				<ele>40.908609</ele>
			</trkpt>
			<trkpt lat="24.341142" lon="109.314704">
				<ele>40.850672</ele>
			</trkpt>
			<trkpt lat="24.341078" lon="109.314573">
				<ele>40.791850</ele>
			</trkpt>
			<trkpt lat="24.341011" lon="109.314445">
				<ele>40.732205</ele>
			</trkpt>
			<trkpt lat="24.340940" lon="109.314319">
				<ele>40.671797</ele>
			</trkpt>
			<trkpt lat="24.340865" lon="109.314196">
				<ele>40.610690</ele>
			</trkpt>
			<trkpt lat="24.340787" lon="109.314076">
				<ele>40.548948</ele>
			</trkpt>
			<trkpt lat="24.340705" lon="109.313958">
				<ele>40.486635</ele>
			</trkpt>
			<trkpt lat="24.340620" lon="109.313843">
				<ele>40.423816</ele>
			</trkpt>
			<trkpt lat="24.340531" lon="109.313731">
				<ele>40.360555</ele>
			</trkpt>
			<trkpt lat="24.340440" lon="109.313623">
				<ele>40.296920</ele>
			</trkpt>
			<trkpt lat="24.340345" lon="109.313517">
				<ele>40.232975</ele>
			</trkpt>
			<trkpt lat="24.340247" lon="109.313415">
				<ele>40.168788</ele>
			</trkpt>
			<trkpt lat="24.340146" lon="109.313317">
				<ele>40.104425</ele>
			</trkpt>
			<trkpt lat="24.340043" lon="109.313222">
				<ele>40.039954</ele>
			</trkpt>
			<trkpt lat="24.339937" lon="109.313131">
				<ele>39.975441</ele>
			</trkpt>
			<trkpt lat="24.339828" lon="109.313043">
				<ele>39.910954</ele>
			</trkpt>
			<trkpt lat="24.339717" lon="109.312959">
				<ele>39.846559</ele>
			</trkpt>
			<trkpt lat="24.339603" lon="109.312880">
				<ele>39.782324</ele>
			</trkpt>
			<trkpt lat="24.339487" lon="109.312804">
				<ele>39.718316</ele>
			</trkpt>
			<trkpt lat="24.339369" lon="109.312732">
				<ele>39.654600</ele>
			</trkpt>
			<trkpt lat="24.339249" lon="109.312665">
				<ele>39.591244</ele>
			</trkpt>
			<trkpt lat="24.339127" lon="109.312602">
				<ele>39.528314</ele>
			</trkpt>
			<trkpt lat="24.339003" lon="109.312543">
				<ele>39.465874</ele>
			</trkpt>
			<trkpt lat="24.338878" lon="109.312488">
				<ele>39.403989</ele>
			</trkpt>
			<trkpt lat="24.338751" lon="109.312438">
				<ele>39.342725</ele>
			</trkpt>
			<trkpt lat="24.338623" lon="109.312392">
				<ele>39.282145</ele>
			</trkpt>
			<trkpt lat="24.338493" lon="109.312351">
				<ele>39.222312</ele>
			</trkpt>
			<trkpt lat="24.338362" lon="109.312314">
				<ele>39.163288</ele>
			</trkpt>
			<trkpt lat="24.338231" lon="109.312282">
				<ele>39.105135</ele>
			</trkpt>
			<trkpt lat="24.338098" lon="109.312255">
				<ele>39.047912</ele>
			</trkpt>
			<trkpt lat="24.337965" lon="109.312232">
				<ele>38.991680</ele>
			</trkpt>
			<trkpt lat="24.337831" lon="109.312214">
				<ele>38.936498</ele>
			</trkpt>
			<trkpt lat="24.337697" lon="109.312200">
				<ele>38.882422</ele>
			</trkpt>
			<trkpt lat="24.337562" lon="109.312192">
				<ele>38.829509</ele>
			</trkpt>
			<trkpt lat="24.337427" lon="109.312188">
				<ele>38.777813</ele>
			</trkpt>
			<trkpt lat="24.337292" lon="109.312188">
				<ele>38.727390</ele>
			</trkpt>
			<trkpt lat="24.337157" lon="109.312194">
				<ele>38.678290</ele>
			</trkpt>
			<trkpt lat="24.337023" lon="109.312204">
				<ele>38.630566</ele>
			</trkpt>
			<trkpt lat="24.336889" lon="109.312219">
				<ele>38.584267</ele>
			</trkpt>
			<trkpt lat="24.336755" lon="109.312238">
				<ele>38.539441</ele>
			</trkpt>
			<trkpt lat="24.336622" lon="109.312262">
				<ele>38.496134</ele>
			</trkpt>
			<trkpt lat="24.336489" lon="109.312291">
				<ele>38.454392</ele>
			</trkpt>
			<trkpt lat="24.336358" lon="109.312325">
				<ele>38.414258</ele>
			</trkpt>
			<trkpt lat="24.336228" lon="109.312363">
				<ele>38.375775</ele>
			</trkpt>
			<trkpt lat="24.336098" lon="109.312405">
				<ele>38.338981</ele>
			</trkpt>
			<trkpt lat="24.335971" lon="109.312452">
				<ele>38.303916</ele>
			</trkpt>
			<trkpt lat="24.335844" lon="109.312504">
				<ele>38.270615</ele>
			</trkpt>
			<trkpt lat="24.335719" lon="109.312559">
				<ele>38.239114</ele>
			</trkpt>
			<trkpt lat="24.335596" lon="109.312620">
				<ele>38.209445</ele>
			</trkpt>
			<trkpt lat="24.335474" lon="109.312684">
				<ele>38.181639</ele>
			</trkpt>
			<trkpt lat="24.335355" lon="109.312753">
				<ele>38.155725</ele>
			</trkpt>
			<trkpt lat="24.335238" lon="109.312826">
				<ele>38.131730</ele>
			</trkpt>
			<trkpt lat="24.335122" lon="109.312903">
				<ele>38.109679</ele>
			</trkpt>
			<trkpt lat="24.335009" lon="109.312984">
				<ele>38.089594</ele>
			</trkpt>
			<trkpt lat="24.334899" lon="109.313068">
				<ele>38.071498</ele>
			</trkpt>
			<trkpt lat="24.334791" lon="109.313157">
				<ele>38.055408</ele>
			</trkpt>
			<trkpt lat="24.334685" lon="109.313249">
				<ele>38.041341</ele>
			</trkpt>
			<trkpt lat="24.334583" lon="109.313345">
				<ele>38.029313</ele>
			</trkpt>
			<trkpt lat="24.334483" lon="109.313445">
				<ele>38.019335</ele>
			</trkpt>
			<trkpt lat="24.334386" lon="109.313548">
				<ele>38.011418</ele>
			</trkpt>
			<trkpt lat="24.334292" lon="109.313654">
				<ele>38.005569</ele>
			</trkpt>
			<trkpt lat="24.334201" lon="109.313764">
				<ele>38.001796</ele>
			</trkpt>
			<trkpt lat="24.334114" lon="109.313876">
				<ele>38.000103</ele>
			</trkpt>
			<trkpt lat="24.334030" lon="109.313992">
				<ele>38.000490</ele>
			</trkpt>
			<trkpt lat="24.333949" lon="109.314111">
				<ele>38.002957</ele>
			</trkpt>
			<trkpt lat="24.333871" lon="109.314232">
				<ele>38.007503</ele>
			</trkpt>
			<trkpt lat="24.333798" lon="109.314356">
				<ele>38.014121</ele>
			</trkpt>
			<trkpt lat="24.333728" lon="109.314482">
				<ele>38.022806</ele>
			</trkpt>
			<trkpt lat="24.333661" lon="109.314611">
				<ele>38.033548</ele>
			</trkpt>
			<trkpt lat="24.333598" lon="109.314742">
				<ele>38.046337</ele>
			</trkpt>
			<trkpt lat="24.333540" lon="109.314876">
				<ele>38.061158</ele>
			</trkpt>
			<trkpt lat="24.333485" lon="109.315011">
				<ele>38.077996</ele>
			</trkpt>
			<trkpt lat="24.333434" lon="109.315148">
				<ele>38.096834</ele>
			</trkpt>
			<trkpt lat="24.333387" lon="109.315287">
				<ele>38.117652</ele>
			</trkpt>
			<trkpt lat="24.333344" lon="109.315427">
				<ele>38.140429</ele>
			</trkpt>
			<trkpt lat="24.333305" lon="109.315569">
				<ele>38.165141</ele>
			</trkpt>
			<trkpt lat="24.333271" lon="109.315712">
				<ele>38.191762</ele>
			</trkpt>
			<trkpt lat="24.333240" lon="109.315856">
				<ele>38.220265</ele>
			</trkpt>
			<trkpt lat="24.333214" lon="109.316001">
				<ele>38.250619</ele>
			</trkpt>
			<trkpt lat="24.333192" lon="109.316147">
				<ele>38.282794</ele>
			</trkpt>
			<trkpt lat="24.333174" lon="109.316294">
				<ele>38.316755</ele>
			</trkpt>
			<trkpt lat="24.333160" lon="109.316441">
				<ele>38.352467</ele>
			</trkpt>
			<trkpt lat="24.333151" lon="109.316589">
				<ele>38.389894</ele>
			</trkpt>
			<trkpt lat="24.333146" lon="109.316737">
				<ele>38.428997</ele>
			</trkpt>
			<trkpt lat="24.333145" lon="109.316885">
				<ele>38.469733</ele>
			</trkpt>
			<trkpt lat="24.333149" lon="109.317033">
				<ele>38.512062</ele>
			</trkpt>
			<trkpt lat="24.333157" lon="109.317181">
				<ele>38.555940</ele>
			</trkpt>
			<trkpt lat="24.333169" lon="109.317328">
				<ele>38.601319</ele>
			</trkpt>
			<trkpt lat="24.333186" lon="109.317475">
				<ele>38.648154</ele>
			</trkpt>
			<trkpt lat="24.333206" lon="109.317622">
				<ele>38.696396</ele>
			</trkpt>
			<trkpt lat="24.333231" lon="109.317767">
				<ele>38.745994</ele>
			</trkpt>
			<trkpt lat="24.333260" lon="109.317912">
				<ele>38.796897</ele>
			</trkpt>
			<trkpt lat="24.333294" lon="109.318055">
				<ele>38.849052</ele>
			</trkpt>
			<trkpt lat="24.333331" lon="109.318197">
				<ele>38.902404</ele>
			</trkpt>
			<trkpt lat="24.333373" lon="109.318338">
				<ele>38.956898</ele>
			</trkpt>
			<trkpt lat="24.333419" lon="109.318477">
				<ele>39.012478</ele>
			</trkpt>
			<trkpt lat="24.333468" lon="109.318615">
				<ele>39.069085</ele>
			</trkpt>
			<trkpt lat="24.333522" lon="109.318751">
				<ele>39.126660</ele>
			</trkpt>
			<trkpt lat="24.333580" lon="109.318885">
				<ele>39.185145</ele>
			</trkpt>
			<trkpt lat="24.333641" lon="109.319017">
				<ele>39.244477</ele>
			</trkpt>
			<trkpt lat="24.333706" lon="109.319146">
				<ele>39.304595</ele>
			</trkpt>
			<trkpt lat="24.333775" lon="109.319273">
				<ele>39.365437</ele>
			</trkpt>
			<trkpt lat="24.333848" lon="109.319398">
				<ele>39.426940</ele>
			</trkpt>
			<trkpt lat="24.333924" lon="109.319520">
				<ele>39.489038</ele>
			</trkpt>
			<trkpt lat="24.334004" lon="109.319640">
				<ele>39.551668</ele>
			</trkpt>
			<trkpt lat="24.334087" lon="109.319756">
				<ele>39.614765</ele>
			</trkpt>
			<trkpt lat="24.334173" lon="109.319870">
				<ele>39.678262</ele>
			</trkpt>
			<trkpt lat="24.334263" lon="109.319981">
				<ele>39.742094</ele>
			</trkpt>
			<trkpt lat="24.334356" lon="109.320088">
				<ele>39.806195</ele>
			</trkpt>
			<trkpt lat="24.334452" lon="109.320192">
				<ele>39.870497</ele>
			</trkpt>
			<trkpt lat="24.334551" lon="109.320293">
				<ele>39.934934</ele>
			</trkpt>
			<trkpt lat="24.334653" lon="109.320390">
				<ele>39.999439</ele>
			</trkpt>
			<trkpt lat="24.334757" lon="109.320483">
				<ele>40.063944</ele>
			</trkpt>
			<trkpt lat="24.334864" lon="109.320573">
				<ele>40.128383</ele>
			</trkpt>
			<trkpt lat="24.334974" lon="109.320659">
				<ele>40.192688</ele>
			</trkpt>
			<trkpt lat="24.335086" lon="109.320741">
				<ele>40.256792</ele>
			</trkpt>
			<trkpt lat="24.335201" lon="109.320819">
				<ele>40.320630</ele>
			</trkpt>
			<trkpt lat="24.335318" lon="109.320894">
				<ele>40.384134</ele>
			</trkpt>
			<trkpt lat="24.335437" lon="109.320964">
				<ele>40.447238</ele>
			</trkpt>
			<trkpt lat="24.335557" lon="109.321029">
				<ele>40.509877</ele>
			</trkpt>
			<trkpt lat="24.335680" lon="109.321091">
				<ele>40.571985</ele>
			</trkpt>
			<trkpt lat="24.335804" lon="109.321148">
				<ele>40.633498</ele>
			</trkpt>
			<trkpt lat="24.335930" lon="109.321201">
				<ele>40.694352</ele>
			</trkpt>
			<trkpt lat="24.336058" lon="109.321250">
				<ele>40.754483</ele>
			</trkpt>
			<trkpt lat="24.336187" lon="109.321294">
				<ele>40.813830</ele>
			</trkpt>
			<trkpt lat="24.336317" lon="109.321333">
				<ele>40.872330</ele>
			</trkpt>
			<trkpt lat="24.336448" lon="109.321368">
				<ele>40.929922</ele>
			</trkpt>
			<trkpt lat="24.336580" lon="109.321398">
				<ele>40.986546</ele>
			</trkpt>
			<trkpt lat="24.336713" lon="109.321424">
				<ele>41.042144</ele>
			</trkpt>
			<trkpt lat="24.336846" lon="109.321445">
				<ele>41.096658</ele>
			</trkpt>
			<trkpt lat="24.336980" lon="109.321461">
				<ele>41.150030</ele>
			</trkpt>
			<trkpt lat="24.337115" lon="109.321473">
				<ele>41.202206</ele>
			</trkpt>
			<trkpt lat="24.337250" lon="109.321480">
				<ele>41.253131</ele>
			</trkpt>
			<trkpt lat="24.337384" lon="109.321482">
				<ele>41.302752</ele>
			</trkpt>
			<trkpt lat="24.337519" lon="109.321479">
				<ele>41.351018</ele>
			</trkpt>
			<trkpt lat="24.337654" lon="109.321472">
				<ele>41.397878</ele>
			</trkpt>
			<trkpt lat="24.337788" lon="109.321460">
				<ele>41.443283</ele>
			</trkpt>
			<trkpt lat="24.337922" lon="109.321443">
				<ele>41.487187</ele>
			</trkpt>
			<trkpt lat="24.338056" lon="109.321422">
				<ele>41.529544</ele>
			</trkpt>
			<trkpt lat="24.338189" lon="109.321396">
				<ele>41.570308</ele>
			</trkpt>
			<trkpt lat="24.338321" lon="109.321365">
				<ele>41.609439</ele>
			</trkpt>
			<trkpt lat="24.338452" lon="109.321330">
				<ele>41.646896</ele>
			</trkpt>
			<trkpt lat="24.338582" lon="109.321290">
				<ele>41.682639</ele>
			</trkpt>
			<trkpt lat="24.338710" lon="109.321246">
				<ele>41.716631</ele>
			</trkpt>
			<trkpt lat="24.338838" lon="109.321197">
				<ele>41.748837</ele>
			</trkpt>
			<trkpt lat="24.338964" lon="109.321144">
				<ele>41.779223</ele>
			</trkpt>
			<trkpt lat="24.339088" lon="109.321087">
				<ele>41.807758</ele>
			</trkpt>
			<trkpt lat="24.339210" lon="109.321025">
				<ele>41.834412</ele>
			</trkpt>
			<trkpt lat="24.339331" lon="109.320959">
				<ele>41.859157</ele>
			</trkpt>
			<trkpt lat="24.339450" lon="109.320888">
				<ele>41.881968</ele>
			</trkpt>
			<trkpt lat="24.339566" lon="109.320814">
				<ele>41.902821</ele>
			</trkpt>
			<trkpt lat="24.339681" lon="109.320735">
				<ele>41.921693</ele>
			</trkpt>
			<trkpt lat="24.339793" lon="109.320653">
				<ele>41.938567</ele>
			</trkpt>
			<trkpt lat="24.339902" lon="109.320567">
				<ele>41.953423</ele>
			</trkpt>
			<trkpt lat="24.340010" lon="109.320476">
				<ele>41.966247</ele>
			</trkpt>
			<trkpt lat="24.340114" lon="109.320383">
				<ele>41.977025</ele>
			</trkpt>
			<trkpt lat="24.340215" lon="109.320285">
				<ele>41.985745</ele>
			</trkpt>
			<trkpt lat="24.340314" lon="109.320184">
				<ele>41.992400</ele>
			</trkpt>
			<trkpt lat="24.340410" lon="109.320080">
				<ele>41.996981</ele>
			</trkpt>
			<trkpt lat="24.340503" lon="109.319972">
				<ele>41.999485</ele>
			</trkpt>
			<trkpt lat="24.340592" lon="109.319862">
				<ele>41.999908</ele>
			</trkpt>
			<trkpt lat="24.340678" lon="109.319748">
				<ele>41.998251</ele>
			</trkpt>
			<trkpt lat="24.340761" lon="109.319631">
				<ele>41.994514</ele>
			</trkpt>
			<trkpt lat="24.340841" lon="109.319511">
				<ele>41.988702</ele>
			</trkpt>
			<trkpt lat="24.340917" lon="109.319389">
				<ele>41.980821</ele>
			</trkpt>
			<trkpt lat="24.340989" lon="109.319264">
				<ele>41.970878</ele>
			</trkpt>
			<trkpt lat="24.341058" lon="109.319137">
				<ele>41.958885</ele>
			</trkpt>
			<trkpt lat="24.341122" lon="109.319007">
				<ele>41.944854</ele>
			</trkpt>
			<trkpt lat="24.341184" lon="109.318875">
				<ele>41.928799</ele>
			</trkpt>
			<trkpt lat="24.341241" lon="109.318741">
				<ele>41.910738</ele>
			</trkpt>
			<trkpt lat="24.341294" lon="109.318605">
				<ele>41.890688</ele>
			</trkpt>
			<trkpt lat="24.341344" lon="109.318467">
				<ele>41.868671</ele>
			</trkpt>
			<trkpt lat="24.341389" lon="109.318328">
				<ele>41.844709</ele>
			</trkpt>
			<trkpt lat="24.341430" lon="109.318187">
				<ele>41.818828</ele>
			</trkpt>
			<trkpt lat="24.341468" lon="109.318044">
				<ele>41.791055</ele>
			</trkpt>
			<trkpt lat="24.341501" lon="109.317901">
				<ele>41.761418</ele>
			</trkpt>
			<trkpt lat="24.341529" lon="109.317756">
				<ele>41.729949</ele>
			</trkpt>
			<trkpt lat="24.341554" lon="109.317611">
				<ele>41.696679</ele>
			</trkpt>
			<trkpt lat="24.341574" lon="109.317464">
				<ele>41.661644</ele>
			</trkpt>
			<trkpt lat="24.341591" lon="109.317317">
				<ele>41.624880</ele>
			</trkpt>
			<trkpt lat="24.341603" lon="109.317170">
				<ele>41.586425</ele>
			</trkpt>
			<trkpt lat="24.341610" lon="109.317022">
				<ele>41.546320</ele>
			</trkpt>
			<trkpt lat="24.341613" lon="109.316874">
				<ele>41.504606</ele>
			</trkpt>
			<trkpt lat="24.341612" lon="109.316726">
				<ele>41.461326</ele>
			</trkpt>
			<trkpt lat="24.341607" lon="109.316578">
				<ele>41.416526</ele>
			</trkpt>
			<trkpt lat="24.341598" lon="109.316430">
				<ele>41.370252</ele>
			</trkpt>
			<trkpt lat="24.341584" lon="109.316283">
				<ele>41.322552</ele>
			</trkpt>
			<trkpt lat="24.341566" lon="109.316136">
				<ele>41.273476</ele>
			</trkpt>
			<trkpt lat="24.341543" lon="109.315990">
				<ele>41.223075</ele>
			</trkpt>
			<trkpt lat="24.341517" lon="109.315845">
				<ele>41.171401</ele>
			</trkpt>
			<trkpt lat="24.341486" lon="109.315701">
				<ele>41.118509</ele>
			</trkpt>
			<trkpt lat="24.341451" lon="109.315558">
				<ele>41.064453</ele>
			</trkpt>
			<trkpt lat="24.341412" lon="109.315416">
				<ele>41.009289</ele>
			</trkpt>
			<trkpt lat="24.341368" lon="109.315276">
				<ele>40.953075</ele>
			</trkpt>
			<trkpt lat="24.341321" lon="109.315138">
				<ele>40.895869</ele>
			</trkpt>
			<trkpt lat="24.341270" lon="109.315001">
				<ele>40.837732</ele>
			</trkpt>
			<trkpt lat="24.341215" lon="109.314866">
				<ele>40.778722</ele>
			</trkpt>
			<trkpt lat="24.341156" lon="109.314732">
				<ele>40.718902</ele>
			</trkpt>
			<trkpt lat="24.341093" lon="109.314602">
				<ele>40.658335</ele>
			</trkpt>
			<trkpt lat="24.341026" lon="109.314473">
				<ele>40.597082</ele>
			</trkpt>
			<trkpt lat="24.340956" lon="109.314347">
				<ele>40.535208</ele>
			</trkpt>
			<trkpt lat="24.340882" lon="109.314223">
				<ele>40.472777</ele>
			</trkpt>
			<trkpt lat="24.340804" lon="109.314102">
				<ele>40.409855</ele>
			</trkpt>
			<trkpt lat="24.340723" lon="109.313983">
				<ele>40.346505</ele>
			</trkpt>
			<trkpt lat="24.340639" lon="109.313868">
				<ele>40.282796</ele>
			</trkpt>
			<trkpt lat="24.340551" lon="109.313755">
				<ele>40.218792</ele>
			</trkpt>
			<trkpt lat="24.340460" lon="109.313646">
				<ele>40.154560</ele>
			</trkpt>
			<trkpt lat="24.340366" lon="109.313540">
				<ele>40.090168</ele>
			</trkpt>
			<trkpt lat="24.340269" lon="109.313437">
				<ele>40.025681</ele>
			</trkpt>
			<trkpt lat="24.340168" lon="109.313338">
				<ele>39.961168</ele>
			</trkpt>
			<trkpt lat="24.340066" lon="109.313242">
				<ele>39.896696</ele>
			</trkpt>
			<trkpt lat="24.339960" lon="109.313150">
				<ele>39.832331</ele>
			</trkpt>
			<trkpt lat="24.339852" lon="109.313062">
				<ele>39.768140</ele>
			</trkpt>
			<trkpt lat="24.339741" lon="109.312977">
				<ele>39.704191</ele>
			</trkpt>
			<trkpt lat="24.339628" lon="109.312897">
				<ele>39.640549</ele>
			</trkpt>
			<trkpt lat="24.339512" lon="109.312820">
				<ele>39.577282</ele>
			</trkpt>
			<trkpt lat="24.339395" lon="109.312748">
				<ele>39.514454</ele>
			</trkpt>
			<trkpt lat="24.339275" lon="109.312679">
				<ele>39.452131</ele>
			</trkpt>
			<trkpt lat="24.339154" lon="109.312615">
				<ele>39.390379</ele>
			</trkpt>
			<trkpt lat="24.339030" lon="109.312555">
				<ele>39.329261</ele>
			</trkpt>
			<trkpt lat="24.338905" lon="109.312500">
				<ele>39.268840</ele>
			</trkpt>
			<trkpt lat="24.338779" lon="109.312448">
				<ele>39.209181</ele>
			</trkpt>
			<trkpt lat="24.338651" lon="109.312402">
				<ele>39.150344</ele>
			</trkpt>
			<trkpt lat="24.338521" lon="109.312360">
				<ele>39.092391</ele>
			</trkpt>
			<trkpt lat="24.338391" lon="109.312322">
				<ele>39.035383</ele>
			</trkpt>
			<trkpt lat="24.338259" lon="109.312289">
				<ele>38.979379</ele>
			</trkpt>
			<trkpt lat="24.338127" lon="109.312260">
				<ele>38.924436</ele>
			</trkpt>
			<trkpt lat="24.337994" lon="109.312237">
				<ele>38.870612</ele>
			</trkpt>
			<trkpt lat="24.337860" lon="109.312217">
				<ele>38.817964</ele>
			</trkpt>
			<trkpt lat="24.337726" lon="109.312203">
				<ele>38.766546</ele>
			</trkpt>
			<trkpt lat="24.337591" lon="109.312193">
				<ele>38.716410</ele>
			</trkpt>
			<trkpt lat="24.337456" lon="109.312188">
				<ele>38.667611</ele>
			</trkpt>
			<trkpt lat="24.337322" lon="109.312188">
				<ele>38.620198</ele>
			</trkpt>
			<trkpt lat="24.337187" lon="109.312192">
				<ele>38.574220</ele>
			</trkpt>
			<trkpt lat="24.337052" lon="109.312201">
				<ele>38.529726</ele>
			</trkpt>
			<trkpt lat="24.336918" lon="109.312215">
				<ele>38.486762</ele>
			</trkpt>
			<trkpt lat="24.336784" lon="109.312234">
				<ele>38.445372</ele>
			</trkpt>
			<trkpt lat="24.336651" lon="109.312257">
				<ele>38.405600</ele>
			</trkpt>
			<trkpt lat="24.336518" lon="109.312284">
				<ele>38.367487</ele>
			</trkpt>
			<trkpt lat="24.336387" lon="109.312317">
				<ele>38.331073</ele>
			</trkpt>
			<trkpt lat="24.336256" lon="109.312354">
				<ele>38.296394</ele>
			</trkpt>
			<trkpt lat="24.336126" lon="109.312395">
				<ele>38.263489</ele>
			</trkpt>
			<trkpt lat="24.335998" lon="109.312441">
				<ele>38.232390</ele>
			</trkpt>
			<trkpt lat="24.335871" lon="109.312492">
				<ele>38.203131</ele>
			</trkpt>
			<trkpt lat="24.335746" lon="109.312547">
				<ele>38.175741</ele>
			</trkpt>
			<trkpt lat="24.335623" lon="109.312606">
				<ele>38.150250</ele>
			</trkpt>
			<trkpt lat="24.335501" lon="109.312670">
				<ele>38.126683</ele>
			</trkpt>
			<trkpt lat="24.335381" lon="109.312738">
				<ele>38.105065</ele>
			</trkpt>
			<trkpt lat="24.335263" lon="109.312809">
				<ele>38.085419</ele>
			</trkpt>
			<trkpt lat="24.335147" lon="109.312886">
				<ele>38.067764</ele>
			</trkpt>
			<trkpt lat="24.335034" lon="109.312966">
				<ele>38.052121</ele>
			</trkpt>
			<trkpt lat="24.334923" lon="109.313050">
				<ele>38.038504</ele>
			</trkpt>
			<trkpt lat="24.334814" lon="109.313137">
				<ele>38.026928</ele>
			</trkpt>
			<trkpt lat="24.334708" lon="109.313229">
				<ele>38.017405</ele>
			</trkpt>
			<trkpt lat="24.334605" lon="109.313324">
				<ele>38.009945</ele>
			</trkpt>
			<trkpt lat="24.334504" lon="109.313423">
				<ele>38.004556</ele>
			</trkpt>
			<trkpt lat="24.334407" lon="109.313525">
				<ele>38.001242</ele>
			</trkpt>
			<trkpt lat="24.334312" lon="109.313631">
				<ele>38.000009</ele>
			</trkpt>
			<trkpt lat="24.334221" lon="109.313740">
				<ele>38.000856</ele>
			</trkpt>
			<trkpt lat="24.334133" lon="109.313852">
				<ele>38.003784</ele>
			</trkpt>
			<trkpt lat="24.334048" lon="109.313967">
				<ele>38.008789</ele>
			</trkpt>
			<trkpt lat="24.333966" lon="109.314085">
				<ele>38.015865</ele>
			</trkpt>
			<trkpt lat="24.333888" lon="109.314205">
				<ele>38.025006</ele>
			</trkpt>
			<trkpt lat="24.333813" lon="109.314329">
				<ele>38.036202</ele>
			</trkpt>
			<trkpt lat="24.333743" lon="109.314455">
				<ele>38.049441</ele>
			</trkpt>
			<trkpt lat="24.333675" lon="109.314583">
				<ele>38.064710</ele>
			</trkpt>
			<trkpt lat="24.333612" lon="109.314714">
				<ele>38.081992</ele>
			</trkpt>
			<trkpt lat="24.333552" lon="109.314846">
				<ele>38.101270</ele>
			</trkpt>
			<trkpt lat="24.333496" lon="109.314981">
				<ele>38.122524</ele>
			</trkpt>
			<trkpt lat="24.333445" lon="109.315118">
				<ele>38.145731</ele>
			</trkpt>
			<trkpt lat="24.333397" lon="109.315256">
				<ele>38.170868</ele>
			</trkpt>
			<trkpt lat="24.333353" lon="109.315396">
				<ele>38.197908</ele>
			</trkpt>
			<trkpt lat="24.333313" lon="109.315538">
				<ele>38.226822</ele>
			</trkpt>
			<trkpt lat="24.333278" lon="109.315681">
				<ele>38.257582</ele>
			</trkpt>
			<trkpt lat="24.333246" lon="109.315825">
				<ele>38.290155</ele>
			</trkpt>
			<trkpt lat="24.333219" lon="109.315970">
				<ele>38.324507</ele>
			</trkpt>
			<trkpt lat="24.333196" lon="109.316116">
				<ele>38.360602</ele>
			</trkpt>
			<trkpt lat="24.333177" lon="109.316262">
				<ele>38.398403</ele>
			</trkpt>
			<trkpt lat="24.333163" lon="109.316409">
				<ele>38.437870</ele>
			</trkpt>
			<trkpt lat="24.333153" lon="109.316557">
				<ele>38.478963</ele>
			</trkpt>
			<trkpt lat="24.333147" lon="109.316705">
				<ele>38.521639</ele>
			</trkpt>
			<trkpt lat="24.333145" lon="109.316853">
				<ele>38.565852</ele>
			</trkpt>
			<trkpt lat="24.333148" lon="109.317001">
				<ele>38.611558</ele>
			</trkpt>
			<trkpt lat="24.333155" lon="109.317149">
				<ele>38.658709</ele>
			</trkpt>
			<trkpt lat="24.333166" lon="109.317296">
				<ele>38.707255</ele>
			</trkpt>
			<trkpt lat="24.333182" lon="109.317443">
				<ele>38.757146</ele>
			</trkpt>
			<trkpt lat="24.333201" lon="109.317590">
				<ele>38.808330</ele>
			</trkpt>
			<trkpt lat="24.333225" lon="109.317735">
				<ele>38.860755</ele>
			</trkpt>
			<trkpt lat="24.333254" lon="109.317880">
				<ele>38.914364</ele>
			</trkpt>
			<trkpt lat="24.333286" lon="109.318024">
				<ele>38.969104</ele>
			</trkpt>
			<trkpt lat="24.333323" lon="109.318166">
				<ele>39.024916</ele>
			</trkpt>
			<trkpt lat="24.333363" lon="109.318308">
				<ele>39.081742</ele>
			</trkpt>
			<trkpt lat="24.333408" lon="109.318447">
				<ele>39.139524</ele>
			</trkpt>
			<trkpt lat="24.333457" lon="109.318585">
				<ele>39.198201</ele>
			</trkpt>
			<trkpt lat="24.333510" lon="109.318721">
				<ele>39.257713</ele>
			</trkpt>
			<trkpt lat="24.333567" lon="109.318856">
				<ele>39.317997</ele>
			</trkpt>
			<trkpt lat="24.333627" lon="109.318988">
				<ele>39.378990</ele>
			</trkpt>
			<trkpt lat="24.333692" lon="109.319118">
				<ele>39.440630</ele>
			</trkpt>
			<trkpt lat="24.333760" lon="109.319246">
				<ele>39.502852</ele>
			</trkpt>
			<trkpt lat="24.333832" lon="109.319371">
				<ele>39.565591</ele>
			</trkpt>
			<trkpt lat="24.333907" lon="109.319494">
				<ele>39.628782</ele>
			</trkpt>
			<trkpt lat="24.333986" lon="109.319614">
				<ele>39.692359</ele>
			</trkpt>
			<trkpt lat="24.334068" lon="109.319731">
				<ele>39.756256</ele>
			</trkpt>
			<trkpt lat="24.334154" lon="109.319846">
				<ele>39.820407</ele>
			</trkpt>
			<trkpt lat="24.334243" lon="109.319957">
				<ele>39.884745</ele>
			</trkpt>
			<trkpt lat="24.334335" lon="109.320065">
				<ele>39.949203</ele>
			</trkpt>
			<trkpt lat="24.334431" lon="109.320170">
				<ele>40.013713</ele>
			</trkpt>
			<trkpt lat="24.334529" lon="109.320271">
				<ele>40.078209</ele>
			</trkpt>
			<trkpt lat="24.334630" lon="109.320369">
				<ele>40.142624</ele>
			</trkpt>
			<trkpt lat="24.334734" lon="109.320463">
				<ele>40.206891</ele>
			</trkpt>
			<trkpt lat="24.334841" lon="109.320554">
				<ele>40.270942</ele>
			</trkpt>
			<trkpt lat="24.334950" lon="109.320641">
				<ele>40.334711</ele>
			</trkpt>
			<trkpt lat="24.335062" lon="109.320724">
				<ele>40.398132</ele>
			</trkpt>
			<trkpt lat="24.335176" lon="109.320803">
				<ele>40.461139</ele>
			</trkpt>
			<trkpt lat="24.335292" lon="109.320878">
				<ele>40.523666</ele>
			</trkpt>
			<trkpt lat="24.335410" lon="109.320949">
				<ele>40.585648</ele>
			</trkpt>
			<trkpt lat="24.335531" lon="109.321015">
				<ele>40.647021</ele>
			</trkpt>
			<trkpt lat="24.335653" lon="109.321078">
				<ele>40.707721</ele>
			</trkpt>
			<trkpt lat="24.335777" lon="109.321136">
				<ele>40.767684</ele>
			</trkpt>
			<trkpt lat="24.335903" lon="109.321190">
				<ele>40.826848</ele>
			</trkpt>
			<trkpt lat="24.336030" lon="109.321239">
				<ele>40.885152</ele>
			</trkpt>
			<trkpt lat="24.336158" lon="109.321284">
				<ele>40.942535</ele>
			</trkpt>
			<trkpt lat="24.336288" lon="109.321325">
				<ele>40.998938</ele>
			</trkpt>
			<trkpt lat="24.336419" lon="109.321361">
				<ele>41.054301</ele>
			</trkpt>
			<trkpt lat="24.336551" lon="109.321392">
				<ele>41.108567</ele>
			</trkpt>
			<trkpt lat="24.336684" lon="109.321419">
				<ele>41.161679</ele>
			</trkpt>
			<trkpt lat="24.336817" lon="109.321441">
				<ele>41.213583</ele>
			</trkpt>
			<trkpt lat="24.336951" lon="109.321458">
				<ele>41.264224</ele>
			</trkpt>
			<trkpt lat="24.337085" lon="109.321471">
				<ele>41.313550</ele>
			</trkpt>
			<trkpt lat="24.337220" lon="109.321478">
				<ele>41.361509</ele>
			</trkpt>
			<trkpt lat="24.337355" lon="109.321482">
				<ele>41.408051</ele>
			</trkpt>
			<trkpt lat="24.337490" lon="109.321480">
				<ele>41.453128</ele>
			</trkpt>
			<trkpt lat="24.337625" lon="109.321474">
				<ele>41.496694</ele>
			</trkpt>
			<trkpt lat="24.337759" lon="109.321463">
				<ele>41.538702</ele>
			</trkpt>
			<trkpt lat="24.337893" lon="109.321447">
				<ele>41.579109</ele>
			</trkpt>
			<trkpt lat="24.338027" lon="109.321427">
				<ele>41.617873</ele>
			</trkpt>
			<trkpt lat="24.338160" lon="109.321402">
				<ele>41.654953</ele>
			</trkpt>
			<trkpt lat="24.338292" lon="109.321372">
				<ele>41.690312</ele>
			</trkpt>
			<trkpt lat="24.338423" lon="109.321338">
				<ele>41.723911</ele>
			</trkpt>
			<trkpt lat="24.338553" lon="109.321299">
				<ele>41.755718</ele>
			</trkpt>
			<trkpt lat="24.338682" lon="109.321256">
				<ele>41.785697</ele>
			</trkpt>
			<trkpt lat="24.338810" lon="109.321208">
				<ele>41.813818</ele>
			</trkpt>
			<trkpt lat="24.338936" lon="109.321156">
				<ele>41.840052</ele>
			</trkpt>
			<trkpt lat="24.339061" lon="109.321099">
				<ele>41.864372</ele>
			</trkpt>
			<trkpt lat="24.339184" lon="109.321039">
				<ele>41.886751</ele>
			</trkpt>
			<trkpt lat="24.339305" lon="109.320973">
				<ele>41.907168</ele>
			</trkpt>
			<trkpt lat="24.339424" lon="109.320904">
				<ele>41.925600</ele>
			</trkpt>
			<trkpt lat="24.339541" lon="109.320830">
				<ele>41.942028</ele>
			</trkpt>
			<trkpt lat="24.339656" lon="109.320753">
				<ele>41.956436</ele>
			</trkpt>
			<trkpt lat="24.339769" lon="109.320671">
				<ele>41.968808</ele>
			</trkpt>
			<trkpt lat="24.339879" lon="109.320586">
				<ele>41.979132</ele>
			</trkpt>
			<trkpt lat="24.339986" lon="109.320496">
				<ele>41.987396</ele>
			</trkpt>
			<trkpt lat="24.340091" lon="109.320403">
				<ele>41.993592</ele>
			</trkpt>
			<trkpt lat="24.340194" lon="109.320307">
				<ele>41.997715</ele>
			</trkpt>
			<trkpt lat="24.340293" lon="109.320207">
				<ele>41.999758</ele>
			</trkpt>
			<trkpt lat="24.340389" lon="109.320103">
				<ele>41.999721</ele>
			</trkpt>
			<trkpt lat="24.340483" lon="109.319996">
				<ele>41.997603</ele>
			</trkpt>
			<trkpt lat="24.340573" lon="109.319886">
				<ele>41.993407</ele>
			</trkpt>
			<trkpt lat="24.340660" lon="109.319773">
				<ele>41.987136</ele>
			</trkpt>
			<trkpt lat="24.340743" lon="109.319657">
				<ele>41.978798</ele>
			</trkpt>
			<trkpt lat="24.340824" lon="109.319538">
				<ele>41.968401</ele>
			</trkpt>
			<trkpt lat="24.340900" lon="109.319416">
				<ele>41.955956</ele>
			</trkpt>
			<trkpt lat="24.340973" lon="109.319291">
				<ele>41.941476</ele>
			</trkpt>
			<trkpt lat="24.341043" lon="109.319165">
				<ele>41.924975</ele>
			</trkpt>
			<trkpt lat="24.341109" lon="109.319035">
				<ele>41.906472</ele>
			</trkpt>
			<trkpt lat="24.341171" lon="109.318904">
				<ele>41.885985</ele>
			</trkpt>
			<trkpt lat="24.341229" lon="109.318770">
				<ele>41.863536</ele>
			</trkpt>
			<trkpt lat="24.341283" lon="109.318635">
				<ele>41.839147</ele>
			</trkpt>
			<trkpt lat="24.341333" lon="109.318497">
				<ele>41.812845</ele>
			</trkpt>
			<trkpt lat="24.341380" lon="109.318358">
				<ele>41.784657</ele>
			</trkpt>
			<trkpt lat="24.341422" lon="109.318218">
				<ele>41.754612</ele>
			</trkpt>
			<trkpt lat="24.341460" lon="109.318076">
				<ele>41.722741</ele>
			</trkpt>
			<trkpt lat="24.341494" lon="109.317932">
				<ele>41.689078</ele>
			</trkpt>
			<trkpt lat="24.341524" lon="109.317788">
				<ele>41.653657</ele>
			</trkpt>
			<trkpt lat="24.341549" lon="109.317642">
				<ele>41.616516</ele>
			</trkpt>
			<trkpt lat="24.341570" lon="109.317496">
				<ele>41.577693</ele>
			</trkpt>
			<trkpt lat="24.341587" lon="109.317349">
				<ele>41.537228</ele>
			</trkpt>
			<trkpt lat="24.341600" lon="109.317202">
				<ele>41.495163</ele>
			</trkpt>
			<trkpt lat="24.341609" lon="109.317054">
				<ele>41.451543</ele>
			</trkpt>
			<trkpt lat="24.341613" lon="109.316906">
				<ele>41.406413</ele>
			</trkpt>
			<trkpt lat="24.341613" lon="109.316758">
				<ele>41.359819</ele>
			</trkpt>
			<trkpt lat="24.341609" lon="109.316610">
				<ele>41.311810</ele>
			</trkpt>
			<trkpt lat="24.341600" lon="109.316463">
				<ele>41.262437</ele>
			</trkpt>
			<trkpt lat="24.341587" lon="109.316315">
				<ele>41.211750</ele>
			</trkpt>
			<trkpt lat="24.341570" lon="109.316168">
				<ele>41.159802</ele>
			</trkpt>
			<trkpt lat="24.341548" lon="109.316022">
				<ele>41.106647</ele>
			</trkpt>
			<trkpt lat="24.341523" lon="109.315877">
				<ele>41.052341</ele>
			</trkpt>
			<trkpt lat="24.341493" lon="109.315733">
				<ele>40.996940</ele>
			</trkpt>
			<trkpt lat="24.341459" lon="109.315589">
				<ele>40.940501</ele>
			</trkpt>
			<trkpt lat="24.341420" lon="109.315447">
				<ele>40.883084</ele>
			</trkpt>
			<trkpt lat="24.341378" lon="109.315307">
				<ele>40.824748</ele>
			</trkpt>
			<trkpt lat="24.341332" lon="109.315168">
				<ele>40.765554</ele>
			</trkpt>
			<trkpt lat="24.341281" lon="109.315030">
				<ele>40.705564</ele>
			</trkpt>
			<trkpt lat="24.341227" lon="109.314895">
				<ele>40.644839</ele>
			</trkpt>
			<trkpt lat="24.341169" lon="109.314761">
				<ele>40.583443</ele>
			</trkpt>
			<trkpt lat="24.341107" lon="109.314630">
				<ele>40.521441</ele>
			</trkpt>
			<trkpt lat="24.341041" lon="109.314501">
				<ele>40.458895</ele>
			</trkpt>
			<trkpt lat="24.340971" lon="109.314374">
				<ele>40.395873</ele>
			</trkpt>
			<trkpt lat="24.340898" lon="109.314250">
				<ele>40.332438</ele>
			</trkpt>
			<trkpt lat="24.340821" lon="109.314128">
				<ele>40.268658</ele>
			</trkpt>
			<trkpt lat="24.340741" lon="109.314009">
				<ele>40.204597</ele>
			</trkpt>
			<trkpt lat="24.340657" lon="109.313893">
				<ele>40.140324</ele>
			</trkpt>
			<trkpt lat="24.340570" lon="109.313780">
				<ele>40.075905</ele>
			</trkpt>
			<trkpt lat="24.340480" lon="109.313670">
				<ele>40.011408</ele>
			</trkpt>
			<trkpt lat="24.340386" lon="109.313563">
				<ele>39.946898</ele>
			</trkpt>
			<trkpt lat="24.340290" lon="109.313459">
				<ele>39.882443</ele>
			</trkpt>
			<trkpt lat="24.340191" lon="109.313359">
				<ele>39.818111</ele>
			</trkpt>
			<trkpt lat="24.340088" lon="109.313263">
				<ele>39.753968</ele>
			</trkpt>
			<trkpt lat="24.339983" lon="109.313170">
				<ele>39.690081</ele>
			</trkpt>
			<trkpt lat="24.339876" lon="109.313081">
				<ele>39.626516</ele>
			</trkpt>
			<trkpt lat="24.339765" lon="109.312995">
				<ele>39.563340</ele>
			</trkpt>
			<trkpt lat="24.339653" lon="109.312914">
				<ele>39.500619</ele>
			</trkpt>
			<trkpt lat="24.339538" lon="109.312836">
				<ele>39.438417</ele>
			</trkpt>
			<trkpt lat="24.339421" lon="109.312763">
				<ele>39.376799</ele>
			</trkpt>
			<trkpt lat="24.339301" lon="109.312694">
				<ele>39.315830</ele>
			</trkpt>
			<trkpt lat="24.339180" lon="109.312629">
				<ele>39.255573</ele>
			</trkpt>
			<trkpt lat="24.339057" lon="109.312568">
				<ele>39.196090</ele>
			</trkpt>
			<trkpt lat="24.338933" lon="109.312511">
				<ele>39.137443</ele>
			</trkpt>
			<trkpt lat="24.338806" lon="109.312459">
				<ele>39.079695</ele>
			</trkpt>
			<trkpt lat="24.338679" lon="109.312412">
				<ele>39.022903</ele>
			</trkpt>
			<trkpt lat="24.338550" lon="109.312368">
				<ele>38.967129</ele>
			</trkpt>
			<trkpt lat="24.338419" lon="109.312330">
				<ele>38.912429</ele>
			</trkpt>
			<trkpt lat="24.338288" lon="109.312296">
				<ele>38.858861</ele>
			</trkpt>
			<trkpt lat="24.338156" lon="109.312266">
				<ele>38.806480</ele>
			</trkpt>
			<trkpt lat="24.338023" lon="109.312241">
				<ele>38.755340</ele>
			</trkpt>
			<trkpt lat="24.337889" lon="109.312221">
				<ele>38.705496</ele>
			</trkpt>
			<trkpt lat="24.337755" lon="109.312206">
				<ele>38.656999</ele>
			</trkpt>
			<trkpt lat="24.337621" lon="109.312195">
				<ele>38.609900</ele>
			</trkpt>
			<trkpt lat="24.337486" lon="109.312189">
				<ele>38.564246</ele>
			</trkpt>
			<trkpt lat="24.337351" lon="109.312187">
				<ele>38.520087</ele>
			</trkpt>
			<trkpt lat="24.337216" lon="109.312191">
				<ele>38.477467</ele>
			</trkpt>
			<trkpt lat="24.337081" lon="109.312199">
				<ele>38.436432</ele>
			</trkpt>
			<trkpt lat="24.336947" lon="109.312212">
				<ele>38.397023</ele>
			</trkpt>
			<trkpt lat="24.336813" lon="109.312229">
				<ele>38.359282</ele>
			</trkpt>
			<trkpt lat="24.336680" lon="109.312251">
				<ele>38.323249</ele>
			</trkpt>
			<trkpt lat="24.336547" lon="109.312278">
				<ele>38.288960</ele>
			</trkpt>
			<trkpt lat="24.336415" lon="109.312309">
				<ele>38.256451</ele>
			</trkpt>
			<trkpt lat="24.336284" lon="109.312345">
				<ele>38.225757</ele>
			</trkpt>
			<trkpt lat="24.336155" lon="109.312386">
				<ele>38.196909</ele>
			</trkpt>
			<trkpt lat="24.336026" lon="109.312431">
				<ele>38.169937</ele>
			</trkpt>
			<trkpt lat="24.335899" lon="109.312481">
				<ele>38.144869</ele>
			</trkpt>
			<trkpt lat="24.335773" lon="109.312535">
				<ele>38.121731</ele>
			</trkpt>
			<trkpt lat="24.335649" lon="109.312593">
				<ele>38.100547</ele>
			</trkpt>
			<trkpt lat="24.335527" lon="109.312656">
				<ele>38.081340</ele>
			</trkpt>
			<trkpt lat="24.335407" lon="109.312722">
				<ele>38.064129</ele>
			</trkpt>
			<trkpt lat="24.335289" lon="109.312793">
				<ele>38.048933</ele>
			</trkpt>
			<trkpt lat="24.335172" lon="109.312869">
				<ele>38.035767</ele>
			</trkpt>
			<trkpt lat="24.335058" lon="109.312948">
				<ele>38.024644</ele>
			</trkpt>
			<trkpt lat="24.334947" lon="109.313031">
				<ele>38.015577</ele>
			</trkpt>
			<trkpt lat="24.334838" lon="109.313118">
				<ele>38.008574</ele>
			</trkpt>
			<trkpt lat="24.334731" lon="109.313209">
				<ele>38.003644</ele>
			</trkpt>
			<trkpt lat="24.334627" lon="109.313303">
				<ele>38.000790</ele>
			</trkpt>
			<trkpt lat="24.334526" lon="109.313401">
				<ele>38.000017</ele>
			</trkpt>
			<trkpt lat="24.334428" lon="109.313503">
				<ele>38.001325</ele>
			</trkpt>
			<trkpt lat="24.334333" lon="109.313607">
				<ele>38.004713</ele>
			</trkpt>
			<trkpt lat="24.334240" lon="109.313716">
				<ele>38.010176</ele>
			</trkpt>
			<trkpt lat="24.334151" lon="109.313827">
				<ele>38.017710</ele>
			</trkpt>
			<trkpt lat="24.334066" lon="109.313941">
				<ele>38.027306</ele>
			</trkpt>
			<trkpt lat="24.333984" lon="109.314059">
				<ele>38.038956</ele>
			</trkpt>
			<trkpt lat="24.333905" lon="109.314179">
				<ele>38.052645</ele>
			</trkpt>
			<trkpt lat="24.333829" lon="109.314302">
				<ele>38.068361</ele>
			</trkpt>
			<trkpt lat="24.333758" lon="109.314427">
				<ele>38.086086</ele>
			</trkpt>
			<trkpt lat="24.333690" lon="109.314555">
				<ele>38.105803</ele>
			</trkpt>
			<trkpt lat="24.333625" lon="109.314685">
				<ele>38.127491</ele>
			</trkpt>
			<trkpt lat="24.333565" lon="109.314817">
				<ele>38.151128</ele>
			</trkpt>
			<trkpt lat="24.333508" lon="109.314952">
				<ele>38.176688</ele>
			</trkpt>
			<trkpt lat="24.333456" lon="109.315088">
				<ele>38.204145</ele>
			</trkpt>
			<trkpt lat="24.333407" lon="109.315226">
				<ele>38.233470</ele>
			</trkpt>
			<trkpt lat="24.333362" lon="109.315366">
				<ele>38.264634</ele>
			</trkpt>
			<trkpt lat="24.333322" lon="109.315507">
				<ele>38.297603</ele>
			</trkpt>
			<trkpt lat="24.333285" lon="109.315649">
				<ele>38.332344</ele>
			</trkpt>
			<trkpt lat="24.333253" lon="109.315793">
				<ele>38.368820</ele>
			</trkpt>
			<trkpt lat="24.333225" lon="109.315938">
				<ele>38.406993</ele>
			</trkpt>
			<trkpt lat="24.333201" lon="109.316084">
				<ele>38.446824</ele>
			</trkpt>
			<trkpt lat="24.333181" lon="109.316230">
				<ele>38.488271</ele>
			</trkpt>
			<trkpt lat="24.333166" lon="109.316377">
				<ele>38.531290</ele>
			</trkpt>
			<trkpt lat="24.333155" lon="109.316525">
				<ele>38.575838</ele>
			</trkpt>
			<trkpt lat="24.333148" lon="109.316673">
				<ele>38.621868</ele>
			</trkpt>
			<trkpt lat="24.333145" lon="109.316821">
				<ele>38.669331</ele>
			</trkpt>
			<trkpt lat="24.333147" lon="109.316969">
				<ele>38.718179</ele>
			</trkpt>
			<trkpt lat="24.333153" lon="109.317117">
				<ele>38.768361</ele>
			</trkpt>
			<trkpt lat="24.333163" lon="109.317264">
				<ele>38.819825</ele>
			</trkpt>
			<trkpt lat="24.333178" lon="109.317411">
				<ele>38.872516</ele>
			</trkpt>
			<trkpt lat="24.333197" lon="109.317558">
				<ele>38.926381</ele>
			</trkpt>
			<trkpt lat="24.333220" lon="109.317704">
				<ele>38.981362</ele>
			</trkpt>
			<trkpt lat="24.333247" lon="109.317849">
				<ele>39.037404</ele>
			</trkpt>
			<trkpt lat="24.333279" lon="109.317993">
				<ele>39.094447</ele>
			</trkpt>
			<trkpt lat="24.333314" lon="109.318135">
				<ele>39.152432</ele>
			</trkpt>
			<trkpt lat="24.333354" lon="109.318277">
				<ele>39.211299</ele>
			</trkpt>
			<trkpt lat="24.333398" lon="109.318417">
				<ele>39.270987</ele>
			</trkpt>
			<trkpt lat="24.333446" lon="109.318555">
				<ele>39.331433</ele>
			</trkpt>
			<trkpt lat="24.333498" lon="109.318692">
				<ele>39.392575</ele>
			</trkpt>
			<trkpt lat="24.333554" lon="109.318827">
				<ele>39.454349</ele>
			</trkpt>
			<trkpt lat="24.333614" lon="109.318959">
				<ele>39.516691</ele>
			</trkpt>
			<trkpt lat="24.333677" lon="109.319090">
				<ele>39.579535</ele>
			</trkpt>
			<trkpt lat="24.333745" lon="109.319218">
				<ele>39.642817</ele>
			</trkpt>
			<trkpt lat="24.333816" lon="109.319344">
				<ele>39.706471</ele>
			</trkpt>
			<trkpt lat="24.333890" lon="109.319467">
				<ele>39.770430</ele>
			</trkpt>
			<trkpt lat="24.333968" lon="109.319588">
				<ele>39.834628</ele>
			</trkpt>
			<trkpt lat="24.334050" lon="109.319706">
				<ele>39.898998</ele>
			</trkpt>
			<trkpt lat="24.334135" lon="109.319821">
				<ele>39.963474</ele>
			</trkpt>
			<trkpt lat="24.334223" lon="109.319933">
				<ele>40.027987</ele>
			</trkpt>
			<trkpt lat="24.334315" lon="109.320042">
				<ele>40.092471</ele>
			</trkpt>
			<trkpt lat="24.334410" lon="109.320147">
				<ele>40.156859</ele>
			</trkpt>
			<trkpt lat="24.334507" lon="109.320249">
				<ele>40.221083</ele>
			</trkpt>
			<trkpt lat="24.334608" lon="109.320348">
				<ele>40.285078</ele>
			</trkpt>
			<trkpt lat="24.334711" lon="109.320443">
				<ele>40.348776</ele>
			</trkpt>
			<trkpt lat="24.334817" lon="109.320534">
				<ele>40.412111</ele>
			</trkpt>
			<trkpt lat="24.334926" lon="109.320622">
				<ele>40.475017</ele>
			</trkpt>
			<trkpt lat="24.335037" lon="109.320706">
				<ele>40.537429</ele>
			</trkpt>
			<trkpt lat="24.335151" lon="109.320786">
				<ele>40.599282</ele>
			</trkpt>
			<trkpt lat="24.335266" lon="109.320862">
				<ele>40.660512</ele>
			</trkpt>
			<trkpt lat="24.335384" lon="109.320934">
				<ele>40.721054</ele>
			</trkpt>
			<trkpt lat="24.335504" lon="109.321001">
				<ele>40.780845</ele>
			</trkpt>
			<trkpt lat="24.335626" lon="109.321065">
				<ele>40.839825</ele>
			</trkpt>
			<trkpt lat="24.335750" lon="109.321124">
				<ele>40.897930</ele>
			</trkpt>
			<trkpt lat="24.335875" lon="109.321179">
				<ele>40.955101</ele>
			</trkpt>
			<trkpt lat="24.336002" lon="109.321229">
				<ele>41.011279</ele>
			</trkpt>
			<trkpt lat="24.336130" lon="109.321275">
				<ele>41.066404</ele>
			</trkpt>
			<trkpt lat="24.336260" lon="109.321316">
				<ele>41.120420</ele>
			</trkpt>
			<trkpt lat="24.336391" lon="109.321353">
				<ele>41.173269</ele>
			</trkpt>
			<trkpt lat="24.336522" lon="109.321385">
				<ele>41.224898</ele>
			</trkpt>
			<trkpt lat="24.336655" lon="109.321413">
				<ele>41.275253</ele>
			</trkpt>
			<trkpt lat="24.336788" lon="109.321436">
				<ele>41.324281</ele>
			</trkpt>
			<trkpt lat="24.336922" lon="109.321455">
				<ele>41.371930</ele>
			</trkpt>
			<trkpt lat="24.337056" lon="109.321468">
				<ele>41.418153</ele>
			</trkpt>
			<trkpt lat="24.337191" lon="109.321477">
				<ele>41.462899</ele>
			</trkpt>
			<trkpt lat="24.337326" lon="109.321481">
				<ele>41.506124</ele>
			</trkpt>
			<trkpt lat="24.337460" lon="109.321481">
				<ele>41.547781</ele>
			</trkpt>
			<trkpt lat="24.337595" lon="109.321476">
				<ele>41.587828</ele>
			</trkpt>
			<trkpt lat="24.337730" lon="109.321466">
				<ele>41.626223</ele>
			</trkpt>
			<trkpt lat="24.337864" lon="109.321451">
				<ele>41.662926</ele>
			</trkpt>
			<trkpt lat="24.337998" lon="109.321432">
				<ele>41.697899</ele>
			</trkpt>
			<trkpt lat="24.338131" lon="109.321408">
				<ele>41.731104</ele>
			</trkpt>
			<trkpt lat="24.338263" lon="109.321379">
				<ele>41.762509</ele>
			</trkpt>
			<trkpt lat="24.338395" lon="109.321346">
				<ele>41.792080</ele>
			</trkpt>
			<trkpt lat="24.338525" lon="109.321308">
				<ele>41.819786</ele>
			</trkpt>
			<trkpt lat="24.338654" lon="109.321266">
				<ele>41.845599</ele>
			</trkpt>
			<trkpt lat="24.338782" lon="109.321219">
				<ele>41.869491</ele>
			</trkpt>
			<trkpt lat="24.338909" lon="109.321168">
				<ele>41.891438</ele>
			</trkpt>
			<trkpt lat="24.339034" lon="109.321112">
				<ele>41.911417</ele>
			</trkpt>
			<trkpt lat="24.339157" lon="109.321052">
				<ele>41.929408</ele>
			</trkpt>
			<trkpt lat="24.339279" lon="109.320988">
				<ele>41.945390</ele>
			</trkpt>
			<trkpt lat="24.339398" lon="109.320919">
				<ele>41.959349</ele>
			</trkpt>
			<trkpt lat="24.339516" lon="109.320847">
				<ele>41.971269</ele>
			</trkpt>
			<trkpt lat="24.339631" lon="109.320770">
				<ele>41.981138</ele>
			</trkpt>
			<trkpt lat="24.339744" lon="109.320689">
				<ele>41.988945</ele>
			</trkpt>
			<trkpt lat="24.339855" lon="109.320605">
				<ele>41.994683</ele>
			</trkpt>
			<trkpt lat="24.339963" lon="109.320516">
				<ele>41.998346</ele>
			</trkpt>
			<trkpt lat="24.340069" lon="109.320424">
				<ele>41.999929</ele>
			</trkpt>
			<trkpt lat="24.340172" lon="109.320328">
				<ele>41.999432</ele>
			</trkpt>
			<trkpt lat="24.340271" lon="109.320229">
				<ele>41.996854</ele>
			</trkpt>
			<trkpt lat="24.340369" lon="109.320126">
				<ele>41.992198</ele>
			</trkpt>
			<trkpt lat="24.340463" lon="109.320020">
				<ele>41.985469</ele>
			</trkpt>
			<trkpt lat="24.340553" lon="109.319910">
				<ele>41.976675</ele>
			</trkpt>
			<trkpt lat="24.340641" lon="109.319798">
				<ele>41.965824</ele>
			</trkpt>
			<trkpt lat="24.340725" lon="109.319682">
				<ele>41.952927</ele>
			</trkpt>
			<trkpt lat="24.340806" lon="109.319564">
				<ele>41.937998</ele>
			</trkpt>
			<trkpt lat="24.340884" lon="109.319443">
				<ele>41.921053</ele>
			</trkpt>
			<trkpt lat="24.340958" lon="109.319319">
				<ele>41.902109</ele>
			</trkpt>
			<trkpt lat="24.341028" lon="109.319192">
				<ele>41.881186</ele>
			</trkpt>
			<trkpt lat="24.341095" lon="109.319064">
				<ele>41.858306</ele>
			</trkpt>
			<trkpt lat="24.341157" lon="109.318933">
				<ele>41.833492</ele>
			</trkpt>
			<trkpt lat="24.341216" lon="109.318800">
				<ele>41.806770</ele>
			</trkpt>
			<trkpt lat="24.341272" lon="109.318664">
				<ele>41.778169</ele>
			</trkpt>
			<trkpt lat="24.341323" lon="109.318527">
				<ele>41.747717</ele>
			</trkpt>
			<trkpt lat="24.341370" lon="109.318389">
				<ele>41.715446</ele>
			</trkpt>
			<trkpt lat="24.341413" lon="109.318248">
				<ele>41.681391</ele>
			</trkpt>
			<trkpt lat="24.341452" lon="109.318107">
				<ele>41.645587</ele>
			</trkpt>
			<trkpt lat="24.341487" lon="109.317964">
				<ele>41.608070</ele>
			</trkpt>
			<trkpt lat="24.341517" lon="109.317819">
				<ele>41.568880</ele>
			</trkpt>
			<trkpt lat="24.341544" lon="109.317674">
				<ele>41.528057</ele>
			</trkpt>
			<trkpt lat="24.341566" lon="109.317528">
				<ele>41.485645</ele>
			</trkpt>
			<trkpt lat="24.341584" lon="109.317382">
				<ele>41.441686</ele>
			</trkpt>
			<trkpt lat="24.341598" lon="109.317234">
				<ele>41.396228</ele>
			</trkpt>
			<trkpt lat="24.341607" lon="109.317087">
				<ele>41.349317</ele>
			</trkpt>
			<trkpt lat="24.341612" lon="109.316939">
				<ele>41.301002</ele>
			</trkpt>
			<trkpt lat="24.341613" lon="109.316791">
				<ele>41.251333</ele>
			</trkpt>
			<trkpt lat="24.341610" lon="109.316643">
				<ele>41.200363</ele>
			</trkpt>
			<trkpt lat="24.341602" lon="109.316495">
				<ele>41.148143</ele>
			</trkpt>
			<trkpt lat="24.341590" lon="109.316347">
				<ele>41.094729</ele>
			</trkpt>
			<trkpt lat="24.341574" lon="109.316200">
				<ele>41.040175</ele>
			</trkpt>
			<trkpt lat="24.341553" lon="109.316054">
				<ele>40.984540</ele>
			</trkpt>
			<trkpt lat="24.341529" lon="109.315908">
				<ele>40.927880</ele>
			</trkpt>
			<trkpt lat="24.341500" lon="109.315764">
				<ele>40.870254</ele>
			</trkpt>
			<trkpt lat="24.341466" lon="109.315620">
				<ele>40.811723</ele>
			</trkpt>
			<trkpt lat="24.341429" lon="109.315478">
				<ele>40.752348</ele>
			</trkpt>
			<trkpt lat="24.341388" lon="109.315337">
				<ele>40.692189</ele>
			</trkpt>
			<trkpt lat="24.341342" lon="109.315198">
				<ele>40.631311</ele>
			</trkpt>
			<trkpt lat="24.341293" lon="109.315060">
				<ele>40.569775</ele>
			</trkpt>
			<trkpt lat="24.341239" lon="109.314924">
				<ele>40.507647</ele>
			</trkpt>
			<trkpt lat="24.341182" lon="109.314790">
				<ele>40.444990</ele>
			</trkpt>
			<trkpt lat="24.341121" lon="109.314658">
				<ele>40.381871</ele>
			</trkpt>
			<trkpt lat="24.341056" lon="109.314529">
				<ele>40.318354</ele>
			</trkpt>
			<trkpt lat="24.340987" lon="109.314401">
				<ele>40.254506</ele>
			</trkpt>
			<trkpt lat="24.340914" lon="109.314276">
				<ele>40.190393</ele>
			</trkpt>
			<trkpt lat="24.340838" lon="109.314154">
				<ele>40.126082</ele>
			</trkpt>
			<trkpt lat="24.340759" lon="109.314035">
				<ele>40.061639</ele>
			</trkpt>
			<trkpt lat="24.340676" lon="109.313918">
				<ele>39.997133</ele>
			</trkpt>
			<trkpt lat="24.340589" lon="109.313804">
				<ele>39.932630</ele>
			</trkpt>
			<trkpt lat="24.340500" lon="109.313693">
				<ele>39.868196</ele>
			</trkpt>
			<trkpt lat="24.340407" lon="109.313586">
				<ele>39.803900</ele>
			</trkpt>
			<trkpt lat="24.340311" lon="109.313482">
				<ele>39.739808</ele>
			</trkpt>
			<trkpt lat="24.340212" lon="109.313381">
				<ele>39.675987</ele>
			</trkpt>
			<trkpt lat="24.340111" lon="109.313284">
				<ele>39.612503</ele>
			</trkpt>
			<trkpt lat="24.340006" lon="109.313190">
				<ele>39.549421</ele>
			</trkpt>
			<trkpt lat="24.339899" lon="109.313100">
				<ele>39.486809</ele>
			</trkpt>
			<trkpt lat="24.339790" lon="109.313014">
				<ele>39.424731</ele>
			</trkpt>
			<trkpt lat="24.339677" lon="109.312931">
				<ele>39.363251</ele>
			</trkpt>
			<trkpt lat="24.339563" lon="109.312853">
				<ele>39.302434</ele>
			</trkpt>
			<trkpt lat="24.339446" lon="109.312779">
				<ele>39.242343</ele>
			</trkpt>
			<trkpt lat="24.339328" lon="109.312708">
				<ele>39.183040</ele>
			</trkpt>
			<trkpt lat="24.339207" lon="109.312642">
				<ele>39.124587</ele>
			</trkpt>
			<trkpt lat="24.339084" lon="109.312581">
				<ele>39.067045</ele>
			</trkpt>
			<trkpt lat="24.338960" lon="109.312523">
				<ele>39.010473</ele>
			</trkpt>
			<trkpt lat="24.338834" lon="109.312470">
				<ele>38.954931</ele>
			</trkpt>
			<trkpt lat="24.338707" lon="109.312422">
				<ele>38.900477</ele>
			</trkpt>
			<trkpt lat="24.338578" lon="109.312377">
				<ele>38.847167</ele>
			</trkpt>
			<trkpt lat="24.338448" lon="109.312338">
				<ele>38.795056</ele>
			</trkpt>
			<trkpt lat="24.338317" lon="109.312303">
				<ele>38.744199</ele>
			</trkpt>
			<trkpt lat="24.338185" lon="109.312272">
				<ele>38.694648</ele>
			</trkpt>
			<trkpt lat="24.338052" lon="109.312246">
				<ele>38.646456</ele>
			</trkpt>
			<trkpt lat="24.337918" lon="109.312225">
				<ele>38.599672</ele>
			</trkpt>
			<trkpt lat="24.337784" lon="109.312209">
				<ele>38.554345</ele>
			</trkpt>
			<trkpt lat="24.337650" lon="109.312197">
				<ele>38.510523</ele>
			</trkpt>
			<trkpt lat="24.337515" lon="109.312190">
				<ele>38.468250</ele>
			</trkpt>
			<trkpt lat="24.337380" lon="109.312187">
				<ele>38.427571</ele>
			</trkpt>
			<trkpt lat="24.337245" lon="109.312190">
				<ele>38.388528</ele>
			</trkpt>
			<trkpt lat="24.337111" lon="109.312197">
				<ele>38.351161</ele>
			</trkpt>
			<trkpt lat="24.336976" lon="109.312208">
				<ele>38.315511</ele>
			</trkpt>
			<trkpt lat="24.336842" lon="109.312225">
				<ele>38.281613</ele>
			</trkpt>
			<trkpt lat="24.336709" lon="109.312246">
				<ele>38.249503</ele>
			</trkpt>
			<trkpt lat="24.336576" lon="109.312272">
				<ele>38.219214</ele>
			</trkpt>
			<trkpt lat="24.336444" lon="109.312302">
				<ele>38.190778</ele>
			</trkpt>
			<trkpt lat="24.336313" lon="109.312337">
				<ele>38.164225</ele>
			</trkpt>
			<trkpt lat="24.336183" lon="109.312377">
				<ele>38.139582</ele>
			</trkpt>
			<trkpt lat="24.336054" lon="109.312421">
				<ele>38.116875</ele>
			</trkpt>
			<trkpt lat="24.335927" lon="109.312469">
				<ele>38.096127</ele>
			</trkpt>
			<trkpt lat="24.335801" lon="109.312522">
				<ele>38.077360</ele>
			</trkpt>
			<trkpt lat="24.335676" lon="109.312580">
				<ele>38.060593</ele>
			</trkpt>
			<trkpt lat="24.335554" lon="109.312642">
				<ele>38.045844</ele>
			</trkpt>
			<trkpt lat="24.335433" lon="109.312707">
				<ele>38.033129</ele>
			</trkpt>
			<trkpt lat="24.335314" lon="109.312778">
				<ele>38.022460</ele>
			</trkpt>
			<trkpt lat="24.335197" lon="109.312852">
				<ele>38.013849</ele>
			</trkpt>
			<trkpt lat="24.335083" lon="109.312930">
				<ele>38.007304</ele>
			</trkpt>
			<trkpt lat="24.334971" lon="109.313012">
				<ele>38.002833</ele>
			</trkpt>
			<trkpt lat="24.334861" lon="109.313099">
				<ele>38.000440</ele>
			</trkpt>
			<trkpt lat="24.334754" lon="109.313189">
				<ele>38.000127</ele>
			</trkpt>
			<trkpt lat="24.334649" lon="109.313282">
				<ele>38.001895</ele>
			</trkpt>
			<trkpt lat="24.334548" lon="109.313379">
				<ele>38.005743</ele>
			</trkpt>
			<trkpt lat="24.334449" lon="109.313480">
				<ele>38.011665</ele>
			</trkpt>
			<trkpt lat="24.334353" lon="109.313584">
				<ele>38.019656</ele>
			</trkpt>
			<trkpt lat="24.334260" lon="109.313692">
				<ele>38.029707</ele>
			</trkpt>
			<trkpt lat="24.334171" lon="109.313802">
				<ele>38.041809</ele>
			</trkpt>
			<trkpt lat="24.334084" lon="109.313916">
				<ele>38.055948</ele>
			</trkpt>
			<trkpt lat="24.334001" lon="109.314033">
				<ele>38.072110</ele>
			</trkpt>
			<trkpt lat="24.333922" lon="109.314152">
				<ele>38.090278</ele>
			</trkpt>
			<trkpt lat="24.333846" lon="109.314275">
				<ele>38.110433</ele>
			</trkpt>
			<trkpt lat="24.333773" lon="109.314399">
				<ele>38.132554</ele>
			</trkpt>
			<trkpt lat="24.333704" lon="109.314527">
				<ele>38.156618</ele>
			</trkpt>
			<trkpt lat="24.333639" lon="109.314656">
				<ele>38.182600</ele>
			</trkpt>
			<trkpt lat="24.333578" lon="109.314788">
				<ele>38.210473</ele>
			</trkpt>
			<trkpt lat="24.333520" lon="109.314922">
				<ele>38.240208</ele>
			</trkpt>
			<trkpt lat="24.333467" lon="109.315058">
				<ele>38.271774</ele>
			</trkpt>
			<trkpt lat="24.333417" lon="109.315196">
				<ele>38.305139</ele>
			</trkpt>
			<trkpt lat="24.333372" lon="109.315335">
				<ele>38.340266</ele>
			</trkpt>
			<trkpt lat="24.333330" lon="109.315476">
				<ele>38.377121</ele>
			</trkpt>
			<trkpt lat="24.333293" lon="109.315618">
				<ele>38.415665</ele>
			</trkpt>
			<trkpt lat="24.333260" lon="109.315762">
				<ele>38.455856</ele>
			</trkpt>
			<trkpt lat="24.333230" lon="109.315906">
				<ele>38.497655</ele>
			</trkpt>
			<trkpt lat="24.333206" lon="109.316052">
				<ele>38.541017</ele>
			</trkpt>
			<trkpt lat="24.333185" lon="109.316198">
				<ele>38.585896</ele>
			</trkpt>
			<trkpt lat="24.333169" lon="109.316345">
				<ele>38.632247</ele>
			</trkpt>
			<trkpt lat="24.333157" lon="109.316493">
				<ele>38.680022</ele>
			</trkpt>
			<trkpt lat="24.333149" lon="109.316640">
				<ele>38.729169</ele>
			</trkpt>
			<trkpt lat="24.333145" lon="109.316788">
				<ele>38.779639</ele>
			</trkpt>
			<trkpt lat="24.333146" lon="109.316936">
				<ele>38.831379</ele>
			</trkpt>
			<trkpt lat="24.333151" lon="109.317084">
				<ele>38.884335</ele>
			</trkpt>
			<trkpt lat="24.333161" lon="109.317232">
				<ele>38.938451</ele>
			</trkpt>
			<trkpt lat="24.333174" lon="109.317379">
				<ele>38.993672</ele>
			</trkpt>
			<trkpt lat="24.333192" lon="109.317526">
				<ele>39.049940</ele>
			</trkpt>
			<trkpt lat="24.333214" lon="109.317672">
				<ele>39.107197</ele>
			</trkpt>
			<trkpt lat="24.333241" lon="109.317817">
				<ele>39.165383</ele>
			</trkpt>
			<trkpt lat="24.333272" lon="109.317961">
				<ele>39.224437</ele>
			</trkpt>
			<trkpt lat="24.333306" lon="109.318104">
				<ele>39.284298</ele>
			</trkpt>
			<trkpt lat="24.333345" lon="109.318246">
				<ele>39.344903</ele>
			</trkpt>
			<trkpt lat="24.333388" lon="109.318387">
				<ele>39.406191</ele>
			</trkpt>
			<trkpt lat="24.333435" lon="109.318525">
				<ele>39.468096</ele>
			</trkpt>
			<trkpt lat="24.333486" lon="109.318662">
				<ele>39.530554</ele>
			</trkpt>
			<trkpt lat="24.333541" lon="109.318797">
				<ele>39.593502</ele>
			</trkpt>
			<trkpt lat="24.333600" lon="109.318931">
				<ele>39.656872</ele>
			</trkpt>
			<trkpt lat="24.333663" lon="109.319062">
				<ele>39.720599</ele>
			</trkpt>
			<trkpt lat="24.333730" lon="109.319191">
				<ele>39.784616</ele>
			</trkpt>
			<trkpt lat="24.333800" lon="109.319317">
				<ele>39.848858</ele>
			</trkpt>
			<trkpt lat="24.333874" lon="109.319441">
				<ele>39.913257</ele>
			</trkpt>
			<trkpt lat="24.333951" lon="109.319562">
				<ele>39.977747</ele>
			</trkpt>
			<trkpt lat="24.334032" lon="109.319680">
				<ele>40.042259</ele>
			</trkpt>
			<trkpt lat="24.334116" lon="109.319796">
				<ele>40.106728</ele>
			</trkpt>
			<trkpt lat="24.334204" lon="109.319909">
				<ele>40.171085</ele>
			</trkpt>
			<trkpt lat="24.334295" lon="109.320018">
				<ele>40.235265</ele>
			</trkpt>
			<trkpt lat="24.334389" lon="109.320124">
				<ele>40.299199</ele>
			</trkpt>
			<trkpt lat="24.334486" lon="109.320227">
				<ele>40.362823</ele>
			</trkpt>
			<trkpt lat="24.334586" lon="109.320327">
				<ele>40.426069</ele>
			</trkpt>
			<trkpt lat="24.334688" lon="109.320423">
				<ele>40.488871</ele>
			</trkpt>
			<trkpt lat="24.334794" lon="109.320515">
				<ele>40.551165</ele>
			</trkpt>
			<trkpt lat="24.334902" lon="109.320603">
				<ele>40.612886</ele>
			</trkpt>
			<trkpt lat="24.335013" lon="109.320688">
				<ele>40.673968</ele>
			</trkpt>
			<trkpt lat="24.335126" lon="109.320769">
				<ele>40.734350</ele>
			</trkpt>
			<trkpt lat="24.335241" lon="109.320846">
				<ele>40.793967</ele>
			</trkpt>
			<trkpt lat="24.335359" lon="109.320918">
				<ele>40.852758</ele>
			</trkpt>
			<trkpt lat="24.335478" lon="109.320987">
				<ele>40.910662</ele>
			</trkpt>
			<trkpt lat="24.335600" lon="109.321051">
				<ele>40.967619</ele>
			</trkpt>
			<trkpt lat="24.335723" lon="109.321111">
				<ele>41.023568</ele>
			</trkpt>
			<trkpt lat="24.335848" lon="109.321167">
				<ele>41.078453</ele>
			</trkpt>
			<trkpt lat="24.335974" lon="109.321218">
				<ele>41.132215</ele>
			</trkpt>
			<trkpt lat="24.336102" lon="109.321265">
				<ele>41.184800</ele>
			</trkpt>
			<trkpt lat="24.336232" lon="109.321308">
				<ele>41.236151</ele>
			</trkpt>
			<trkpt lat="24.336362" lon="109.321346">
				<ele>41.286217</ele>
			</trkpt>
			<trkpt lat="24.336493" lon="109.321379">
				<ele>41.334944</ele>
			</trkpt>
			<trkpt lat="24.336626" lon="109.321408">
				<ele>41.382282</ele>
			</trkpt>
			<trkpt lat="24.336759" lon="109.321432">
				<ele>41.428182</ele>
			</trkpt>
			<trkpt lat="24.336893" lon="109.321451">
				<ele>41.472596</ele>
			</trkpt>
			<trkpt lat="24.337027" lon="109.321466">
				<ele>41.515477</ele>
			</trkpt>
			<trkpt lat="24.337161" lon="109.321476">
				<ele>41.556782</ele>
			</trkpt>
			<trkpt lat="24.337296" lon="109.321481">
				<ele>41.596467</ele>
			</trkpt>
			<trkpt lat="24.337431" lon="109.321481">
				<ele>41.634491</ele>
			</trkpt>
			<trkpt lat="24.337566" lon="109.321477">
				<ele>41.670814</ele>
			</trkpt>
			<trkpt lat="24.337701" lon="109.321468">
				<ele>41.705399</ele>
			</trkpt>
			<trkpt lat="24.337835" lon="109.321455">
				<ele>41.738209</ele>
			</trkpt>
			<trkpt lat="24.337969" lon="109.321436">
				<ele>41.769211</ele>
			</trkpt>
			<trkpt lat="24.338102" lon="109.321414">
				<ele>41.798372</ele>
			</trkpt>
			<trkpt lat="24.338235" lon="109.321386">
				<ele>41.825661</ele>
			</trkpt>
			<trkpt lat="24.338366" lon="109.321354">
				<ele>41.851051</ele>
			</trkpt>
			<trkpt lat="24.338497" lon="109.321317">
				<ele>41.874515</ele>
			</trkpt>
			<trkpt lat="24.338626" lon="109.321276">
				<ele>41.896029</ele>
			</trkpt>
			<trkpt lat="24.338755" lon="109.321230">
				<ele>41.915570</ele>
			</trkpt>
			<trkpt lat="24.338882" lon="109.321179">
				<ele>41.933118</ele>
			</trkpt>
			<trkpt lat="24.339007" lon="109.321125">
				<ele>41.948654</ele>
			</trkpt>
			<trkpt lat="24.339131" lon="109.321066">
				<ele>41.962163</ele>
			</trkpt>
			<trkpt lat="24.339252" lon="109.321002">
				<ele>41.973630</ele>
			</trkpt>
			<trkpt lat="24.339372" lon="109.320935">
				<ele>41.983043</ele>
			</trkpt>
			<trkpt lat="24.339490" lon="109.320863">
				<ele>41.990393</ele>
			</trkpt>
			<trkpt lat="24.339606" lon="109.320787">
				<ele>41.995673</ele>
			</trkpt>
			<trkpt lat="24.339720" lon="109.320707">
				<ele>41.998875</ele>
			</trkpt>
			<trkpt lat="24.339831" lon="109.320623">
				<ele>41.999998</ele>
			</trkpt>
			<trkpt lat="24.339940" lon="109.320536">
				<ele>41.999040</ele>
			</trkpt>
			<trkpt lat="24.340046" lon="109.320444">
				<ele>41.996002</ele>
			</trkpt>
			<trkpt lat="24.340149" lon="109.320349">
				<ele>41.990887</ele>
			</trkpt>
			<trkpt lat="24.340250" lon="109.320251">
				<ele>41.983701</ele>
			</trkpt>
			<trkpt lat="24.340348" lon="109.320149">
				<ele>41.974451</ele>
			</trkpt>
			<trkpt lat="24.340442" lon="109.320043">
				<ele>41.963146</ele>
			</trkpt>
			<trkpt lat="24.340534" lon="109.319934">
				<ele>41.949798</ele>
			</trkpt>
			<trkpt lat="24.340622" lon="109.319823">
				<ele>41.934422</ele>
			</trkpt>
			<trkpt lat="24.340707" lon="109.319708">
				<ele>41.917033</ele>
			</trkpt>
			<trkpt lat="24.340789" lon="109.319590">
				<ele>41.897650</ele>
			</trkpt>
			<trkpt lat="24.340867" lon="109.319469">
				<ele>41.876292</ele>
			</trkpt>
			<trkpt lat="24.340942" lon="109.319346">
				<ele>41.852981</ele>
			</trkpt>
			<trkpt lat="24.341013" lon="109.319220">
				<ele>41.827743</ele>
			</trkpt>
			<trkpt lat="24.341080" lon="109.319092">
				<ele>41.800603</ele>
			</trkpt>
			<trkpt lat="24.341144" lon="109.318961">
				<ele>41.771589</ele>
			</trkpt>
			<trkpt lat="24.341204" lon="109.318829">
				<ele>41.740732</ele>
			</trkpt>
			<trkpt lat="24.341260" lon="109.318694">
				<ele>41.708064</ele>
			</trkpt>
			<trkpt lat="24.341312" lon="109.318557">
				<ele>41.673619</ele>
			</trkpt>
			<trkpt lat="24.341360" lon="109.318419">
				<ele>41.637432</ele>
			</trkpt>
			<trkpt lat="24.341404" lon="109.318279">
				<ele>41.599541</ele>
			</trkpt>
			<trkpt lat="24.341444" lon="109.318138">
				<ele>41.559987</ele>
			</trkpt>
			<trkpt lat="24.341479" lon="109.317995">
				<ele>41.518809</ele>
			</trkpt>
			<trkpt lat="24.341511" lon="109.317851">
				<ele>41.476050</ele>
			</trkpt>
			<trkpt lat="24.341538" lon="109.317706">
				<ele>41.431756</ele>
			</trkpt>
			<trkpt lat="24.341562" lon="109.317560">
				<ele>41.385972</ele>
			</trkpt>
			<trkpt lat="24.341581" lon="109.317414">
				<ele>41.338746</ele>
			</trkpt>
			<trkpt lat="24.341595" lon="109.317266">
				<ele>41.290127</ele>
			</trkpt>
			<trkpt lat="24.341606" lon="109.317119">
				<ele>41.240166</ele>
			</trkpt>
			<trkpt lat="24.341612" lon="109.316971">
				<ele>41.188915</ele>
			</trkpt>
			<trkpt lat="24.341614" lon="109.316823">
				<ele>41.136426</ele>
			</trkpt>
			<trkpt lat="24.341611" lon="109.316675">
				<ele>41.082755</ele>
			</trkpt>
			<trkpt lat="24.341604" lon="109.316527">
				<ele>41.027957</ele>
			</trkpt>
			<trkpt lat="24.341593" lon="109.316379">
				<ele>40.972090</ele>
			</trkpt>
			<trkpt lat="24.341578" lon="109.316232">
				<ele>40.915211</ele>
			</trkpt>
			<trkpt lat="24.341558" lon="109.316086">
				<ele>40.857380</ele>
			</trkpt>
			<trkpt lat="24.341534" lon="109.315940">
				<ele>40.798657</ele>
			</trkpt>
			<trkpt lat="24.341506" lon="109.315795">
				<ele>40.739102</ele>
			</trkpt>
			<trkpt lat="24.341474" lon="109.315652">
				<ele>40.678779</ele>
			</trkpt>
			<trkpt lat="24.341438" lon="109.315509">
				<ele>40.617750</ele>
			</trkpt>
			<trkpt lat="24.341397" lon="109.315368">
				<ele>40.556078</ele>
			</trkpt>
			<trkpt lat="24.341353" lon="109.315228">
				<ele>40.493827</ele>
			</trkpt>
			<trkpt lat="24.341304" lon="109.315090">
				<ele>40.431062</ele>
			</trkpt>
			<trkpt lat="24.341251" lon="109.314954">
				<ele>40.367849</ele>
			</trkpt>
			<trkpt lat="24.341195" lon="109.314819">
				<ele>40.304253</ele>
			</trkpt>
			<trkpt lat="24.341134" lon="109.314687">
				<ele>40.240341</ele>
			</trkpt>
			<trkpt lat="24.341070" lon="109.314557">
				<ele>40.176178</ele>
			</trkpt>
			<trkpt lat="24.341002" lon="109.314429">
				<ele>40.111832</ele>
			</trkpt>
			<trkpt lat="24.340930" lon="109.314303">
				<ele>40.047370</ele>
			</trkpt>
			<trkpt lat="24.340855" lon="109.314181">
				<ele>39.982859</ele>
			</trkpt>
			<trkpt lat="24.340776" lon="109.314060">
				<ele>39.918365</ele>
			</trkpt>
			<trkpt lat="24.340694" lon="109.313943">
				<ele>39.853956</ele>
			</trkpt>
			<trkpt lat="24.340609" lon="109.313829">
				<ele>39.789700</ele>
			</trkpt>
			<trkpt lat="24.340520" lon="109.313717">
				<ele>39.725662</ele>
			</trkpt>
			<trkpt lat="24.340428" lon="109.313609">
				<ele>39.661909</ele>
			</trkpt>
			<trkpt lat="24.340332" lon="109.313504">
				<ele>39.598508</ele>
			</trkpt>
			<trkpt lat="24.340234" lon="109.313403">
				<ele>39.535525</ele>
			</trkpt>
			<trkpt lat="24.340133" lon="109.313305">
				<ele>39.473026</ele>
			</trkpt>
			<trkpt lat="24.340029" lon="109.313210">
				<ele>39.411074</ele>
			</trkpt>
			<trkpt lat="24.339923" lon="109.313119">
				<ele>39.349736</ele>
			</trkpt>
			<trkpt lat="24.339814" lon="109.313032">
				<ele>39.289074</ele>
			</trkpt>
			<trkpt lat="24.339702" lon="109.312949">
				<ele>39.229152</ele>
			</trkpt>
			<trkpt lat="24.339588" lon="109.312870">
				<ele>39.170031</ele>
			</trkpt>
			<trkpt lat="24.339472" lon="109.312795">
				<ele>39.111775</ele>
			</trkpt>
			<trkpt lat="24.339354" lon="109.312723">
				<ele>39.054442</ele>
			</trkpt>
			<trkpt lat="24.339233" lon="109.312657">
				<ele>38.998094</ele>
			</trkpt>
			<trkpt lat="24.339111" lon="109.312594">
				<ele>38.942787</ele>
			</trkpt>
			<trkpt lat="24.338987" lon="109.312535">
				<ele>38.888581</ele>
			</trkpt>
			<trkpt lat="24.338862" lon="109.312481">
				<ele>38.835532</ele>
			</trkpt>
			<trkpt lat="24.338734" lon="109.312432">
				<ele>38.783694</ele>
			</trkpt>
			<trkpt lat="24.338606" lon="109.312387">
				<ele>38.733121</ele>
			</trkpt>
			<trkpt lat="24.338476" lon="109.312346">
				<ele>38.683867</ele>
			</trkpt>
			<trkpt lat="24.338345" lon="109.312310">
				<ele>38.635982</ele>
			</trkpt>
			<trkpt lat="24.338214" lon="109.312278">
				<ele>38.589516</ele>
			</trkpt>
			<trkpt lat="24.338081" lon="109.312252">
				<ele>38.544518</ele>
			</trkpt>
			<trkpt lat="24.337948" lon="109.312229">
				<ele>38.501034</ele>
			</trkpt>
			<trkpt lat="24.337814" lon="109.312212">
				<ele>38.459110</ele>
			</trkpt>
			<trkpt lat="24.337679" lon="109.312199">
				<ele>38.418790</ele>
			</trkpt>
			<trkpt lat="24.337545" lon="109.312191">
				<ele>38.380114</ele>
			</trkpt>
			<trkpt lat="24.337410" lon="109.312187">
				<ele>38.343124</ele>
			</trkpt>
			<trkpt lat="24.337275" lon="109.312189">
				<ele>38.307858</ele>
			</trkpt>
			<trkpt lat="24.337140" lon="109.312195">
				<ele>38.274353</ele>
			</trkpt>
			<trkpt lat="24.337006" lon="109.312205">
				<ele>38.242643</ele>
			</trkpt>
			<trkpt lat="24.336871" lon="109.312221">
				<ele>38.212762</ele>
			</trkpt>
			<trkpt lat="24.336738" lon="109.312241">
				<ele>38.184740</ele>
			</trkpt>
			<trkpt lat="24.336605" lon="109.312266">
				<ele>38.158607</ele>
			</trkpt>
			<trkpt lat="24.336473" lon="109.312295">
				<ele>38.134390</ele>
			</trkpt>
			<trkpt lat="24.336341" lon="109.312329">
				<ele>38.112114</ele>
			</trkpt>
			<trkpt lat="24.336211" lon="109.312368">
				<ele>38.091803</ele>
			</trkpt>
			<trkpt lat="24.336082" lon="109.312411">
				<ele>38.073477</ele>
			</trkpt>
			<trkpt lat="24.335954" lon="109.312458">
				<ele>38.057155</ele>
			</trkpt>
			<trkpt lat="24.335828" lon="109.312510">
				<ele>38.042855</ele>
			</trkpt>
			<trkpt lat="24.335703" lon="109.312567">
				<ele>38.030592</ele>
			</trkpt>
			<trkpt lat="24.335580" lon="109.312628">
				<ele>38.020377</ele>
			</trkpt>
			<trkpt lat="24.335459" lon="109.312693">
				<ele>38.012223</ele>
			</trkpt>
			<trkpt lat="24.335340" lon="109.312762">
				<ele>38.006136</ele>
			</trkpt>
			<trkpt lat="24.335223" lon="109.312835">
				<ele>38.002125</ele>
			</trkpt>
			<trkpt lat="24.335108" lon="109.312913">
				<ele>38.000192</ele>
			</trkpt>
			<trkpt lat="24.334995" lon="109.312994">
				<ele>38.000339</ele>
			</trkpt>
			<trkpt lat="24.334885" lon="109.313079">
				<ele>38.002568</ele>
			</trkpt>
			<trkpt lat="24.334777" lon="109.313169">
				<ele>38.006874</ele>
			</trkpt>
			<trkpt lat="24.334672" lon="109.313261">
				<ele>38.013255</ele>
			</trkpt>
			<trkpt lat="24.334570" lon="109.313358">
				<ele>38.021703</ele>
			</trkpt>
			<trkpt lat="24.334470" lon="109.313458">
				<ele>38.032209</ele>
			</trkpt>
			<trkpt lat="24.334374" lon="109.313561">
				<ele>38.044762</ele>
			</trkpt>
			<trkpt lat="24.334280" lon="109.313668">
				<ele>38.059350</ele>
			</trkpt>
			<trkpt lat="24.334190" lon="109.313778">
				<ele>38.075958</ele>
			</trkpt>
			<trkpt lat="24.334103" lon="109.313891">
				<ele>38.094567</ele>
			</trkpt>
			<trkpt lat="24.334019" lon="109.314007">
				<ele>38.115159</ele>
			</trkpt>
			<trkpt lat="24.333939" lon="109.314126">
				<ele>38.137712</ele>
			</trkpt>
			<trkpt lat="24.333862" lon="109.314248">
				<ele>38.162202</ele>
			</trkpt>
			<trkpt lat="24.333789" lon="109.314372">
				<ele>38.188605</ele>
			</trkpt>
			<trkpt lat="24.333719" lon="109.314499">
				<ele>38.216893</ele>
			</trkpt>
			<trkpt lat="24.333653" lon="109.314628">
				<ele>38.247036</ele>
			</trkpt>
			<trkpt lat="24.333591" lon="109.314759">
				<ele>38.279003</ele>
			</trkpt>
			<trkpt lat="24.333532" lon="109.314893">
				<ele>38.312760</ele>
			</trkpt>
			<trkpt lat="24.333478" lon="109.315028">
				<ele>38.348273</ele>
			</trkpt>
			<trkpt lat="24.333428" lon="109.315166">
				<ele>38.385505</ele>
			</trkpt>
			<trkpt lat="24.333381" lon="109.315305">
				<ele>38.424417</ele>
			</trkpt>
			<trkpt lat="24.333339" lon="109.315445">
				<ele>38.464968</ele>
			</trkpt>
			<trkpt lat="24.333301" lon="109.315587">
				<ele>38.507116</ele>
			</trkpt>
			<trkpt lat="24.333266" lon="109.315730">
				<ele>38.550817</ele>
			</trkpt>
			<trkpt lat="24.333236" lon="109.315875">
				<ele>38.596027</ele>
			</trkpt>
			<trkpt lat="24.333211" lon="109.316020">
				<ele>38.642697</ele>
			</trkpt>
			<trkpt lat="24.333189" lon="109.316166">
				<ele>38.690779</ele>
			</trkpt>
			<trkpt lat="24.333172" lon="109.316313">
				<ele>38.740224</ele>
			</trkpt>
			<trkpt lat="24.333159" lon="109.316460">
				<ele>38.790979</ele>
			</trkpt>
			<trkpt lat="24.333150" lon="109.316608">
				<ele>38.842993</ele>
			</trkpt>
			<trkpt lat="24.333146" lon="109.316756">
				<ele>38.896210</ele>
			</trkpt>
			<trkpt lat="24.333146" lon="109.316904">
				<ele>38.950576</ele>
			</trkpt>
			<trkpt lat="24.333150" lon="109.317052">
				<ele>39.006034</ele>
			</trkpt>
			<trkpt lat="24.333158" lon="109.317200">
				<ele>39.062526</ele>
			</trkpt>
			<trkpt lat="24.333171" lon="109.317347">
				<ele>39.119993</ele>
			</trkpt>
			<trkpt lat="24.333188" lon="109.317494">
				<ele>39.178376</ele>
			</trkpt>
			<trkpt lat="24.333209" lon="109.317640">
				<ele>39.237614</ele>
			</trkpt>
			<trkpt lat="24.333235" lon="109.317786">
				<ele>39.297645</ele>
			</trkpt>
			<trkpt lat="24.333264" lon="109.317930">
				<ele>39.358407</ele>
			</trkpt>
			<trkpt lat="24.333298" lon="109.318073">
				<ele>39.419837</ele>
			</trkpt>
			<trkpt lat="24.333336" lon="109.318215">
				<ele>39.481870</ele>
			</trkpt>
			<trkpt lat="24.333379" lon="109.318356">
				<ele>39.544442</ele>
			</trkpt>
			<trkpt lat="24.333425" lon="109.318495">
				<ele>39.607488</ele>
			</trkpt>
			<trkpt lat="24.333475" lon="109.318633">
				<ele>39.670943</ele>
			</trkpt>
			<trkpt lat="24.333529" lon="109.318768">
				<ele>39.734740</ele>
			</trkpt>
			<trkpt lat="24.333587" lon="109.318902">
				<ele>39.798813</ele>
			</trkpt>
			<trkpt lat="24.333649" lon="109.319033">
				<ele>39.863096</ele>
			</trkpt>
			<trkpt lat="24.333715" lon="109.319163">
				<ele>39.927520</ele>
			</trkpt>
			<trkpt lat="24.333784" lon="109.319290">
				<ele>39.992021</ele>
			</trkpt>
			<trkpt lat="24.333857" lon="109.319414">
				<ele>40.056529</ele>
			</trkpt>
			<trkpt lat="24.333934" lon="109.319536">
				<ele>40.120979</ele>
			</trkpt>
			<trkpt lat="24.334014" lon="109.319655">
				<ele>40.185303</ele>
			</trkpt>
			<trkpt lat="24.334098" lon="109.319771">
				<ele>40.249434</ele>
			</trkpt>
			<trkpt lat="24.334185" lon="109.319884">
				<ele>40.313306</ele>
			</trkpt>
			<trkpt lat="24.334275" lon="109.319995">
				<ele>40.376851</ele>
			</trkpt>
			<trkpt lat="24.334368" lon="109.320101">
				<ele>40.440005</ele>
			</trkpt>
			<trkpt lat="24.334464" lon="109.320205">
				<ele>40.502700</ele>
			</trkpt>
			<trkpt lat="24.334564" lon="109.320305">
				<ele>40.564873</ele>
			</trkpt>
			<trkpt lat="24.334666" lon="109.320402">
				<ele>40.626458</ele>
			</trkpt>
			<trkpt lat="24.334771" lon="109.320495">
				<ele>40.687391</ele>
			</trkpt>
			<trkpt lat="24.334878" lon="109.320584">
				<ele>40.747608</ele>
			</trkpt>
			<trkpt lat="24.334988" lon="109.320670">
				<ele>40.807048</ele>
			</trkpt>
			<trkpt lat="24.335101" lon="109.320752">
				<ele>40.865648</ele>
			</trkpt>
			<trkpt lat="24.335216" lon="109.320829">
				<ele>40.923348</ele>
			</trkpt>
			<trkpt lat="24.335333" lon="109.320903">
				<ele>40.980087</ele>
			</trkpt>
			<trkpt lat="24.335452" lon="109.320972">
				<ele>41.035805</ele>
			</trkpt>
			<trkpt lat="24.335573" lon="109.321038">
				<ele>41.090447</ele>
			</trkpt>
			<trkpt lat="24.335696" lon="109.321099">
				<ele>41.143953</ele>
			</trkpt>
			<trkpt lat="24.335820" lon="109.321155">
				<ele>41.196270</ele>
			</trkpt>
			<trkpt lat="24.335947" lon="109.321208">
				<ele>41.247341</ele>
			</trkpt>
			<trkpt lat="24.336074" lon="109.321255">
				<ele>41.297115</ele>
			</trkpt>
			<trkpt lat="24.336203" lon="109.321299">
				<ele>41.345539</ele>
			</trkpt>
			<trkpt lat="24.336333" lon="109.321338">
				<ele>41.392563</ele>
			</trkpt>
			<trkpt lat="24.336465" lon="109.321372">
				<ele>41.438138</ele>
			</trkpt>
			<trkpt lat="24.336597" lon="109.321402">
				<ele>41.482217</ele>
			</trkpt>
			<trkpt lat="24.336730" lon="109.321427">
				<ele>41.524754</ele>
			</trkpt>
			<trkpt lat="24.336863" lon="109.321447">
				<ele>41.565704</ele>
			</trkpt>
			<trkpt lat="24.336997" lon="109.321463">
				<ele>41.605025</ele>
			</trkpt>
			<trkpt lat="24.337132" lon="109.321474">
				<ele>41.642676</ele>
			</trkpt>
			<trkpt lat="24.337267" lon="109.321480">
				<ele>41.678617</ele>
			</trkpt>
			<trkpt lat="24.337402" lon="109.321482">
				<ele>41.712813</ele>
			</trkpt>
			<trkpt lat="24.337537" lon="109.321479">
				<ele>41.745225</ele>
			</trkpt>
			<trkpt lat="24.337671" lon="109.321471">
				<ele>41.775823</ele>
			</trkpt>
			<trkpt lat="24.337806" lon="109.321458">
				<ele>41.804572</ele>
			</trkpt>
			<trkpt lat="24.337940" lon="109.321441">
				<ele>41.831444</ele>
			</trkpt>
			<trkpt lat="24.338073" lon="109.321419">
				<ele>41.856410</ele>
			</trkpt>
			<trkpt lat="24.338206" lon="109.321392">
				<ele>41.879444</ele>
			</trkpt>
			<trkpt lat="24.338338" lon="109.321361">
				<ele>41.900523</ele>
			</trkpt>
			<trkpt lat="24.338468" lon="109.321325">
				<ele>41.919625</ele>
			</trkpt>
			<trkpt lat="24.338598" lon="109.321285">
				<ele>41.936729</ele>
			</trkpt>
			<trkpt lat="24.338727" lon="109.321240">
				<ele>41.951818</ele>
			</trkpt>
			<trkpt lat="24.338854" lon="109.321191">
				<ele>41.964876</ele>
			</trkpt>
			<trkpt lat="24.338980" lon="109.321137">
				<ele>41.975890</ele>
			</trkpt>
			<trkpt lat="24.339104" lon="109.321079">
				<ele>41.984848</ele>
			</trkpt>
			<trkpt lat="24.339226" lon="109.321016">
				<ele>41.991740</ele>
			</trkpt>
			<trkpt lat="24.339346" lon="109.320950">
				<ele>41.996560</ele>
			</trkpt>
			<trkpt lat="24.339465" lon="109.320879">
				<ele>41.999303</ele>
			</trkpt>
			<trkpt lat="24.339581" lon="109.320804">
				<ele>41.999966</ele>
			</trkpt>
			<trkpt lat="24.339695" lon="109.320725">
				<ele>41.998547</ele>
			</trkpt>
			<trkpt lat="24.339807" lon="109.320642">
				<ele>41.995049</ele>
			</trkpt>
			<trkpt lat="24.339916" lon="109.320555">
				<ele>41.989476</ele>
			</trkpt>
			<trkpt lat="24.340023" lon="109.320465">
				<ele>41.981832</ele>
			</trkpt>
			<trkpt lat="24.340127" lon="109.320370">
				<ele>41.972126</ele>
			</trkpt>
			<trkpt lat="24.340228" lon="109.320273">
				<ele>41.960368</ele>
			</trkpt>
			<trkpt lat="24.340327" lon="109.320171">
				<ele>41.946571</ele>
			</trkpt>
			<trkpt lat="24.340422" lon="109.320066">
				<ele>41.930748</ele>
			</trkpt>
			<trkpt lat="24.340514" lon="109.319958">
				<ele>41.912916</ele>
			</trkpt>
			<trkpt lat="24.340603" lon="109.319847">
				<ele>41.893094</ele>
			</trkpt>
			<trkpt lat="24.340689" lon="109.319733">
				<ele>41.871301</ele>
			</trkpt>
			<trkpt lat="24.340771" lon="109.319616">
				<ele>41.847562</ele>
			</trkpt>
			<trkpt lat="24.340850" lon="109.319496">
				<ele>41.821901</ele>
			</trkpt>
			<trkpt lat="24.340926" lon="109.319373">
				<ele>41.794344</ele>
			</trkpt>
			<trkpt lat="24.340998" lon="109.319248">
				<ele>41.764920</ele>
			</trkpt>
			<trkpt lat="24.341066" lon="109.319120">
				<ele>41.733659</ele>
			</trkpt>
			<trkpt lat="24.341131" lon="109.318990">
				<ele>41.700595</ele>
			</trkpt>
			<trkpt lat="24.341191" lon="109.318858">
				<ele>41.665761</ele>
			</trkpt>
			<trkpt lat="24.341248" lon="109.318724">
				<ele>41.629194</ele>
			</trkpt>
			<trkpt lat="24.341301" lon="109.318587">
				<ele>41.590932</ele>
			</trkpt>
			<trkpt lat="24.341350" lon="109.318449">
				<ele>41.551014</ele>
			</trkpt>
			<trkpt lat="24.341395" lon="109.318310">
				<ele>41.509483</ele>
			</trkpt>
			<trkpt lat="24.341435" lon="109.318169">
				<ele>41.466381</ele>
			</trkpt>
			<trkpt lat="24.341472" lon="109.318026">
				<ele>41.421753</ele>
			</trkpt>
			<trkpt lat="24.341505" lon="109.317882">
				<ele>41.375646</ele>
			</trkpt>
			<trkpt lat="24.341533" lon="109.317738">
				<ele>41.328107</ele>
			</trkpt>
			<trkpt lat="24.341557" lon="109.317592">
				<ele>41.279187</ele>
			</trkpt>
			<trkpt lat="24.341577" lon="109.317446">
				<ele>41.228936</ele>
			</trkpt>
			<trkpt lat="24.341592" lon="109.317299">
				<ele>41.177406</ele>
			</trkpt>
			<trkpt lat="24.341604" lon="109.317151">
				<ele>41.124651</ele>
			</trkpt>
			<trkpt lat="24.341611" lon="109.317003">
				<ele>41.070725</ele>
			</trkpt>
			<trkpt lat="24.341614" lon="109.316855">
				<ele>41.015686</ele>
			</trkpt>
			<trkpt lat="24.341612" lon="109.316707">
				<ele>40.959590</ele>
			</trkpt>
			<trkpt lat="24.341606" lon="109.316559">
				<ele>40.902495</ele>
			</trkpt>
			<trkpt lat="24.341596" lon="109.316412">
				<ele>40.844462</ele>
			</trkpt>
			<trkpt lat="24.341582" lon="109.316264">
				<ele>40.785549</ele>
			</trkpt>
			<trkpt lat="24.341563" lon="109.316118">
				<ele>40.725820</ele>
			</trkpt>
			<trkpt lat="24.341540" lon="109.315972">
				<ele>40.665335</ele>
			</trkpt>
			<trkpt lat="24.341513" lon="109.315827">
				<ele>40.604158</ele>
			</trkpt>
			<trkpt lat="24.341481" lon="109.315683">
				<ele>40.542352</ele>
			</trkpt>
			<trkpt lat="24.341446" lon="109.315540">
				<ele>40.479982</ele>
			</trkpt>
			<trkpt lat="24.341406" lon="109.315398">
				<ele>40.417112</ele>
			</trkpt>
			<trkpt lat="24.341363" lon="109.315258">
				<ele>40.353809</ele>
			</trkpt>
			<trkpt lat="24.341315" lon="109.315120">
				<ele>40.290137</ele>
			</trkpt>
			<trkpt lat="24.341263" lon="109.314983">
				<ele>40.226164</ele>
			</trkpt>
			<trkpt lat="24.341207" lon="109.314848">
				<ele>40.161955</ele>
			</trkpt>
			<trkpt lat="24.341148" lon="109.314716">
				<ele>40.097577</ele>
			</trkpt>
			<trkpt lat="24.341084" lon="109.314585">
				<ele>40.033099</ele>
			</trkpt>
			<trkpt lat="24.341017" lon="109.314457">
				<ele>39.968585</ele>
			</trkpt>
			<trkpt lat="24.340946" lon="109.314331">
				<ele>39.904105</ele>
			</trkpt>
			<trkpt lat="24.340872" lon="109.314207">
				<ele>39.839724</ele>
			</trkpt>
			<trkpt lat="24.340794" lon="109.314086">
				<ele>39.775510</ele>
			</trkpt>
			<trkpt lat="24.340712" lon="109.313968">
				<ele>39.711529</ele>
			</trkpt>
			<trkpt lat="24.340627" lon="109.313853">
				<ele>39.647849</ele>
			</trkpt>
			<trkpt lat="24.340539" lon="109.313741">
				<ele>39.584535</ele>
			</trkpt>
			<trkpt lat="24.340448" lon="109.313632">
				<ele>39.521653</ele>
			</trkpt>
			<trkpt lat="24.340353" lon="109.313527">
				<ele>39.459269</ele>
			</trkpt>
			<trkpt lat="24.340256" lon="109.313424">
				<ele>39.397448</ele>
			</trkpt>
			<trkpt lat="24.340155" lon="109.313326">
				<ele>39.336254</ele>
			</trkpt>
			<trkpt lat="24.340052" lon="109.313230">
				<ele>39.275750</ele>
			</trkpt>
			<trkpt lat="24.339946" lon="109.313139">
				<ele>39.216000</ele>
			</trkpt>
			<trkpt lat="24.339838" lon="109.313051">
				<ele>39.157065</ele>
			</trkpt>
			<trkpt lat="24.339727" lon="109.312967">
				<ele>39.099008</ele>
			</trkpt>
			<trkpt lat="24.339613" lon="109.312887">
				<ele>39.041888</ele>
			</trkpt>
			<trkpt lat="24.339497" lon="109.312811">
				<ele>38.985765</ele>
			</trkpt>
			<trkpt lat="24.339380" lon="109.312739">
				<ele>38.930697</ele>
			</trkpt>
			<trkpt lat="24.339260" lon="109.312671">
				<ele>38.876742</ele>
			</trkpt>
			<trkpt lat="24.339138" lon="109.312607">
				<ele>38.823956</ele>
			</trkpt>
			<trkpt lat="24.339014" lon="109.312548">
				<ele>38.772393</ele>
			</trkpt>
			<trkpt lat="24.338889" lon="109.312493">
				<ele>38.722108</ele>
			</trkpt>
			<trkpt lat="24.338762" lon="109.312442">
				<ele>38.673152</ele>
			</trkpt>
			<trkpt lat="24.338634" lon="109.312396">
				<ele>38.625577</ele>
			</trkpt>
			<trkpt lat="24.338505" lon="109.312354">
				<ele>38.579432</ele>
			</trkpt>
			<trkpt lat="24.338374" lon="109.312317">
				<ele>38.534765</ele>
			</trkpt>
			<trkpt lat="24.338242" lon="109.312285">
				<ele>38.491623</ele>
			</trkpt>
			<trkpt lat="24.338110" lon="109.312257">
				<ele>38.450050</ele>
			</trkpt>
			<trkpt lat="24.337977" lon="109.312234">
				<ele>38.410089</ele>
			</trkpt>
			<trkpt lat="24.337843" lon="109.312215">
				<ele>38.371784</ele>
			</trkpt>
			<trkpt lat="24.337709" lon="109.312201">
				<ele>38.335172</ele>
			</trkpt>
			<trkpt lat="24.337574" lon="109.312192">
				<ele>38.300292</ele>
			</trkpt>
			<trkpt lat="24.337439" lon="109.312188">
				<ele>38.267181</ele>
			</trkpt>
			<trkpt lat="24.337304" lon="109.312188">
				<ele>38.235873</ele>
			</trkpt>
			<trkpt lat="24.337169" lon="109.312193">
				<ele>38.206401</ele>
			</trkpt>
			<trkpt lat="24.337035" lon="109.312203">
				<ele>38.178794</ele>
			</trkpt>
			<trkpt lat="24.336901" lon="109.312217">
				<ele>38.153083</ele>
			</trkpt>
			<trkpt lat="24.336767" lon="109.312236">
				<ele>38.129294</ele>
			</trkpt>
			<trkpt lat="24.336634" lon="109.312260">
				<ele>38.107450</ele>
			</trkpt>
			<trkpt lat="24.336501" lon="109.312288">
				<ele>38.087576</ele>
			</trkpt>
			<trkpt lat="24.336370" lon="109.312321">
				<ele>38.069692</ele>
			</trkpt>
			<trkpt lat="24.336239" lon="109.312359">
				<ele>38.053817</ele>
			</trkpt>
			<trkpt lat="24.336110" lon="109.312401">
				<ele>38.039966</ele>
			</trkpt>
			<trkpt lat="24.335982" lon="109.312448">
				<ele>38.028155</ele>
			</trkpt>
			<trkpt lat="24.335855" lon="109.312499">
				<ele>38.018395</ele>
			</trkpt>
			<trkpt lat="24.335730" lon="109.312554">
				<ele>38.010698</ele>
			</trkpt>
			<trkpt lat="24.335607" lon="109.312614">
				<ele>38.005070</ele>
			</trkpt>
			<trkpt lat="24.335485" lon="109.312678">
				<ele>38.001518</ele>
			</trkpt>
			<trkpt lat="24.335366" lon="109.312747">
				<ele>38.000045</ele>
			</trkpt>
			<trkpt lat="24.335248" lon="109.312819">
				<ele>38.000653</ele>
			</trkpt>
			<trkpt lat="24.335133" lon="109.312896">
				<ele>38.003342</ele>
			</trkpt>
			<trkpt lat="24.335019" lon="109.312976">
				<ele>38.008108</ele>
			</trkpt>
			<trkpt lat="24.334909" lon="109.313061">
				<ele>38.014946</ele>
			</trkpt>
			<trkpt lat="24.334800" lon="109.313149">
				<ele>38.023850</ele>
			</trkpt>
			<trkpt lat="24.334695" lon="109.313241">
				<ele>38.034810</ele>
			</trkpt>
			<trkpt lat="24.334592" lon="109.313337">
				<ele>38.047815</ele>
			</trkpt>
			<trkpt lat="24.334492" lon="109.313436">
				<ele>38.062852</ele>
			</trkpt>
			<trkpt lat="24.334394" lon="109.313538">
				<ele>38.079903</ele>
			</trkpt>
			<trkpt lat="24.334300" lon="109.313644">
				<ele>38.098953</ele>
			</trkpt>
			<trkpt lat="24.334209" lon="109.313754">
				<ele>38.119981</ele>
			</trkpt>
			<trkpt lat="24.334121" lon="109.313866">
				<ele>38.142964</ele>
			</trkpt>
			<trkpt lat="24.334037" lon="109.313982">
				<ele>38.167880</ele>
			</trkpt>
			<trkpt lat="24.333956" lon="109.314100">
				<ele>38.194703</ele>
			</trkpt>
			<trkpt lat="24.333878" lon="109.314221">
				<ele>38.223403</ele>
			</trkpt>
			<trkpt lat="24.333804" lon="109.314345">
				<ele>38.253953</ele>
			</trkpt>
			<trkpt lat="24.333734" lon="109.314471">
				<ele>38.286319</ele>
			</trkpt>
			<trkpt lat="24.333667" lon="109.314600">
				<ele>38.320468</ele>
			</trkpt>
			<trkpt lat="24.333604" lon="109.314730">
				<ele>38.356364</ele>
			</trkpt>
			<trkpt lat="24.333545" lon="109.314864">
				<ele>38.393971</ele>
			</trkpt>
			<trkpt lat="24.333490" lon="109.314999">
				<ele>38.433249</ele>
			</trkpt>
			<trkpt lat="24.333438" lon="109.315135">
				<ele>38.474157</ele>
			</trkpt>
			<trkpt lat="24.333391" lon="109.315274">
				<ele>38.516653</ele>
			</trkpt>
			<trkpt lat="24.333348" lon="109.315414">
				<ele>38.560692</ele>
			</trkpt>
			<trkpt lat="24.333309" lon="109.315556">
				<ele>38.606229</ele>
			</trkpt>
			<trkpt lat="24.333273" lon="109.315699">
				<ele>38.653215</ele>
			</trkpt>
			<trkpt lat="24.333243" lon="109.315843">
				<ele>38.701604</ele>
			</trkpt>
			<trkpt lat="24.333216" lon="109.315988">
				<ele>38.751343</ele>
			</trkpt>
			<trkpt lat="24.333193" lon="109.316134">
				<ele>38.802381</ele>
			</trkpt>
			<trkpt lat="24.333175" lon="109.316281">
				<ele>38.854666</ele>
			</trkpt>
			<trkpt lat="24.333161" lon="109.316428">
				<ele>38.908142</ele>
			</trkpt>
			<trkpt lat="24.333152" lon="109.316576">
				<ele>38.962754</ele>
			</trkpt>
			<trkpt lat="24.333146" lon="109.316724">
				<ele>39.018446</ele>
			</trkpt>
			<trkpt lat="24.333145" lon="109.316872">
				<ele>39.075159</ele>
			</trkpt>
			<trkpt lat="24.333148" lon="109.317020">
				<ele>39.132834</ele>
			</trkpt>
			<trkpt lat="24.333156" lon="109.317168">
				<ele>39.191411</ele>
			</trkpt>
			<trkpt lat="24.333168" lon="109.317315">
				<ele>39.250830</ele>
			</trkpt>
			<trkpt lat="24.333184" lon="109.317462">
				<ele>39.311028</ele>
			</trkpt>
			<trkpt lat="24.333204" lon="109.317608">
				<ele>39.371943</ele>
			</trkpt>
			<trkpt lat="24.333229" lon="109.317754">
				<ele>39.433512</ele>
			</trkpt>
			<trkpt lat="24.333258" lon="109.317899">
				<ele>39.495670</ele>
			</trkpt>
			<trkpt lat="24.333291" lon="109.318042">
				<ele>39.558353</ele>
			</trkpt>
			<trkpt lat="24.333328" lon="109.318185">
				<ele>39.621495</ele>
			</trkpt>
			<trkpt lat="24.333369" lon="109.318326">
				<ele>39.685031</ele>
			</trkpt>
			<trkpt lat="24.333414" lon="109.318465">
				<ele>39.748895</ele>
			</trkpt>
			<trkpt lat="24.333464" lon="109.318603">
				<ele>39.813020</ele>
			</trkpt>
			<trkpt lat="24.333517" lon="109.318739">
				<ele>39.877340</ele>
			</trkpt>
			<trkpt lat="24.333574" lon="109.318873">
				<ele>39.941787</ele>
			</trkpt>
			<trkpt lat="24.333635" lon="109.319005">
				<ele>40.006295</ele>
			</trkpt>
			<trkpt lat="24.333700" lon="109.319135">
				<ele>40.070797</ele>
			</trkpt>
			<trkpt lat="24.333769" lon="109.319262">
				<ele>40.135224</ele>
			</trkpt>
			<trkpt lat="24.333841" lon="109.319387">
				<ele>40.199511</ele>
			</trkpt>
			<trkpt lat="24.333917" lon="109.319509">
				<ele>40.263591</ele>
			</trkpt>
			<trkpt lat="24.333996" lon="109.319629">
				<ele>40.327396</ele>
			</trkpt>
			<trkpt lat="24.334079" lon="109.319746">
				<ele>40.390860</ele>
			</trkpt>
			<trkpt lat="24.334165" lon="109.319860">
				<ele>40.453918</ele>
			</trkpt>
			<trkpt lat="24.334255" lon="109.319971">
				<ele>40.516504</ele>
			</trkpt>
			<trkpt lat="24.334347" lon="109.320078">
				<ele>40.578552</ele>
			</trkpt>
			<trkpt lat="24.334443" lon="109.320183">
				<ele>40.639998</ele>
			</trkpt>
			<trkpt lat="24.334542" lon="109.320284">
				<ele>40.700778</ele>
			</trkpt>
			<trkpt lat="24.334643" lon="109.320381">
				<ele>40.760829</ele>
			</trkpt>
			<trkpt lat="24.334748" lon="109.320475">
				<ele>40.820088</ele>
			</trkpt>
			<trkpt lat="24.334855" lon="109.320565">
				<ele>40.878494</ele>
			</trkpt>
			<trkpt lat="24.334964" lon="109.320652">
				<ele>40.935986</ele>
			</trkpt>
			<trkpt lat="24.335076" lon="109.320734">
				<ele>40.992505</ele>
			</trkpt>
			<trkpt lat="24.335190" lon="109.320813">
				<ele>41.047990</ele>
			</trkpt>
			<trkpt lat="24.335307" lon="109.320887">
				<ele>41.102385</ele>
			</trkpt>
			<trkpt lat="24.335426" lon="109.320957">
				<ele>41.155633</ele>
			</trkpt>
			<trkpt lat="24.335546" lon="109.321024">
				<ele>41.207679</ele>
			</trkpt>
			<trkpt lat="24.335669" lon="109.321086">
				<ele>41.258468</ele>
			</trkpt>
			<trkpt lat="24.335793" lon="109.321143">
				<ele>41.307947</ele>
			</trkpt>
			<trkpt lat="24.335919" lon="109.321197">
				<ele>41.356066</ele>
			</trkpt>
			<trkpt lat="24.336046" lon="109.321245">
				<ele>41.402773</ele>
			</trkpt>
			<trkpt lat="24.336175" lon="109.321290">
				<ele>41.448022</ele>
			</trkpt>
			<trkpt lat="24.336305" lon="109.321330">
				<ele>41.491763</ele>
			</trkpt>
			<trkpt lat="24.336436" lon="109.321365">
				<ele>41.533952</ele>
			</trkpt>
			<trkpt lat="24.336568" lon="109.321396">
				<ele>41.574546</ele>
			</trkpt>
			<trkpt lat="24.336701" lon="109.321422">
				<ele>41.613500</ele>
			</trkpt>
			<trkpt lat="24.336834" lon="109.321443">
				<ele>41.650777</ele>
			</trkpt>
			<trkpt lat="24.336968" lon="109.321460">
				<ele>41.686335</ele>
			</trkpt>
			<trkpt lat="24.337103" lon="109.321472">
				<ele>41.720139</ele>
			</trkpt>
			<trkpt lat="24.337237" lon="109.321479">
				<ele>41.752153</ele>
			</trkpt>
			<trkpt lat="24.337372" lon="109.321482">
				<ele>41.782344</ele>
			</trkpt>
			<trkpt lat="24.337507" lon="109.321480">
				<ele>41.810680</ele>
			</trkpt>
			<trkpt lat="24.337642" lon="109.321473">
				<ele>41.837133</ele>
			</trkpt>
			<trkpt lat="24.337776" lon="109.321461">
				<ele>41.861674</ele>
			</trkpt>
			<trkpt lat="24.337910" lon="109.321445">
				<ele>41.884277</ele>
			</trkpt>
			<trkpt lat="24.338044" lon="109.321424">
				<ele>41.904921</ele>
			</trkpt>
			<trkpt lat="24.338177" lon="109.321399">
				<ele>41.923582</ele>
			</trkpt>
			<trkpt lat="24.338309" lon="109.321368">
				<ele>41.940242</ele>
			</trkpt>
			<trkpt lat="24.338440" lon="109.321334">
				<ele>41.954883</ele>
			</trkpt>
			<trkpt lat="24.338570" lon="109.321294">
				<ele>41.967489</ele>
			</trkpt>
			<trkpt lat="24.338699" lon="109.321250">
				<ele>41.978049</ele>
			</trkpt>
			<trkpt lat="24.338826" lon="109.321202">
				<ele>41.986551</ele>
			</trkpt>
			<trkpt lat="24.338952" lon="109.321149">
				<ele>41.992985</ele>
			</trkpt>
			<trkpt lat="24.339077" lon="109.321092">
				<ele>41.997346</ele>
			</trkpt>
			<trkpt lat="24.339200" lon="109.321030">
				<ele>41.999629</ele>
			</trkpt>
			<trkpt lat="24.339320" lon="109.320965">
				<ele>41.999831</ele>
			</trkpt>
			<trkpt lat="24.339439" lon="109.320895">
				<ele>41.997952</ele>
			</trkpt>
			<trkpt lat="24.339556" lon="109.320821">
				<ele>41.993995</ele>
			</trkpt>
			<trkpt lat="24.339671" lon="109.320743">
				<ele>41.987962</ele>
			</trkpt>
			<trkpt lat="24.339783" lon="109.320660">
				<ele>41.979862</ele>
			</trkpt>
			<trkpt lat="24.339893" lon="109.320574">
				<ele>41.969701</ele>
			</trkpt>
			<trkpt lat="24.340000" lon="109.320485">
				<ele>41.957491</ele>
			</trkpt>
			<trkpt lat="24.340105" lon="109.320391">
				<ele>41.943244</ele>
			</trkpt>
			<trkpt lat="24.340206" lon="109.320294">
				<ele>41.926975</ele>
			</trkpt>
			<trkpt lat="24.340305" lon="109.320194">
				<ele>41.908701</ele>
			</trkpt>
			<trkpt lat="24.340401" lon="109.320090">
				<ele>41.888441</ele>
			</trkpt>
			<trkpt lat="24.340494" lon="109.319982">
				<ele>41.866216</ele>
			</trkpt>
			<trkpt lat="24.340584" lon="109.319872">
				<ele>41.842049</ele>
			</trkpt>
			<trkpt lat="24.340671" lon="109.319758">
				<ele>41.815966</ele>
			</trkpt>
			<trkpt lat="24.340754" lon="109.319642">
				<ele>41.787993</ele>
			</trkpt>
			<trkpt lat="24.340834" lon="109.319522">
				<ele>41.758160</ele>
			</trkpt>
			<trkpt lat="24.340910" lon="109.319400">
				<ele>41.726498</ele>
			</trkpt>
			<trkpt lat="24.340982" lon="109.319275">
				<ele>41.693039</ele>
			</trkpt>
			<trkpt lat="24.341052" lon="109.319148">
				<ele>41.657818</ele>
			</trkpt>
			<trkpt lat="24.341117" lon="109.319019">
				<ele>41.620873</ele>
			</trkpt>
			<trkpt lat="24.341178" lon="109.318887">
				<ele>41.582241</ele>
			</trkpt>
			<trkpt lat="24.341236" lon="109.318753">
				<ele>41.541963</ele>
			</trkpt>
			<trkpt lat="24.341290" lon="109.318617">
				<ele>41.500080</ele>
			</trkpt>
			<trkpt lat="24.341339" lon="109.318480">
				<ele>41.456636</ele>
			</trkpt>
			<trkpt lat="24.341385" lon="109.318340">
				<ele>41.411677</ele>
			</trkpt>
			<trkpt lat="24.341427" lon="109.318199">
				<ele>41.365249</ele>
			</trkpt>
			<trkpt lat="24.341464" lon="109.318057">
				<ele>41.317401</ele>
			</trkpt>
			<trkpt lat="24.341498" lon="109.317914">
				<ele>41.268182</ele>
			</trkpt>
			<trkpt lat="24.341527" lon="109.317769">
				<ele>41.217643</ele>
			</trkpt>
			<trkpt lat="24.341552" lon="109.317624">
				<ele>41.165837</ele>
			</trkpt>
			<trkpt lat="24.341573" lon="109.317478">
				<ele>41.112818</ele>
			</trkpt>
			<trkpt lat="24.341589" lon="109.317331">
				<ele>41.058642</ele>
			</trkpt>
			<trkpt lat="24.341602" lon="109.317183">
				<ele>41.003364</ele>
			</trkpt>
			<trkpt lat="24.341610" lon="109.317035">
				<ele>40.947041</ele>
			</trkpt>
			<trkpt lat="24.341613" lon="109.316887">
				<ele>40.889734</ele>
			</trkpt>
			<trkpt lat="24.341613" lon="109.316739">
				<ele>40.831501</ele>
			</trkpt>
			<trkpt lat="24.341608" lon="109.316591">
				<ele>40.772402</ele>
			</trkpt>
			<trkpt lat="24.341599" lon="109.316444">
				<ele>40.712500</ele>
			</trkpt>
			<trkpt lat="24.341585" lon="109.316296">
				<ele>40.651856</ele>
			</trkpt>
			<trkpt lat="24.341567" lon="109.316150">
				<ele>40.590535</ele>
			</trkpt>
			<trkpt lat="24.341545" lon="109.316004">
				<ele>40.528599</ele>
			</trkpt>
			<trkpt lat="24.341519" lon="109.315858">
				<ele>40.466112</ele>
			</trkpt>
			<trkpt lat="24.341489" lon="109.315714">
				<ele>40.403141</ele>
			</trkpt>
			<trkpt lat="24.341454" lon="109.315571">
				<ele>40.339751</ele>
			</trkpt>
			<trkpt lat="24.341415" lon="109.315429">
				<ele>40.276006</ele>
			</trkpt>
			<trkpt lat="24.341372" lon="109.315289">
				<ele>40.211975</ele>
			</trkpt>
			<trkpt lat="24.341326" lon="109.315150">
				<ele>40.147723</ele>
			</trkpt>
			<trkpt lat="24.341275" lon="109.315013">
				<ele>40.083318</ele>
			</trkpt>
			<trkpt lat="24.341220" lon="109.314878">
				<ele>40.018825</ele>
			</trkpt>
			<trkpt lat="24.341161" lon="109.314744">
				<ele>39.954313</ele>
			</trkpt>
			<trkpt lat="24.341099" lon="109.314613">
				<ele>39.889849</ele>
			</trkpt>
			<trkpt lat="24.341032" lon="109.314484">
				<ele>39.825499</ele>
			</trkpt>
			<trkpt lat="24.340962" lon="109.314358">
				<ele>39.761331</ele>
			</trkpt>
			<trkpt lat="24.340888" lon="109.314234">
				<ele>39.697411</ele>
			</trkpt>
			<trkpt lat="24.340811" lon="109.314112">
				<ele>39.633806</ele>
			</trkpt>
			<trkpt lat="24.340730" lon="109.313994">
				<ele>39.570582</ele>
			</trkpt>
			<trkpt lat="24.340646" lon="109.313878">
				<ele>39.507805</ele>
			</trkpt>
			<trkpt lat="24.340559" lon="109.313765">
				<ele>39.445540</ele>
			</trkpt>
			<trkpt lat="24.340468" lon="109.313656">
				<ele>39.383852</ele>
			</trkpt>
			<trkpt lat="24.340374" lon="109.313549">
				<ele>39.322805</ele>
			</trkpt>
			<trkpt lat="24.340277" lon="109.313446">
				<ele>39.262463</ele>
			</trkpt>
			<trkpt lat="24.340178" lon="109.313347">
				<ele>39.202888</ele>
			</trkpt>
			<trkpt lat="24.340075" lon="109.313251">
				<ele>39.144142</ele>
			</trkpt>
			<trkpt lat="24.339970" lon="109.313158">
				<ele>39.086287</ele>
			</trkpt>
			<trkpt lat="24.339862" lon="109.313070">
				<ele>39.029382</ele>
			</trkpt>
			<trkpt lat="24.339751" lon="109.312985">
				<ele>38.973488</ele>
			</trkpt>
			<trkpt lat="24.339638" lon="109.312904">
				<ele>38.918662</ele>
			</trkpt>
			<trkpt lat="24.339523" lon="109.312827">
				<ele>38.864960</ele>
			</trkpt>
			<trkpt lat="24.339406" lon="109.312754">
				<ele>38.812440</ele>
			</trkpt>
			<trkpt lat="24.339286" lon="109.312685">
				<ele>38.761155</ele>
			</trkpt>
			<trkpt lat="24.339165" lon="109.312621">
				<ele>38.711160</ele>
			</trkpt>
			<trkpt lat="24.339041" lon="109.312560">
				<ele>38.662505</ele>
			</trkpt>
			<trkpt lat="24.338917" lon="109.312504">
				<ele>38.615242</ele>
			</trkpt>
			<trkpt lat="24.338790" lon="109.312453">
				<ele>38.569420</ele>
			</trkpt>
			<trkpt lat="24.338662" lon="109.312406">
				<ele>38.525087</ele>
			</trkpt>
			<trkpt lat="24.338533" lon="109.312363">
				<ele>38.482288</ele>
			</trkpt>
			<trkpt lat="24.338403" lon="109.312325">
				<ele>38.441068</ele>
			</trkpt>
			<trkpt lat="24.338271" lon="109.312292">
				<ele>38.401470</ele>
			</trkpt>
			<trkpt lat="24.338139" lon="109.312263">
				<ele>38.363536</ele>
			</trkpt>
			<trkpt lat="24.338006" lon="109.312239">
				<ele>38.327304</ele>
			</trkpt>
			<trkpt lat="24.337872" lon="109.312219">
				<ele>38.292813</ele>
			</trkpt>
			<trkpt lat="24.337738" lon="109.312204">
				<ele>38.260098</ele>
			</trkpt>
			<trkpt lat="24.337603" lon="109.312194">
				<ele>38.229193</ele>
			</trkpt>
			<trkpt lat="24.337469" lon="109.312188">
				<ele>38.200131</ele>
			</trkpt>
			<trkpt lat="24.337334" lon="109.312188">
				<ele>38.172941</ele>
			</trkpt>
			<trkpt lat="24.337199" lon="109.312192">
				<ele>38.147653</ele>
			</trkpt>
			<trkpt lat="24.337064" lon="109.312200">
				<ele>38.124292</ele>
			</trkpt>
			<trkpt lat="24.336930" lon="109.312214">
				<ele>38.102883</ele>
			</trkpt>
			<trkpt lat="24.336796" lon="109.312232">
				<ele>38.083447</ele>
			</trkpt>
			<trkpt lat="24.336663" lon="109.312254">
				<ele>38.066006</ele>
			</trkpt>
			<trkpt lat="24.336530" lon="109.312282">
				<ele>38.050577</ele>
			</trkpt>
			<trkpt lat="24.336398" lon="109.312314">
				<ele>38.037177</ele>
			</trkpt>
			<trkpt lat="24.336268" lon="109.312350">
				<ele>38.025818</ele>
			</trkpt>
			<trkpt lat="24.336138" lon="109.312391">
				<ele>38.016514</ele>
			</trkpt>
			<trkpt lat="24.336010" lon="109.312437">
				<ele>38.009274</ele>
			</trkpt>
			<trkpt lat="24.335883" lon="109.312487">
				<ele>38.004105</ele>
			</trkpt>
			<trkpt lat="24.335757" lon="109.312542">
				<ele>38.001013</ele>
			</trkpt>
			<trkpt lat="24.335634" lon="109.312601">
				<ele>38.000000</ele>
			</trkpt>
			<trkpt lat="24.335512" lon="109.312664">
				<ele>38.001069</ele>
			</trkpt>
			<trkpt lat="24.335392" lon="109.312731">
				<ele>38.004217</ele>
			</trkpt>
			<trkpt lat="24.335274" lon="109.312803">
				<ele>38.009442</ele>
			</trkpt>
			<trkpt lat="24.335158" lon="109.312878">
				<ele>38.016739</ele>
			</trkpt>
			<trkpt lat="24.335044" lon="109.312958">
				<ele>38.026098</ele>
			</trkpt>
			<trkpt lat="24.334933" lon="109.313042">
				<ele>38.037512</ele>
			</trkpt>
			<trkpt lat="24.334824" lon="109.313129">
				<ele>38.050968</ele>
			</trkpt>
			<trkpt lat="24.334718" lon="109.313220">
				<ele>38.066451</ele>
			</trkpt>
			<trkpt lat="24.334614" lon="109.313315">
				<ele>38.083947</ele>
			</trkpt>
			<trkpt lat="24.334513" lon="109.313414">
				<ele>38.103436</ele>
			</trkpt>
			<trkpt lat="24.334415" lon="109.313516">
				<ele>38.124898</ele>
			</trkpt>
			<trkpt lat="24.334321" lon="109.313621">
				<ele>38.148312</ele>
			</trkpt>
			<trkpt lat="24.334229" lon="109.313730">
				<ele>38.173652</ele>
			</trkpt>
			<trkpt lat="24.334140" lon="109.313841">
				<ele>38.200892</ele>
			</trkpt>
			<trkpt lat="24.334055" lon="109.313956">
				<ele>38.230004</ele>
			</trkpt>
			<trkpt lat="24.333973" lon="109.314074">
				<ele>38.260958</ele>
			</trkpt>
			<trkpt lat="24.333895" lon="109.314194">
				<ele>38.293722</ele>
			</trkpt>
			<trkpt lat="24.333820" lon="109.314317">
				<ele>38.328261</ele>
			</trkpt>
			<trkpt lat="24.333749" lon="109.314443">
				<ele>38.364539</ele>
			</trkpt>
			<trkpt lat="24.333681" lon="109.314571">
				<ele>38.402519</ele>
			</trkpt>
			<trkpt lat="24.333617" lon="109.314702">
				<ele>38.442161</ele>
			</trkpt>
			<trkpt lat="24.333557" lon="109.314834">
				<ele>38.483424</ele>
			</trkpt>
			<trkpt lat="24.333501" lon="109.314969">
				<ele>38.526265</ele>
			</trkpt>
			<trkpt lat="24.333449" lon="109.315105">
				<ele>38.570640</ele>
			</trkpt>
			<trkpt lat="24.333401" lon="109.315244">
				<ele>38.616501</ele>
			</trkpt>
			<trkpt lat="24.333357" lon="109.315384">
				<ele>38.663803</ele>
			</trkpt>
			<trkpt lat="24.333317" lon="109.315525">
				<ele>38.712494</ele>
			</trkpt>
			<trkpt lat="24.333281" lon="109.315668">
				<ele>38.762525</ele>
			</trkpt>
			<trkpt lat="24.333249" lon="109.315812">
				<ele>38.813844</ele>
			</trkpt>
			<trkpt lat="24.333221" lon="109.315957">
				<ele>38.866397</ele>
			</trkpt>
			<trkpt lat="24.333198" lon="109.316102">
				<ele>38.920129</ele>
			</trkpt>
			<trkpt lat="24.333179" lon="109.316249">
				<ele>38.974985</ele>
			</trkpt>
			<trkpt lat="24.333164" lon="109.316396">
				<ele>39.030908</ele>
			</trkpt>
			<trkpt lat="24.333153" lon="109.316544">
				<ele>39.087839</ele>
			</trkpt>
			<trkpt lat="24.333147" lon="109.316691">
				<ele>39.145719</ele>
			</trkpt>
			<trkpt lat="24.333145" lon="109.316840">
				<ele>39.204488</ele>
			</trkpt>
			<trkpt lat="24.333147" lon="109.316988">
				<ele>39.264084</ele>
			</trkpt>
			<trkpt lat="24.333154" lon="109.317135">
				<ele>39.324447</ele>
			</trkpt>
			<trkpt lat="24.333165" lon="109.317283">
				<ele>39.385512</ele>
			</trkpt>
			<trkpt lat="24.333180" lon="109.317430">
				<ele>39.447216</ele>
			</trkpt>
			<trkpt lat="24.333199" lon="109.317577">
				<ele>39.509496</ele>
			</trkpt>
			<trkpt lat="24.333223" lon="109.317722">
				<ele>39.572286</ele>
			</trkpt>
			<trkpt lat="24.333251" lon="109.317867">
				<ele>39.635521</ele>
			</trkpt>
			<trkpt lat="24.333283" lon="109.318011">
				<ele>39.699136</ele>
			</trkpt>
			<trkpt lat="24.333319" lon="109.318154">
				<ele>39.763063</ele>
			</trkpt>
			<trkpt lat="24.333360" lon="109.318295">
				<ele>39.827237</ele>
			</trkpt>
			<trkpt lat="24.333404" lon="109.318435">
				<ele>39.891591</ele>
			</trkpt>
			<trkpt lat="24.333453" lon="109.318573">
				<ele>39.956057</ele>
			</trkpt>
			<trkpt lat="24.333505" lon="109.318709">
				<ele>40.020569</ele>
			</trkpt>
			<trkpt lat="24.333561" lon="109.318844">
				<ele>40.085060</ele>
			</trkpt>
			<trkpt lat="24.333622" lon="109.318976">
				<ele>40.149463</ele>
			</trkpt>
			<trkpt lat="24.333686" lon="109.319107">
				<ele>40.213709</ele>
			</trkpt>
			<trkpt lat="24.333753" lon="109.319234">
				<ele>40.277734</ele>
			</trkpt>
			<trkpt lat="24.333825" lon="109.319360">
				<ele>40.341469</ele>
			</trkpt>
			<trkpt lat="24.333900" lon="109.319483">
				<ele>40.404849</ele>
			</trkpt>
			<trkpt lat="24.333979" lon="109.319603">
				<ele>40.467808</ele>
			</trkpt>
			<trkpt lat="24.334061" lon="109.319721">
				<ele>40.530281</ele>
			</trkpt>
			<trkpt lat="24.334146" lon="109.319835">
				<ele>40.592201</ele>
			</trkpt>
			<trkpt lat="24.334235" lon="109.319947">
				<ele>40.653505</ele>
			</trkpt>
			<trkpt lat="24.334327" lon="109.320055">
				<ele>40.714130</ele>
			</trkpt>
			<trkpt lat="24.334422" lon="109.320160">
				<ele>40.774011</ele>
			</trkpt>
			<trkpt lat="24.334520" lon="109.320262">
				<ele>40.833087</ele>
			</trkpt>
			<trkpt lat="24.334621" lon="109.320360">
				<ele>40.891296</ele>
			</trkpt>
			<trkpt lat="24.334725" lon="109.320455">
				<ele>40.948577</ele>
			</trkpt>
			<trkpt lat="24.334831" lon="109.320546">
				<ele>41.004872</ele>
			</trkpt>
			<trkpt lat="24.334940" lon="109.320633">
				<ele>41.060121</ele>
			</trkpt>
			<trkpt lat="24.335051" lon="109.320716">
				<ele>41.114267</ele>
			</trkpt>
			<trkpt lat="24.335165" lon="109.320796">
				<ele>41.167254</ele>
			</trkpt>
			<trkpt lat="24.335281" lon="109.320871">
				<ele>41.219026</ele>
			</trkpt>
			<trkpt lat="24.335400" lon="109.320943">
				<ele>41.269530</ele>
			</trkpt>
			<trkpt lat="24.335520" lon="109.321010">
				<ele>41.318713</ele>
			</trkpt>
			<trkpt lat="24.335642" lon="109.321073">
				<ele>41.366523</ele>
			</trkpt>
			<trkpt lat="24.335766" lon="109.321131">
				<ele>41.412912</ele>
			</trkpt>
			<trkpt lat="24.335891" lon="109.321185">
				<ele>41.457831</ele>
			</trkpt>
			<trkpt lat="24.336018" lon="109.321235">
				<ele>41.501233</ele>
			</trkpt>
			<trkpt lat="24.336147" lon="109.321280">
				<ele>41.543073</ele>
			</trkpt>
			<trkpt lat="24.336276" lon="109.321321">
				<ele>41.583307</ele>
			</trkpt>
			<trkpt lat="24.336407" lon="109.321358">
				<ele>41.621894</ele>
			</trkpt>
			<trkpt lat="24.336539" lon="109.321389">
				<ele>41.658793</ele>
			</trkpt>
			<trkpt lat="24.336672" lon="109.321416">
				<ele>41.693967</ele>
			</trkpt>
			<trkpt lat="24.336805" lon="109.321439">
				<ele>41.727377</ele>
			</trkpt>
			<trkpt lat="24.336939" lon="109.321457">
				<ele>41.758991</ele>
			</trkpt>
			<trkpt lat="24.337073" lon="109.321470">
				<ele>41.788774</ele>
			</trkpt>
			<trkpt lat="24.337208" lon="109.321478">
				<ele>41.816696</ele>
			</trkpt>
			<trkpt lat="24.337343" lon="109.321482">
				<ele>41.842728</ele>
			</trkpt>
			<trkpt lat="24.337478" lon="109.321480">
				<ele>41.866843</ele>
			</trkpt>
			<trkpt lat="24.337612" lon="109.321475">
				<ele>41.889015</ele>
			</trkpt>
			<trkpt lat="24.337747" lon="109.321464">
				<ele>41.909221</ele>
			</trkpt>
			<trkpt lat="24.337881" lon="109.321449">
				<ele>41.927441</ele>
			</trkpt>
			<trkpt lat="24.338015" lon="109.321429">
				<ele>41.943656</ele>
			</trkpt>
			<trkpt lat="24.338148" lon="109.321405">
				<ele>41.957848</ele>
			</trkpt>
			<trkpt lat="24.338280" lon="109.321375">
				<ele>41.970003</ele>
			</trkpt>
			<trkpt lat="24.338411" lon="109.321342">
				<ele>41.980108</ele>
			</trkpt>
			<trkpt lat="24.338542" lon="109.321303">
				<ele>41.988153</ele>
			</trkpt>
			<trkpt lat="24.338671" lon="109.321260">
				<ele>41.994129</ele>
			</trkpt>
			<trkpt lat="24.338799" lon="109.321213">
				<ele>41.998031</ele>
			</trkpt>
			<trkpt lat="24.338925" lon="109.321161">
				<ele>41.999853</ele>
			</trkpt>
			<trkpt lat="24.339050" lon="109.321105">
				<ele>41.999595</ele>
			</trkpt>
			<trkpt lat="24.339173" lon="109.321044">
				<ele>41.997256</ele>
			</trkpt>
			<trkpt lat="24.339294" lon="109.320979">
				<ele>41.992839</ele>
			</trkpt>
			<trkpt lat="24.339413" lon="109.320910">
				<ele>41.986348</ele>
			</trkpt>
			<trkpt lat="24.339531" lon="109.320837">
				<ele>41.977791</ele>
			</trkpt>
			<trkpt lat="24.339646" lon="109.320760">
				<ele>41.967175</ele>
			</trkpt>
			<trkpt lat="24.339759" lon="109.320679">
				<ele>41.954513</ele>
			</trkpt>
			<trkpt lat="24.339869" lon="109.320594">
				<ele>41.939818</ele>
			</trkpt>
			<trkpt lat="24.339977" lon="109.320505">
				<ele>41.923104</ele>
			</trkpt>
			<trkpt lat="24.340082" lon="109.320412">
				<ele>41.904389</ele>
			</trkpt>
			<trkpt lat="24.340184" lon="109.320316">
				<ele>41.883692</ele>
			</trkpt>
			<trkpt lat="24.340284" lon="109.320216">
				<ele>41.861035</ele>
			</trkpt>
			<trkpt lat="24.340381" lon="109.320113">
				<ele>41.836442</ele>
			</trkpt>
			<trkpt lat="24.340474" lon="109.320006">
				<ele>41.809939</ele>
			</trkpt>
			<trkpt lat="24.340565" lon="109.319896">
				<ele>41.781552</ele>
			</trkpt>
			<trkpt lat="24.340652" lon="109.319783">
				<ele>41.751311</ele>
			</trkpt>
			<trkpt lat="24.340736" lon="109.319667">
				<ele>41.719248</ele>
			</trkpt>
			<trkpt lat="24.340816" lon="109.319549">
				<ele>41.685397</ele>
			</trkpt>
			<trkpt lat="24.340893" lon="109.319427">
				<ele>41.649791</ele>
			</trkpt>
			<trkpt lat="24.340967" lon="109.319303">
				<ele>41.612469</ele>
			</trkpt>
			<trkpt lat="24.341037" lon="109.319176">
				<ele>41.573469</ele>
			</trkpt>
			<trkpt lat="24.341103" lon="109.319047">
				<ele>41.532832</ele>
			</trkpt>
			<trkpt lat="24.341165" lon="109.318916">
				<ele>41.490601</ele>
			</trkpt>
			<trkpt lat="24.341224" lon="109.318782">
				<ele>41.446818</ele>
			</trkpt>
			<trkpt lat="24.341278" lon="109.318647">
				<ele>41.401530</ele>
			</trkpt>
			<trkpt lat="24.341329" lon="109.318510">
				<ele>41.354783</ele>
			</trkpt>
			<trkpt lat="24.341376" lon="109.318371">
				<ele>41.306627</ele>
			</trkpt>
			<trkpt lat="24.341418" lon="109.318230">
				<ele>41.257111</ele>
			</trkpt>
			<trkpt lat="24.341457" lon="109.318088">
				<ele>41.206288</ele>
			</trkpt>
			<trkpt lat="24.341491" lon="109.317945">
				<ele>41.154209</ele>
			</trkpt>
			<trkpt lat="24.341521" lon="109.317801">
				<ele>41.100929</ele>
			</trkpt>
			<trkpt lat="24.341547" lon="109.317656">
				<ele>41.046504</ele>
			</trkpt>
			<trkpt lat="24.341569" lon="109.317510">
				<ele>40.990990</ele>
			</trkpt>
			<trkpt lat="24.341586" lon="109.317363">
				<ele>40.934445</ele>
			</trkpt>
			<trkpt lat="24.341599" lon="109.317215">
				<ele>40.876927</ele>
			</trkpt>
			<trkpt lat="24.341608" lon="109.317068">
				<ele>40.818497</ele>
			</trkpt>
			<trkpt lat="24.341613" lon="109.316920">
				<ele>40.759215</ele>
			</trkpt>
			<trkpt lat="24.341613" lon="109.316772">
				<ele>40.699144</ele>
			</trkpt>
			<trkpt lat="24.341609" lon="109.316624">
				<ele>40.638345</ele>
			</trkpt>
			<trkpt lat="24.341601" lon="109.316476">
				<ele>40.576882</ele>
			</trkpt>
			<trkpt lat="24.341588" lon="109.316328">
				<ele>40.514818</ele>
			</trkpt>
			<trkpt lat="24.341572" lon="109.316182">
				<ele>40.452219</ele>
			</trkpt>
			<trkpt lat="24.341550" lon="109.316035">
				<ele>40.389149</ele>
			</trkpt>
			<trkpt lat="24.341525" lon="109.315890">
				<ele>40.325675</ele>
			</trkpt>
			<trkpt lat="24.341496" lon="109.315745">
				<ele>40.261861</ele>
			</trkpt>
			<trkpt lat="24.341462" lon="109.315602">
				<ele>40.197776</ele>
			</trkpt>
			<trkpt lat="24.341424" lon="109.315460">
				<ele>40.133484</ele>
			</trkpt>
			<trkpt lat="24.341382" lon="109.315319">
				<ele>40.069053</ele>
			</trkpt>
			<trkpt lat="24.341336" lon="109.315180">
				<ele>40.004551</ele>
			</trkpt>
			<trkpt lat="24.341286" lon="109.315043">
				<ele>39.940044</ele>
			</trkpt>
			<trkpt lat="24.341232" lon="109.314907">
				<ele>39.875599</ele>
			</trkpt>
			<trkpt lat="24.341174" lon="109.314773">
				<ele>39.811284</ele>
			</trkpt>
			<trkpt lat="24.341113" lon="109.314642">
				<ele>39.747165</ele>
			</trkpt>
			<trkpt lat="24.341047" lon="109.314512">
				<ele>39.683309</ele>
			</trkpt>
			<trkpt lat="24.340978" lon="109.314385">
				<ele>39.619783</ele>
			</trkpt>
			<trkpt lat="24.340905" lon="109.314261">
				<ele>39.556652</ele>
			</trkpt>
			<trkpt lat="24.340828" lon="109.314139">
				<ele>39.493982</ele>
			</trkpt>
			<trkpt lat="24.340748" lon="109.314019">
				<ele>39.431839</ele>
			</trkpt>
			<trkpt lat="24.340665" lon="109.313903">
				<ele>39.370288</ele>
			</trkpt>
			<trkpt lat="24.340578" lon="109.313790">
				<ele>39.309391</ele>
			</trkpt>
			<trkpt lat="24.340488" lon="109.313679">
				<ele>39.249213</ele>
			</trkpt>
			<trkpt lat="24.340395" lon="109.313572">
				<ele>39.189816</ele>
			</trkpt>
			<trkpt lat="24.340299" lon="109.313469">
				<ele>39.131262</ele>
			</trkpt>
			<trkpt lat="24.340200" lon="109.313368">
				<ele>39.073612</ele>
			</trkpt>
			<trkpt lat="24.340098" lon="109.313271">
				<ele>39.016926</ele>
			</trkpt>
			<trkpt lat="24.339993" lon="109.313178">
				<ele>38.961263</ele>
			</trkpt>
			<trkpt lat="24.339885" lon="109.313089">
				<ele>38.906681</ele>
			</trkpt>
			<trkpt lat="24.339775" lon="109.313003">
				<ele>38.853236</ele>
			</trkpt>
			<trkpt lat="24.339663" lon="109.312921">
				<ele>38.800985</ele>
			</trkpt>
			<trkpt lat="24.339548" lon="109.312843">
				<ele>38.749981</ele>
			</trkpt>
			<trkpt lat="24.339431" lon="109.312769">
				<ele>38.700277</ele>
			</trkpt>
			<trkpt lat="24.339312" lon="109.312700">
				<ele>38.651926</ele>
			</trkpt>
			<trkpt lat="24.339191" lon="109.312634">
				<ele>38.604978</ele>
			</trkpt>
			<trkpt lat="24.339068" lon="109.312573">
				<ele>38.559481</ele>
			</trkpt>
			<trkpt lat="24.338944" lon="109.312516">
				<ele>38.515483</ele>
			</trkpt>
			<trkpt lat="24.338818" lon="109.312464">
				<ele>38.473030</ele>
			</trkpt>
			<trkpt lat="24.338690" lon="109.312416">
				<ele>38.432165</ele>
			</trkpt>
			<trkpt lat="24.338561" lon="109.312372">
				<ele>38.392932</ele>
			</trkpt>
			<trkpt lat="24.338431" lon="109.312333">
				<ele>38.355371</ele>
			</trkpt>
			<trkpt lat="24.338300" lon="109.312299">
				<ele>38.319521</ele>
			</trkpt>
			<trkpt lat="24.338168" lon="109.312269">
				<ele>38.285420</ele>
			</trkpt>
			<trkpt lat="24.338035" lon="109.312243">
				<ele>38.253103</ele>
			</trkpt>
			<trkpt lat="24.337901" lon="109.312223">
				<ele>38.222603</ele>
			</trkpt>
			<trkpt lat="24.337767" lon="109.312207">
				<ele>38.193953</ele>
			</trkpt>
			<trkpt lat="24.337633" lon="109.312196">
				<ele>38.167182</ele>
			</trkpt>
			<trkpt lat="24.337498" lon="109.312189">
				<ele>38.142317</ele>
			</trkpt>
			<trkpt lat="24.337363" lon="109.312187">
				<ele>38.119386</ele>
			</trkpt>
			<trkpt lat="24.337228" lon="109.312190">
				<ele>38.098412</ele>
			</trkpt>
			<trkpt lat="24.337094" lon="109.312198">
				<ele>38.079416</ele>
			</trkpt>
			<trkpt lat="24.336959" lon="109.312210">
				<ele>38.062418</ele>
			</trkpt>
			<trkpt lat="24.336825" lon="109.312227">
				<ele>38.047437</ele>
			</trkpt>
			<trkpt lat="24.336692" lon="109.312249">
				<ele>38.034487</ele>
			</trkpt>
			<trkpt lat="24.336559" lon="109.312275">
				<ele>38.023582</ele>
			</trkpt>
			<trkpt lat="24.336427" lon="109.312306">
				<ele>38.014734</ele>
			</trkpt>
			<trkpt lat="24.336296" lon="109.312342">
				<ele>38.007952</ele>
			</trkpt>
			<trkpt lat="24.336166" lon="109.312382">
				<ele>38.003242</ele>
			</trkpt>
			<trkpt lat="24.336038" lon="109.312427">
				<ele>38.000609</ele>
			</trkpt>
			<trkpt lat="24.335910" lon="109.312476">
				<ele>38.000057</ele>
			</trkpt>
			<trkpt lat="24.335785" lon="109.312530">
				<ele>38.001586</ele>
			</trkpt>
			<trkpt lat="24.335661" lon="109.312587">
				<ele>38.005195</ele>
			</trkpt>
			<trkpt lat="24.335538" lon="109.312650">
				<ele>38.010879</ele>
			</trkpt>
			<trkpt lat="24.335418" lon="109.312716">
				<ele>38.018632</ele>
			</trkpt>
			<trkpt lat="24.335299" lon="109.312787">
				<ele>38.028447</ele>
			</trkpt>
			<trkpt lat="24.335183" lon="109.312862">
				<ele>38.040314</ele>
			</trkpt>
			<trkpt lat="24.335068" lon="109.312940">
				<ele>38.054219</ele>
			</trkpt>
			<trkpt lat="24.334957" lon="109.313023">
				<ele>38.070150</ele>
			</trkpt>
			<trkpt lat="24.334847" lon="109.313110">
				<ele>38.088088</ele>
			</trkpt>
			<trkpt lat="24.334740" lon="109.313200">
				<ele>38.108015</ele>
			</trkpt>
			<trkpt lat="24.334636" lon="109.313294">
				<ele>38.129911</ele>
			</trkpt>
			<trkpt lat="24.334535" lon="109.313392">
				<ele>38.153753</ele>
			</trkpt>
			<trkpt lat="24.334436" lon="109.313493">
				<ele>38.179516</ele>
			</trkpt>
			<trkpt lat="24.334341" lon="109.313598">
				<ele>38.207173</ele>
			</trkpt>
			<trkpt lat="24.334249" lon="109.313706">
				<ele>38.236696</ele>
			</trkpt>
			<trkpt lat="24.334159" lon="109.313817">
				<ele>38.268053</ele>
			</trkpt>
			<trkpt lat="24.334073" lon="109.313931">
				<ele>38.301212</ele>
			</trkpt>
			<trkpt lat="24.333991" lon="109.314048">
				<ele>38.336139</ele>
			</trkpt>
			<trkpt lat="24.333912" lon="109.314168">
				<ele>38.372797</ele>
			</trkpt>
			<trkpt lat="24.333836" lon="109.314290">
				<ele>38.411148</ele>
			</trkpt>
			<trkpt lat="24.333764" lon="109.314416">
				<ele>38.451153</ele>
			</trkpt>
			<trkpt lat="24.333696" lon="109.314543">
				<ele>38.492769</ele>
			</trkpt>
			<trkpt lat="24.333631" lon="109.314673">
				<ele>38.535953</ele>
			</trkpt>
			<trkpt lat="24.333570" lon="109.314805">
				<ele>38.580660</ele>
			</trkpt>
			<trkpt lat="24.333513" lon="109.314939">
				<ele>38.626845</ele>
			</trkpt>
			<trkpt lat="24.333460" lon="109.315076">
				<ele>38.674458</ele>
			</trkpt>
			<trkpt lat="24.333411" lon="109.315213">
				<ele>38.723450</ele>
			</trkpt>
			<trkpt lat="24.333366" lon="109.315353">
				<ele>38.773771</ele>
			</trkpt>
			<trkpt lat="24.333325" lon="109.315494">
				<ele>38.825367</ele>
			</trkpt>
			<trkpt lat="24.333288" lon="109.315636">
				<ele>38.878186</ele>
			</trkpt>
			<trkpt lat="24.333256" lon="109.315780">
				<ele>38.932172</ele>
			</trkpt>
			<trkpt lat="24.333227" lon="109.315925">
				<ele>38.987269</ele>
			</trkpt>
			<trkpt lat="24.333203" lon="109.316070">
				<ele>39.043419</ele>
			</trkpt>
			<trkpt lat="24.333183" lon="109.316217">
				<ele>39.100565</ele>
			</trkpt>
			<trkpt lat="24.333167" lon="109.316364">
				<ele>39.158647</ele>
			</trkpt>
			<trkpt lat="24.333155" lon="109.316511">
				<ele>39.217605</ele>
			</trkpt>
			<trkpt lat="24.333148" lon="109.316659">
				<ele>39.277376</ele>
			</trkpt>
			<trkpt lat="24.333145" lon="109.316807">
				<ele>39.337899</ele>
			</trkpt>
			<trkpt lat="24.333147" lon="109.316955">
				<ele>39.399111</ele>
			</trkpt>
			<trkpt lat="24.333152" lon="109.317103">
				<ele>39.460949</ele>
			</trkpt>
			<trkpt lat="24.333162" lon="109.317251">
				<ele>39.523347</ele>
			</trkpt>
			<trkpt lat="24.333176" lon="109.317398">
				<ele>39.586241</ele>
			</trkpt>
			<trkpt lat="24.333195" lon="109.317545">
				<ele>39.649566</ele>
			</trkpt>
			<trkpt lat="24.333218" lon="109.317691">
				<ele>39.713255</ele>
			</trkpt>
			<trkpt lat="24.333245" lon="109.317836">
				<ele>39.777243</ele>
			</trkpt>
			<trkpt lat="24.333276" lon="109.317980">
				<ele>39.841462</ele>
			</trkpt>
			<trkpt lat="24.333311" lon="109.318123">
				<ele>39.905847</ele>
			</trkpt>
			<trkpt lat="24.333350" lon="109.318264">
				<ele>39.970329</ele>
			</trkpt>
			<trkpt lat="24.333394" lon="109.318404">
				<ele>40.034843</ele>
			</trkpt>
			<trkpt lat="24.333442" lon="109.318543">
				<ele>40.099320</ele>
			</trkpt>
			<trkpt lat="24.333493" lon="109.318680">
				<ele>40.163693</ele>
			</trkpt>
			<trkpt lat="24.333549" lon="109.318815">
				<ele>40.227897</ele>
			</trkpt>
			<trkpt lat="24.333608" lon="109.318948">
				<ele>40.291863</ele>
			</trkpt>
			<trkpt lat="24.333671" lon="109.319078">
				<ele>40.355525</ele>
			</trkpt>
			<trkpt lat="24.333738" lon="109.319207">
				<ele>40.418818</ele>
			</trkpt>
			<trkpt lat="24.333809" lon="109.319333">
				<ele>40.481675</ele>
			</trkpt>
			<trkpt lat="24.333883" lon="109.319456">
				<ele>40.544031</ele>
			</trkpt>
			<trkpt lat="24.333961" lon="109.319577">
				<ele>40.605820</ele>
			</trkpt>
			<trkpt lat="24.334043" lon="109.319695">
				<ele>40.666980</ele>
			</trkpt>
			<trkpt lat="24.334127" lon="109.319811">
				<ele>40.727445</ele>
			</trkpt>
			<trkpt lat="24.334215" lon="109.319923">
				<ele>40.787153</ele>
			</trkpt>
			<trkpt lat="24.334307" lon="109.320032">
				<ele>40.846043</ele>
			</trkpt>
			<trkpt lat="24.334401" lon="109.320138">
				<ele>40.904052</ele>
			</trkpt>
			<trkpt lat="24.334498" lon="109.320240">
				<ele>40.961120</ele>
			</trkpt>
			<trkpt lat="24.334599" lon="109.320339">
				<ele>41.017188</ele>
			</trkpt>
			<trkpt lat="24.334702" lon="109.320435">
				<ele>41.072198</ele>
			</trkpt>
			<trkpt lat="24.334808" lon="109.320526">
				<ele>41.126093</ele>
			</trkpt>
			<trkpt lat="24.334916" lon="109.320614">
				<ele>41.178815</ele>
			</trkpt>
			<trkpt lat="24.335027" lon="109.320699">
				<ele>41.230311</ele>
			</trkpt>
			<trkpt lat="24.335140" lon="109.320779">
				<ele>41.280527</ele>
			</trkpt>
			<trkpt lat="24.335256" lon="109.320855">
				<ele>41.329411</ele>
			</trkpt>
			<trkpt lat="24.335374" lon="109.320927">
				<ele>41.376911</ele>
			</trkpt>
			<trkpt lat="24.335494" lon="109.320995">
				<ele>41.422979</ele>
			</trkpt>
			<trkpt lat="24.335615" lon="109.321059">
				<ele>41.467566</ele>
			</trkpt>
			<trkpt lat="24.335739" lon="109.321119">
				<ele>41.510626</ele>
			</trkpt>
			<trkpt lat="24.335864" lon="109.321174">
				<ele>41.552115</ele>
			</trkpt>
			<trkpt lat="24.335991" lon="109.321225">
				<ele>41.591988</ele>
			</trkpt>
			<trkpt lat="24.336119" lon="109.321271">
				<ele>41.630205</ele>
			</trkpt>
			<trkpt lat="24.336248" lon="109.321313">
				<ele>41.666726</ele>
			</trkpt>
			<trkpt lat="24.336379" lon="109.321350">
				<ele>41.701512</ele>
			</trkpt>
			<trkpt lat="24.336510" lon="109.321383">
				<ele>41.734528</ele>
			</trkpt>
			<trkpt lat="24.336643" lon="109.321411">
				<ele>41.765739</ele>
			</trkpt>
			<trkpt lat="24.336776" lon="109.321434">
				<ele>41.795114</ele>
			</trkpt>
			<trkpt lat="24.336910" lon="109.321453">
				<ele>41.822620</ele>
			</trkpt>
			<trkpt lat="24.337044" lon="109.321467">
				<ele>41.848230</ele>
			</trkpt>
			<trkpt lat="24.337179" lon="109.321476">
				<ele>41.871916</ele>
			</trkpt>
			<trkpt lat="24.337313" lon="109.321481">
				<ele>41.893655</ele>
			</trkpt>
			<trkpt lat="24.337448" lon="109.321481">
				<ele>41.913424</ele>
			</trkpt>
			<trkpt lat="24.337583" lon="109.321476">
				<ele>41.931202</ele>
			</trkpt>
			<trkpt lat="24.337718" lon="109.321467">
				<ele>41.946970</ele>
			</trkpt>
			<trkpt lat="24.337852" lon="109.321453">
				<ele>41.960713</ele>
			</trkpt>
			<trkpt lat="24.337986" lon="109.321434">
				<ele>41.972415</ele>
			</trkpt>
			<trkpt lat="24.338119" lon="109.321410">
				<ele>41.982066</ele>
			</trkpt>
			<trkpt lat="24.338251" lon="109.321382">
				<ele>41.989654</ele>
			</trkpt>
			<trkpt lat="24.338383" lon="109.321349">
				<ele>41.995171</ele>
			</trkpt>
			<trkpt lat="24.338513" lon="109.321312">
				<ele>41.998613</ele>
			</trkpt>
			<trkpt lat="24.338643" lon="109.321270">
				<ele>41.999975</ele>
			</trkpt>
			<trkpt lat="24.338771" lon="109.321224">
				<ele>41.999256</ele>
			</trkpt>
			<trkpt lat="24.338898" lon="109.321173">
				<ele>41.996457</ele>
			</trkpt>
			<trkpt lat="24.339023" lon="109.321117">
				<ele>41.991581</ele>
			</trkpt>
			<trkpt lat="24.339146" lon="109.321058">
				<ele>41.984633</ele>
			</trkpt>
			<trkpt lat="24.339268" lon="109.320994">
				<ele>41.975619</ele>
			</trkpt>
			<trkpt lat="24.339388" lon="109.320926">
				<ele>41.964550</ele>
			</trkpt>
			<trkpt lat="24.339505" lon="109.320853">
				<ele>41.951437</ele>
			</trkpt>
			<trkpt lat="24.339621" lon="109.320777">
				<ele>41.936293</ele>
			</trkpt>
			<trkpt lat="24.339734" lon="109.320697">
				<ele>41.919135</ele>
			</trkpt>
			<trkpt lat="24.339845" lon="109.320612">
				<ele>41.899979</ele>
			</trkpt>
			<trkpt lat="24.339954" lon="109.320524">
				<ele>41.878847</ele>
			</trkpt>
			<trkpt lat="24.340059" lon="109.320432">
				<ele>41.855760</ele>
			</trkpt>
			<trkpt lat="24.340162" lon="109.320337">
				<ele>41.830742</ele>
			</trkpt>
			<trkpt lat="24.340263" lon="109.320238">
				<ele>41.803819</ele>
			</trkpt>
			<trkpt lat="24.340360" lon="109.320135">
				<ele>41.775020</ele>
			</trkpt>
			<trkpt lat="24.340454" lon="109.320029">
				<ele>41.744373</ele>
			</trkpt>
			<trkpt lat="24.340545" lon="109.319920">
				<ele>41.711911</ele>
			</trkpt>
			<trkpt lat="24.340633" lon="109.319808">
				<ele>41.677668</ele>
			</trkpt>
			<trkpt lat="24.340718" lon="109.319693">
				<ele>41.641680</ele>
			</trkpt>
			<trkpt lat="24.340799" lon="109.319575">
				<ele>41.603983</ele>
			</trkpt>
			<trkpt lat="24.340877" lon="109.319454">
				<ele>41.564618</ele>
			</trkpt>
			<trkpt lat="24.340951" lon="109.319330">
				<ele>41.523624</ele>
			</trkpt>
			<trkpt lat="24.341022" lon="109.319204">
				<ele>41.481046</ele>
			</trkpt>
			<trkpt lat="24.341089" lon="109.319075">
				<ele>41.436926</ele>
			</trkpt>
			<trkpt lat="24.341152" lon="109.318945">
				<ele>41.391311</ele>
			</trkpt>
			<trkpt lat="24.341211" lon="109.318812">
				<ele>41.344248</ele>
			</trkpt>
			<trkpt lat="24.341267" lon="109.318677">
				<ele>41.295787</ele>
			</trkpt>
			<trkpt lat="24.341318" lon="109.318540">
				<ele>41.245977</ele>
			</trkpt>
			<trkpt lat="24.341366" lon="109.318401">
				<ele>41.194871</ele>
			</trkpt>
			<trkpt lat="24.341409" lon="109.318261">
				<ele>41.142522</ele>
			</trkpt>
			<trkpt lat="24.341448" lon="109.318119">
				<ele>41.088984</ele>
			</trkpt>
			<trkpt lat="24.341484" lon="109.317977">
				<ele>41.034313</ele>
			</trkpt>
			<trkpt lat="24.341515" lon="109.317832">
				<ele>40.978566</ele>
			</trkpt>
			<trkpt lat="24.341542" lon="109.317687">
				<ele>40.921800</ele>
			</trkpt>
			<trkpt lat="24.341564" lon="109.317541">
				<ele>40.864076</ele>
			</trkpt>
			<trkpt lat="24.341583" lon="109.317395">
				<ele>40.805452</ele>
			</trkpt>
			<trkpt lat="24.341597" lon="109.317248">
				<ele>40.745990</ele>
			</trkpt>
			<trkpt lat="24.341607" lon="109.317100">
				<ele>40.685752</ele>
			</trkpt>
			<trkpt lat="24.341612" lon="109.316952">
				<ele>40.624801</ele>
			</trkpt>
			<trkpt lat="24.341613" lon="109.316804">
				<ele>40.563199</ele>
			</trkpt>
			<trkpt lat="24.341610" lon="109.316656">
				<ele>40.501012</ele>
			</trkpt>
			<trkpt lat="24.341603" lon="109.316508">
				<ele>40.438303</ele>
			</trkpt>
			<trkpt lat="24.341591" lon="109.316361">
				<ele>40.375138</ele>
			</trkpt>
			<trkpt lat="24.341576" lon="109.316214">
				<ele>40.311583</ele>
			</trkpt>
			<trkpt lat="24.341555" lon="109.316067">
				<ele>40.247703</ele>
			</trkpt>
			<trkpt lat="24.341531" lon="109.315922">
				<ele>40.183566</ele>
			</trkpt>
			<trkpt lat="24.341502" lon="109.315777">
				<ele>40.119238</ele>
			</trkpt>
			<trkpt lat="24.341470" lon="109.315633">
				<ele>40.054786</ele>
			</trkpt>
			<trkpt lat="24.341433" lon="109.315491">
				<ele>39.990276</ele>
			</trkpt>
			<trkpt lat="24.341392" lon="109.315350">
				<ele>39.925777</ele>
			</trkpt>
			<trkpt lat="24.341347" lon="109.315210">
				<ele>39.861355</ele>
			</trkpt>
			<trkpt lat="24.341297" lon="109.315072">
				<ele>39.797078</ele>
			</trkpt>
			<trkpt lat="24.341244" lon="109.314936">
				<ele>39.733011</ele>
			</trkpt>
			<trkpt lat="24.341187" lon="109.314802">
				<ele>39.669223</ele>
			</trkpt>
			<trkpt lat="24.341126" lon="109.314670">
				<ele>39.605778</ele>
			</trkpt>
			<trkpt lat="24.341062" lon="109.314540">
				<ele>39.542744</ele>
			</trkpt>
			<trkpt lat="24.340993" lon="109.314413">
				<ele>39.480185</ele>
			</trkpt>
			<trkpt lat="24.340921" lon="109.314288">
				<ele>39.418168</ele>
			</trkpt>
			<trkpt lat="24.340845" lon="109.314165">
				<ele>39.356755</ele>
			</trkpt>
			<trkpt lat="24.340766" lon="109.314045">
				<ele>39.296012</ele>
			</trkpt>
			<trkpt lat="24.340683" lon="109.313928">
				<ele>39.236002</ele>
			</trkpt>
			<trkpt lat="24.340597" lon="109.313814">
				<ele>39.176786</ele>
			</trkpt>
			<trkpt lat="24.340508" lon="109.313703">
				<ele>39.118427</ele>
			</trkpt>
			<trkpt lat="24.340416" lon="109.313595">
				<ele>39.060985</ele>
			</trkpt>
			<trkpt lat="24.340320" lon="109.313491">
				<ele>39.004521</ele>
			</trkpt>
			<trkpt lat="24.340222" lon="109.313390">
				<ele>38.949092</ele>
			</trkpt>
			<trkpt lat="24.340120" lon="109.313292">
				<ele>38.894756</ele>
			</trkpt>
			<trkpt lat="24.340016" lon="109.313198">
				<ele>38.841571</ele>
			</trkpt>
			<trkpt lat="24.339909" lon="109.313108">
				<ele>38.789590</ele>
			</trkpt>
			<trkpt lat="24.339800" lon="109.313021">
				<ele>38.738870</ele>
			</trkpt>
			<trkpt lat="24.339688" lon="109.312939">
				<ele>38.689461</ele>
			</trkpt>
			<trkpt lat="24.339573" lon="109.312860">
				<ele>38.641416</ele>
			</trkpt>
			<trkpt lat="24.339457" lon="109.312785">
				<ele>38.594785</ele>
			</trkpt>
			<trkpt lat="24.339338" lon="109.312715">
				<ele>38.549616</ele>
			</trkpt>
			<trkpt lat="24.339218" lon="109.312648">
				<ele>38.505956</ele>
			</trkpt>
			<trkpt lat="24.339095" lon="109.312586">
				<ele>38.463850</ele>
			</trkpt>
			<trkpt lat="24.338971" lon="109.312528">
				<ele>38.423343</ele>
			</trkpt>
			<trkpt lat="24.338845" lon="109.312475">
				<ele>38.384476</ele>
			</trkpt>
			<trkpt lat="24.338718" lon="109.312426">
				<ele>38.347290</ele>
			</trkpt>
			<trkpt lat="24.338590" lon="109.312381">
				<ele>38.311824</ele>
			</trkpt>
			<trkpt lat="24.338460" lon="109.312341">
				<ele>38.278115</ele>
			</trkpt>
			<trkpt lat="24.338329" lon="109.312306">
				<ele>38.246197</ele>
			</trkpt>
			<trkpt lat="24.338197" lon="109.312275">
				<ele>38.216104</ele>
			</trkpt>
			<trkpt lat="24.338064" lon="109.312249">
				<ele>38.187866</ele>
			</trkpt>
			<trkpt lat="24.337931" lon="109.312227">
				<ele>38.161515</ele>
			</trkpt>
			<trkpt lat="24.337797" lon="109.312210">
				<ele>38.137076</ele>
			</trkpt>
			<trkpt lat="24.337662" lon="109.312198">
				<ele>38.114576</ele>
			</trkpt>
			<trkpt lat="24.337527" lon="109.312190">
				<ele>38.094038</ele>
			</trkpt>
			<trkpt lat="24.337393" lon="109.312187">
				<ele>38.075482</ele>
			</trkpt>
			<trkpt lat="24.337258" lon="109.312189">
				<ele>38.058929</ele>
			</trkpt>
			<trkpt lat="24.337123" lon="109.312196">
				<ele>38.044396</ele>
			</trkpt>
			<trkpt lat="24.336988" lon="109.312207">
				<ele>38.031898</ele>
			</trkpt>
			<trkpt lat="24.336854" lon="109.312223">
				<ele>38.021447</ele>
			</trkpt>
			<trkpt lat="24.336721" lon="109.312244">
				<ele>38.013055</ele>
			</trkpt>
			<trkpt lat="24.336588" lon="109.312269">
				<ele>38.006731</ele>
			</trkpt>
			<trkpt lat="24.336456" lon="109.312299">
				<ele>38.002480</ele>
			</trkpt>
			<trkpt lat="24.336325" lon="109.312334">
				<ele>38.000308</ele>
			</trkpt>
			<trkpt lat="24.336194" lon="109.312373">
				<ele>38.000216</ele>
			</trkpt>
			<trkpt lat="24.336066" lon="109.312417">
				<ele>38.002206</ele>
			</trkpt>
			<trkpt lat="24.335938" lon="109.312465">
				<ele>38.006274</ele>
			</trkpt>
			<trkpt lat="24.335812" lon="109.312517">
				<ele>38.012416</ele>
			</trkpt>
			<trkpt lat="24.335687" lon="109.312574">
				<ele>38.020626</ele>
			</trkpt>
			<trkpt lat="24.335565" lon="109.312636">
				<ele>38.030896</ele>
			</trkpt>
			<trkpt lat="24.335444" lon="109.312701">
				<ele>38.043215</ele>
			</trkpt>
			<trkpt lat="24.335325" lon="109.312771">
				<ele>38.057570</ele>
			</trkpt>
			<trkpt lat="24.335208" lon="109.312845">
				<ele>38.073946</ele>
			</trkpt>
			<trkpt lat="24.335093" lon="109.312923">
				<ele>38.092326</ele>
			</trkpt>
			<trkpt lat="24.334981" lon="109.313005">
				<ele>38.112691</ele>
			</trkpt>
			<trkpt lat="24.334871" lon="109.313091">
				<ele>38.135020</ele>
			</trkpt>
			<trkpt lat="24.334764" lon="109.313180">
				<ele>38.159289</ele>
			</trkpt>
			<trkpt lat="24.334659" lon="109.313274">
				<ele>38.185473</ele>
			</trkpt>
			<trkpt lat="24.334557" lon="109.313370">
				<ele>38.213545</ele>
			</trkpt>
			<trkpt lat="24.334458" lon="109.313471">
				<ele>38.243477</ele>
			</trkpt>
			<trkpt lat="24.334362" lon="109.313575">
				<ele>38.275235</ele>
			</trkpt>
			<trkpt lat="24.334268" lon="109.313682">
				<ele>38.308789</ele>
			</trkpt>
			<trkpt lat="24.334179" lon="109.313792">
				<ele>38.344102</ele>
			</trkpt>
			<trkpt lat="24.334092" lon="109.313906">
				<ele>38.381138</ele>
			</trkpt>
			<trkpt lat="24.334009" lon="109.314022">
				<ele>38.419858</ele>
			</trkpt>
			<trkpt lat="24.333929" lon="109.314141">
				<ele>38.460223</ele>
			</trkpt>
			<trkpt lat="24.333852" lon="109.314263">
				<ele>38.502190</ele>
			</trkpt>
			<trkpt lat="24.333779" lon="109.314388">
				<ele>38.545715</ele>
			</trkpt>
			<trkpt lat="24.333710" lon="109.314515">
				<ele>38.590753</ele>
			</trkpt>
			<trkpt lat="24.333645" lon="109.314645">
				<ele>38.637258</ele>
			</trkpt>
			<trkpt lat="24.333583" lon="109.314776">
				<ele>38.685181</ele>
			</trkpt>
			<trkpt lat="24.333525" lon="109.314910">
				<ele>38.734471</ele>
			</trkpt>
			<trkpt lat="24.333471" lon="109.315046">
				<ele>38.785079</ele>
			</trkpt>
			<trkpt lat="24.333421" lon="109.315183">
				<ele>38.836950</ele>
			</trkpt>
			<trkpt lat="24.333376" lon="109.315322">
				<ele>38.890032</ele>
			</trkpt>
			<trkpt lat="24.333334" lon="109.315463">
				<ele>38.944269</ele>
			</trkpt>
			<trkpt lat="24.333296" lon="109.315605">
				<ele>38.999604</ele>
			</trkpt>
			<trkpt lat="24.333262" lon="109.315749">
				<ele>39.055980</ele>
			</trkpt>
			<trkpt lat="24.333233" lon="109.315893">
				<ele>39.113338</ele>
			</trkpt>
			<trkpt lat="24.333208" lon="109.316039">
				<ele>39.171619</ele>
			</trkpt>
			<trkpt lat="24.333187" lon="109.316185">
				<ele>39.230761</ele>
			</trkpt>
			<trkpt lat="24.333170" lon="109.316332">
				<ele>39.290704</ele>
			</trkpt>
			<trkpt lat="24.333158" lon="109.316479">
				<ele>39.351386</ele>
			</trkpt>
			<trkpt lat="24.333149" lon="109.316627">
				<ele>39.412742</ele>
			</trkpt>
			<trkpt lat="24.333145" lon="109.316775">
				<ele>39.474709</ele>
			</trkpt>
			<trkpt lat="24.333146" lon="109.316923">
				<ele>39.537222</ele>
			</trkpt>
			<trkpt lat="24.333151" lon="109.317071">
				<ele>39.600217</ele>
			</trkpt>
			<trkpt lat="24.333160" lon="109.317219">
				<ele>39.663628</ele>
			</trkpt>
			<trkpt lat="24.333173" lon="109.317366">
				<ele>39.727390</ele>
			</trkpt>
			<trkpt lat="24.333190" lon="109.317513">
				<ele>39.791434</ele>
			</trkpt>
			<trkpt lat="24.333212" lon="109.317659">
				<ele>39.855696</ele>
			</trkpt>
			<trkpt lat="24.333238" lon="109.317804">
				<ele>39.920108</ele>
			</trkpt>
			<trkpt lat="24.333269" lon="109.317948">
				<ele>39.984603</ele>
			</trkpt>
			<trkpt lat="24.333303" lon="109.318092">
				<ele>40.049114</ele>
			</trkpt>
			<trkpt lat="24.333342" lon="109.318233">
				<ele>40.113574</ele>
			</trkpt>
			<trkpt lat="24.333384" lon="109.318374">
				<ele>40.177916</ele>
			</trkpt>
			<trkpt lat="24.333431" lon="109.318513">
				<ele>40.242072</ele>
			</trkpt>
			<trkpt lat="24.333482" lon="109.318650">
				<ele>40.305977</ele>
			</trkpt>
			<trkpt lat="24.333536" lon="109.318785">
				<ele>40.369563</ele>
			</trkpt>
			<trkpt lat="24.333595" lon="109.318919">
				<ele>40.432765</ele>
			</trkpt>
			<trkpt lat="24.333657" lon="109.319050">
				<ele>40.495517</ele>
			</trkpt>
			<trkpt lat="24.333723" lon="109.319179">
				<ele>40.557753</ele>
			</trkpt>
			<trkpt lat="24.333793" lon="109.319306">
				<ele>40.619409</ele>
			</trkpt>
			<trkpt lat="24.333867" lon="109.319430">
				<ele>40.680420</ele>
			</trkpt>
			<trkpt lat="24.333944" lon="109.319551">
				<ele>40.740723</ele>
			</trkpt>
			<trkpt lat="24.334025" lon="109.319670">
				<ele>40.800255</ele>
			</trkpt>
			<trkpt lat="24.334109" lon="109.319786">
				<ele>40.858955</ele>
			</trkpt>
			<trkpt lat="24.334196" lon="109.319899">
				<ele>40.916761</ele>
			</trkpt>
			<trkpt lat="24.334286" lon="109.320008">
				<ele>40.973614</ele>
			</trkpt>
			<trkpt lat="24.334380" lon="109.320115">
				<ele>41.029453</ele>
			</trkpt>
			<trkpt lat="24.334477" lon="109.320218">
				<ele>41.084221</ele>
			</trkpt>
			<trkpt lat="24.334576" lon="109.320318">
				<ele>41.137861</ele>
			</trkpt>
			<trkpt lat="24.334679" lon="109.320414">
				<ele>41.190317</ele>
			</trkpt>
			<trkpt lat="24.334784" lon="109.320507">
				<ele>41.241534</ele>
			</trkpt>
			<trkpt lat="24.334892" lon="109.320595">
				<ele>41.291460</ele>
			</trkpt>
			<trkpt lat="24.335003" lon="109.320681">
				<ele>41.340042</ele>
			</trkpt>
			<trkpt lat="24.335115" lon="109.320762">
				<ele>41.387229</ele>
			</trkpt>
			<trkpt lat="24.335231" lon="109.320839">
				<ele>41.432973</ele>
			</trkpt>
			<trkpt lat="24.335348" lon="109.320912">
				<ele>41.477227</ele>
			</trkpt>
			<trkpt lat="24.335467" lon="109.320981">
				<ele>41.519943</ele>
			</trkpt>
			<trkpt lat="24.335589" lon="109.321046">
				<ele>41.561077</ele>
			</trkpt>
			<trkpt lat="24.335712" lon="109.321106">
				<ele>41.600588</ele>
			</trkpt>
			<trkpt lat="24.335836" lon="109.321162">
				<ele>41.638433</ele>
			</trkpt>
			<trkpt lat="24.335963" lon="109.321214">
				<ele>41.674573</ele>
			</trkpt>
			<trkpt lat="24.336091" lon="109.321261">
				<ele>41.708971</ele>
			</trkpt>
			<trkpt lat="24.336220" lon="109.321304">
				<ele>41.741590</ele>
			</trkpt>
			<trkpt lat="24.336350" lon="109.321342">
				<ele>41.772398</ele>
			</trkpt>
			<trkpt lat="24.336481" lon="109.321376">
				<ele>41.801361</ele>
			</trkpt>
			<trkpt lat="24.336614" lon="109.321405">
				<ele>41.828450</ele>
			</trkpt>
			<trkpt lat="24.336747" lon="109.321430">
				<ele>41.853637</ele>
			</trkpt>
			<trkpt lat="24.336880" lon="109.321449">
				<ele>41.876895</ele>
			</trkpt>
			<trkpt lat="24.337015" lon="109.321464">
				<ele>41.898200</ele>
			</trkpt>
			<trkpt lat="24.337149" lon="109.321475">
				<ele>41.917530</ele>
			</trkpt>
			<trkpt lat="24.337284" lon="109.321481">
				<ele>41.934865</ele>
			</trkpt>
			<trkpt lat="24.337419" lon="109.321482">
				<ele>41.950186</ele>
			</trkpt>
			<trkpt lat="24.337554" lon="109.321478">
				<ele>41.963478</ele>
			</trkpt>
			<trkpt lat="24.337688" lon="109.321469">
				<ele>41.974728</ele>
			</trkpt>
			<trkpt lat="24.337823" lon="109.321456">
				<ele>41.983923</ele>
			</trkpt>
			<trkpt lat="24.337957" lon="109.321438">
				<ele>41.991053</ele>
			</trkpt>
			<trkpt lat="24.338090" lon="109.321416">
				<ele>41.996112</ele>
			</trkpt>
			<trkpt lat="24.338223" lon="109.321389">
				<ele>41.999094</ele>
			</trkpt>
			<trkpt lat="24.338354" lon="109.321357">
				<ele>41.999995</ele>
			</trkpt>
			<trkpt lat="24.338485" lon="109.321320">
				<ele>41.998816</ele>
			</trkpt>
			<trkpt lat="24.338615" lon="109.321280">
				<ele>41.995557</ele>
			</trkpt>
			<trkpt lat="24.338743" lon="109.321234">
				<ele>41.990222</ele>
			</trkpt>
			<trkpt lat="24.338870" lon="109.321184">
				<ele>41.982816</ele>
			</trkpt>
			<trkpt lat="24.338996" lon="109.321130">
				<ele>41.973347</ele>
			</trkpt>
			<trkpt lat="24.339119" lon="109.321071">
				<ele>41.961824</ele>
			</trkpt>
			<trkpt lat="24.339242" lon="109.321008">
				<ele>41.948260</ele>
			</trkpt>
			<trkpt lat="24.339362" lon="109.320941">
				<ele>41.932669</ele>
			</trkpt>
			<trkpt lat="24.339480" lon="109.320870">
				<ele>41.915068</ele>
			</trkpt>
			<trkpt lat="24.339596" lon="109.320794">
				<ele>41.895473</ele>
			</trkpt>
			<trkpt lat="24.339710" lon="109.320715">
				<ele>41.873907</ele>
			</trkpt>
			<trkpt lat="24.339821" lon="109.320631">
				<ele>41.850390</ele>
			</trkpt>
			<trkpt lat="24.339930" lon="109.320544">
				<ele>41.824948</ele>
			</trkpt>
			<trkpt lat="24.340036" lon="109.320453">
				<ele>41.797608</ele>
			</trkpt>
			<trkpt lat="24.340140" lon="109.320358">
				<ele>41.768397</ele>
			</trkpt>
			<trkpt lat="24.340241" lon="109.320260">
				<ele>41.737346</ele>
			</trkpt>
			<trkpt lat="24.340339" lon="109.320158">
				<ele>41.704487</ele>
			</trkpt>
			<trkpt lat="24.340434" lon="109.320053">
				<ele>41.669855</ele>
			</trkpt>
			<trkpt lat="24.340526" lon="109.319944">
				<ele>41.633485</ele>
			</trkpt>
			<trkpt lat="24.340614" lon="109.319833">
				<ele>41.595416</ele>
			</trkpt>
			<trkpt lat="24.340700" lon="109.319718">
				<ele>41.555687</ele>
			</trkpt>
			<trkpt lat="24.340782" lon="109.319601">
				<ele>41.514339</ele>
			</trkpt>
			<trkpt lat="24.340860" lon="109.319480">
				<ele>41.471415</ele>
			</trkpt>
			<trkpt lat="24.340935" lon="109.319357">
				<ele>41.426960</ele>
			</trkpt>
			<trkpt lat="24.341007" lon="109.319232">
				<ele>41.381021</ele>
			</trkpt>
			<trkpt lat="24.341075" lon="109.319104">
				<ele>41.333645</ele>
			</trkpt>
			<trkpt lat="24.341138" lon="109.318973">
				<ele>41.284881</ele>
			</trkpt>
			<trkpt lat="24.341199" lon="109.318841">
				<ele>41.234780</ele>
			</trkpt>
			<trkpt lat="24.341255" lon="109.318706">
				<ele>41.183394</ele>
			</trkpt>
			<trkpt lat="24.341307" lon="109.318570">
				<ele>41.130777</ele>
			</trkpt>
			<trkpt lat="24.341356" lon="109.318432">
				<ele>41.076983</ele>
			</trkpt>
			<trkpt lat="24.341400" lon="109.318292">
				<ele>41.022069</ele>
			</trkpt>
			<trkpt lat="24.341440" lon="109.318150">
				<ele>40.966092</ele>
			</trkpt>
			<trkpt lat="24.341476" lon="109.318008">
				<ele>40.909109</ele>
			</trkpt>
			<trkpt lat="24.341508" lon="109.317864">
				<ele>40.851180</ele>
			</trkpt>
			<trkpt lat="24.341536" lon="109.317719">
				<ele>40.792366</ele>
			</trkpt>
			<trkpt lat="24.341560" lon="109.317573">
				<ele>40.732727</ele>
			</trkpt>
			<trkpt lat="24.341579" lon="109.317427">
				<ele>40.672326</ele>
			</trkpt>
			<trkpt lat="24.341594" lon="109.317280">
				<ele>40.611225</ele>
			</trkpt>
			<trkpt lat="24.341605" lon="109.317132">
				<ele>40.549488</ele>
			</trkpt>
			<trkpt lat="24.341611" lon="109.316984">
				<ele>40.487180</ele>
			</trkpt>
			<trkpt lat="24.341614" lon="109.316836">
				<ele>40.424364</ele>
			</trkpt>
			<trkpt lat="24.341611" lon="109.316688">
				<ele>40.361107</ele>
			</trkpt>
			<trkpt lat="24.341605" lon="109.316540">
				<ele>40.297475</ele>
			</trkpt>
			<trkpt lat="24.341594" lon="109.316393">
				<ele>40.233532</ele>
			</trkpt>
			<trkpt lat="24.341579" lon="109.316246">
				<ele>40.169347</ele>
			</trkpt>
			<trkpt lat="24.341560" lon="109.316099">
				<ele>40.104986</ele>
			</trkpt>
			<trkpt lat="24.341537" lon="109.315953">
				<ele>40.040515</ele>
			</trkpt>
			<trkpt lat="24.341509" lon="109.315808">
				<ele>39.976002</ele>
			</trkpt>
			<trkpt lat="24.341477" lon="109.315665">
				<ele>39.911515</ele>
			</trkpt>
			<trkpt lat="24.341441" lon="109.315522">
				<ele>39.847119</ele>
			</trkpt>
			<trkpt lat="24.341401" lon="109.315381">
				<ele>39.782882</ele>
			</trkpt>
			<trkpt lat="24.341357" lon="109.315241">
				<ele>39.718871</ele>
			</trkpt>
			<trkpt lat="24.341308" lon="109.315102">
				<ele>39.655153</ele>
			</trkpt>
			<trkpt lat="24.341256" lon="109.314966">
				<ele>39.591794</ele>
			</trkpt>
			<trkpt lat="24.341200" lon="109.314831">
				<ele>39.528859</ele>
			</trkpt>
			<trkpt lat="24.341140" lon="109.314699">
				<ele>39.466415</ele>
			</trkpt>
			<trkpt lat="24.341076" lon="109.314568">
				<ele>39.404525</ele>
			</trkpt>
			<trkpt lat="24.341008" lon="109.314440">
				<ele>39.343256</ele>
			</trkpt>
			<trkpt lat="24.340937" lon="109.314315">
				<ele>39.282669</ele>
			</trkpt>
			<trkpt lat="24.340862" lon="109.314192">
				<ele>39.222829</ele>
			</trkpt>
			<trkpt lat="24.340784" lon="109.314071">
				<ele>39.163798</ele>
			</trkpt>
			<trkpt lat="24.340702" lon="109.313954">
				<ele>39.105637</ele>
			</trkpt>
			<trkpt lat="24.340616" lon="109.313839">
				<ele>39.048406</ele>
			</trkpt>
			<trkpt lat="24.340528" lon="109.313727">
				<ele>38.992165</ele>
			</trkpt>
			<trkpt lat="24.340436" lon="109.313619">
				<ele>38.936973</ele>
			</trkpt>
			<trkpt lat="24.340341" lon="109.313513">
				<ele>38.882887</ele>
			</trkpt>
			<trkpt lat="24.340243" lon="109.313412">
				<ele>38.829964</ele>
			</trkpt>
			<trkpt lat="24.340142" lon="109.313313">
				<ele>38.778258</ele>
			</trkpt>
			<trkpt lat="24.340039" lon="109.313218">
				<ele>38.727823</ele>
			</trkpt>
			<trkpt lat="24.339933" lon="109.313127">
				<ele>38.678712</ele>
			</trkpt>
			<trkpt lat="24.339824" lon="109.313040">
				<ele>38.630975</ele>
			</trkpt>
			<trkpt lat="24.339712" lon="109.312956">
				<ele>38.584663</ele>
			</trkpt>
			<trkpt lat="24.339599" lon="109.312877">
				<ele>38.539824</ele>
			</trkpt>
			<trkpt lat="24.339483" lon="109.312801">
				<ele>38.496504</ele>
			</trkpt>
			<trkpt lat="24.339364" lon="109.312730">
				<ele>38.454748</ele>
			</trkpt>
			<trkpt lat="24.339244" lon="109.312662">
				<ele>38.414601</ele>
			</trkpt>
			<trkpt lat="24.339122" lon="109.312599">
				<ele>38.376102</ele>
			</trkpt>
			<trkpt lat="24.338998" lon="109.312541">
				<ele>38.339294</ele>
			</trkpt>
			<trkpt lat="24.338873" lon="109.312486">
				<ele>38.304213</ele>
			</trkpt>
			<trkpt lat="24.338746" lon="109.312436">
				<ele>38.270897</ele>
			</trkpt>
			<trkpt lat="24.338618" lon="109.312391">
				<ele>38.239380</ele>
			</trkpt>
			<trkpt lat="24.338488" lon="109.312349">
				<ele>38.209695</ele>
			</trkpt>
			<trkpt lat="24.338357" lon="109.312313">
				<ele>38.181873</ele>
			</trkpt>
			<trkpt lat="24.338226" lon="109.312281">
				<ele>38.155942</ele>
			</trkpt>
			<trkpt lat="24.338093" lon="109.312254">
				<ele>38.131930</ele>
			</trkpt>
			<trkpt lat="24.337960" lon="109.312231">
				<ele>38.109862</ele>
			</trkpt>
			<trkpt lat="24.337826" lon="109.312213">
				<ele>38.089761</ele>
			</trkpt>
			<trkpt lat="24.337691" lon="109.312200">
				<ele>38.071647</ele>
			</trkpt>
			<trkpt lat="24.337557" lon="109.312191">
				<ele>38.055539</ele>
			</trkpt>
			<trkpt lat="24.337422" lon="109.312188">
				<ele>38.041455</ele>
			</trkpt>
			<trkpt lat="24.337287" lon="109.312188">
				<ele>38.029409</ele>
			</trkpt>
			<trkpt lat="24.337152" lon="109.312194">
				<ele>38.019413</ele>
			</trkpt>
			<trkpt lat="24.337018" lon="109.312204">
				<ele>38.011477</ele>
			</trkpt>
			<trkpt lat="24.336884" lon="109.312219">
				<ele>38.005611</ele>
			</trkpt>
			<trkpt lat="24.336750" lon="109.312239">
				<ele>38.001820</ele>
			</trkpt>
			<trkpt lat="24.336617" lon="109.312263">
				<ele>38.000108</ele>
			</trkpt>
			<trkpt lat="24.336484" lon="109.312292">
				<ele>38.000477</ele>
			</trkpt>
			<trkpt lat="24.336353" lon="109.312326">
				<ele>38.002927</ele>
			</trkpt>
			<trkpt lat="24.336223" lon="109.312364">
				<ele>38.007454</ele>
			</trkpt>
			<trkpt lat="24.336094" lon="109.312407">
				<ele>38.014055</ele>
			</trkpt>
			<trkpt lat="24.335966" lon="109.312454">
				<ele>38.022722</ele>
			</trkpt>
			<trkpt lat="24.335839" lon="109.312506">
				<ele>38.033446</ele>
			</trkpt>
			<trkpt lat="24.335714" lon="109.312562">
				<ele>38.046216</ele>
			</trkpt>
			<trkpt lat="24.335591" lon="109.312622">
				<ele>38.061020</ele>
			</trkpt>
			<trkpt lat="24.335470" lon="109.312687">
				<ele>38.077841</ele>
			</trkpt>
			<trkpt lat="24.335351" lon="109.312756">
				<ele>38.096662</ele>
			</trkpt>
			<trkpt lat="24.335233" lon="109.312829">
				<ele>38.117463</ele>
			</trkpt>
			<trkpt lat="24.335118" lon="109.312906">
				<ele>38.140223</ele>
			</trkpt>
			<trkpt lat="24.335005" lon="109.312987">
				<ele>38.164918</ele>
			</trkpt>
			<trkpt lat="24.334895" lon="109.313072">
				<ele>38.191523</ele>
			</trkpt>
			<trkpt lat="24.334787" lon="109.313160">
				<ele>38.220009</ele>
			</trkpt>
			<trkpt lat="24.334681" lon="109.313253">
				<ele>38.250347</ele>
			</trkpt>
			<trkpt lat="24.334579" lon="109.313349">
				<ele>38.282506</ele>
			</trkpt>
			<trkpt lat="24.334479" lon="109.313449">
				<ele>38.316452</ele>
			</trkpt>
			<trkpt lat="24.334382" lon="109.313552">
				<ele>38.352149</ele>
			</trkpt>
			<trkpt lat="24.334289" lon="109.313658">
				<ele>38.389561</ele>
			</trkpt>
			<trkpt lat="24.334198" lon="109.313768">
				<ele>38.428649</ele>
			</trkpt>
			<trkpt lat="24.334111" lon="109.313881">
				<ele>38.469372</ele>
			</trkpt>
			<trkpt lat="24.334026" lon="109.313996">
				<ele>38.511687</ele>
			</trkpt>
			<trkpt lat="24.333946" lon="109.314115">
				<ele>38.555551</ele>
			</trkpt>
			<trkpt lat="24.333869" lon="109.314237">
				<ele>38.600918</ele>
			</trkpt>
			<trkpt lat="24.333795" lon="109.314361">
				<ele>38.647741</ele>
			</trkpt>
			<trkpt lat="24.333725" lon="109.314487">
				<ele>38.695970</ele>
			</trkpt>
			<trkpt lat="24.333659" lon="109.314616">
				<ele>38.745557</ele>
			</trkpt>
			<trkpt lat="24.333596" lon="109.314747">
				<ele>38.796449</ele>
			</trkpt>
			<trkpt lat="24.333538" lon="109.314881">
				<ele>38.848593</ele>
			</trkpt>
			<trkpt lat="24.333483" lon="109.315016">
				<ele>38.901935</ele>
			</trkpt>
			<trkpt lat="24.333432" lon="109.315153">
				<ele>38.956419</ele>
			</trkpt>
			<trkpt lat="24.333385" lon="109.315292">
				<ele>39.011989</ele>
			</trkpt>
			<trkpt lat="24.333342" lon="109.315432">
				<ele>39.068588</ele>
			</trkpt>
			<trkpt lat="24.333304" lon="109.315574">
				<ele>39.126155</ele>
			</trkpt>
			<trkpt lat="24.333269" lon="109.315717">
				<ele>39.184632</ele>
			</trkpt>
			<trkpt lat="24.333239" lon="109.315862">
				<ele>39.243957</ele>
			</trkpt>
			<trkpt lat="24.333213" lon="109.316007">
				<ele>39.304069</ele>
			</trkpt>
			<trkpt lat="24.333191" lon="109.316153">
				<ele>39.364905</ele>
			</trkpt>
			<trkpt lat="24.333173" lon="109.316300">
				<ele>39.426402</ele>
			</trkpt>
			<trkpt lat="24.333160" lon="109.316447">
				<ele>39.488495</ele>
			</trkpt>
			<trkpt lat="24.333151" lon="109.316595">
				<ele>39.551121</ele>
			</trkpt>
			<trkpt lat="24.333146" lon="109.316743">
				<ele>39.614214</ele>
			</trkpt>
			<trkpt lat="24.333145" lon="109.316891">
				<ele>39.677708</ele>
			</trkpt>
			<trkpt lat="24.333149" lon="109.317039">
				<ele>39.741538</ele>
			</trkpt>
			<trkpt lat="24.333157" lon="109.317187">
				<ele>39.805636</ele>
			</trkpt>
			<trkpt lat="24.333170" lon="109.317334">
				<ele>39.869937</ele>
			</trkpt>
			<trkpt lat="24.333186" lon="109.317481">
				<ele>39.934373</ele>
			</trkpt>
			<trkpt lat="24.333207" lon="109.317627">
				<ele>39.998877</ele>
			</trkpt>
			<trkpt lat="24.333232" lon="109.317773">
				<ele>40.063383</ele>
			</trkpt>
			<trkpt lat="24.333262" lon="109.317917">
				<ele>40.127822</ele>
			</trkpt>
			<trkpt lat="24.333295" lon="109.318060">
				<ele>40.192129</ele>
			</trkpt>
			<trkpt lat="24.333333" lon="109.318203">
				<ele>40.256236</ele>
			</trkpt>
			<trkpt lat="24.333375" lon="109.318343">
				<ele>40.320076</ele>
			</trkpt>
			<trkpt lat="24.333420" lon="109.318483">
				<ele>40.383583</ele>
			</trkpt>
			<trkpt lat="24.333470" lon="109.318620">
				<ele>40.446691</ele>
			</trkpt>
			<trkpt lat="24.333524" lon="109.318756">
				<ele>40.509334</ele>
			</trkpt>
			<trkpt lat="24.333582" lon="109.318890">
				<ele>40.571447</ele>
			</trkpt>
			<trkpt lat="24.333643" lon="109.319022">
				<ele>40.632965</ele>
			</trkpt>
			<trkpt lat="24.333709" lon="109.319151">
				<ele>40.693825</ele>
			</trkpt>
			<trkpt lat="24.333778" lon="109.319278">
				<ele>40.753963</ele>
			</trkpt>
			<trkpt lat="24.333851" lon="109.319403">
				<ele>40.813317</ele>
			</trkpt>
			<trkpt lat="24.333927" lon="109.319525">
				<ele>40.871824</ele>
			</trkpt>
			<trkpt lat="24.334007" lon="109.319644">
				<ele>40.929425</ele>
			</trkpt>
			<trkpt lat="24.334090" lon="109.319761">
				<ele>40.986058</ele>
			</trkpt>
			<trkpt lat="24.334177" lon="109.319874">
				<ele>41.041665</ele>
			</trkpt>
			<trkpt lat="24.334266" lon="109.319985">
				<ele>41.096188</ele>
			</trkpt>
			<trkpt lat="24.334359" lon="109.320092">
				<ele>41.149571</ele>
			</trkpt>
			<trkpt lat="24.334455" lon="109.320196">
				<ele>41.201757</ele>
			</trkpt>
			<trkpt lat="24.334555" lon="109.320296">
				<ele>41.252694</ele>
			</trkpt>
			<trkpt lat="24.334656" lon="109.320393">
				<ele>41.302326</ele>
			</trkpt>
			<trkpt lat="24.334761" lon="109.320487">
				<ele>41.350604</ele>
			</trkpt>
			<trkpt lat="24.334868" lon="109.320576">
				<ele>41.397476</ele>
			</trkpt>
			<trkpt lat="24.334978" lon="109.320662">
				<ele>41.442895</ele>
			</trkpt>
			<trkpt lat="24.335091" lon="109.320744">
				<ele>41.486812</ele>
			</trkpt>
			<trkpt lat="24.335205" lon="109.320822">
				<ele>41.529182</ele>
			</trkpt>
			<trkpt lat="24.335322" lon="109.320896">
				<ele>41.569961</ele>
			</trkpt>
			<trkpt lat="24.335441" lon="109.320966">
				<ele>41.609106</ele>
			</trkpt>
			<trkpt lat="24.335562" lon="109.321032">
				<ele>41.646577</ele>
			</trkpt>
			<trkpt lat="24.335685" lon="109.321093">
				<ele>41.682335</ele>
			</trkpt>
			<trkpt lat="24.335809" lon="109.321150">
				<ele>41.716343</ele>
			</trkpt>
			<trkpt lat="24.335935" lon="109.321203">
				<ele>41.748564</ele>
			</trkpt>
			<trkpt lat="24.336063" lon="109.321251">
				<ele>41.778966</ele>
			</trkpt>
			<trkpt lat="24.336192" lon="109.321295">
				<ele>41.807517</ele>
			</trkpt>
			<trkpt lat="24.336322" lon="109.321334">
				<ele>41.834188</ele>
			</trkpt>
			<trkpt lat="24.336453" lon="109.321369">
				<ele>41.858950</ele>
			</trkpt>
			<trkpt lat="24.336585" lon="109.321399">
				<ele>41.881778</ele>
			</trkpt>
			<trkpt lat="24.336718" lon="109.321425">
				<ele>41.902648</ele>
			</trkpt>
			<trkpt lat="24.336851" lon="109.321445">
				<ele>41.921538</ele>
			</trkpt>
			<trkpt lat="24.336985" lon="109.321462">
				<ele>41.938429</ele>
			</trkpt>
			<trkpt lat="24.337120" lon="109.321473">
				<ele>41.953302</ele>
			</trkpt>
			<trkpt lat="24.337255" lon="109.321480">
				<ele>41.966144</ele>
			</trkpt>
			<trkpt lat="24.337389" lon="109.321482">
				<ele>41.976940</ele>
			</trkpt>
			<trkpt lat="24.337524" lon="109.321479">
				<ele>41.985678</ele>
			</trkpt>
			<trkpt lat="24.337659" lon="109.321472">
				<ele>41.992351</ele>
			</trkpt>
			<trkpt lat="24.337794" lon="109.321459">
				<ele>41.996951</ele>
			</trkpt>
			<trkpt lat="24.337928" lon="109.321443">
				<ele>41.999472</ele>
			</trkpt>
			<trkpt lat="24.338061" lon="109.321421">
				<ele>41.999914</ele>
			</trkpt>
			<trkpt lat="24.338194" lon="109.321395">
				<ele>41.998274</ele>
			</trkpt>
			<trkpt lat="24.338326" lon="109.321364">
				<ele>41.994555</ele>
			</trkpt>
			<trkpt lat="24.338457" lon="109.321329">
				<ele>41.988761</ele>
			</trkpt>
			<trkpt lat="24.338587" lon="109.321289">
				<ele>41.980898</ele>
			</trkpt>
			<trkpt lat="24.338715" lon="109.321244">
				<ele>41.970974</ele>
			</trkpt>
			<trkpt lat="24.338843" lon="109.321195">
				<ele>41.958998</ele>
			</trkpt>
			<trkpt lat="24.338968" lon="109.321142">
				<ele>41.944985</ele>
			</trkpt>
			<trkpt lat="24.339093" lon="109.321084">
				<ele>41.928948</ele>
			</trkpt>
			<trkpt lat="24.339215" lon="109.321022">
				<ele>41.910903</ele>
			</trkpt>
			<trkpt lat="24.339336" lon="109.320956">
				<ele>41.890871</ele>
			</trkpt>
			<trkpt lat="24.339454" lon="109.320885">
				<ele>41.868871</ele>
			</trkpt>
			<trkpt lat="24.339571" lon="109.320811">
				<ele>41.844926</ele>
			</trkpt>
			<trkpt lat="24.339685" lon="109.320732">
				<ele>41.819062</ele>
			</trkpt>
			<trkpt lat="24.339797" lon="109.320650">
				<ele>41.791305</ele>
			</trkpt>
			<trkpt lat="24.339907" lon="109.320563">
				<ele>41.761684</ele>
			</trkpt>
			<trkpt lat="24.340013" lon="109.320473">
				<ele>41.730230</ele>
			</trkpt>
			<trkpt lat="24.340118" lon="109.320379">
				<ele>41.696976</ele>
			</trkpt>
			<trkpt lat="24.340219" lon="109.320281">
				<ele>41.661956</ele>
			</trkpt>
			<trkpt lat="24.340318" lon="109.320180">
				<ele>41.625207</ele>
			</trkpt>
			<trkpt lat="24.340413" lon="109.320076">
				<ele>41.586767</ele>
			</trkpt>
			<trkpt lat="24.340506" lon="109.319968">
				<ele>41.546676</ele>
			</trkpt>
			<trkpt lat="24.340595" lon="109.319857">
				<ele>41.504976</ele>
			</trkpt>
			<trkpt lat="24.340681" lon="109.319743">
				<ele>41.461709</ele>
			</trkpt>
			<trkpt lat="24.340764" lon="109.319627">
				<ele>41.416922</ele>
			</trkpt>
			<trkpt lat="24.340844" lon="109.319507">
				<ele>41.370661</ele>
			</trkpt>
			<trkpt lat="24.340919" lon="109.319384">
				<ele>41.322973</ele>
			</trkpt>
			<trkpt lat="24.340992" lon="109.319259">
				<ele>41.273909</ele>
			</trkpt>
			<trkpt lat="24.341060" lon="109.319132">
				<ele>41.223519</ele>
			</trkpt>
			<trkpt lat="24.341125" lon="109.319002">
				<ele>41.171856</ele>
			</trkpt>
			<trkpt lat="24.341186" lon="109.318870">
				<ele>41.118974</ele>
			</trkpt>
			<trkpt lat="24.341243" lon="109.318736">
				<ele>41.064928</ele>
			</trkpt>
			<trkpt lat="24.341296" lon="109.318600">
				<ele>41.009774</ele>
			</trkpt>
			<trkpt lat="24.341345" lon="109.318462">
				<ele>40.953568</ele>
			</trkpt>
			<trkpt lat="24.341391" lon="109.318322">
				<ele>40.896371</ele>
			</trkpt>
			<trkpt lat="24.341432" lon="109.318181">
				<ele>40.838241</ele>
			</trkpt>
			<trkpt lat="24.341469" lon="109.318039">
				<ele>40.779239</ele>
			</trkpt>
			<trkpt lat="24.341502" lon="109.317895">
				<ele>40.719426</ele>
			</trkpt>
			<trkpt lat="24.341530" lon="109.317751">
				<ele>40.658865</ele>
			</trkpt>
			<trkpt lat="24.341555" lon="109.317605">
				<ele>40.597618</ele>
			</trkpt>
			<trkpt lat="24.341575" lon="109.317459">
				<ele>40.535749</ele>
			</trkpt>
			<trkpt lat="24.341591" lon="109.317312">
				<ele>40.473323</ele>
			</trkpt>
			<trkpt lat="24.341603" lon="109.317164">
				<ele>40.410404</ele>
			</trkpt>
			<trkpt lat="24.341610" lon="109.317017">
				<ele>40.347058</ele>
			</trkpt>
			<trkpt lat="24.341613" lon="109.316869">
				<ele>40.283351</ele>
			</trkpt>
			<trkpt lat="24.341612" lon="109.316720">
				<ele>40.219350</ele>
			</trkpt>
			<trkpt lat="24.341607" lon="109.316573">
				<ele>40.155120</ele>
			</trkpt>
			<trkpt lat="24.341597" lon="109.316425">
				<ele>40.090728</ele>
			</trkpt>
			<trkpt lat="24.341583" lon="109.316278">
				<ele>40.026243</ele>
			</trkpt>
			<trkpt lat="24.341565" lon="109.316131">
				<ele>39.961730</ele>
			</trkpt>
			<trkpt lat="24.341542" lon="109.315985">
				<ele>39.897256</ele>
			</trkpt>
			<trkpt lat="24.341515" lon="109.315840">
				<ele>39.832890</ele>
			</trkpt>
			<trkpt lat="24.341484" lon="109.315696">
				<ele>39.768698</ele>
			</trkpt>
			<trkpt lat="24.341449" lon="109.315553">
				<ele>39.704746</ele>
			</trkpt>
			<trkpt lat="24.341410" lon="109.315411">
				<ele>39.641101</ele>
			</trkpt>
			<trkpt lat="24.341367" lon="109.315271">
				<ele>39.577830</ele>
			</trkpt>
			<trkpt lat="24.341319" lon="109.315132">
				<ele>39.514998</ele>
			</trkpt>
			<trkpt lat="24.341268" lon="109.314996">
				<ele>39.452671</ele>
			</trkpt>
			<trkpt lat="24.341213" lon="109.314861">
				<ele>39.390913</ele>
			</trkpt>
			<trkpt lat="24.341153" lon="109.314728">
				<ele>39.329789</ele>
			</trkpt>
			<trkpt lat="24.341090" lon="109.314597">
				<ele>39.269363</ele>
			</trkpt>
			<trkpt lat="24.341023" lon="109.314468">
				<ele>39.209696</ele>
			</trkpt>
			<trkpt lat="24.340953" lon="109.314342">
				<ele>39.150852</ele>
			</trkpt>
			<trkpt lat="24.340879" lon="109.314218">
				<ele>39.092892</ele>
			</trkpt>
			<trkpt lat="24.340801" lon="109.314097">
				<ele>39.035875</ele>
			</trkpt>
			<trkpt lat="24.340720" lon="109.313979">
				<ele>38.979861</ele>
			</trkpt>
			<trkpt lat="24.340635" lon="109.313864">
				<ele>38.924909</ele>
			</trkpt>
			<trkpt lat="24.340547" lon="109.313751">
				<ele>38.871076</ele>
			</trkpt>
			<trkpt lat="24.340456" lon="109.313642">
				<ele>38.818417</ele>
			</trkpt>
			<trkpt lat="24.340362" lon="109.313536">
				<ele>38.766987</ele>
			</trkpt>
			<trkpt lat="24.340265" lon="109.313434">
				<ele>38.716841</ele>
			</trkpt>
			<trkpt lat="24.340165" lon="109.313334">
				<ele>38.668030</ele>
			</trkpt>
			<trkpt lat="24.340062" lon="109.313239">
				<ele>38.620604</ele>
			</trkpt>
			<trkpt lat="24.339956" lon="109.313147">
				<ele>38.574614</ele>
			</trkpt>
			<trkpt lat="24.339848" lon="109.313059">
				<ele>38.530107</ele>
			</trkpt>
			<trkpt lat="24.339737" lon="109.312974">
				<ele>38.487129</ele>
			</trkpt>
			<trkpt lat="24.339624" lon="109.312894">
				<ele>38.445726</ele>
			</trkpt>
			<trkpt lat="24.339508" lon="109.312817">
				<ele>38.405939</ele>
			</trkpt>
			<trkpt lat="24.339390" lon="109.312745">
				<ele>38.367811</ele>
			</trkpt>
			<trkpt lat="24.339271" lon="109.312677">
				<ele>38.331382</ele>
			</trkpt>
			<trkpt lat="24.339149" lon="109.312613">
				<ele>38.296689</ele>
			</trkpt>
			<trkpt lat="24.339026" lon="109.312553">
				<ele>38.263768</ele>
			</trkpt>
			<trkpt lat="24.338900" lon="109.312498">
				<ele>38.232653</ele>
			</trkpt>
			<trkpt lat="24.338774" lon="109.312447">
				<ele>38.203378</ele>
			</trkpt>
			<trkpt lat="24.338646" lon="109.312400">
				<ele>38.175971</ele>
			</trkpt>
			<trkpt lat="24.338516" lon="109.312358">
				<ele>38.150463</ele>
			</trkpt>
			<trkpt lat="24.338386" lon="109.312321">
				<ele>38.126879</ele>
			</trkpt>
			<trkpt lat="24.338254" lon="109.312288">
				<ele>38.105244</ele>
			</trkpt>
			<trkpt lat="24.338122" lon="109.312259">
				<ele>38.085581</ele>
			</trkpt>
			<trkpt lat="24.337989" lon="109.312236">
				<ele>38.067909</ele>
			</trkpt>
			<trkpt lat="24.337855" lon="109.312217">
				<ele>38.052248</ele>
			</trkpt>
			<trkpt lat="24.337721" lon="109.312202">
				<ele>38.038614</ele>
			</trkpt>
			<trkpt lat="24.337586" lon="109.312193">
				<ele>38.027020</ele>
			</trkpt>
			<trkpt lat="24.337451" lon="109.312188">
				<ele>38.017479</ele>
			</trkpt>
			<trkpt lat="24.337316" lon="109.312188">
				<ele>38.010001</ele>
			</trkpt>
			<trkpt lat="24.337182" lon="109.312192">
				<ele>38.004594</ele>
			</trkpt>
			<trkpt lat="24.337047" lon="109.312202">
				<ele>38.001262</ele>
			</trkpt>
			<trkpt lat="24.336913" lon="109.312216">
				<ele>38.000011</ele>
			</trkpt>
			<trkpt lat="24.336779" lon="109.312234">
				<ele>38.000840</ele>
			</trkpt>
			<trkpt lat="24.336646" lon="109.312258">
				<ele>38.003750</ele>
			</trkpt>
			<trkpt lat="24.336513" lon="109.312286">
				<ele>38.008736</ele>
			</trkpt>
			<trkpt lat="24.336382" lon="109.312318">
				<ele>38.015795</ele>
			</trkpt>
			<trkpt lat="24.336251" lon="109.312355">
				<ele>38.024918</ele>
			</trkpt>
			<trkpt lat="24.336122" lon="109.312397">
				<ele>38.036096</ele>
			</trkpt>
			<trkpt lat="24.335994" lon="109.312443">
				<ele>38.049317</ele>
			</trkpt>
			<trkpt lat="24.335867" lon="109.312494">
				<ele>38.064568</ele>
			</trkpt>
			<trkpt lat="24.335742" lon="109.312549">
				<ele>38.081833</ele>
			</trkpt>
			<trkpt lat="24.335618" lon="109.312608">
				<ele>38.101094</ele>
			</trkpt>
			<trkpt lat="24.335496" lon="109.312672">
				<ele>38.122331</ele>
			</trkpt>
			<trkpt lat="24.335376" lon="109.312740">
				<ele>38.145521</ele>
			</trkpt>
			<trkpt lat="24.335259" lon="109.312812">
				<ele>38.170641</ele>
			</trkpt>
			<trkpt lat="24.335143" lon="109.312888">
				<ele>38.197664</ele>
			</trkpt>
			<trkpt lat="24.335030" lon="109.312969">
				<ele>38.226563</ele>
			</trkpt>
			<trkpt lat="24.334919" lon="109.313053">
				<ele>38.257307</ele>
			</trkpt>
			<trkpt lat="24.334810" lon="109.313141">
				<ele>38.289864</ele>
			</trkpt>
			<trkpt lat="24.334704" lon="109.313232">
				<ele>38.324200</ele>
			</trkpt>
			<trkpt lat="24.334601" lon="109.313328">
				<ele>38.360281</ele>
			</trkpt>
			<trkpt lat="24.334501" lon="109.313427">
				<ele>38.398067</ele>
			</trkpt>
			<trkpt lat="24.334403" lon="109.313529">
				<ele>38.437520</ele>
			</trkpt>
			<trkpt lat="24.334309" lon="109.313635">
				<ele>38.478599</ele>
			</trkpt>
			<trkpt lat="24.334217" lon="109.313744">
				<ele>38.521261</ele>
			</trkpt>
			<trkpt lat="24.334129" lon="109.313856">
				<ele>38.565461</ele>
			</trkpt>
			<trkpt lat="24.334044" lon="109.313971">
				<ele>38.611154</ele>
			</trkpt>
			<trkpt lat="24.333963" lon="109.314089">
				<ele>38.658292</ele>
			</trkpt>
			<trkpt lat="24.333885" lon="109.314210">
				<ele>38.706827</ele>
			</trkpt>
			<trkpt lat="24.333811" lon="109.314333">
				<ele>38.756706</ele>
			</trkpt>
			<trkpt lat="24.333740" lon="109.314459">
				<ele>38.807880</ele>
			</trkpt>
			<trkpt lat="24.333673" lon="109.314588">
				<ele>38.860293</ele>
			</trkpt>
			<trkpt lat="24.333610" lon="109.314719">
				<ele>38.913893</ele>
			</trkpt>
			<trkpt lat="24.333550" lon="109.314851">
				<ele>38.968623</ele>
			</trkpt>
			<trkpt lat="24.333494" lon="109.314986">
				<ele>39.024426</ele>
			</trkpt>
			<trkpt lat="24.333443" lon="109.315123">
				<ele>39.081244</ele>
			</trkpt>
			<trkpt lat="24.333395" lon="109.315262">
				<ele>39.139018</ele>
			</trkpt>
			<trkpt lat="24.333351" lon="109.315402">
				<ele>39.197687</ele>
			</trkpt>
			<trkpt lat="24.333312" lon="109.315543">
				<ele>39.257192</ele>
			</trkpt>
			<trkpt lat="24.333276" lon="109.315686">
				<ele>39.317469</ele>
			</trkpt>
			<trkpt lat="24.333245" lon="109.315830">
				<ele>39.378457</ele>
			</trkpt>
			<trkpt lat="24.333218" lon="109.315975">
				<ele>39.440091</ele>
			</trkpt>
			<trkpt lat="24.333195" lon="109.316121">
				<ele>39.502308</ele>
			</trkpt>
			<trkpt lat="24.333177" lon="109.316268">
				<ele>39.565043</ele>
			</trkpt>
			<trkpt lat="24.333162" lon="109.316415">
				<ele>39.628230</ele>
			</trkpt>
			<trkpt lat="24.333152" lon="109.316562">
				<ele>39.691804</ele>
			</trkpt>
			<trkpt lat="24.333147" lon="109.316710">
				<ele>39.755699</ele>
			</trkpt>
			<trkpt lat="24.333145" lon="109.316858">
				<ele>39.819848</ele>
			</trkpt>
			<trkpt lat="24.333148" lon="109.317006">
				<ele>39.884184</ele>
			</trkpt>
			<trkpt lat="24.333155" lon="109.317154">
				<ele>39.948641</ele>
			</trkpt>
			<trkpt lat="24.333167" lon="109.317302">
				<ele>40.013152</ele>
			</trkpt>
			<trkpt lat="24.333182" lon="109.317449">
				<ele>40.077648</ele>
			</trkpt>
			<trkpt lat="24.333202" lon="109.317595">
				<ele>40.142064</ele>
			</trkpt>
			<trkpt lat="24.333226" lon="109.317741">
				<ele>40.206332</ele>
			</trkpt>
			<trkpt lat="24.333255" lon="109.317886">
				<ele>40.270386</ele>
			</trkpt>
			<trkpt lat="24.333287" lon="109.318029">
				<ele>40.334158</ele>
			</trkpt>
			<trkpt lat="24.333324" lon="109.318172">
				<ele>40.397582</ele>
			</trkpt>
			<trkpt lat="24.333365" lon="109.318313">
				<ele>40.460593</ele>
			</trkpt>
			<trkpt lat="24.333410" lon="109.318452">
				<ele>40.523125</ele>
			</trkpt>
			<trkpt lat="24.333459" lon="109.318590">
				<ele>40.585112</ele>
			</trkpt>
			<trkpt lat="24.333512" lon="109.318727">
				<ele>40.646490</ele>
			</trkpt>
			<trkpt lat="24.333569" lon="109.318861">
				<ele>40.707196</ele>
			</trkpt>
			<trkpt lat="24.333630" lon="109.318993">
				<ele>40.767166</ele>
			</trkpt>
			<trkpt lat="24.333694" lon="109.319123">
				<ele>40.826337</ele>
			</trkpt>
			<trkpt lat="24.333762" lon="109.319251">
				<ele>40.884649</ele>
			</trkpt>
			<trkpt lat="24.333834" lon="109.319376">
				<ele>40.942040</ele>
			</trkpt>
			<trkpt lat="24.333910" lon="109.319499">
				<ele>40.998451</ele>
			</trkpt>
			<trkpt lat="24.333989" lon="109.319618">
				<ele>41.053824</ele>
			</trkpt>
			<trkpt lat="24.334072" lon="109.319736">
				<ele>41.108100</ele>
			</trkpt>
			<trkpt lat="24.334157" lon="109.319850">
				<ele>41.161222</ele>
			</trkpt>
			<trkpt lat="24.334247" lon="109.319961">
				<ele>41.213137</ele>
			</trkpt>
			<trkpt lat="24.334339" lon="109.320069">
				<ele>41.263789</ele>
			</trkpt>
			<trkpt lat="24.334434" lon="109.320173">
				<ele>41.313127</ele>
			</trkpt>
			<trkpt lat="24.334533" lon="109.320275">
				<ele>41.361098</ele>
			</trkpt>
			<trkpt lat="24.334634" lon="109.320373">
				<ele>41.407652</ele>
			</trkpt>
			<trkpt lat="24.334738" lon="109.320467">
				<ele>41.452743</ele>
			</trkpt>
			<trkpt lat="24.334845" lon="109.320557">
				<ele>41.496321</ele>
			</trkpt>
			<trkpt lat="24.334954" lon="109.320644">
				<ele>41.538343</ele>
			</trkpt>
			<trkpt lat="24.335066" lon="109.320727">
				<ele>41.578764</ele>
			</trkpt>
			<trkpt lat="24.335180" lon="109.320806">
				<ele>41.617542</ele>
			</trkpt>
			<trkpt lat="24.335296" lon="109.320881">
				<ele>41.654638</ele>
			</trkpt>
			<trkpt lat="24.335415" lon="109.320951">
				<ele>41.690012</ele>
			</trkpt>
			<trkpt lat="24.335535" lon="109.321018">
				<ele>41.723627</ele>
			</trkpt>
			<trkpt lat="24.335658" lon="109.321080">
				<ele>41.755449</ele>
			</trkpt>
			<trkpt lat="24.335782" lon="109.321138">
				<ele>41.785444</ele>
			</trkpt>
			<trkpt lat="24.335908" lon="109.321192">
				<ele>41.813581</ele>
			</trkpt>
			<trkpt lat="24.336035" lon="109.321241">
				<ele>41.839832</ele>
			</trkpt>
			<trkpt lat="24.336163" lon="109.321286">
				<ele>41.864168</ele>
			</trkpt>
			<trkpt lat="24.336293" lon="109.321326">
				<ele>41.886565</ele>
			</trkpt>
			<trkpt lat="24.336424" lon="109.321362">
				<ele>41.906998</ele>
			</trkpt>
			<trkpt lat="24.336556" lon="109.321393">
				<ele>41.925448</ele>
			</trkpt>
			<trkpt lat="24.336689" lon="109.321419">
				<ele>41.941894</ele>
			</trkpt>
			<trkpt lat="24.336822" lon="109.321441">
				<ele>41.956319</ele>
			</trkpt>
			<trkpt lat="24.336956" lon="109.321458">
				<ele>41.968709</ele>
			</trkpt>
			<trkpt lat="24.337090" lon="109.321471">
				<ele>41.979051</ele>
			</trkpt>
			<trkpt lat="24.337225" lon="109.321479">
				<ele>41.987333</ele>
			</trkpt>
			<trkpt lat="24.337360" lon="109.321482">
				<ele>41.993547</ele>
			</trkpt>
			<trkpt lat="24.337495" lon="109.321480">
				<ele>41.997688</ele>
			</trkpt>
			<trkpt lat="24.337630" lon="109.321474">
				<ele>41.999749</ele>
			</trkpt>
			<trkpt lat="24.337764" lon="109.321462">
				<ele>41.999730</ele>
			</trkpt>
			<trkpt lat="24.337898" lon="109.321447">
				<ele>41.997630</ele>
			</trkpt>
			<trkpt lat="24.338032" lon="109.321426">
				<ele>41.993452</ele>
			</trkpt>
			<trkpt lat="24.338165" lon="109.321401">
				<ele>41.987200</ele>
			</trkpt>
			<trkpt lat="24.338297" lon="109.321371">
				<ele>41.978880</ele>
			</trkpt>
			<trkpt lat="24.338428" lon="109.321337">
				<ele>41.968500</ele>
			</trkpt>
			<trkpt lat="24.338558" lon="109.321298">
				<ele>41.956073</ele>
			</trkpt>
			<trkpt lat="24.338687" lon="109.321254">
				<ele>41.941610</ele>
			</trkpt>
			<trkpt lat="24.338815" lon="109.321206">
				<ele>41.925128</ele>
			</trkpt>
			<trkpt lat="24.338941" lon="109.321154">
				<ele>41.906642</ele>
			</trkpt>
			<trkpt lat="24.339066" lon="109.321097">
				<ele>41.886172</ele>
			</trkpt>
			<trkpt lat="24.339188" lon="109.321036">
				<ele>41.863739</ele>
			</trkpt>
			<trkpt lat="24.339310" lon="109.320971">
				<ele>41.839368</ele>
			</trkpt>
			<trkpt lat="24.339429" lon="109.320901">
				<ele>41.813082</ele>
			</trkpt>
			<trkpt lat="24.339546" lon="109.320828">
				<ele>41.784911</ele>
			</trkpt>
			<trkpt lat="24.339660" lon="109.320750">
				<ele>41.754881</ele>
			</trkpt>
			<trkpt lat="24.339773" lon="109.320668">
				<ele>41.723026</ele>
			</trkpt>
			<trkpt lat="24.339883" lon="109.320582">
				<ele>41.689379</ele>
			</trkpt>
			<trkpt lat="24.339990" lon="109.320493">
				<ele>41.653973</ele>
			</trkpt>
			<trkpt lat="24.340095" lon="109.320400">
				<ele>41.616846</ele>
			</trkpt>
			<trkpt lat="24.340197" lon="109.320303">
				<ele>41.578038</ele>
			</trkpt>
			<trkpt lat="24.340297" lon="109.320203">
				<ele>41.537587</ele>
			</trkpt>
			<trkpt lat="24.340393" lon="109.320099">
				<ele>41.495536</ele>
			</trkpt>
			<trkpt lat="24.340486" lon="109.319992">
				<ele>41.451929</ele>
			</trkpt>
			<trkpt lat="24.340576" lon="109.319882">
				<ele>41.406812</ele>
			</trkpt>
			<trkpt lat="24.340663" lon="109.319769">
				<ele>41.360231</ele>
			</trkpt>
			<trkpt lat="24.340746" lon="109.319652">
				<ele>41.312234</ele>
			</trkpt>
			<trkpt lat="24.340827" lon="109.319533">
				<ele>41.262872</ele>
			</trkpt>
			<trkpt lat="24.340903" lon="109.319411">
				<ele>41.212196</ele>
			</trkpt>
			<trkpt lat="24.340976" lon="109.319287">
				<ele>41.160259</ele>
			</trkpt>
			<trkpt lat="24.341045" lon="109.319160">
				<ele>41.107115</ele>
			</trkpt>
			<trkpt lat="24.341111" lon="109.319030">
				<ele>41.052818</ele>
			</trkpt>
			<trkpt lat="24.341173" lon="109.318899">
				<ele>40.997426</ele>
			</trkpt>
			<trkpt lat="24.341231" lon="109.318765">
				<ele>40.940997</ele>
			</trkpt>
			<trkpt lat="24.341285" lon="109.318630">
				<ele>40.883588</ele>
			</trkpt>
			<trkpt lat="24.341335" lon="109.318492">
				<ele>40.825260</ele>
			</trkpt>
			<trkpt lat="24.341381" lon="109.318353">
				<ele>40.766073</ele>
			</trkpt>
			<trkpt lat="24.341423" lon="109.318212">
				<ele>40.706089</ele>
			</trkpt>
			<trkpt lat="24.341461" lon="109.318070">
				<ele>40.645370</ele>
			</trkpt>
			<trkpt lat="24.341495" lon="109.317927">
				<ele>40.583980</ele>
			</trkpt>
			<trkpt lat="24.341525" lon="109.317782">
				<ele>40.521983</ele>
			</trkpt>
			<trkpt lat="24.341550" lon="109.317637">
				<ele>40.459442</ele>
			</trkpt>
			<trkpt lat="24.341571" lon="109.317491">
				<ele>40.396423</ele>
			</trkpt>
			<trkpt lat="24.341588" lon="109.317344">
				<ele>40.332992</ele>
			</trkpt>
			<trkpt lat="24.341601" lon="109.317197">
				<ele>40.269214</ele>
			</trkpt>
			<trkpt lat="24.341609" lon="109.317049">
				<ele>40.205156</ele>
			</trkpt>
			<trkpt lat="24.341613" lon="109.316901">
				<ele>40.140884</ele>
			</trkpt>
			<trkpt lat="24.341613" lon="109.316753">
				<ele>40.076466</ele>
			</trkpt>
			<trkpt lat="24.341608" lon="109.316605">
				<ele>40.011969</ele>
			</trkpt>
			<trkpt lat="24.341600" lon="109.316457">
				<ele>39.947459</ele>
			</trkpt>
			<trkpt lat="24.341586" lon="109.316310">
				<ele>39.883003</ele>
			</trkpt>
			<trkpt lat="24.341569" lon="109.316163">
				<ele>39.818670</ele>
			</trkpt>
			<trkpt lat="24.341547" lon="109.316017">
				<ele>39.754525</ele>
			</trkpt>
			<trkpt lat="24.341522" lon="109.315871">
				<ele>39.690635</ele>
			</trkpt>
			<trkpt lat="24.341492" lon="109.315727">
				<ele>39.627068</ele>
			</trkpt>
			<trkpt lat="24.341457" lon="109.315584">
				<ele>39.563888</ele>
			</trkpt>
			<trkpt lat="24.341419" lon="109.315442">
				<ele>39.501162</ele>
			</trkpt>
			<trkpt lat="24.341377" lon="109.315301">
				<ele>39.438956</ele>
			</trkpt>
			<trkpt lat="24.341330" lon="109.315162">
				<ele>39.377333</ele>
			</trkpt>
			<trkpt lat="24.341279" lon="109.315025">
				<ele>39.316357</ele>
			</trkpt>
			<trkpt lat="24.341225" lon="109.314890">
				<ele>39.256094</ele>
			</trkpt>
			<trkpt lat="24.341167" lon="109.314756">
				<ele>39.196604</ele>
			</trkpt>
			<trkpt lat="24.341104" lon="109.314625">
				<ele>39.137950</ele>
			</trkpt>
			<trkpt lat="24.341038" lon="109.314496">
				<ele>39.080193</ele>
			</trkpt>
			<trkpt lat="24.340969" lon="109.314369">
				<ele>39.023393</ele>
			</trkpt>
			<trkpt lat="24.340895" lon="109.314245">
				<ele>38.967609</ele>
			</trkpt>
			<trkpt lat="24.340818" lon="109.314123">
				<ele>38.912900</ele>
			</trkpt>
			<trkpt lat="24.340738" lon="109.314004">
				<ele>38.859322</ele>
			</trkpt>
			<trkpt lat="24.340654" lon="109.313888">
				<ele>38.806930</ele>
			</trkpt>
			<trkpt lat="24.340567" lon="109.313775">
				<ele>38.755780</ele>
			</trkpt>
			<trkpt lat="24.340476" lon="109.313666">
				<ele>38.705924</ele>
			</trkpt>
			<trkpt lat="24.340383" lon="109.313559">
				<ele>38.657415</ele>
			</trkpt>
			<trkpt lat="24.340286" lon="109.313456">
				<ele>38.610303</ele>
			</trkpt>
			<trkpt lat="24.340187" lon="109.313356">
				<ele>38.564637</ele>
			</trkpt>
			<trkpt lat="24.340084" lon="109.313259">
				<ele>38.520464</ele>
			</trkpt>
			<trkpt lat="24.339979" lon="109.313167">
				<ele>38.477831</ele>
			</trkpt>
			<trkpt lat="24.339871" lon="109.313078">
				<ele>38.436782</ele>
			</trkpt>
			<trkpt lat="24.339761" lon="109.312992">
				<ele>38.397359</ele>
			</trkpt>
			<trkpt lat="24.339648" lon="109.312911">
				<ele>38.359603</ele>
			</trkpt>
			<trkpt lat="24.339533" lon="109.312834">
				<ele>38.323555</ele>
			</trkpt>
			<trkpt lat="24.339416" lon="109.312760">
				<ele>38.289251</ele>
			</trkpt>
			<trkpt lat="24.339297" lon="109.312691">
				<ele>38.256727</ele>
			</trkpt>
			<trkpt lat="24.339176" lon="109.312626">
				<ele>38.226016</ele>
			</trkpt>
		</trkseg>
	</trk>
</gpx>
