<?xml version="1.0" encoding="UTF-8"?>
<TrainingCenterDatabase xmlns="http://www.garmin.com/xmlschemas/TrainingCenterDatabase/v2" xmlns:xsi="http://www.w3.org/2001/XMLSchema-instance" xmlns:ns2="http://www.garmin.com/xmlschemas/UserProfile/v2" xmlns:ns3="http://www.garmin.com/xmlschemas/ActivityExtension/v2" xmlns:ns5="http://www.garmin.com/xmlschemas/ActivityGoals/v1" xsi:schemaLocation="http://www.garmin.com/xmlschemas/TrainingCenterDatabase/v2 http://www.garmin.com/xmlschemas/TrainingCenterDatabasev2.xsd">
  <Activities>
    <Activity Sport="Running">
      <Id>2020-01-07T00:00:00Z</Id>
      <Notes>2020-01-07_08-00-00_1</Notes>
      <Lap StartTime="2020-01-07T00:00:00Z">
        <TotalTimeSeconds>3625.0</TotalTimeSeconds>
        <DistanceMeters>10875.0</DistanceMeters>
        <Calories>544</Calories>
        <Extensions>
          <ns3:TPX>
            <ns3:MaxRunCadence>87</ns3:MaxRunCadence>
            <ns3:AvgRunCadence>84</ns3:AvgRunCadence>
          </ns3:TPX>
        </Extensions>
        <Intensity>Active</Intensity>
        <TriggerMethod>Manual</TriggerMethod>
        <Track>
          <Trackpoint>
            <Time>2020-01-07T00:00:00Z</Time>
            <Position>
              <LatitudeDegrees>26.996634</LatitudeDegrees>
              <LongitudeDegrees>109.26777</LongitudeDegrees>
            </Position>
            <AltitudeMeters>40.0</AltitudeMeters>
          </Trackpoint>
          <Trackpoint>
            <Time>2020-01-07T00:00:05Z</Time>
            <Position>
              <LatitudeDegrees>26.996769</LatitudeDegrees>
              <LongitudeDegrees>109.267770</LongitudeDegrees>
            </Position>
            <AltitudeMeters>40.1</AltitudeMeters>
            <DistanceMeters>15.0</DistanceMeters>
            <Extensions>
              <ns3:TPX>
                <ns3:RunCadence>84</ns3:RunCadence>
              </ns3:TPX>
            </Extensions>
            <Cadence>84</Cadence>
          </Trackpoint>
          <Trackpoint>
            <Time>2020-01-07T00:00:10Z</Time>
            <Position>
              <LatitudeDegrees>26.996903</LatitudeDegrees>
              <LongitudeDegrees>109.267762</LongitudeDegrees>
            </Position>
            <AltitudeMeters>40.1</AltitudeMeters>
            <DistanceMeters>30.0</DistanceMeters>
            <Extensions>
              <ns3:TPX>
                <ns3:RunCadence>84</ns3:RunCadence>
              </ns3:TPX>
            </Extensions>
            <Cadence>84</Cadence>
          </Trackpoint>
          <Trackpoint>
            <Time>2020-01-07T00:00:15Z</Time>
            <Position>
              <LatitudeDegrees>26.997038</LatitudeDegrees>
              <LongitudeDegrees>109.267750</LongitudeDegrees>
            </Position>
            <AltitudeMeters>40.2</AltitudeMeters>
            <DistanceMeters>45.0</DistanceMeters>
            <Extensions>
              <ns3:TPX>
                <ns3:RunCadence>85</ns3:RunCadence>
              </ns3:TPX>
            </Extensions>
            <Cadence>85</Cadence>
          </Trackpoint>
          <Trackpoint>
            <Time>2020-01-07T00:00:20Z</Time>
            <Position>
              <LatitudeDegrees>26.997172</LatitudeDegrees>
              <LongitudeDegrees>109.267733</LongitudeDegrees>
            </Position>
            <AltitudeMeters>40.3</AltitudeMeters>
            <DistanceMeters>60.0</DistanceMeters>
            <Extensions>
              <ns3:TPX>
                <ns3:RunCadence>85</ns3:RunCadence>
              </ns3:TPX>
            </Extensions>
            <Cadence>85</Cadence>
          </Trackpoint>
          <Trackpoint>
            <Time>2020-01-07T00:00:25Z</Time>
            <Position>
              <LatitudeDegrees>26.997305</LatitudeDegrees>
              <LongitudeDegrees>109.267710</LongitudeDegrees>
            </Position>
            <AltitudeMeters>40.3</AltitudeMeters>
            <DistanceMeters>75.0</DistanceMeters>
            <Extensions>
              <ns3:TPX>
                <ns3:RunCadence>85</ns3:RunCadence>
              </ns3:TPX>
            </Extensions>
            <Cadence>85</Cadence>
          </Trackpoint>
          <Trackpoint>
            <Time>2020-01-07T00:00:30Z</Time>
            <Position>
              <LatitudeDegrees>26.997438</LatitudeDegrees>
              <LongitudeDegrees>109.267683</LongitudeDegrees>
            </Position>
            <AltitudeMeters>40.4</AltitudeMeters>
            <DistanceMeters>90.0</DistanceMeters>
            <Extensions>
              <ns3:TPX>
                <ns3:RunCadence>85</ns3:RunCadence>
              </ns3:TPX>
            </Extensions>
            <Cadence>85</Cadence>
          </Trackpoint>
          <Trackpoint>
            <Time>2020-01-07T00:00:35Z</Time>
            <Position>
              <LatitudeDegrees>26.997570</LatitudeDegrees>
              <LongitudeDegrees>109.267651</LongitudeDegrees>
            </Position>
            <AltitudeMeters>40.4</AltitudeMeters>
            <DistanceMeters>105.0</DistanceMeters>
            <Extensions>
              <ns3:TPX>
                <ns3:RunCadence>85</ns3:RunCadence>
              </ns3:TPX>
            </Extensions>
            <Cadence>85</Cadence>
          </Trackpoint>
          <Trackpoint>
            <Time>2020-01-07T00:00:40Z</Time>
            <Position>
              <LatitudeDegrees>26.997701</LatitudeDegrees>
              <LongitudeDegrees>109.267615</LongitudeDegrees>
            </Position>
            <AltitudeMeters>40.5</AltitudeMeters>
            <DistanceMeters>120.0</DistanceMeters>
            <Extensions>
              <ns3:TPX>
                <ns3:RunCadence>85</ns3:RunCadence>
              </ns3:TPX>
            </Extensions>
            <Cadence>85</Cadence>
          </Trackpoint>
          <Trackpoint>
            <Time>2020-01-07T00:00:45Z</Time>
            <Position>
              <LatitudeDegrees>26.997830</LatitudeDegrees>
              <LongitudeDegrees>109.267573</LongitudeDegrees>
            </Position>
            <AltitudeMeters>40.6</AltitudeMeters>
            <DistanceMeters>135.0</DistanceMeters>
            <Extensions>
              <ns3:TPX>
                <ns3:RunCadence>86</ns3:RunCadence>
              </ns3:TPX>
            </Extensions>
            <Cadence>86</Cadence>
          </Trackpoint>
          <Trackpoint>
            <Time>2020-01-07T00:00:50Z</Time>
            <Position>
              <LatitudeDegrees>26.997959</LatitudeDegrees>
              <LongitudeDegrees>109.267527</LongitudeDegrees>
            </Position>
            <AltitudeMeters>40.6</AltitudeMeters>
            <DistanceMeters>150.0</DistanceMeters>
            <Extensions>
              <ns3:TPX>
                <ns3:RunCadence>86</ns3:RunCadence>
              </ns3:TPX>
            </Extensions>
            <Cadence>86</Cadence>
          </Trackpoint>
          <Trackpoint>
            <Time>2020-01-07T00:00:55Z</Time>
            <Position>
              <LatitudeDegrees>26.998086</LatitudeDegrees>
              <LongitudeDegrees>109.267476</LongitudeDegrees>
            </Position>
            <AltitudeMeters>40.7</AltitudeMeters>
            <DistanceMeters>165.0</DistanceMeters>
            <Extensions>
              <ns3:TPX>
                <ns3:RunCadence>86</ns3:RunCadence>
              </ns3:TPX>
            </Extensions>
            <Cadence>86</Cadence>
          </Trackpoint>
          <Trackpoint>
            <Time>2020-01-07T00:01:00Z</Time>
            <Position>
              <LatitudeDegrees>26.998211</LatitudeDegrees>
              <LongitudeDegrees>109.26742</LongitudeDegrees>
            </Position>
            <AltitudeMeters>40.8</AltitudeMeters>
            <DistanceMeters>180.0</DistanceMeters>
            <Extensions>
              <ns3:TPX>
                <ns3:RunCadence>86</ns3:RunCadence>
              </ns3:TPX>
            </Extensions>
            <Cadence>86</Cadence>
          </Trackpoint>
          <Trackpoint>
            <Time>2020-01-07T00:01:05Z</Time>
            <Position>
              <LatitudeDegrees>26.998335</LatitudeDegrees>
              <LongitudeDegrees>109.267360</LongitudeDegrees>
            </Position>
            <AltitudeMeters>40.8</AltitudeMeters>
            <DistanceMeters>195.0</DistanceMeters>
            <Extensions>
              <ns3:TPX>
                <ns3:RunCadence>86</ns3:RunCadence>
              </ns3:TPX>
            </Extensions>
            <Cadence>86</Cadence>
          </Trackpoint>
          <Trackpoint>
            <Time>2020-01-07T00:01:10Z</Time>
            <Position>
              <LatitudeDegrees>26.998457</LatitudeDegrees>
              <LongitudeDegrees>109.267296</LongitudeDegrees>
            </Position>
            <AltitudeMeters>40.9</AltitudeMeters>
            <DistanceMeters>210.0</DistanceMeters>
            <Extensions>
              <ns3:TPX>
                <ns3:RunCadence>86</ns3:RunCadence>
              </ns3:TPX>
            </Extensions>
            <Cadence>86</Cadence>
          </Trackpoint>
          <Trackpoint>
            <Time>2020-01-07T00:01:15Z</Time>
            <Position>
              <LatitudeDegrees>26.998577</LatitudeDegrees>
              <LongitudeDegrees>109.267227</LongitudeDegrees>
            </Position>
            <AltitudeMeters>40.9</AltitudeMeters>
            <DistanceMeters>225.0</DistanceMeters>
            <Extensions>
              <ns3:TPX>
                <ns3:RunCadence>86</ns3:RunCadence>
              </ns3:TPX>
            </Extensions>
            <Cadence>86</Cadence>
          </Trackpoint>
          <Trackpoint>
            <Time>2020-01-07T00:01:20Z</Time>
            <Position>
              <LatitudeDegrees>26.998695</LatitudeDegrees>
              <LongitudeDegrees>109.267153</LongitudeDegrees>
            </Position>
            <AltitudeMeters>41.0</AltitudeMeters>
            <DistanceMeters>240.0</DistanceMeters>
            <Extensions>
              <ns3:TPX>
                <ns3:RunCadence>86</ns3:RunCadence>
              </ns3:TPX>
            </Extensions>
            <Cadence>86</Cadence>
          </Trackpoint>
          <Trackpoint>
            <Time>2020-01-07T00:01:25Z</Time>
            <Position>
              <LatitudeDegrees>26.998811</LatitudeDegrees>
              <LongitudeDegrees>109.267075</LongitudeDegrees>
            </Position>
            <AltitudeMeters>41.0</AltitudeMeters>
            <DistanceMeters>255.0</DistanceMeters>
            <Extensions>
              <ns3:TPX>
                <ns3:RunCadence>87</ns3:RunCadence>
              </ns3:TPX>
            </Extensions>
            <Cadence>87</Cadence>
          </Trackpoint>
          <Trackpoint>
            <Time>2020-01-07T00:01:30Z</Time>
            <Position>
              <LatitudeDegrees>26.998924</LatitudeDegrees>
              <LongitudeDegrees>109.266994</LongitudeDegrees>
            </Position>
            <AltitudeMeters>41.1</AltitudeMeters>
            <DistanceMeters>270.0</DistanceMeters>
            <Extensions>
              <ns3:TPX>
                <ns3:RunCadence>87</ns3:RunCadence>
              </ns3:TPX>
            </Extensions>
            <Cadence>87</Cadence>
          </Trackpoint>
          <Trackpoint>
            <Time>2020-01-07T00:01:35Z</Time>
            <Position>
              <LatitudeDegrees>26.999035</LatitudeDegrees>
              <LongitudeDegrees>109.266908</LongitudeDegrees>
            </Position>
            <AltitudeMeters>41.2</AltitudeMeters>
            <DistanceMeters>285.0</DistanceMeters>
            <Extensions>
              <ns3:TPX>
                <ns3:RunCadence>87</ns3:RunCadence>
              </ns3:TPX>
            </Extensions>
            <Cadence>87</Cadence>
          </Trackpoint>
          <Trackpoint>
            <Time>2020-01-07T00:01:40Z</Time>
            <Position>
              <LatitudeDegrees>26.999144</LatitudeDegrees>
              <LongitudeDegrees>109.266817</LongitudeDegrees>
            </Position>
            <AltitudeMeters>41.2</AltitudeMeters>
            <DistanceMeters>300.0</DistanceMeters>
            <Extensions>
              <ns3:TPX>
                <ns3:RunCadence>87</ns3:RunCadence>
              </ns3:TPX>
            </Extensions>
            <Cadence>87</Cadence>
          </Trackpoint>
          <Trackpoint>
            <Time>2020-01-07T00:01:45Z</Time>
            <Position>
              <LatitudeDegrees>26.999250</LatitudeDegrees>
              <LongitudeDegrees>109.266723</LongitudeDegrees>
            </Position>
            <AltitudeMeters>41.3</AltitudeMeters>
            <DistanceMeters>315.0</DistanceMeters>
            <Extensions>
              <ns3:TPX>
                <ns3:RunCadence>87</ns3:RunCadence>
              </ns3:TPX>
            </Extensions>
            <Cadence>87</Cadence>
          </Trackpoint>
          <Trackpoint>
            <Time>2020-01-07T00:01:50Z</Time>
            <Position>
              <LatitudeDegrees>26.99935</LatitudeDegrees>
              <LongitudeDegrees>109.266626</LongitudeDegrees>
            </Position>
            <AltitudeMeters>41.3</AltitudeMeters>
            <DistanceMeters>330.0</DistanceMeters>
            <Extensions>
              <ns3:TPX>
                <ns3:RunCadence>87</ns3:RunCadence>
              </ns3:TPX>
            </Extensions>
            <Cadence>87</Cadence>
          </Trackpoint>
          <Trackpoint>
            <Time>2020-01-07T00:01:55Z</Time>
            <Position>
              <LatitudeDegrees>26.999453</LatitudeDegrees>
              <LongitudeDegrees>109.266524</LongitudeDegrees>
            </Position>
            <AltitudeMeters>41.4</AltitudeMeters>
            <DistanceMeters>345.0</DistanceMeters>
            <Extensions>
              <ns3:TPX>
                <ns3:RunCadence>87</ns3:RunCadence>
              </ns3:TPX>
            </Extensions>
            <Cadence>87</Cadence>
          </Trackpoint>
          <Trackpoint>
            <Time>2020-01-07T00:02:00Z</Time>
            <Position>
              <LatitudeDegrees>26.999550</LatitudeDegrees>
              <LongitudeDegrees>109.26642</LongitudeDegrees>
            </Position>
            <AltitudeMeters>41.4</AltitudeMeters>
            <DistanceMeters>360.0</DistanceMeters>
            <Extensions>
              <ns3:TPX>
                <ns3:RunCadence>87</ns3:RunCadence>
              </ns3:TPX>
            </Extensions>
            <Cadence>87</Cadence>
          </Trackpoint>
          <Trackpoint>
            <Time>2020-01-07T00:02:05Z</Time>
            <Position>
              <LatitudeDegrees>26.99964</LatitudeDegrees>
              <LongitudeDegrees>109.26631</LongitudeDegrees>
            </Position>
            <AltitudeMeters>41.4</AltitudeMeters>
            <DistanceMeters>375.0</DistanceMeters>
            <Extensions>
              <ns3:TPX>
                <ns3:RunCadence>87</ns3:RunCadence>
              </ns3:TPX>
            </Extensions>
            <Cadence>87</Cadence>
          </Trackpoint>
          <Trackpoint>
            <Time>2020-01-07T00:02:10Z</Time>
            <Position>
              <LatitudeDegrees>26.999734</LatitudeDegrees>
              <LongitudeDegrees>109.26620</LongitudeDegrees>
            </Position>
            <AltitudeMeters>41.5</AltitudeMeters>
            <DistanceMeters>390.0</DistanceMeters>
            <Extensions>
              <ns3:TPX>
                <ns3:RunCadence>87</ns3:RunCadence>
              </ns3:TPX>
            </Extensions>
            <Cadence>87</Cadence>
          </Trackpoint>
          <Trackpoint>
            <Time>2020-01-07T00:02:15Z</Time>
            <Position>
              <LatitudeDegrees>26.999822</LatitudeDegrees>
              <LongitudeDegrees>109.266083</LongitudeDegrees>
            </Position>
            <AltitudeMeters>41.5</AltitudeMeters>
            <DistanceMeters>405.0</DistanceMeters>
            <Extensions>
              <ns3:TPX>
                <ns3:RunCadence>87</ns3:RunCadence>
              </ns3:TPX>
            </Extensions>
            <Cadence>87</Cadence>
          </Trackpoint>
          <Trackpoint>
            <Time>2020-01-07T00:02:20Z</Time>
            <Position>
              <LatitudeDegrees>26.999906</LatitudeDegrees>
              <LongitudeDegrees>109.265965</LongitudeDegrees>
            </Position>
            <AltitudeMeters>41.6</AltitudeMeters>
            <DistanceMeters>420.0</DistanceMeters>
            <Extensions>
              <ns3:TPX>
                <ns3:RunCadence>87</ns3:RunCadence>
              </ns3:TPX>
            </Extensions>
            <Cadence>87</Cadence>
          </Trackpoint>
          <Trackpoint>
            <Time>2020-01-07T00:02:25Z</Time>
            <Position>
              <LatitudeDegrees>26.999986</LatitudeDegrees>
              <LongitudeDegrees>109.265843</LongitudeDegrees>
            </Position>
            <AltitudeMeters>41.6</AltitudeMeters>
            <DistanceMeters>435.0</DistanceMeters>
            <Extensions>
              <ns3:TPX>
                <ns3:RunCadence>87</ns3:RunCadence>
              </ns3:TPX>
            </Extensions>
            <Cadence>87</Cadence>
          </Trackpoint>
          <Trackpoint>
            <Time>2020-01-07T00:02:30Z</Time>
            <Position>
              <LatitudeDegrees>27.000063</LatitudeDegrees>
              <LongitudeDegrees>109.265719</LongitudeDegrees>
            </Position>
            <AltitudeMeters>41.6</AltitudeMeters>
            <DistanceMeters>450.0</DistanceMeters>
            <Extensions>
              <ns3:TPX>
                <ns3:RunCadence>87</ns3:RunCadence>
              </ns3:TPX>
            </Extensions>
            <Cadence>87</Cadence>
          </Trackpoint>
          <Trackpoint>
            <Time>2020-01-07T00:02:35Z</Time>
            <Position>
              <LatitudeDegrees>27.000136</LatitudeDegrees>
              <LongitudeDegrees>109.265592</LongitudeDegrees>
            </Position>
            <AltitudeMeters>41.7</AltitudeMeters>
            <DistanceMeters>465.0</DistanceMeters>
            <Extensions>
              <ns3:TPX>
                <ns3:RunCadence>87</ns3:RunCadence>
              </ns3:TPX>
            </Extensions>
            <Cadence>87</Cadence>
          </Trackpoint>
          <Trackpoint>
            <Time>2020-01-07T00:02:40Z</Time>
            <Position>
              <LatitudeDegrees>27.000206</LatitudeDegrees>
              <LongitudeDegrees>109.265462</LongitudeDegrees>
            </Position>
            <AltitudeMeters>41.7</AltitudeMeters>
            <DistanceMeters>480.0</DistanceMeters>
            <Extensions>
              <ns3:TPX>
                <ns3:RunCadence>87</ns3:RunCadence>
              </ns3:TPX>
            </Extensions>
            <Cadence>87</Cadence>
          </Trackpoint>
          <Trackpoint>
            <Time>2020-01-07T00:02:45Z</Time>
            <Position>
              <LatitudeDegrees>27.000272</LatitudeDegrees>
              <LongitudeDegrees>109.265330</LongitudeDegrees>
            </Position>
            <AltitudeMeters>41.7</AltitudeMeters>
            <DistanceMeters>495.0</DistanceMeters>
            <Extensions>
              <ns3:TPX>
                <ns3:RunCadence>87</ns3:RunCadence>
              </ns3:TPX>
            </Extensions>
            <Cadence>87</Cadence>
          </Trackpoint>
          <Trackpoint>
            <Time>2020-01-07T00:02:50Z</Time>
            <Position>
              <LatitudeDegrees>27.000334</LatitudeDegrees>
              <LongitudeDegrees>109.265195</LongitudeDegrees>
            </Position>
            <AltitudeMeters>41.8</AltitudeMeters>
            <DistanceMeters>510.0</DistanceMeters>
            <Extensions>
              <ns3:TPX>
                <ns3:RunCadence>87</ns3:RunCadence>
              </ns3:TPX>
            </Extensions>
            <Cadence>87</Cadence>
          </Trackpoint>
          <Trackpoint>
            <Time>2020-01-07T00:02:55Z</Time>
            <Position>
              <LatitudeDegrees>27.000391</LatitudeDegrees>
              <LongitudeDegrees>109.265058</LongitudeDegrees>
            </Position>
            <AltitudeMeters>41.8</AltitudeMeters>
            <DistanceMeters>525.0</DistanceMeters>
            <Extensions>
              <ns3:TPX>
                <ns3:RunCadence>87</ns3:RunCadence>
              </ns3:TPX>
            </Extensions>
            <Cadence>87</Cadence>
          </Trackpoint>
          <Trackpoint>
            <Time>2020-01-07T00:03:00Z</Time>
            <Position>
              <LatitudeDegrees>27.000445</LatitudeDegrees>
              <LongitudeDegrees>109.264920</LongitudeDegrees>
            </Position>
            <AltitudeMeters>41.8</AltitudeMeters>
            <DistanceMeters>540.0</DistanceMeters>
            <Extensions>
              <ns3:TPX>
                <ns3:RunCadence>87</ns3:RunCadence>
              </ns3:TPX>
            </Extensions>
            <Cadence>87</Cadence>
          </Trackpoint>
          <Trackpoint>
            <Time>2020-01-07T00:03:05Z</Time>
            <Position>
              <LatitudeDegrees>27.000495</LatitudeDegrees>
              <LongitudeDegrees>109.264779</LongitudeDegrees>
            </Position>
            <AltitudeMeters>41.9</AltitudeMeters>
            <DistanceMeters>555.0</DistanceMeters>
            <Extensions>
              <ns3:TPX>
                <ns3:RunCadence>86</ns3:RunCadence>
              </ns3:TPX>
            </Extensions>
            <Cadence>86</Cadence>
          </Trackpoint>
          <Trackpoint>
            <Time>2020-01-07T00:03:10Z</Time>
            <Position>
              <LatitudeDegrees>27.000541</LatitudeDegrees>
              <LongitudeDegrees>109.264637</LongitudeDegrees>
            </Position>
            <AltitudeMeters>41.9</AltitudeMeters>
            <DistanceMeters>570.0</DistanceMeters>
            <Extensions>
              <ns3:TPX>
                <ns3:RunCadence>86</ns3:RunCadence>
              </ns3:TPX>
            </Extensions>
            <Cadence>86</Cadence>
          </Trackpoint>
          <Trackpoint>
            <Time>2020-01-07T00:03:15Z</Time>
            <Position>
              <LatitudeDegrees>27.000582</LatitudeDegrees>
              <LongitudeDegrees>109.264493</LongitudeDegrees>
            </Position>
            <AltitudeMeters>41.9</AltitudeMeters>
            <DistanceMeters>585.0</DistanceMeters>
            <Extensions>
              <ns3:TPX>
                <ns3:RunCadence>86</ns3:RunCadence>
              </ns3:TPX>
            </Extensions>
            <Cadence>86</Cadence>
          </Trackpoint>
          <Trackpoint>
            <Time>2020-01-07T00:03:20Z</Time>
            <Position>
              <LatitudeDegrees>27.000620</LatitudeDegrees>
              <LongitudeDegrees>109.2643</LongitudeDegrees>
            </Position>
            <AltitudeMeters>41.9</AltitudeMeters>
            <DistanceMeters>600.0</DistanceMeters>
            <Extensions>
              <ns3:TPX>
                <ns3:RunCadence>86</ns3:RunCadence>
              </ns3:TPX>
            </Extensions>
            <Cadence>86</Cadence>
          </Trackpoint>
          <Trackpoint>
            <Time>2020-01-07T00:03:25Z</Time>
            <Position>
              <LatitudeDegrees>27.000653</LatitudeDegrees>
              <LongitudeDegrees>109.264200</LongitudeDegrees>
            </Position>
            <AltitudeMeters>41.9</AltitudeMeters>
            <DistanceMeters>615.0</DistanceMeters>
            <Extensions>
              <ns3:TPX>
                <ns3:RunCadence>86</ns3:RunCadence>
              </ns3:TPX>
            </Extensions>
            <Cadence>86</Cadence>
          </Trackpoint>
          <Trackpoint>
            <Time>2020-01-07T00:03:30Z</Time>
            <Position>
              <LatitudeDegrees>27.000681</LatitudeDegrees>
              <LongitudeDegrees>109.264052</LongitudeDegrees>
            </Position>
            <AltitudeMeters>42.0</AltitudeMeters>
            <DistanceMeters>630.0</DistanceMeters>
            <Extensions>
              <ns3:TPX>
                <ns3:RunCadence>86</ns3:RunCadence>
              </ns3:TPX>
            </Extensions>
            <Cadence>86</Cadence>
          </Trackpoint>
          <Trackpoint>
            <Time>2020-01-07T00:03:35Z</Time>
            <Position>
              <LatitudeDegrees>27.000706</LatitudeDegrees>
              <LongitudeDegrees>109.263904</LongitudeDegrees>
            </Position>
            <AltitudeMeters>42.0</AltitudeMeters>
            <DistanceMeters>645.0</DistanceMeters>
            <Extensions>
              <ns3:TPX>
                <ns3:RunCadence>86</ns3:RunCadence>
              </ns3:TPX>
            </Extensions>
            <Cadence>86</Cadence>
          </Trackpoint>
          <Trackpoint>
            <Time>2020-01-07T00:03:40Z</Time>
            <Position>
              <LatitudeDegrees>27.000726</LatitudeDegrees>
              <LongitudeDegrees>109.263754</LongitudeDegrees>
            </Position>
            <AltitudeMeters>42.0</AltitudeMeters>
            <DistanceMeters>660.0</DistanceMeters>
            <Extensions>
              <ns3:TPX>
                <ns3:RunCadence>86</ns3:RunCadence>
              </ns3:TPX>
            </Extensions>
            <Cadence>86</Cadence>
          </Trackpoint>
          <Trackpoint>
            <Time>2020-01-07T00:03:45Z</Time>
            <Position>
              <LatitudeDegrees>27.000742</LatitudeDegrees>
              <LongitudeDegrees>109.263603</LongitudeDegrees>
            </Position>
            <AltitudeMeters>42.0</AltitudeMeters>
            <DistanceMeters>675.0</DistanceMeters>
            <Extensions>
              <ns3:TPX>
                <ns3:RunCadence>85</ns3:RunCadence>
              </ns3:TPX>
            </Extensions>
            <Cadence>85</Cadence>
          </Trackpoint>
          <Trackpoint>
            <Time>2020-01-07T00:03:50Z</Time>
            <Position>
              <LatitudeDegrees>27.000753</LatitudeDegrees>
              <LongitudeDegrees>109.26345</LongitudeDegrees>
            </Position>
            <AltitudeMeters>42.0</AltitudeMeters>
            <DistanceMeters>690.0</DistanceMeters>
            <Extensions>
              <ns3:TPX>
                <ns3:RunCadence>85</ns3:RunCadence>
              </ns3:TPX>
            </Extensions>
            <Cadence>85</Cadence>
          </Trackpoint>
          <Trackpoint>
            <Time>2020-01-07T00:03:55Z</Time>
            <Position>
              <LatitudeDegrees>27.000760</LatitudeDegrees>
              <LongitudeDegrees>109.263301</LongitudeDegrees>
            </Position>
            <AltitudeMeters>42.0</AltitudeMeters>
            <DistanceMeters>705.0</DistanceMeters>
            <Extensions>
              <ns3:TPX>
                <ns3:RunCadence>85</ns3:RunCadence>
              </ns3:TPX>
            </Extensions>
            <Cadence>85</Cadence>
          </Trackpoint>
          <Trackpoint>
            <Time>2020-01-07T00:04:00Z</Time>
            <Position>
              <LatitudeDegrees>27.000763</LatitudeDegrees>
              <LongitudeDegrees>109.263150</LongitudeDegrees>
            </Position>
            <AltitudeMeters>42.0</AltitudeMeters>
            <DistanceMeters>720.0</DistanceMeters>
            <Extensions>
              <ns3:TPX>
                <ns3:RunCadence>85</ns3:RunCadence>
              </ns3:TPX>
            </Extensions>
            <Cadence>85</Cadence>
          </Trackpoint>
          <Trackpoint>
            <Time>2020-01-07T00:04:05Z</Time>
            <Position>
              <LatitudeDegrees>27.000761</LatitudeDegrees>
              <LongitudeDegrees>109.26300</LongitudeDegrees>
            </Position>
            <AltitudeMeters>42.0</AltitudeMeters>
            <DistanceMeters>735.0</DistanceMeters>
            <Extensions>
              <ns3:TPX>
                <ns3:RunCadence>85</ns3:RunCadence>
              </ns3:TPX>
            </Extensions>
            <Cadence>85</Cadence>
          </Trackpoint>
          <Trackpoint>
            <Time>2020-01-07T00:04:10Z</Time>
            <Position>
              <LatitudeDegrees>27.000755</LatitudeDegrees>
              <LongitudeDegrees>109.262847</LongitudeDegrees>
            </Position>
            <AltitudeMeters>42.0</AltitudeMeters>
            <DistanceMeters>750.0</DistanceMeters>
            <Extensions>
              <ns3:TPX>
                <ns3:RunCadence>85</ns3:RunCadence>
              </ns3:TPX>
            </Extensions>
            <Cadence>85</Cadence>
          </Trackpoint>
          <Trackpoint>
            <Time>2020-01-07T00:04:15Z</Time>
            <Position>
              <LatitudeDegrees>27.000744</LatitudeDegrees>
              <LongitudeDegrees>109.262697</LongitudeDegrees>
            </Position>
            <AltitudeMeters>42.0</AltitudeMeters>
            <DistanceMeters>765.0</DistanceMeters>
            <Extensions>
              <ns3:TPX>
                <ns3:RunCadence>84</ns3:RunCadence>
              </ns3:TPX>
            </Extensions>
            <Cadence>84</Cadence>
          </Trackpoint>
          <Trackpoint>
            <Time>2020-01-07T00:04:20Z</Time>
            <Position>
              <LatitudeDegrees>27.000729</LatitudeDegrees>
              <LongitudeDegrees>109.262546</LongitudeDegrees>
            </Position>
            <AltitudeMeters>42.0</AltitudeMeters>
            <DistanceMeters>780.0</DistanceMeters>
            <Extensions>
              <ns3:TPX>
                <ns3:RunCadence>84</ns3:RunCadence>
              </ns3:TPX>
            </Extensions>
            <Cadence>84</Cadence>
          </Trackpoint>
          <Trackpoint>
            <Time>2020-01-07T00:04:25Z</Time>
            <Position>
              <LatitudeDegrees>27.000709</LatitudeDegrees>
              <LongitudeDegrees>109.262396</LongitudeDegrees>
            </Position>
            <AltitudeMeters>42.0</AltitudeMeters>
            <DistanceMeters>795.0</DistanceMeters>
            <Extensions>
              <ns3:TPX>
                <ns3:RunCadence>84</ns3:RunCadence>
              </ns3:TPX>
            </Extensions>
            <Cadence>84</Cadence>
          </Trackpoint>
          <Trackpoint>
            <Time>2020-01-07T00:04:30Z</Time>
            <Position>
              <LatitudeDegrees>27.00069</LatitudeDegrees>
              <LongitudeDegrees>109.262247</LongitudeDegrees>
            </Position>
            <AltitudeMeters>42.0</AltitudeMeters>
            <DistanceMeters>810.0</DistanceMeters>
            <Extensions>
              <ns3:TPX>
                <ns3:RunCadence>84</ns3:RunCadence>
              </ns3:TPX>
            </Extensions>
            <Cadence>84</Cadence>
          </Trackpoint>
          <Trackpoint>
            <Time>2020-01-07T00:04:35Z</Time>
            <Position>
              <LatitudeDegrees>27.000658</LatitudeDegrees>
              <LongitudeDegrees>109.262099</LongitudeDegrees>
            </Position>
            <AltitudeMeters>42.0</AltitudeMeters>
            <DistanceMeters>825.0</DistanceMeters>
            <Extensions>
              <ns3:TPX>
                <ns3:RunCadence>84</ns3:RunCadence>
              </ns3:TPX>
            </Extensions>
            <Cadence>84</Cadence>
          </Trackpoint>
          <Trackpoint>
            <Time>2020-01-07T00:04:40Z</Time>
            <Position>
              <LatitudeDegrees>27.000625</LatitudeDegrees>
              <LongitudeDegrees>109.261952</LongitudeDegrees>
            </Position>
            <AltitudeMeters>41.9</AltitudeMeters>
            <DistanceMeters>840.0</DistanceMeters>
            <Extensions>
              <ns3:TPX>
                <ns3:RunCadence>84</ns3:RunCadence>
              </ns3:TPX>
            </Extensions>
            <Cadence>84</Cadence>
          </Trackpoint>
          <Trackpoint>
            <Time>2020-01-07T00:04:45Z</Time>
            <Position>
              <LatitudeDegrees>27.000588</LatitudeDegrees>
              <LongitudeDegrees>109.261807</LongitudeDegrees>
            </Position>
            <AltitudeMeters>41.9</AltitudeMeters>
            <DistanceMeters>855.0</DistanceMeters>
            <Extensions>
              <ns3:TPX>
                <ns3:RunCadence>83</ns3:RunCadence>
              </ns3:TPX>
            </Extensions>
            <Cadence>83</Cadence>
          </Trackpoint>
          <Trackpoint>
            <Time>2020-01-07T00:04:50Z</Time>
            <Position>
              <LatitudeDegrees>27.00055</LatitudeDegrees>
              <LongitudeDegrees>109.261662</LongitudeDegrees>
            </Position>
            <AltitudeMeters>41.9</AltitudeMeters>
            <DistanceMeters>870.0</DistanceMeters>
            <Extensions>
              <ns3:TPX>
                <ns3:RunCadence>83</ns3:RunCadence>
              </ns3:TPX>
            </Extensions>
            <Cadence>83</Cadence>
          </Trackpoint>
          <Trackpoint>
            <Time>2020-01-07T00:04:55Z</Time>
            <Position>
              <LatitudeDegrees>27.000503</LatitudeDegrees>
              <LongitudeDegrees>109.261520</LongitudeDegrees>
            </Position>
            <AltitudeMeters>41.9</AltitudeMeters>
            <DistanceMeters>885.0</DistanceMeters>
            <Extensions>
              <ns3:TPX>
                <ns3:RunCadence>83</ns3:RunCadence>
              </ns3:TPX>
            </Extensions>
            <Cadence>83</Cadence>
          </Trackpoint>
          <Trackpoint>
            <Time>2020-01-07T00:05:00Z</Time>
            <Position>
              <LatitudeDegrees>27.000453</LatitudeDegrees>
              <LongitudeDegrees>109.261379</LongitudeDegrees>
            </Position>
            <AltitudeMeters>41.9</AltitudeMeters>
            <DistanceMeters>900.0</DistanceMeters>
            <Extensions>
              <ns3:TPX>
                <ns3:RunCadence>83</ns3:RunCadence>
              </ns3:TPX>
            </Extensions>
            <Cadence>83</Cadence>
          </Trackpoint>
          <Trackpoint>
            <Time>2020-01-07T00:05:05Z</Time>
            <Position>
              <LatitudeDegrees>27.000400</LatitudeDegrees>
              <LongitudeDegrees>109.261240</LongitudeDegrees>
            </Position>
            <AltitudeMeters>41.8</AltitudeMeters>
            <DistanceMeters>915.0</DistanceMeters>
            <Extensions>
              <ns3:TPX>
                <ns3:RunCadence>83</ns3:RunCadence>
              </ns3:TPX>
            </Extensions>
            <Cadence>83</Cadence>
          </Trackpoint>
          <Trackpoint>
            <Time>2020-01-07T00:05:10Z</Time>
            <Position>
              <LatitudeDegrees>27.000343</LatitudeDegrees>
              <LongitudeDegrees>109.261102</LongitudeDegrees>
            </Position>
            <AltitudeMeters>41.8</AltitudeMeters>
            <DistanceMeters>930.0</DistanceMeters>
            <Extensions>
              <ns3:TPX>
                <ns3:RunCadence>83</ns3:RunCadence>
              </ns3:TPX>
            </Extensions>
            <Cadence>83</Cadence>
          </Trackpoint>
          <Trackpoint>
            <Time>2020-01-07T00:05:15Z</Time>
            <Position>
              <LatitudeDegrees>27.000282</LatitudeDegrees>
              <LongitudeDegrees>109.260968</LongitudeDegrees>
            </Position>
            <AltitudeMeters>41.8</AltitudeMeters>
            <DistanceMeters>945.0</DistanceMeters>
            <Extensions>
              <ns3:TPX>
                <ns3:RunCadence>82</ns3:RunCadence>
              </ns3:TPX>
            </Extensions>
            <Cadence>82</Cadence>
          </Trackpoint>
          <Trackpoint>
            <Time>2020-01-07T00:05:20Z</Time>
            <Position>
              <LatitudeDegrees>27.000217</LatitudeDegrees>
              <LongitudeDegrees>109.260835</LongitudeDegrees>
            </Position>
            <AltitudeMeters>41.8</AltitudeMeters>
            <DistanceMeters>960.0</DistanceMeters>
            <Extensions>
              <ns3:TPX>
                <ns3:RunCadence>82</ns3:RunCadence>
              </ns3:TPX>
            </Extensions>
            <Cadence>82</Cadence>
          </Trackpoint>
          <Trackpoint>
            <Time>2020-01-07T00:05:25Z</Time>
            <Position>
              <LatitudeDegrees>27.000148</LatitudeDegrees>
              <LongitudeDegrees>109.260705</LongitudeDegrees>
            </Position>
            <AltitudeMeters>41.7</AltitudeMeters>
            <DistanceMeters>975.0</DistanceMeters>
            <Extensions>
              <ns3:TPX>
                <ns3:RunCadence>82</ns3:RunCadence>
              </ns3:TPX>
            </Extensions>
            <Cadence>82</Cadence>
          </Trackpoint>
          <Trackpoint>
            <Time>2020-01-07T00:05:30Z</Time>
            <Position>
              <LatitudeDegrees>27.000075</LatitudeDegrees>
              <LongitudeDegrees>109.260577</LongitudeDegrees>
            </Position>
            <AltitudeMeters>41.7</AltitudeMeters>
            <DistanceMeters>990.0</DistanceMeters>
            <Extensions>
              <ns3:TPX>
                <ns3:RunCadence>82</ns3:RunCadence>
              </ns3:TPX>
            </Extensions>
            <Cadence>82</Cadence>
          </Trackpoint>
          <Trackpoint>
            <Time>2020-01-07T00:05:35Z</Time>
            <Position>
              <LatitudeDegrees>26.999998</LatitudeDegrees>
              <LongitudeDegrees>109.260453</LongitudeDegrees>
            </Position>
            <AltitudeMeters>41.7</AltitudeMeters>
            <DistanceMeters>1005.0</DistanceMeters>
            <Extensions>
              <ns3:TPX>
                <ns3:RunCadence>82</ns3:RunCadence>
              </ns3:TPX>
            </Extensions>
            <Cadence>82</Cadence>
          </Trackpoint>
          <Trackpoint>
            <Time>2020-01-07T00:05:40Z</Time>
            <Position>
              <LatitudeDegrees>26.999919</LatitudeDegrees>
              <LongitudeDegrees>109.260331</LongitudeDegrees>
            </Position>
            <AltitudeMeters>41.6</AltitudeMeters>
            <DistanceMeters>1020.0</DistanceMeters>
            <Extensions>
              <ns3:TPX>
                <ns3:RunCadence>82</ns3:RunCadence>
              </ns3:TPX>
            </Extensions>
            <Cadence>82</Cadence>
          </Trackpoint>
          <Trackpoint>
            <Time>2020-01-07T00:05:45Z</Time>
            <Position>
              <LatitudeDegrees>26.999835</LatitudeDegrees>
              <LongitudeDegrees>109.260212</LongitudeDegrees>
            </Position>
            <AltitudeMeters>41.6</AltitudeMeters>
            <DistanceMeters>1035.0</DistanceMeters>
            <Extensions>
              <ns3:TPX>
                <ns3:RunCadence>82</ns3:RunCadence>
              </ns3:TPX>
            </Extensions>
            <Cadence>82</Cadence>
          </Trackpoint>
          <Trackpoint>
            <Time>2020-01-07T00:05:50Z</Time>
            <Position>
              <LatitudeDegrees>26.999748</LatitudeDegrees>
              <LongitudeDegrees>109.260096</LongitudeDegrees>
            </Position>
            <AltitudeMeters>41.5</AltitudeMeters>
            <DistanceMeters>1050.0</DistanceMeters>
            <Extensions>
              <ns3:TPX>
                <ns3:RunCadence>82</ns3:RunCadence>
              </ns3:TPX>
            </Extensions>
            <Cadence>82</Cadence>
          </Trackpoint>
          <Trackpoint>
            <Time>2020-01-07T00:05:55Z</Time>
            <Position>
              <LatitudeDegrees>26.999658</LatitudeDegrees>
              <LongitudeDegrees>109.259983</LongitudeDegrees>
            </Position>
            <AltitudeMeters>41.5</AltitudeMeters>
            <DistanceMeters>1065.0</DistanceMeters>
            <Extensions>
              <ns3:TPX>
                <ns3:RunCadence>81</ns3:RunCadence>
              </ns3:TPX>
            </Extensions>
            <Cadence>81</Cadence>
          </Trackpoint>
          <Trackpoint>
            <Time>2020-01-07T00:06:00Z</Time>
            <Position>
              <LatitudeDegrees>26.999565</LatitudeDegrees>
              <LongitudeDegrees>109.259874</LongitudeDegrees>
            </Position>
            <AltitudeMeters>41.5</AltitudeMeters>
            <DistanceMeters>1080.0</DistanceMeters>
            <Extensions>
              <ns3:TPX>
                <ns3:RunCadence>81</ns3:RunCadence>
              </ns3:TPX>
            </Extensions>
            <Cadence>81</Cadence>
          </Trackpoint>
          <Trackpoint>
            <Time>2020-01-07T00:06:05Z</Time>
            <Position>
              <LatitudeDegrees>26.999468</LatitudeDegrees>
              <LongitudeDegrees>109.259768</LongitudeDegrees>
            </Position>
            <AltitudeMeters>41.4</AltitudeMeters>
            <DistanceMeters>1095.0</DistanceMeters>
            <Extensions>
              <ns3:TPX>
                <ns3:RunCadence>81</ns3:RunCadence>
              </ns3:TPX>
            </Extensions>
            <Cadence>81</Cadence>
          </Trackpoint>
          <Trackpoint>
            <Time>2020-01-07T00:06:10Z</Time>
            <Position>
              <LatitudeDegrees>26.999368</LatitudeDegrees>
              <LongitudeDegrees>109.259666</LongitudeDegrees>
            </Position>
            <AltitudeMeters>41.4</AltitudeMeters>
            <DistanceMeters>1110.0</DistanceMeters>
            <Extensions>
              <ns3:TPX>
                <ns3:RunCadence>81</ns3:RunCadence>
              </ns3:TPX>
            </Extensions>
            <Cadence>81</Cadence>
          </Trackpoint>
          <Trackpoint>
            <Time>2020-01-07T00:06:15Z</Time>
            <Position>
              <LatitudeDegrees>26.999266</LatitudeDegrees>
              <LongitudeDegrees>109.259568</LongitudeDegrees>
            </Position>
            <AltitudeMeters>41.3</AltitudeMeters>
            <DistanceMeters>1125.0</DistanceMeters>
            <Extensions>
              <ns3:TPX>
                <ns3:RunCadence>81</ns3:RunCadence>
              </ns3:TPX>
            </Extensions>
            <Cadence>81</Cadence>
          </Trackpoint>
          <Trackpoint>
            <Time>2020-01-07T00:06:20Z</Time>
            <Position>
              <LatitudeDegrees>26.999161</LatitudeDegrees>
              <LongitudeDegrees>109.259473</LongitudeDegrees>
            </Position>
            <AltitudeMeters>41.3</AltitudeMeters>
            <DistanceMeters>1140.0</DistanceMeters>
            <Extensions>
              <ns3:TPX>
                <ns3:RunCadence>81</ns3:RunCadence>
              </ns3:TPX>
            </Extensions>
            <Cadence>81</Cadence>
          </Trackpoint>
          <Trackpoint>
            <Time>2020-01-07T00:06:25Z</Time>
            <Position>
              <LatitudeDegrees>26.999053</LatitudeDegrees>
              <LongitudeDegrees>109.259383</LongitudeDegrees>
            </Position>
            <AltitudeMeters>41.2</AltitudeMeters>
            <DistanceMeters>1155.0</DistanceMeters>
            <Extensions>
              <ns3:TPX>
                <ns3:RunCadence>81</ns3:RunCadence>
              </ns3:TPX>
            </Extensions>
            <Cadence>81</Cadence>
          </Trackpoint>
          <Trackpoint>
            <Time>2020-01-07T00:06:30Z</Time>
            <Position>
              <LatitudeDegrees>26.998942</LatitudeDegrees>
              <LongitudeDegrees>109.259296</LongitudeDegrees>
            </Position>
            <AltitudeMeters>41.2</AltitudeMeters>
            <DistanceMeters>1170.0</DistanceMeters>
            <Extensions>
              <ns3:TPX>
                <ns3:RunCadence>81</ns3:RunCadence>
              </ns3:TPX>
            </Extensions>
            <Cadence>81</Cadence>
          </Trackpoint>
          <Trackpoint>
            <Time>2020-01-07T00:06:35Z</Time>
            <Position>
              <LatitudeDegrees>26.998829</LatitudeDegrees>
              <LongitudeDegrees>109.25921</LongitudeDegrees>
            </Position>
            <AltitudeMeters>41.1</AltitudeMeters>
            <DistanceMeters>1185.0</DistanceMeters>
            <Extensions>
              <ns3:TPX>
                <ns3:RunCadence>81</ns3:RunCadence>
              </ns3:TPX>
            </Extensions>
            <Cadence>81</Cadence>
          </Trackpoint>
          <Trackpoint>
            <Time>2020-01-07T00:06:40Z</Time>
            <Position>
              <LatitudeDegrees>26.998713</LatitudeDegrees>
              <LongitudeDegrees>109.259135</LongitudeDegrees>
            </Position>
            <AltitudeMeters>41.1</AltitudeMeters>
            <DistanceMeters>1200.0</DistanceMeters>
            <Extensions>
              <ns3:TPX>
                <ns3:RunCadence>81</ns3:RunCadence>
              </ns3:TPX>
            </Extensions>
            <Cadence>81</Cadence>
          </Trackpoint>
          <Trackpoint>
            <Time>2020-01-07T00:06:45Z</Time>
            <Position>
              <LatitudeDegrees>26.998596</LatitudeDegrees>
              <LongitudeDegrees>109.25906</LongitudeDegrees>
            </Position>
            <AltitudeMeters>41.0</AltitudeMeters>
            <DistanceMeters>1215.0</DistanceMeters>
            <Extensions>
              <ns3:TPX>
                <ns3:RunCadence>81</ns3:RunCadence>
              </ns3:TPX>
            </Extensions>
            <Cadence>81</Cadence>
          </Trackpoint>
          <Trackpoint>
            <Time>2020-01-07T00:06:50Z</Time>
            <Position>
              <LatitudeDegrees>26.998476</LatitudeDegrees>
              <LongitudeDegrees>109.258991</LongitudeDegrees>
            </Position>
            <AltitudeMeters>41.0</AltitudeMeters>
            <DistanceMeters>1230.0</DistanceMeters>
            <Extensions>
              <ns3:TPX>
                <ns3:RunCadence>81</ns3:RunCadence>
              </ns3:TPX>
            </Extensions>
            <Cadence>81</Cadence>
          </Trackpoint>
          <Trackpoint>
            <Time>2020-01-07T00:06:55Z</Time>
            <Position>
              <LatitudeDegrees>26.998354</LatitudeDegrees>
              <LongitudeDegrees>109.258926</LongitudeDegrees>
            </Position>
            <AltitudeMeters>40.9</AltitudeMeters>
            <DistanceMeters>1245.0</DistanceMeters>
            <Extensions>
              <ns3:TPX>
                <ns3:RunCadence>81</ns3:RunCadence>
              </ns3:TPX>
            </Extensions>
            <Cadence>81</Cadence>
          </Trackpoint>
          <Trackpoint>
            <Time>2020-01-07T00:07:00Z</Time>
            <Position>
              <LatitudeDegrees>26.998231</LatitudeDegrees>
              <LongitudeDegrees>109.258865</LongitudeDegrees>
            </Position>
            <AltitudeMeters>40.8</AltitudeMeters>
            <DistanceMeters>1260.0</DistanceMeters>
            <Extensions>
              <ns3:TPX>
                <ns3:RunCadence>81</ns3:RunCadence>
              </ns3:TPX>
            </Extensions>
            <Cadence>81</Cadence>
          </Trackpoint>
          <Trackpoint>
            <Time>2020-01-07T00:07:05Z</Time>
            <Position>
              <LatitudeDegrees>26.998106</LatitudeDegrees>
              <LongitudeDegrees>109.258809</LongitudeDegrees>
            </Position>
            <AltitudeMeters>40.8</AltitudeMeters>
            <DistanceMeters>1275.0</DistanceMeters>
            <Extensions>
              <ns3:TPX>
                <ns3:RunCadence>81</ns3:RunCadence>
              </ns3:TPX>
            </Extensions>
            <Cadence>81</Cadence>
          </Trackpoint>
          <Trackpoint>
            <Time>2020-01-07T00:07:10Z</Time>
            <Position>
              <LatitudeDegrees>26.997979</LatitudeDegrees>
              <LongitudeDegrees>109.258757</LongitudeDegrees>
            </Position>
            <AltitudeMeters>40.7</AltitudeMeters>
            <DistanceMeters>1290.0</DistanceMeters>
            <Extensions>
              <ns3:TPX>
                <ns3:RunCadence>81</ns3:RunCadence>
              </ns3:TPX>
            </Extensions>
            <Cadence>81</Cadence>
          </Trackpoint>
          <Trackpoint>
            <Time>2020-01-07T00:07:15Z</Time>
            <Position>
              <LatitudeDegrees>26.997851</LatitudeDegrees>
              <LongitudeDegrees>109.258710</LongitudeDegrees>
            </Position>
            <AltitudeMeters>40.7</AltitudeMeters>
            <DistanceMeters>1305.0</DistanceMeters>
            <Extensions>
              <ns3:TPX>
                <ns3:RunCadence>81</ns3:RunCadence>
              </ns3:TPX>
            </Extensions>
            <Cadence>81</Cadence>
          </Trackpoint>
          <Trackpoint>
            <Time>2020-01-07T00:07:20Z</Time>
            <Position>
              <LatitudeDegrees>26.997721</LatitudeDegrees>
              <LongitudeDegrees>109.258668</LongitudeDegrees>
            </Position>
            <AltitudeMeters>40.6</AltitudeMeters>
            <DistanceMeters>1320.0</DistanceMeters>
            <Extensions>
              <ns3:TPX>
                <ns3:RunCadence>81</ns3:RunCadence>
              </ns3:TPX>
            </Extensions>
            <Cadence>81</Cadence>
          </Trackpoint>
          <Trackpoint>
            <Time>2020-01-07T00:07:25Z</Time>
            <Position>
              <LatitudeDegrees>26.997590</LatitudeDegrees>
              <LongitudeDegrees>109.258630</LongitudeDegrees>
            </Position>
            <AltitudeMeters>40.5</AltitudeMeters>
            <DistanceMeters>1335.0</DistanceMeters>
            <Extensions>
              <ns3:TPX>
                <ns3:RunCadence>81</ns3:RunCadence>
              </ns3:TPX>
            </Extensions>
            <Cadence>81</Cadence>
          </Trackpoint>
          <Trackpoint>
            <Time>2020-01-07T00:07:30Z</Time>
            <Position>
              <LatitudeDegrees>26.997459</LatitudeDegrees>
              <LongitudeDegrees>109.25860</LongitudeDegrees>
            </Position>
            <AltitudeMeters>40.5</AltitudeMeters>
            <DistanceMeters>1350.0</DistanceMeters>
            <Extensions>
              <ns3:TPX>
                <ns3:RunCadence>81</ns3:RunCadence>
              </ns3:TPX>
            </Extensions>
            <Cadence>81</Cadence>
          </Trackpoint>
          <Trackpoint>
            <Time>2020-01-07T00:07:35Z</Time>
            <Position>
              <LatitudeDegrees>26.997326</LatitudeDegrees>
              <LongitudeDegrees>109.258570</LongitudeDegrees>
            </Position>
            <AltitudeMeters>40.4</AltitudeMeters>
            <DistanceMeters>1365.0</DistanceMeters>
            <Extensions>
              <ns3:TPX>
                <ns3:RunCadence>82</ns3:RunCadence>
              </ns3:TPX>
            </Extensions>
            <Cadence>82</Cadence>
          </Trackpoint>
          <Trackpoint>
            <Time>2020-01-07T00:07:40Z</Time>
            <Position>
              <LatitudeDegrees>26.997193</LatitudeDegrees>
              <LongitudeDegrees>109.258547</LongitudeDegrees>
            </Position>
            <AltitudeMeters>40.3</AltitudeMeters>
            <DistanceMeters>1380.0</DistanceMeters>
            <Extensions>
              <ns3:TPX>
                <ns3:RunCadence>82</ns3:RunCadence>
              </ns3:TPX>
            </Extensions>
            <Cadence>82</Cadence>
          </Trackpoint>
          <Trackpoint>
            <Time>2020-01-07T00:07:45Z</Time>
            <Position>
              <LatitudeDegrees>26.997059</LatitudeDegrees>
              <LongitudeDegrees>109.258529</LongitudeDegrees>
            </Position>
            <AltitudeMeters>40.3</AltitudeMeters>
            <DistanceMeters>1395.0</DistanceMeters>
            <Extensions>
              <ns3:TPX>
                <ns3:RunCadence>82</ns3:RunCadence>
              </ns3:TPX>
            </Extensions>
            <Cadence>82</Cadence>
          </Trackpoint>
          <Trackpoint>
            <Time>2020-01-07T00:07:50Z</Time>
            <Position>
              <LatitudeDegrees>26.99692</LatitudeDegrees>
              <LongitudeDegrees>109.258516</LongitudeDegrees>
            </Position>
            <AltitudeMeters>40.2</AltitudeMeters>
            <DistanceMeters>1410.0</DistanceMeters>
            <Extensions>
              <ns3:TPX>
                <ns3:RunCadence>82</ns3:RunCadence>
              </ns3:TPX>
            </Extensions>
            <Cadence>82</Cadence>
          </Trackpoint>
          <Trackpoint>
            <Time>2020-01-07T00:07:55Z</Time>
            <Position>
              <LatitudeDegrees>26.996790</LatitudeDegrees>
              <LongitudeDegrees>109.258508</LongitudeDegrees>
            </Position>
            <AltitudeMeters>40.2</AltitudeMeters>
            <DistanceMeters>1425.0</DistanceMeters>
            <Extensions>
              <ns3:TPX>
                <ns3:RunCadence>82</ns3:RunCadence>
              </ns3:TPX>
            </Extensions>
            <Cadence>82</Cadence>
          </Trackpoint>
          <Trackpoint>
            <Time>2020-01-07T00:08:00Z</Time>
            <Position>
              <LatitudeDegrees>26.996655</LatitudeDegrees>
              <LongitudeDegrees>109.258504</LongitudeDegrees>
            </Position>
            <AltitudeMeters>40.1</AltitudeMeters>
            <DistanceMeters>1440.0</DistanceMeters>
            <Extensions>
              <ns3:TPX>
                <ns3:RunCadence>82</ns3:RunCadence>
              </ns3:TPX>
            </Extensions>
            <Cadence>82</Cadence>
          </Trackpoint>
          <Trackpoint>
            <Time>2020-01-07T00:08:05Z</Time>
            <Position>
              <LatitudeDegrees>26.99652</LatitudeDegrees>
              <LongitudeDegrees>109.258506</LongitudeDegrees>
            </Position>
            <AltitudeMeters>40.0</AltitudeMeters>
            <DistanceMeters>1455.0</DistanceMeters>
            <Extensions>
              <ns3:TPX>
                <ns3:RunCadence>82</ns3:RunCadence>
              </ns3:TPX>
            </Extensions>
            <Cadence>82</Cadence>
          </Trackpoint>
          <Trackpoint>
            <Time>2020-01-07T00:08:10Z</Time>
            <Position>
              <LatitudeDegrees>26.996385</LatitudeDegrees>
              <LongitudeDegrees>109.25851</LongitudeDegrees>
            </Position>
            <AltitudeMeters>40.0</AltitudeMeters>
            <DistanceMeters>1470.0</DistanceMeters>
            <Extensions>
              <ns3:TPX>
                <ns3:RunCadence>83</ns3:RunCadence>
              </ns3:TPX>
            </Extensions>
            <Cadence>83</Cadence>
          </Trackpoint>
          <Trackpoint>
            <Time>2020-01-07T00:08:15Z</Time>
            <Position>
              <LatitudeDegrees>26.996251</LatitudeDegrees>
              <LongitudeDegrees>109.258524</LongitudeDegrees>
            </Position>
            <AltitudeMeters>39.9</AltitudeMeters>
            <DistanceMeters>1485.0</DistanceMeters>
            <Extensions>
              <ns3:TPX>
                <ns3:RunCadence>83</ns3:RunCadence>
              </ns3:TPX>
            </Extensions>
            <Cadence>83</Cadence>
          </Trackpoint>
          <Trackpoint>
            <Time>2020-01-07T00:08:20Z</Time>
            <Position>
              <LatitudeDegrees>26.996117</LatitudeDegrees>
              <LongitudeDegrees>109.258541</LongitudeDegrees>
            </Position>
            <AltitudeMeters>39.8</AltitudeMeters>
            <DistanceMeters>1500.0</DistanceMeters>
            <Extensions>
              <ns3:TPX>
                <ns3:RunCadence>83</ns3:RunCadence>
              </ns3:TPX>
            </Extensions>
            <Cadence>83</Cadence>
          </Trackpoint>
          <Trackpoint>
            <Time>2020-01-07T00:08:25Z</Time>
            <Position>
              <LatitudeDegrees>26.995983</LatitudeDegrees>
              <LongitudeDegrees>109.258562</LongitudeDegrees>
            </Position>
            <AltitudeMeters>39.8</AltitudeMeters>
            <DistanceMeters>1515.0</DistanceMeters>
            <Extensions>
              <ns3:TPX>
                <ns3:RunCadence>83</ns3:RunCadence>
              </ns3:TPX>
            </Extensions>
            <Cadence>83</Cadence>
          </Trackpoint>
          <Trackpoint>
            <Time>2020-01-07T00:08:30Z</Time>
            <Position>
              <LatitudeDegrees>26.995850</LatitudeDegrees>
              <LongitudeDegrees>109.258589</LongitudeDegrees>
            </Position>
            <AltitudeMeters>39.7</AltitudeMeters>
            <DistanceMeters>1530.0</DistanceMeters>
            <Extensions>
              <ns3:TPX>
                <ns3:RunCadence>83</ns3:RunCadence>
              </ns3:TPX>
            </Extensions>
            <Cadence>83</Cadence>
          </Trackpoint>
          <Trackpoint>
            <Time>2020-01-07T00:08:35Z</Time>
            <Position>
              <LatitudeDegrees>26.995718</LatitudeDegrees>
              <LongitudeDegrees>109.258620</LongitudeDegrees>
            </Position>
            <AltitudeMeters>39.6</AltitudeMeters>
            <DistanceMeters>1545.0</DistanceMeters>
            <Extensions>
              <ns3:TPX>
                <ns3:RunCadence>83</ns3:RunCadence>
              </ns3:TPX>
            </Extensions>
            <Cadence>83</Cadence>
          </Trackpoint>
          <Trackpoint>
            <Time>2020-01-07T00:08:40Z</Time>
            <Position>
              <LatitudeDegrees>26.995587</LatitudeDegrees>
              <LongitudeDegrees>109.2587</LongitudeDegrees>
            </Position>
            <AltitudeMeters>39.6</AltitudeMeters>
            <DistanceMeters>1560.0</DistanceMeters>
            <Extensions>
              <ns3:TPX>
                <ns3:RunCadence>84</ns3:RunCadence>
              </ns3:TPX>
            </Extensions>
            <Cadence>84</Cadence>
          </Trackpoint>
          <Trackpoint>
            <Time>2020-01-07T00:08:45Z</Time>
            <Position>
              <LatitudeDegrees>26.995457</LatitudeDegrees>
              <LongitudeDegrees>109.258696</LongitudeDegrees>
            </Position>
            <AltitudeMeters>39.5</AltitudeMeters>
            <DistanceMeters>1575.0</DistanceMeters>
            <Extensions>
              <ns3:TPX>
                <ns3:RunCadence>84</ns3:RunCadence>
              </ns3:TPX>
            </Extensions>
            <Cadence>84</Cadence>
          </Trackpoint>
          <Trackpoint>
            <Time>2020-01-07T00:08:50Z</Time>
            <Position>
              <LatitudeDegrees>26.995329</LatitudeDegrees>
              <LongitudeDegrees>109.258742</LongitudeDegrees>
            </Position>
            <AltitudeMeters>39.5</AltitudeMeters>
            <DistanceMeters>1590.0</DistanceMeters>
            <Extensions>
              <ns3:TPX>
                <ns3:RunCadence>84</ns3:RunCadence>
              </ns3:TPX>
            </Extensions>
            <Cadence>84</Cadence>
          </Trackpoint>
          <Trackpoint>
            <Time>2020-01-07T00:08:55Z</Time>
            <Position>
              <LatitudeDegrees>26.995201</LatitudeDegrees>
              <LongitudeDegrees>109.258792</LongitudeDegrees>
            </Position>
            <AltitudeMeters>39.4</AltitudeMeters>
            <DistanceMeters>1605.0</DistanceMeters>
            <Extensions>
              <ns3:TPX>
                <ns3:RunCadence>84</ns3:RunCadence>
              </ns3:TPX>
            </Extensions>
            <Cadence>84</Cadence>
          </Trackpoint>
          <Trackpoint>
            <Time>2020-01-07T00:09:00Z</Time>
            <Position>
              <LatitudeDegrees>26.995076</LatitudeDegrees>
              <LongitudeDegrees>109.258847</LongitudeDegrees>
            </Position>
            <AltitudeMeters>39.3</AltitudeMeters>
            <DistanceMeters>1620.0</DistanceMeters>
            <Extensions>
              <ns3:TPX>
                <ns3:RunCadence>84</ns3:RunCadence>
              </ns3:TPX>
            </Extensions>
            <Cadence>84</Cadence>
          </Trackpoint>
          <Trackpoint>
            <Time>2020-01-07T00:09:05Z</Time>
            <Position>
              <LatitudeDegrees>26.994952</LatitudeDegrees>
              <LongitudeDegrees>109.258906</LongitudeDegrees>
            </Position>
            <AltitudeMeters>39.3</AltitudeMeters>
            <DistanceMeters>1635.0</DistanceMeters>
            <Extensions>
              <ns3:TPX>
                <ns3:RunCadence>84</ns3:RunCadence>
              </ns3:TPX>
            </Extensions>
            <Cadence>84</Cadence>
          </Trackpoint>
          <Trackpoint>
            <Time>2020-01-07T00:09:10Z</Time>
            <Position>
              <LatitudeDegrees>26.994829</LatitudeDegrees>
              <LongitudeDegrees>109.258970</LongitudeDegrees>
            </Position>
            <AltitudeMeters>39.2</AltitudeMeters>
            <DistanceMeters>1650.0</DistanceMeters>
            <Extensions>
              <ns3:TPX>
                <ns3:RunCadence>85</ns3:RunCadence>
              </ns3:TPX>
            </Extensions>
            <Cadence>85</Cadence>
          </Trackpoint>
          <Trackpoint>
            <Time>2020-01-07T00:09:15Z</Time>
            <Position>
              <LatitudeDegrees>26.994709</LatitudeDegrees>
              <LongitudeDegrees>109.259039</LongitudeDegrees>
            </Position>
            <AltitudeMeters>39.1</AltitudeMeters>
            <DistanceMeters>1665.0</DistanceMeters>
            <Extensions>
              <ns3:TPX>
                <ns3:RunCadence>85</ns3:RunCadence>
              </ns3:TPX>
            </Extensions>
            <Cadence>85</Cadence>
          </Trackpoint>
          <Trackpoint>
            <Time>2020-01-07T00:09:20Z</Time>
            <Position>
              <LatitudeDegrees>26.994591</LatitudeDegrees>
              <LongitudeDegrees>109.259111</LongitudeDegrees>
            </Position>
            <AltitudeMeters>39.1</AltitudeMeters>
            <DistanceMeters>1680.0</DistanceMeters>
            <Extensions>
              <ns3:TPX>
                <ns3:RunCadence>85</ns3:RunCadence>
              </ns3:TPX>
            </Extensions>
            <Cadence>85</Cadence>
          </Trackpoint>
          <Trackpoint>
            <Time>2020-01-07T00:09:25Z</Time>
            <Position>
              <LatitudeDegrees>26.994475</LatitudeDegrees>
              <LongitudeDegrees>109.259188</LongitudeDegrees>
            </Position>
            <AltitudeMeters>39.0</AltitudeMeters>
            <DistanceMeters>1695.0</DistanceMeters>
            <Extensions>
              <ns3:TPX>
                <ns3:RunCadence>85</ns3:RunCadence>
              </ns3:TPX>
            </Extensions>
            <Cadence>85</Cadence>
          </Trackpoint>
          <Trackpoint>
            <Time>2020-01-07T00:09:30Z</Time>
            <Position>
              <LatitudeDegrees>26.99436</LatitudeDegrees>
              <LongitudeDegrees>109.259270</LongitudeDegrees>
            </Position>
            <AltitudeMeters>39.0</AltitudeMeters>
            <DistanceMeters>1710.0</DistanceMeters>
            <Extensions>
              <ns3:TPX>
                <ns3:RunCadence>85</ns3:RunCadence>
              </ns3:TPX>
            </Extensions>
            <Cadence>85</Cadence>
          </Trackpoint>
          <Trackpoint>
            <Time>2020-01-07T00:09:35Z</Time>
            <Position>
              <LatitudeDegrees>26.994249</LatitudeDegrees>
              <LongitudeDegrees>109.259355</LongitudeDegrees>
            </Position>
            <AltitudeMeters>38.9</AltitudeMeters>
            <DistanceMeters>1725.0</DistanceMeters>
            <Extensions>
              <ns3:TPX>
                <ns3:RunCadence>85</ns3:RunCadence>
              </ns3:TPX>
            </Extensions>
            <Cadence>85</Cadence>
          </Trackpoint>
          <Trackpoint>
            <Time>2020-01-07T00:09:40Z</Time>
            <Position>
              <LatitudeDegrees>26.994141</LatitudeDegrees>
              <LongitudeDegrees>109.259445</LongitudeDegrees>
            </Position>
            <AltitudeMeters>38.9</AltitudeMeters>
            <DistanceMeters>1740.0</DistanceMeters>
            <Extensions>
              <ns3:TPX>
                <ns3:RunCadence>86</ns3:RunCadence>
              </ns3:TPX>
            </Extensions>
            <Cadence>86</Cadence>
          </Trackpoint>
          <Trackpoint>
            <Time>2020-01-07T00:09:45Z</Time>
            <Position>
              <LatitudeDegrees>26.994034</LatitudeDegrees>
              <LongitudeDegrees>109.259538</LongitudeDegrees>
            </Position>
            <AltitudeMeters>38.8</AltitudeMeters>
            <DistanceMeters>1755.0</DistanceMeters>
            <Extensions>
              <ns3:TPX>
                <ns3:RunCadence>86</ns3:RunCadence>
              </ns3:TPX>
            </Extensions>
            <Cadence>86</Cadence>
          </Trackpoint>
          <Trackpoint>
            <Time>2020-01-07T00:09:50Z</Time>
            <Position>
              <LatitudeDegrees>26.993931</LatitudeDegrees>
              <LongitudeDegrees>109.259635</LongitudeDegrees>
            </Position>
            <AltitudeMeters>38.8</AltitudeMeters>
            <DistanceMeters>1770.0</DistanceMeters>
            <Extensions>
              <ns3:TPX>
                <ns3:RunCadence>86</ns3:RunCadence>
              </ns3:TPX>
            </Extensions>
            <Cadence>86</Cadence>
          </Trackpoint>
          <Trackpoint>
            <Time>2020-01-07T00:09:55Z</Time>
            <Position>
              <LatitudeDegrees>26.993830</LatitudeDegrees>
              <LongitudeDegrees>109.259736</LongitudeDegrees>
            </Position>
            <AltitudeMeters>38.7</AltitudeMeters>
            <DistanceMeters>1785.0</DistanceMeters>
            <Extensions>
              <ns3:TPX>
                <ns3:RunCadence>86</ns3:RunCadence>
              </ns3:TPX>
            </Extensions>
            <Cadence>86</Cadence>
          </Trackpoint>
          <Trackpoint>
            <Time>2020-01-07T00:10:00Z</Time>
            <Position>
              <LatitudeDegrees>26.993733</LatitudeDegrees>
              <LongitudeDegrees>109.259841</LongitudeDegrees>
            </Position>
            <AltitudeMeters>38.7</AltitudeMeters>
            <DistanceMeters>1800.0</DistanceMeters>
            <Extensions>
              <ns3:TPX>
                <ns3:RunCadence>86</ns3:RunCadence>
              </ns3:TPX>
            </Extensions>
            <Cadence>86</Cadence>
          </Trackpoint>
          <Trackpoint>
            <Time>2020-01-07T00:10:05Z</Time>
            <Position>
              <LatitudeDegrees>26.993638</LatitudeDegrees>
              <LongitudeDegrees>109.259949</LongitudeDegrees>
            </Position>
            <AltitudeMeters>38.6</AltitudeMeters>
            <DistanceMeters>1815.0</DistanceMeters>
            <Extensions>
              <ns3:TPX>
                <ns3:RunCadence>86</ns3:RunCadence>
              </ns3:TPX>
            </Extensions>
            <Cadence>86</Cadence>
          </Trackpoint>
          <Trackpoint>
            <Time>2020-01-07T00:10:10Z</Time>
            <Position>
              <LatitudeDegrees>26.993547</LatitudeDegrees>
              <LongitudeDegrees>109.260060</LongitudeDegrees>
            </Position>
            <AltitudeMeters>38.6</AltitudeMeters>
            <DistanceMeters>1830.0</DistanceMeters>
            <Extensions>
              <ns3:TPX>
                <ns3:RunCadence>86</ns3:RunCadence>
              </ns3:TPX>
            </Extensions>
            <Cadence>86</Cadence>
          </Trackpoint>
          <Trackpoint>
            <Time>2020-01-07T00:10:15Z</Time>
            <Position>
              <LatitudeDegrees>26.993459</LatitudeDegrees>
              <LongitudeDegrees>109.260175</LongitudeDegrees>
            </Position>
            <AltitudeMeters>38.5</AltitudeMeters>
            <DistanceMeters>1845.0</DistanceMeters>
            <Extensions>
              <ns3:TPX>
                <ns3:RunCadence>86</ns3:RunCadence>
              </ns3:TPX>
            </Extensions>
            <Cadence>86</Cadence>
          </Trackpoint>
          <Trackpoint>
            <Time>2020-01-07T00:10:20Z</Time>
            <Position>
              <LatitudeDegrees>26.993375</LatitudeDegrees>
              <LongitudeDegrees>109.260293</LongitudeDegrees>
            </Position>
            <AltitudeMeters>38.5</AltitudeMeters>
            <DistanceMeters>1860.0</DistanceMeters>
            <Extensions>
              <ns3:TPX>
                <ns3:RunCadence>87</ns3:RunCadence>
              </ns3:TPX>
            </Extensions>
            <Cadence>87</Cadence>
          </Trackpoint>
          <Trackpoint>
            <Time>2020-01-07T00:10:25Z</Time>
            <Position>
              <LatitudeDegrees>26.993294</LatitudeDegrees>
              <LongitudeDegrees>109.260414</LongitudeDegrees>
            </Position>
            <AltitudeMeters>38.4</AltitudeMeters>
            <DistanceMeters>1875.0</DistanceMeters>
            <Extensions>
              <ns3:TPX>
                <ns3:RunCadence>87</ns3:RunCadence>
              </ns3:TPX>
            </Extensions>
            <Cadence>87</Cadence>
          </Trackpoint>
          <Trackpoint>
            <Time>2020-01-07T00:10:30Z</Time>
            <Position>
              <LatitudeDegrees>26.99322</LatitudeDegrees>
              <LongitudeDegrees>109.260538</LongitudeDegrees>
            </Position>
            <AltitudeMeters>38.4</AltitudeMeters>
            <DistanceMeters>1890.0</DistanceMeters>
            <Extensions>
              <ns3:TPX>
                <ns3:RunCadence>87</ns3:RunCadence>
              </ns3:TPX>
            </Extensions>
            <Cadence>87</Cadence>
          </Trackpoint>
          <Trackpoint>
            <Time>2020-01-07T00:10:35Z</Time>
            <Position>
              <LatitudeDegrees>26.993142</LatitudeDegrees>
              <LongitudeDegrees>109.260665</LongitudeDegrees>
            </Position>
            <AltitudeMeters>38.4</AltitudeMeters>
            <DistanceMeters>1905.0</DistanceMeters>
            <Extensions>
              <ns3:TPX>
                <ns3:RunCadence>87</ns3:RunCadence>
              </ns3:TPX>
            </Extensions>
            <Cadence>87</Cadence>
          </Trackpoint>
          <Trackpoint>
            <Time>2020-01-07T00:10:40Z</Time>
            <Position>
              <LatitudeDegrees>26.993072</LatitudeDegrees>
              <LongitudeDegrees>109.260794</LongitudeDegrees>
            </Position>
            <AltitudeMeters>38.3</AltitudeMeters>
            <DistanceMeters>1920.0</DistanceMeters>
            <Extensions>
              <ns3:TPX>
                <ns3:RunCadence>87</ns3:RunCadence>
              </ns3:TPX>
            </Extensions>
            <Cadence>87</Cadence>
          </Trackpoint>
          <Trackpoint>
            <Time>2020-01-07T00:10:45Z</Time>
            <Position>
              <LatitudeDegrees>26.993006</LatitudeDegrees>
              <LongitudeDegrees>109.260926</LongitudeDegrees>
            </Position>
            <AltitudeMeters>38.3</AltitudeMeters>
            <DistanceMeters>1935.0</DistanceMeters>
            <Extensions>
              <ns3:TPX>
                <ns3:RunCadence>87</ns3:RunCadence>
              </ns3:TPX>
            </Extensions>
            <Cadence>87</Cadence>
          </Trackpoint>
          <Trackpoint>
            <Time>2020-01-07T00:10:50Z</Time>
            <Position>
              <LatitudeDegrees>26.99294</LatitudeDegrees>
              <LongitudeDegrees>109.261060</LongitudeDegrees>
            </Position>
            <AltitudeMeters>38.3</AltitudeMeters>
            <DistanceMeters>1950.0</DistanceMeters>
            <Extensions>
              <ns3:TPX>
                <ns3:RunCadence>87</ns3:RunCadence>
              </ns3:TPX>
            </Extensions>
            <Cadence>87</Cadence>
          </Trackpoint>
          <Trackpoint>
            <Time>2020-01-07T00:10:55Z</Time>
            <Position>
              <LatitudeDegrees>26.992885</LatitudeDegrees>
              <LongitudeDegrees>109.261196</LongitudeDegrees>
            </Position>
            <AltitudeMeters>38.2</AltitudeMeters>
            <DistanceMeters>1965.0</DistanceMeters>
            <Extensions>
              <ns3:TPX>
                <ns3:RunCadence>87</ns3:RunCadence>
              </ns3:TPX>
            </Extensions>
            <Cadence>87</Cadence>
          </Trackpoint>
          <Trackpoint>
            <Time>2020-01-07T00:11:00Z</Time>
            <Position>
              <LatitudeDegrees>26.99283</LatitudeDegrees>
              <LongitudeDegrees>109.261335</LongitudeDegrees>
            </Position>
            <AltitudeMeters>38.2</AltitudeMeters>
            <DistanceMeters>1980.0</DistanceMeters>
            <Extensions>
              <ns3:TPX>
                <ns3:RunCadence>87</ns3:RunCadence>
              </ns3:TPX>
            </Extensions>
            <Cadence>87</Cadence>
          </Trackpoint>
          <Trackpoint>
            <Time>2020-01-07T00:11:05Z</Time>
            <Position>
              <LatitudeDegrees>26.992780</LatitudeDegrees>
              <LongitudeDegrees>109.261475</LongitudeDegrees>
            </Position>
            <AltitudeMeters>38.2</AltitudeMeters>
            <DistanceMeters>1995.0</DistanceMeters>
            <Extensions>
              <ns3:TPX>
                <ns3:RunCadence>87</ns3:RunCadence>
              </ns3:TPX>
            </Extensions>
            <Cadence>87</Cadence>
          </Trackpoint>
          <Trackpoint>
            <Time>2020-01-07T00:11:10Z</Time>
            <Position>
              <LatitudeDegrees>26.99273</LatitudeDegrees>
              <LongitudeDegrees>109.261617</LongitudeDegrees>
            </Position>
            <AltitudeMeters>38.2</AltitudeMeters>
            <DistanceMeters>2010.0</DistanceMeters>
            <Extensions>
              <ns3:TPX>
                <ns3:RunCadence>87</ns3:RunCadence>
              </ns3:TPX>
            </Extensions>
            <Cadence>87</Cadence>
          </Trackpoint>
          <Trackpoint>
            <Time>2020-01-07T00:11:15Z</Time>
            <Position>
              <LatitudeDegrees>26.99269</LatitudeDegrees>
              <LongitudeDegrees>109.261761</LongitudeDegrees>
            </Position>
            <AltitudeMeters>38.1</AltitudeMeters>
            <DistanceMeters>2025.0</DistanceMeters>
            <Extensions>
              <ns3:TPX>
                <ns3:RunCadence>87</ns3:RunCadence>
              </ns3:TPX>
            </Extensions>
            <Cadence>87</Cadence>
          </Trackpoint>
          <Trackpoint>
            <Time>2020-01-07T00:11:20Z</Time>
            <Position>
              <LatitudeDegrees>26.992653</LatitudeDegrees>
              <LongitudeDegrees>109.261906</LongitudeDegrees>
            </Position>
            <AltitudeMeters>38.1</AltitudeMeters>
            <DistanceMeters>2040.0</DistanceMeters>
            <Extensions>
              <ns3:TPX>
                <ns3:RunCadence>87</ns3:RunCadence>
              </ns3:TPX>
            </Extensions>
            <Cadence>87</Cadence>
          </Trackpoint>
          <Trackpoint>
            <Time>2020-01-07T00:11:25Z</Time>
            <Position>
              <LatitudeDegrees>26.992620</LatitudeDegrees>
              <LongitudeDegrees>109.262053</LongitudeDegrees>
            </Position>
            <AltitudeMeters>38.1</AltitudeMeters>
            <DistanceMeters>2055.0</DistanceMeters>
            <Extensions>
              <ns3:TPX>
                <ns3:RunCadence>87</ns3:RunCadence>
              </ns3:TPX>
            </Extensions>
            <Cadence>87</Cadence>
          </Trackpoint>
          <Trackpoint>
            <Time>2020-01-07T00:11:30Z</Time>
            <Position>
              <LatitudeDegrees>26.992590</LatitudeDegrees>
              <LongitudeDegrees>109.262201</LongitudeDegrees>
            </Position>
            <AltitudeMeters>38.1</AltitudeMeters>
            <DistanceMeters>2070.0</DistanceMeters>
            <Extensions>
              <ns3:TPX>
                <ns3:RunCadence>87</ns3:RunCadence>
              </ns3:TPX>
            </Extensions>
            <Cadence>87</Cadence>
          </Trackpoint>
          <Trackpoint>
            <Time>2020-01-07T00:11:35Z</Time>
            <Position>
              <LatitudeDegrees>26.992565</LatitudeDegrees>
              <LongitudeDegrees>109.262349</LongitudeDegrees>
            </Position>
            <AltitudeMeters>38.1</AltitudeMeters>
            <DistanceMeters>2085.0</DistanceMeters>
            <Extensions>
              <ns3:TPX>
                <ns3:RunCadence>87</ns3:RunCadence>
              </ns3:TPX>
            </Extensions>
            <Cadence>87</Cadence>
          </Trackpoint>
          <Trackpoint>
            <Time>2020-01-07T00:11:40Z</Time>
            <Position>
              <LatitudeDegrees>26.992544</LatitudeDegrees>
              <LongitudeDegrees>109.26250</LongitudeDegrees>
            </Position>
            <AltitudeMeters>38.0</AltitudeMeters>
            <DistanceMeters>2100.0</DistanceMeters>
            <Extensions>
              <ns3:TPX>
                <ns3:RunCadence>87</ns3:RunCadence>
              </ns3:TPX>
            </Extensions>
            <Cadence>87</Cadence>
          </Trackpoint>
          <Trackpoint>
            <Time>2020-01-07T00:11:45Z</Time>
            <Position>
              <LatitudeDegrees>26.992528</LatitudeDegrees>
              <LongitudeDegrees>109.262649</LongitudeDegrees>
            </Position>
            <AltitudeMeters>38.0</AltitudeMeters>
            <DistanceMeters>2115.0</DistanceMeters>
            <Extensions>
              <ns3:TPX>
                <ns3:RunCadence>87</ns3:RunCadence>
              </ns3:TPX>
            </Extensions>
            <Cadence>87</Cadence>
          </Trackpoint>
          <Trackpoint>
            <Time>2020-01-07T00:11:50Z</Time>
            <Position>
              <LatitudeDegrees>26.99252</LatitudeDegrees>
              <LongitudeDegrees>109.262800</LongitudeDegrees>
            </Position>
            <AltitudeMeters>38.0</AltitudeMeters>
            <DistanceMeters>2130.0</DistanceMeters>
            <Extensions>
              <ns3:TPX>
                <ns3:RunCadence>87</ns3:RunCadence>
              </ns3:TPX>
            </Extensions>
            <Cadence>87</Cadence>
          </Trackpoint>
          <Trackpoint>
            <Time>2020-01-07T00:11:55Z</Time>
            <Position>
              <LatitudeDegrees>26.992508</LatitudeDegrees>
              <LongitudeDegrees>109.262951</LongitudeDegrees>
            </Position>
            <AltitudeMeters>38.0</AltitudeMeters>
            <DistanceMeters>2145.0</DistanceMeters>
            <Extensions>
              <ns3:TPX>
                <ns3:RunCadence>87</ns3:RunCadence>
              </ns3:TPX>
            </Extensions>
            <Cadence>87</Cadence>
          </Trackpoint>
          <Trackpoint>
            <Time>2020-01-07T00:12:00Z</Time>
            <Position>
              <LatitudeDegrees>26.992505</LatitudeDegrees>
              <LongitudeDegrees>109.263103</LongitudeDegrees>
            </Position>
            <AltitudeMeters>38.0</AltitudeMeters>
            <DistanceMeters>2160.0</DistanceMeters>
            <Extensions>
              <ns3:TPX>
                <ns3:RunCadence>86</ns3:RunCadence>
              </ns3:TPX>
            </Extensions>
            <Cadence>86</Cadence>
          </Trackpoint>
          <Trackpoint>
            <Time>2020-01-07T00:12:05Z</Time>
            <Position>
              <LatitudeDegrees>26.992506</LatitudeDegrees>
              <LongitudeDegrees>109.263254</LongitudeDegrees>
            </Position>
            <AltitudeMeters>38.0</AltitudeMeters>
            <DistanceMeters>2175.0</DistanceMeters>
            <Extensions>
              <ns3:TPX>
                <ns3:RunCadence>86</ns3:RunCadence>
              </ns3:TPX>
            </Extensions>
            <Cadence>86</Cadence>
          </Trackpoint>
          <Trackpoint>
            <Time>2020-01-07T00:12:10Z</Time>
            <Position>
              <LatitudeDegrees>26.992512</LatitudeDegrees>
              <LongitudeDegrees>109.263405</LongitudeDegrees>
            </Position>
            <AltitudeMeters>38.0</AltitudeMeters>
            <DistanceMeters>2190.0</DistanceMeters>
            <Extensions>
              <ns3:TPX>
                <ns3:RunCadence>86</ns3:RunCadence>
              </ns3:TPX>
            </Extensions>
            <Cadence>86</Cadence>
          </Trackpoint>
          <Trackpoint>
            <Time>2020-01-07T00:12:15Z</Time>
            <Position>
              <LatitudeDegrees>26.992522</LatitudeDegrees>
              <LongitudeDegrees>109.263556</LongitudeDegrees>
            </Position>
            <AltitudeMeters>38.0</AltitudeMeters>
            <DistanceMeters>2205.0</DistanceMeters>
            <Extensions>
              <ns3:TPX>
                <ns3:RunCadence>86</ns3:RunCadence>
              </ns3:TPX>
            </Extensions>
            <Cadence>86</Cadence>
          </Trackpoint>
          <Trackpoint>
            <Time>2020-01-07T00:12:20Z</Time>
            <Position>
              <LatitudeDegrees>26.992536</LatitudeDegrees>
              <LongitudeDegrees>109.263707</LongitudeDegrees>
            </Position>
            <AltitudeMeters>38.0</AltitudeMeters>
            <DistanceMeters>2220.0</DistanceMeters>
            <Extensions>
              <ns3:TPX>
                <ns3:RunCadence>86</ns3:RunCadence>
              </ns3:TPX>
            </Extensions>
            <Cadence>86</Cadence>
          </Trackpoint>
          <Trackpoint>
            <Time>2020-01-07T00:12:25Z</Time>
            <Position>
              <LatitudeDegrees>26.992555</LatitudeDegrees>
              <LongitudeDegrees>109.263857</LongitudeDegrees>
            </Position>
            <AltitudeMeters>38.0</AltitudeMeters>
            <DistanceMeters>2235.0</DistanceMeters>
            <Extensions>
              <ns3:TPX>
                <ns3:RunCadence>86</ns3:RunCadence>
              </ns3:TPX>
            </Extensions>
            <Cadence>86</Cadence>
          </Trackpoint>
          <Trackpoint>
            <Time>2020-01-07T00:12:30Z</Time>
            <Position>
              <LatitudeDegrees>26.992578</LatitudeDegrees>
              <LongitudeDegrees>109.264006</LongitudeDegrees>
            </Position>
            <AltitudeMeters>38.0</AltitudeMeters>
            <DistanceMeters>2250.0</DistanceMeters>
            <Extensions>
              <ns3:TPX>
                <ns3:RunCadence>86</ns3:RunCadence>
              </ns3:TPX>
            </Extensions>
            <Cadence>86</Cadence>
          </Trackpoint>
          <Trackpoint>
            <Time>2020-01-07T00:12:35Z</Time>
            <Position>
              <LatitudeDegrees>26.992605</LatitudeDegrees>
              <LongitudeDegrees>109.264154</LongitudeDegrees>
            </Position>
            <AltitudeMeters>38.0</AltitudeMeters>
            <DistanceMeters>2265.0</DistanceMeters>
            <Extensions>
              <ns3:TPX>
                <ns3:RunCadence>86</ns3:RunCadence>
              </ns3:TPX>
            </Extensions>
            <Cadence>86</Cadence>
          </Trackpoint>
          <Trackpoint>
            <Time>2020-01-07T00:12:40Z</Time>
            <Position>
              <LatitudeDegrees>26.992637</LatitudeDegrees>
              <LongitudeDegrees>109.264301</LongitudeDegrees>
            </Position>
            <AltitudeMeters>38.0</AltitudeMeters>
            <DistanceMeters>2280.0</DistanceMeters>
            <Extensions>
              <ns3:TPX>
                <ns3:RunCadence>85</ns3:RunCadence>
              </ns3:TPX>
            </Extensions>
            <Cadence>85</Cadence>
          </Trackpoint>
          <Trackpoint>
            <Time>2020-01-07T00:12:45Z</Time>
            <Position>
              <LatitudeDegrees>26.992673</LatitudeDegrees>
              <LongitudeDegrees>109.264447</LongitudeDegrees>
            </Position>
            <AltitudeMeters>38.0</AltitudeMeters>
            <DistanceMeters>2295.0</DistanceMeters>
            <Extensions>
              <ns3:TPX>
                <ns3:RunCadence>85</ns3:RunCadence>
              </ns3:TPX>
            </Extensions>
            <Cadence>85</Cadence>
          </Trackpoint>
          <Trackpoint>
            <Time>2020-01-07T00:12:50Z</Time>
            <Position>
              <LatitudeDegrees>26.992713</LatitudeDegrees>
              <LongitudeDegrees>109.264592</LongitudeDegrees>
            </Position>
            <AltitudeMeters>38.1</AltitudeMeters>
            <DistanceMeters>2310.0</DistanceMeters>
            <Extensions>
              <ns3:TPX>
                <ns3:RunCadence>85</ns3:RunCadence>
              </ns3:TPX>
            </Extensions>
            <Cadence>85</Cadence>
          </Trackpoint>
          <Trackpoint>
            <Time>2020-01-07T00:12:55Z</Time>
            <Position>
              <LatitudeDegrees>26.992758</LatitudeDegrees>
              <LongitudeDegrees>109.264735</LongitudeDegrees>
            </Position>
            <AltitudeMeters>38.1</AltitudeMeters>
            <DistanceMeters>2325.0</DistanceMeters>
            <Extensions>
              <ns3:TPX>
                <ns3:RunCadence>85</ns3:RunCadence>
              </ns3:TPX>
            </Extensions>
            <Cadence>85</Cadence>
          </Trackpoint>
          <Trackpoint>
            <Time>2020-01-07T00:13:00Z</Time>
            <Position>
              <LatitudeDegrees>26.992806</LatitudeDegrees>
              <LongitudeDegrees>109.264876</LongitudeDegrees>
            </Position>
            <AltitudeMeters>38.1</AltitudeMeters>
            <DistanceMeters>2340.0</DistanceMeters>
            <Extensions>
              <ns3:TPX>
                <ns3:RunCadence>85</ns3:RunCadence>
              </ns3:TPX>
            </Extensions>
            <Cadence>85</Cadence>
          </Trackpoint>
          <Trackpoint>
            <Time>2020-01-07T00:13:05Z</Time>
            <Position>
              <LatitudeDegrees>26.992859</LatitudeDegrees>
              <LongitudeDegrees>109.265015</LongitudeDegrees>
            </Position>
            <AltitudeMeters>38.1</AltitudeMeters>
            <DistanceMeters>2355.0</DistanceMeters>
            <Extensions>
              <ns3:TPX>
                <ns3:RunCadence>85</ns3:RunCadence>
              </ns3:TPX>
            </Extensions>
            <Cadence>85</Cadence>
          </Trackpoint>
          <Trackpoint>
            <Time>2020-01-07T00:13:10Z</Time>
            <Position>
              <LatitudeDegrees>26.992915</LatitudeDegrees>
              <LongitudeDegrees>109.265153</LongitudeDegrees>
            </Position>
            <AltitudeMeters>38.1</AltitudeMeters>
            <DistanceMeters>2370.0</DistanceMeters>
            <Extensions>
              <ns3:TPX>
                <ns3:RunCadence>84</ns3:RunCadence>
              </ns3:TPX>
            </Extensions>
            <Cadence>84</Cadence>
          </Trackpoint>
          <Trackpoint>
            <Time>2020-01-07T00:13:15Z</Time>
            <Position>
              <LatitudeDegrees>26.992976</LatitudeDegrees>
              <LongitudeDegrees>109.265288</LongitudeDegrees>
            </Position>
            <AltitudeMeters>38.2</AltitudeMeters>
            <DistanceMeters>2385.0</DistanceMeters>
            <Extensions>
              <ns3:TPX>
                <ns3:RunCadence>84</ns3:RunCadence>
              </ns3:TPX>
            </Extensions>
            <Cadence>84</Cadence>
          </Trackpoint>
          <Trackpoint>
            <Time>2020-01-07T00:13:20Z</Time>
            <Position>
              <LatitudeDegrees>26.993040</LatitudeDegrees>
              <LongitudeDegrees>109.265421</LongitudeDegrees>
            </Position>
            <AltitudeMeters>38.2</AltitudeMeters>
            <DistanceMeters>2400.0</DistanceMeters>
            <Extensions>
              <ns3:TPX>
                <ns3:RunCadence>84</ns3:RunCadence>
              </ns3:TPX>
            </Extensions>
            <Cadence>84</Cadence>
          </Trackpoint>
          <Trackpoint>
            <Time>2020-01-07T00:13:25Z</Time>
            <Position>
              <LatitudeDegrees>26.993109</LatitudeDegrees>
              <LongitudeDegrees>109.265551</LongitudeDegrees>
            </Position>
            <AltitudeMeters>38.2</AltitudeMeters>
            <DistanceMeters>2415.0</DistanceMeters>
            <Extensions>
              <ns3:TPX>
                <ns3:RunCadence>84</ns3:RunCadence>
              </ns3:TPX>
            </Extensions>
            <Cadence>84</Cadence>
          </Trackpoint>
          <Trackpoint>
            <Time>2020-01-07T00:13:30Z</Time>
            <Position>
              <LatitudeDegrees>26.993181</LatitudeDegrees>
              <LongitudeDegrees>109.265679</LongitudeDegrees>
            </Position>
            <AltitudeMeters>38.3</AltitudeMeters>
            <DistanceMeters>2430.0</DistanceMeters>
            <Extensions>
              <ns3:TPX>
                <ns3:RunCadence>84</ns3:RunCadence>
              </ns3:TPX>
            </Extensions>
            <Cadence>84</Cadence>
          </Trackpoint>
          <Trackpoint>
            <Time>2020-01-07T00:13:35Z</Time>
            <Position>
              <LatitudeDegrees>26.993257</LatitudeDegrees>
              <LongitudeDegrees>109.265804</LongitudeDegrees>
            </Position>
            <AltitudeMeters>38.3</AltitudeMeters>
            <DistanceMeters>2445.0</DistanceMeters>
            <Extensions>
              <ns3:TPX>
                <ns3:RunCadence>84</ns3:RunCadence>
              </ns3:TPX>
            </Extensions>
            <Cadence>84</Cadence>
          </Trackpoint>
          <Trackpoint>
            <Time>2020-01-07T00:13:40Z</Time>
            <Position>
              <LatitudeDegrees>26.993336</LatitudeDegrees>
              <LongitudeDegrees>109.265927</LongitudeDegrees>
            </Position>
            <AltitudeMeters>38.3</AltitudeMeters>
            <DistanceMeters>2460.0</DistanceMeters>
            <Extensions>
              <ns3:TPX>
                <ns3:RunCadence>83</ns3:RunCadence>
              </ns3:TPX>
            </Extensions>
            <Cadence>83</Cadence>
          </Trackpoint>
          <Trackpoint>
            <Time>2020-01-07T00:13:45Z</Time>
            <Position>
              <LatitudeDegrees>26.993419</LatitudeDegrees>
              <LongitudeDegrees>109.266046</LongitudeDegrees>
            </Position>
            <AltitudeMeters>38.4</AltitudeMeters>
            <DistanceMeters>2475.0</DistanceMeters>
            <Extensions>
              <ns3:TPX>
                <ns3:RunCadence>83</ns3:RunCadence>
              </ns3:TPX>
            </Extensions>
            <Cadence>83</Cadence>
          </Trackpoint>
          <Trackpoint>
            <Time>2020-01-07T00:13:50Z</Time>
            <Position>
              <LatitudeDegrees>26.993505</LatitudeDegrees>
              <LongitudeDegrees>109.266163</LongitudeDegrees>
            </Position>
            <AltitudeMeters>38.4</AltitudeMeters>
            <DistanceMeters>2490.0</DistanceMeters>
            <Extensions>
              <ns3:TPX>
                <ns3:RunCadence>83</ns3:RunCadence>
              </ns3:TPX>
            </Extensions>
            <Cadence>83</Cadence>
          </Trackpoint>
          <Trackpoint>
            <Time>2020-01-07T00:13:55Z</Time>
            <Position>
              <LatitudeDegrees>26.993595</LatitudeDegrees>
              <LongitudeDegrees>109.266276</LongitudeDegrees>
            </Position>
            <AltitudeMeters>38.4</AltitudeMeters>
            <DistanceMeters>2505.0</DistanceMeters>
            <Extensions>
              <ns3:TPX>
                <ns3:RunCadence>83</ns3:RunCadence>
              </ns3:TPX>
            </Extensions>
            <Cadence>83</Cadence>
          </Trackpoint>
          <Trackpoint>
            <Time>2020-01-07T00:14:00Z</Time>
            <Position>
              <LatitudeDegrees>26.993688</LatitudeDegrees>
              <LongitudeDegrees>109.266385</LongitudeDegrees>
            </Position>
            <AltitudeMeters>38.5</AltitudeMeters>
            <DistanceMeters>2520.0</DistanceMeters>
            <Extensions>
              <ns3:TPX>
                <ns3:RunCadence>83</ns3:RunCadence>
              </ns3:TPX>
            </Extensions>
            <Cadence>83</Cadence>
          </Trackpoint>
          <Trackpoint>
            <Time>2020-01-07T00:14:05Z</Time>
            <Position>
              <LatitudeDegrees>26.993784</LatitudeDegrees>
              <LongitudeDegrees>109.266492</LongitudeDegrees>
            </Position>
            <AltitudeMeters>38.5</AltitudeMeters>
            <DistanceMeters>2535.0</DistanceMeters>
            <Extensions>
              <ns3:TPX>
                <ns3:RunCadence>83</ns3:RunCadence>
              </ns3:TPX>
            </Extensions>
            <Cadence>83</Cadence>
          </Trackpoint>
          <Trackpoint>
            <Time>2020-01-07T00:14:10Z</Time>
            <Position>
              <LatitudeDegrees>26.993883</LatitudeDegrees>
              <LongitudeDegrees>109.266594</LongitudeDegrees>
            </Position>
            <AltitudeMeters>38.6</AltitudeMeters>
            <DistanceMeters>2550.0</DistanceMeters>
            <Extensions>
              <ns3:TPX>
                <ns3:RunCadence>82</ns3:RunCadence>
              </ns3:TPX>
            </Extensions>
            <Cadence>82</Cadence>
          </Trackpoint>
          <Trackpoint>
            <Time>2020-01-07T00:14:15Z</Time>
            <Position>
              <LatitudeDegrees>26.993985</LatitudeDegrees>
              <LongitudeDegrees>109.266693</LongitudeDegrees>
            </Position>
            <AltitudeMeters>38.6</AltitudeMeters>
            <DistanceMeters>2565.0</DistanceMeters>
            <Extensions>
              <ns3:TPX>
                <ns3:RunCadence>82</ns3:RunCadence>
              </ns3:TPX>
            </Extensions>
            <Cadence>82</Cadence>
          </Trackpoint>
          <Trackpoint>
            <Time>2020-01-07T00:14:20Z</Time>
            <Position>
              <LatitudeDegrees>26.994090</LatitudeDegrees>
              <LongitudeDegrees>109.266788</LongitudeDegrees>
            </Position>
            <AltitudeMeters>38.7</AltitudeMeters>
            <DistanceMeters>2580.0</DistanceMeters>
            <Extensions>
              <ns3:TPX>
                <ns3:RunCadence>82</ns3:RunCadence>
              </ns3:TPX>
            </Extensions>
            <Cadence>82</Cadence>
          </Trackpoint>
          <Trackpoint>
            <Time>2020-01-07T00:14:25Z</Time>
            <Position>
              <LatitudeDegrees>26.994198</LatitudeDegrees>
              <LongitudeDegrees>109.266880</LongitudeDegrees>
            </Position>
            <AltitudeMeters>38.7</AltitudeMeters>
            <DistanceMeters>2595.0</DistanceMeters>
            <Extensions>
              <ns3:TPX>
                <ns3:RunCadence>82</ns3:RunCadence>
              </ns3:TPX>
            </Extensions>
            <Cadence>82</Cadence>
          </Trackpoint>
          <Trackpoint>
            <Time>2020-01-07T00:14:30Z</Time>
            <Position>
              <LatitudeDegrees>26.994308</LatitudeDegrees>
              <LongitudeDegrees>109.266967</LongitudeDegrees>
            </Position>
            <AltitudeMeters>38.8</AltitudeMeters>
            <DistanceMeters>2610.0</DistanceMeters>
            <Extensions>
              <ns3:TPX>
                <ns3:RunCadence>82</ns3:RunCadence>
              </ns3:TPX>
            </Extensions>
            <Cadence>82</Cadence>
          </Trackpoint>
          <Trackpoint>
            <Time>2020-01-07T00:14:35Z</Time>
            <Position>
              <LatitudeDegrees>26.994421</LatitudeDegrees>
              <LongitudeDegrees>109.267050</LongitudeDegrees>
            </Position>
            <AltitudeMeters>38.8</AltitudeMeters>
            <DistanceMeters>2625.0</DistanceMeters>
            <Extensions>
              <ns3:TPX>
                <ns3:RunCadence>82</ns3:RunCadence>
              </ns3:TPX>
            </Extensions>
            <Cadence>82</Cadence>
          </Trackpoint>
          <Trackpoint>
            <Time>2020-01-07T00:14:40Z</Time>
            <Position>
              <LatitudeDegrees>26.994536</LatitudeDegrees>
              <LongitudeDegrees>109.267129</LongitudeDegrees>
            </Position>
            <AltitudeMeters>38.9</AltitudeMeters>
            <DistanceMeters>2640.0</DistanceMeters>
            <Extensions>
              <ns3:TPX>
                <ns3:RunCadence>82</ns3:RunCadence>
              </ns3:TPX>
            </Extensions>
            <Cadence>82</Cadence>
          </Trackpoint>
          <Trackpoint>
            <Time>2020-01-07T00:14:45Z</Time>
            <Position>
              <LatitudeDegrees>26.994653</LatitudeDegrees>
              <LongitudeDegrees>109.267204</LongitudeDegrees>
            </Position>
            <AltitudeMeters>38.9</AltitudeMeters>
            <DistanceMeters>2655.0</DistanceMeters>
            <Extensions>
              <ns3:TPX>
                <ns3:RunCadence>81</ns3:RunCadence>
              </ns3:TPX>
            </Extensions>
            <Cadence>81</Cadence>
          </Trackpoint>
          <Trackpoint>
            <Time>2020-01-07T00:14:50Z</Time>
            <Position>
              <LatitudeDegrees>26.994772</LatitudeDegrees>
              <LongitudeDegrees>109.267275</LongitudeDegrees>
            </Position>
            <AltitudeMeters>39.0</AltitudeMeters>
            <DistanceMeters>2670.0</DistanceMeters>
            <Extensions>
              <ns3:TPX>
                <ns3:RunCadence>81</ns3:RunCadence>
              </ns3:TPX>
            </Extensions>
            <Cadence>81</Cadence>
          </Trackpoint>
          <Trackpoint>
            <Time>2020-01-07T00:14:55Z</Time>
            <Position>
              <LatitudeDegrees>26.994894</LatitudeDegrees>
              <LongitudeDegrees>109.267341</LongitudeDegrees>
            </Position>
            <AltitudeMeters>39.0</AltitudeMeters>
            <DistanceMeters>2685.0</DistanceMeters>
            <Extensions>
              <ns3:TPX>
                <ns3:RunCadence>81</ns3:RunCadence>
              </ns3:TPX>
            </Extensions>
            <Cadence>81</Cadence>
          </Trackpoint>
          <Trackpoint>
            <Time>2020-01-07T00:15:00Z</Time>
            <Position>
              <LatitudeDegrees>26.995017</LatitudeDegrees>
              <LongitudeDegrees>109.267402</LongitudeDegrees>
            </Position>
            <AltitudeMeters>39.1</AltitudeMeters>
            <DistanceMeters>2700.0</DistanceMeters>
            <Extensions>
              <ns3:TPX>
                <ns3:RunCadence>81</ns3:RunCadence>
              </ns3:TPX>
            </Extensions>
            <Cadence>81</Cadence>
          </Trackpoint>
          <Trackpoint>
            <Time>2020-01-07T00:15:05Z</Time>
            <Position>
              <LatitudeDegrees>26.995142</LatitudeDegrees>
              <LongitudeDegrees>109.267459</LongitudeDegrees>
            </Position>
            <AltitudeMeters>39.1</AltitudeMeters>
            <DistanceMeters>2715.0</DistanceMeters>
            <Extensions>
              <ns3:TPX>
                <ns3:RunCadence>81</ns3:RunCadence>
              </ns3:TPX>
            </Extensions>
            <Cadence>81</Cadence>
          </Trackpoint>
          <Trackpoint>
            <Time>2020-01-07T00:15:10Z</Time>
            <Position>
              <LatitudeDegrees>26.995269</LatitudeDegrees>
              <LongitudeDegrees>109.267511</LongitudeDegrees>
            </Position>
            <AltitudeMeters>39.2</AltitudeMeters>
            <DistanceMeters>2730.0</DistanceMeters>
            <Extensions>
              <ns3:TPX>
                <ns3:RunCadence>81</ns3:RunCadence>
              </ns3:TPX>
            </Extensions>
            <Cadence>81</Cadence>
          </Trackpoint>
          <Trackpoint>
            <Time>2020-01-07T00:15:15Z</Time>
            <Position>
              <LatitudeDegrees>26.995397</LatitudeDegrees>
              <LongitudeDegrees>109.267559</LongitudeDegrees>
            </Position>
            <AltitudeMeters>39.3</AltitudeMeters>
            <DistanceMeters>2745.0</DistanceMeters>
            <Extensions>
              <ns3:TPX>
                <ns3:RunCadence>81</ns3:RunCadence>
              </ns3:TPX>
            </Extensions>
            <Cadence>81</Cadence>
          </Trackpoint>
          <Trackpoint>
            <Time>2020-01-07T00:15:20Z</Time>
            <Position>
              <LatitudeDegrees>26.995526</LatitudeDegrees>
              <LongitudeDegrees>109.267602</LongitudeDegrees>
            </Position>
            <AltitudeMeters>39.3</AltitudeMeters>
            <DistanceMeters>2760.0</DistanceMeters>
            <Extensions>
              <ns3:TPX>
                <ns3:RunCadence>81</ns3:RunCadence>
              </ns3:TPX>
            </Extensions>
            <Cadence>81</Cadence>
          </Trackpoint>
          <Trackpoint>
            <Time>2020-01-07T00:15:25Z</Time>
            <Position>
              <LatitudeDegrees>26.995657</LatitudeDegrees>
              <LongitudeDegrees>109.267640</LongitudeDegrees>
            </Position>
            <AltitudeMeters>39.4</AltitudeMeters>
            <DistanceMeters>2775.0</DistanceMeters>
            <Extensions>
              <ns3:TPX>
                <ns3:RunCadence>81</ns3:RunCadence>
              </ns3:TPX>
            </Extensions>
            <Cadence>81</Cadence>
          </Trackpoint>
          <Trackpoint>
            <Time>2020-01-07T00:15:30Z</Time>
            <Position>
              <LatitudeDegrees>26.995788</LatitudeDegrees>
              <LongitudeDegrees>109.267674</LongitudeDegrees>
            </Position>
            <AltitudeMeters>39.4</AltitudeMeters>
            <DistanceMeters>2790.0</DistanceMeters>
            <Extensions>
              <ns3:TPX>
                <ns3:RunCadence>81</ns3:RunCadence>
              </ns3:TPX>
            </Extensions>
            <Cadence>81</Cadence>
          </Trackpoint>
          <Trackpoint>
            <Time>2020-01-07T00:15:35Z</Time>
            <Position>
              <LatitudeDegrees>26.99592</LatitudeDegrees>
              <LongitudeDegrees>109.267702</LongitudeDegrees>
            </Position>
            <AltitudeMeters>39.5</AltitudeMeters>
            <DistanceMeters>2805.0</DistanceMeters>
            <Extensions>
              <ns3:TPX>
                <ns3:RunCadence>81</ns3:RunCadence>
              </ns3:TPX>
            </Extensions>
            <Cadence>81</Cadence>
          </Trackpoint>
          <Trackpoint>
            <Time>2020-01-07T00:15:40Z</Time>
            <Position>
              <LatitudeDegrees>26.996054</LatitudeDegrees>
              <LongitudeDegrees>109.267726</LongitudeDegrees>
            </Position>
            <AltitudeMeters>39.6</AltitudeMeters>
            <DistanceMeters>2820.0</DistanceMeters>
            <Extensions>
              <ns3:TPX>
                <ns3:RunCadence>81</ns3:RunCadence>
              </ns3:TPX>
            </Extensions>
            <Cadence>81</Cadence>
          </Trackpoint>
          <Trackpoint>
            <Time>2020-01-07T00:15:45Z</Time>
            <Position>
              <LatitudeDegrees>26.99619</LatitudeDegrees>
              <LongitudeDegrees>109.267745</LongitudeDegrees>
            </Position>
            <AltitudeMeters>39.6</AltitudeMeters>
            <DistanceMeters>2835.0</DistanceMeters>
            <Extensions>
              <ns3:TPX>
                <ns3:RunCadence>81</ns3:RunCadence>
              </ns3:TPX>
            </Extensions>
            <Cadence>81</Cadence>
          </Trackpoint>
          <Trackpoint>
            <Time>2020-01-07T00:15:50Z</Time>
            <Position>
              <LatitudeDegrees>26.996322</LatitudeDegrees>
              <LongitudeDegrees>109.267759</LongitudeDegrees>
            </Position>
            <AltitudeMeters>39.7</AltitudeMeters>
            <DistanceMeters>2850.0</DistanceMeters>
            <Extensions>
              <ns3:TPX>
                <ns3:RunCadence>81</ns3:RunCadence>
              </ns3:TPX>
            </Extensions>
            <Cadence>81</Cadence>
          </Trackpoint>
          <Trackpoint>
            <Time>2020-01-07T00:15:55Z</Time>
            <Position>
              <LatitudeDegrees>26.996457</LatitudeDegrees>
              <LongitudeDegrees>109.267768</LongitudeDegrees>
            </Position>
            <AltitudeMeters>39.8</AltitudeMeters>
            <DistanceMeters>2865.0</DistanceMeters>
            <Extensions>
              <ns3:TPX>
                <ns3:RunCadence>81</ns3:RunCadence>
              </ns3:TPX>
            </Extensions>
            <Cadence>81</Cadence>
          </Trackpoint>
          <Trackpoint>
            <Time>2020-01-07T00:16:00Z</Time>
            <Position>
              <LatitudeDegrees>26.996591</LatitudeDegrees>
              <LongitudeDegrees>109.267772</LongitudeDegrees>
            </Position>
            <AltitudeMeters>39.8</AltitudeMeters>
            <DistanceMeters>2880.0</DistanceMeters>
            <Extensions>
              <ns3:TPX>
                <ns3:RunCadence>81</ns3:RunCadence>
              </ns3:TPX>
            </Extensions>
            <Cadence>81</Cadence>
          </Trackpoint>
          <Trackpoint>
            <Time>2020-01-07T00:16:05Z</Time>
            <Position>
              <LatitudeDegrees>26.996726</LatitudeDegrees>
              <LongitudeDegrees>109.267771</LongitudeDegrees>
            </Position>
            <AltitudeMeters>39.9</AltitudeMeters>
            <DistanceMeters>2895.0</DistanceMeters>
            <Extensions>
              <ns3:TPX>
                <ns3:RunCadence>81</ns3:RunCadence>
              </ns3:TPX>
            </Extensions>
            <Cadence>81</Cadence>
          </Trackpoint>
          <Trackpoint>
            <Time>2020-01-07T00:16:10Z</Time>
            <Position>
              <LatitudeDegrees>26.99686</LatitudeDegrees>
              <LongitudeDegrees>109.267765</LongitudeDegrees>
            </Position>
            <AltitudeMeters>39.9</AltitudeMeters>
            <DistanceMeters>2910.0</DistanceMeters>
            <Extensions>
              <ns3:TPX>
                <ns3:RunCadence>81</ns3:RunCadence>
              </ns3:TPX>
            </Extensions>
            <Cadence>81</Cadence>
          </Trackpoint>
          <Trackpoint>
            <Time>2020-01-07T00:16:15Z</Time>
            <Position>
              <LatitudeDegrees>26.996996</LatitudeDegrees>
              <LongitudeDegrees>109.267754</LongitudeDegrees>
            </Position>
            <AltitudeMeters>40.0</AltitudeMeters>
            <DistanceMeters>2925.0</DistanceMeters>
            <Extensions>
              <ns3:TPX>
                <ns3:RunCadence>81</ns3:RunCadence>
              </ns3:TPX>
            </Extensions>
            <Cadence>81</Cadence>
          </Trackpoint>
          <Trackpoint>
            <Time>2020-01-07T00:16:20Z</Time>
            <Position>
              <LatitudeDegrees>26.997130</LatitudeDegrees>
              <LongitudeDegrees>109.267738</LongitudeDegrees>
            </Position>
            <AltitudeMeters>40.1</AltitudeMeters>
            <DistanceMeters>2940.0</DistanceMeters>
            <Extensions>
              <ns3:TPX>
                <ns3:RunCadence>81</ns3:RunCadence>
              </ns3:TPX>
            </Extensions>
            <Cadence>81</Cadence>
          </Trackpoint>
          <Trackpoint>
            <Time>2020-01-07T00:16:25Z</Time>
            <Position>
              <LatitudeDegrees>26.997263</LatitudeDegrees>
              <LongitudeDegrees>109.267718</LongitudeDegrees>
            </Position>
            <AltitudeMeters>40.1</AltitudeMeters>
            <DistanceMeters>2955.0</DistanceMeters>
            <Extensions>
              <ns3:TPX>
                <ns3:RunCadence>82</ns3:RunCadence>
              </ns3:TPX>
            </Extensions>
            <Cadence>82</Cadence>
          </Trackpoint>
          <Trackpoint>
            <Time>2020-01-07T00:16:30Z</Time>
            <Position>
              <LatitudeDegrees>26.997396</LatitudeDegrees>
              <LongitudeDegrees>109.267692</LongitudeDegrees>
            </Position>
            <AltitudeMeters>40.2</AltitudeMeters>
            <DistanceMeters>2970.0</DistanceMeters>
            <Extensions>
              <ns3:TPX>
                <ns3:RunCadence>82</ns3:RunCadence>
              </ns3:TPX>
            </Extensions>
            <Cadence>82</Cadence>
          </Trackpoint>
          <Trackpoint>
            <Time>2020-01-07T00:16:35Z</Time>
            <Position>
              <LatitudeDegrees>26.9975</LatitudeDegrees>
              <LongitudeDegrees>109.267662</LongitudeDegrees>
            </Position>
            <AltitudeMeters>40.3</AltitudeMeters>
            <DistanceMeters>2985.0</DistanceMeters>
            <Extensions>
              <ns3:TPX>
                <ns3:RunCadence>82</ns3:RunCadence>
              </ns3:TPX>
            </Extensions>
            <Cadence>82</Cadence>
          </Trackpoint>
          <Trackpoint>
            <Time>2020-01-07T00:16:40Z</Time>
            <Position>
              <LatitudeDegrees>26.997660</LatitudeDegrees>
              <LongitudeDegrees>109.26763</LongitudeDegrees>
            </Position>
            <AltitudeMeters>40.3</AltitudeMeters>
            <DistanceMeters>3000.0</DistanceMeters>
            <Extensions>
              <ns3:TPX>
                <ns3:RunCadence>82</ns3:RunCadence>
              </ns3:TPX>
            </Extensions>
            <Cadence>82</Cadence>
          </Trackpoint>
          <Trackpoint>
            <Time>2020-01-07T00:16:45Z</Time>
            <Position>
              <LatitudeDegrees>26.997790</LatitudeDegrees>
              <LongitudeDegrees>109.267587</LongitudeDegrees>
            </Position>
            <AltitudeMeters>40.4</AltitudeMeters>
            <DistanceMeters>3015.0</DistanceMeters>
            <Extensions>
              <ns3:TPX>
                <ns3:RunCadence>82</ns3:RunCadence>
              </ns3:TPX>
            </Extensions>
            <Cadence>82</Cadence>
          </Trackpoint>
          <Trackpoint>
            <Time>2020-01-07T00:16:50Z</Time>
            <Position>
              <LatitudeDegrees>26.997919</LatitudeDegrees>
              <LongitudeDegrees>109.267542</LongitudeDegrees>
            </Position>
            <AltitudeMeters>40.5</AltitudeMeters>
            <DistanceMeters>3030.0</DistanceMeters>
            <Extensions>
              <ns3:TPX>
                <ns3:RunCadence>82</ns3:RunCadence>
              </ns3:TPX>
            </Extensions>
            <Cadence>82</Cadence>
          </Trackpoint>
          <Trackpoint>
            <Time>2020-01-07T00:16:55Z</Time>
            <Position>
              <LatitudeDegrees>26.998046</LatitudeDegrees>
              <LongitudeDegrees>109.267492</LongitudeDegrees>
            </Position>
            <AltitudeMeters>40.5</AltitudeMeters>
            <DistanceMeters>3045.0</DistanceMeters>
            <Extensions>
              <ns3:TPX>
                <ns3:RunCadence>82</ns3:RunCadence>
              </ns3:TPX>
            </Extensions>
            <Cadence>82</Cadence>
          </Trackpoint>
          <Trackpoint>
            <Time>2020-01-07T00:17:00Z</Time>
            <Position>
              <LatitudeDegrees>26.998172</LatitudeDegrees>
              <LongitudeDegrees>109.267438</LongitudeDegrees>
            </Position>
            <AltitudeMeters>40.6</AltitudeMeters>
            <DistanceMeters>3060.0</DistanceMeters>
            <Extensions>
              <ns3:TPX>
                <ns3:RunCadence>82</ns3:RunCadence>
              </ns3:TPX>
            </Extensions>
            <Cadence>82</Cadence>
          </Trackpoint>
          <Trackpoint>
            <Time>2020-01-07T00:17:05Z</Time>
            <Position>
              <LatitudeDegrees>26.998297</LatitudeDegrees>
              <LongitudeDegrees>109.267380</LongitudeDegrees>
            </Position>
            <AltitudeMeters>40.6</AltitudeMeters>
            <DistanceMeters>3075.0</DistanceMeters>
            <Extensions>
              <ns3:TPX>
                <ns3:RunCadence>83</ns3:RunCadence>
              </ns3:TPX>
            </Extensions>
            <Cadence>83</Cadence>
          </Trackpoint>
          <Trackpoint>
            <Time>2020-01-07T00:17:10Z</Time>
            <Position>
              <LatitudeDegrees>26.998419</LatitudeDegrees>
              <LongitudeDegrees>109.267316</LongitudeDegrees>
            </Position>
            <AltitudeMeters>40.7</AltitudeMeters>
            <DistanceMeters>3090.0</DistanceMeters>
            <Extensions>
              <ns3:TPX>
                <ns3:RunCadence>83</ns3:RunCadence>
              </ns3:TPX>
            </Extensions>
            <Cadence>83</Cadence>
          </Trackpoint>
          <Trackpoint>
            <Time>2020-01-07T00:17:15Z</Time>
            <Position>
              <LatitudeDegrees>26.998540</LatitudeDegrees>
              <LongitudeDegrees>109.267249</LongitudeDegrees>
            </Position>
            <AltitudeMeters>40.8</AltitudeMeters>
            <DistanceMeters>3105.0</DistanceMeters>
            <Extensions>
              <ns3:TPX>
                <ns3:RunCadence>83</ns3:RunCadence>
              </ns3:TPX>
            </Extensions>
            <Cadence>83</Cadence>
          </Trackpoint>
          <Trackpoint>
            <Time>2020-01-07T00:17:20Z</Time>
            <Position>
              <LatitudeDegrees>26.998658</LatitudeDegrees>
              <LongitudeDegrees>109.267177</LongitudeDegrees>
            </Position>
            <AltitudeMeters>40.8</AltitudeMeters>
            <DistanceMeters>3120.0</DistanceMeters>
            <Extensions>
              <ns3:TPX>
                <ns3:RunCadence>83</ns3:RunCadence>
              </ns3:TPX>
            </Extensions>
            <Cadence>83</Cadence>
          </Trackpoint>
          <Trackpoint>
            <Time>2020-01-07T00:17:25Z</Time>
            <Position>
              <LatitudeDegrees>26.998775</LatitudeDegrees>
              <LongitudeDegrees>109.26710</LongitudeDegrees>
            </Position>
            <AltitudeMeters>40.9</AltitudeMeters>
            <DistanceMeters>3135.0</DistanceMeters>
            <Extensions>
              <ns3:TPX>
                <ns3:RunCadence>83</ns3:RunCadence>
              </ns3:TPX>
            </Extensions>
            <Cadence>83</Cadence>
          </Trackpoint>
          <Trackpoint>
            <Time>2020-01-07T00:17:30Z</Time>
            <Position>
              <LatitudeDegrees>26.998889</LatitudeDegrees>
              <LongitudeDegrees>109.267020</LongitudeDegrees>
            </Position>
            <AltitudeMeters>40.9</AltitudeMeters>
            <DistanceMeters>3150.0</DistanceMeters>
            <Extensions>
              <ns3:TPX>
                <ns3:RunCadence>83</ns3:RunCadence>
              </ns3:TPX>
            </Extensions>
            <Cadence>83</Cadence>
          </Trackpoint>
          <Trackpoint>
            <Time>2020-01-07T00:17:35Z</Time>
            <Position>
              <LatitudeDegrees>26.999001</LatitudeDegrees>
              <LongitudeDegrees>109.26693</LongitudeDegrees>
            </Position>
            <AltitudeMeters>41.0</AltitudeMeters>
            <DistanceMeters>3165.0</DistanceMeters>
            <Extensions>
              <ns3:TPX>
                <ns3:RunCadence>84</ns3:RunCadence>
              </ns3:TPX>
            </Extensions>
            <Cadence>84</Cadence>
          </Trackpoint>
          <Trackpoint>
            <Time>2020-01-07T00:17:40Z</Time>
            <Position>
              <LatitudeDegrees>26.999110</LatitudeDegrees>
              <LongitudeDegrees>109.266846</LongitudeDegrees>
            </Position>
            <AltitudeMeters>41.1</AltitudeMeters>
            <DistanceMeters>3180.0</DistanceMeters>
            <Extensions>
              <ns3:TPX>
                <ns3:RunCadence>84</ns3:RunCadence>
              </ns3:TPX>
            </Extensions>
            <Cadence>84</Cadence>
          </Trackpoint>
          <Trackpoint>
            <Time>2020-01-07T00:17:45Z</Time>
            <Position>
              <LatitudeDegrees>26.999217</LatitudeDegrees>
              <LongitudeDegrees>109.266753</LongitudeDegrees>
            </Position>
            <AltitudeMeters>41.1</AltitudeMeters>
            <DistanceMeters>3195.0</DistanceMeters>
            <Extensions>
              <ns3:TPX>
                <ns3:RunCadence>84</ns3:RunCadence>
              </ns3:TPX>
            </Extensions>
            <Cadence>84</Cadence>
          </Trackpoint>
          <Trackpoint>
            <Time>2020-01-07T00:17:50Z</Time>
            <Position>
              <LatitudeDegrees>26.9993</LatitudeDegrees>
              <LongitudeDegrees>109.266657</LongitudeDegrees>
            </Position>
            <AltitudeMeters>41.2</AltitudeMeters>
            <DistanceMeters>3210.0</DistanceMeters>
            <Extensions>
              <ns3:TPX>
                <ns3:RunCadence>84</ns3:RunCadence>
              </ns3:TPX>
            </Extensions>
            <Cadence>84</Cadence>
          </Trackpoint>
          <Trackpoint>
            <Time>2020-01-07T00:17:55Z</Time>
            <Position>
              <LatitudeDegrees>26.999421</LatitudeDegrees>
              <LongitudeDegrees>109.266556</LongitudeDegrees>
            </Position>
            <AltitudeMeters>41.2</AltitudeMeters>
            <DistanceMeters>3225.0</DistanceMeters>
            <Extensions>
              <ns3:TPX>
                <ns3:RunCadence>84</ns3:RunCadence>
              </ns3:TPX>
            </Extensions>
            <Cadence>84</Cadence>
          </Trackpoint>
          <Trackpoint>
            <Time>2020-01-07T00:18:00Z</Time>
            <Position>
              <LatitudeDegrees>26.99952</LatitudeDegrees>
              <LongitudeDegrees>109.26645</LongitudeDegrees>
            </Position>
            <AltitudeMeters>41.3</AltitudeMeters>
            <DistanceMeters>3240.0</DistanceMeters>
            <Extensions>
              <ns3:TPX>
                <ns3:RunCadence>84</ns3:RunCadence>
              </ns3:TPX>
            </Extensions>
            <Cadence>84</Cadence>
          </Trackpoint>
          <Trackpoint>
            <Time>2020-01-07T00:18:05Z</Time>
            <Position>
              <LatitudeDegrees>26.999614</LatitudeDegrees>
              <LongitudeDegrees>109.266345</LongitudeDegrees>
            </Position>
            <AltitudeMeters>41.3</AltitudeMeters>
            <DistanceMeters>3255.0</DistanceMeters>
            <Extensions>
              <ns3:TPX>
                <ns3:RunCadence>85</ns3:RunCadence>
              </ns3:TPX>
            </Extensions>
            <Cadence>85</Cadence>
          </Trackpoint>
          <Trackpoint>
            <Time>2020-01-07T00:18:10Z</Time>
            <Position>
              <LatitudeDegrees>26.999706</LatitudeDegrees>
              <LongitudeDegrees>109.266234</LongitudeDegrees>
            </Position>
            <AltitudeMeters>41.4</AltitudeMeters>
            <DistanceMeters>3270.0</DistanceMeters>
            <Extensions>
              <ns3:TPX>
                <ns3:RunCadence>85</ns3:RunCadence>
              </ns3:TPX>
            </Extensions>
            <Cadence>85</Cadence>
          </Trackpoint>
          <Trackpoint>
            <Time>2020-01-07T00:18:15Z</Time>
            <Position>
              <LatitudeDegrees>26.999795</LatitudeDegrees>
              <LongitudeDegrees>109.266120</LongitudeDegrees>
            </Position>
            <AltitudeMeters>41.4</AltitudeMeters>
            <DistanceMeters>3285.0</DistanceMeters>
            <Extensions>
              <ns3:TPX>
                <ns3:RunCadence>85</ns3:RunCadence>
              </ns3:TPX>
            </Extensions>
            <Cadence>85</Cadence>
          </Trackpoint>
          <Trackpoint>
            <Time>2020-01-07T00:18:20Z</Time>
            <Position>
              <LatitudeDegrees>26.99988</LatitudeDegrees>
              <LongitudeDegrees>109.26600</LongitudeDegrees>
            </Position>
            <AltitudeMeters>41.5</AltitudeMeters>
            <DistanceMeters>3300.0</DistanceMeters>
            <Extensions>
              <ns3:TPX>
                <ns3:RunCadence>85</ns3:RunCadence>
              </ns3:TPX>
            </Extensions>
            <Cadence>85</Cadence>
          </Trackpoint>
          <Trackpoint>
            <Time>2020-01-07T00:18:25Z</Time>
            <Position>
              <LatitudeDegrees>26.999961</LatitudeDegrees>
              <LongitudeDegrees>109.265882</LongitudeDegrees>
            </Position>
            <AltitudeMeters>41.5</AltitudeMeters>
            <DistanceMeters>3315.0</DistanceMeters>
            <Extensions>
              <ns3:TPX>
                <ns3:RunCadence>85</ns3:RunCadence>
              </ns3:TPX>
            </Extensions>
            <Cadence>85</Cadence>
          </Trackpoint>
          <Trackpoint>
            <Time>2020-01-07T00:18:30Z</Time>
            <Position>
              <LatitudeDegrees>27.000039</LatitudeDegrees>
              <LongitudeDegrees>109.265758</LongitudeDegrees>
            </Position>
            <AltitudeMeters>41.5</AltitudeMeters>
            <DistanceMeters>3330.0</DistanceMeters>
            <Extensions>
              <ns3:TPX>
                <ns3:RunCadence>85</ns3:RunCadence>
              </ns3:TPX>
            </Extensions>
            <Cadence>85</Cadence>
          </Trackpoint>
          <Trackpoint>
            <Time>2020-01-07T00:18:35Z</Time>
            <Position>
              <LatitudeDegrees>27.000114</LatitudeDegrees>
              <LongitudeDegrees>109.265632</LongitudeDegrees>
            </Position>
            <AltitudeMeters>41.6</AltitudeMeters>
            <DistanceMeters>3345.0</DistanceMeters>
            <Extensions>
              <ns3:TPX>
                <ns3:RunCadence>86</ns3:RunCadence>
              </ns3:TPX>
            </Extensions>
            <Cadence>86</Cadence>
          </Trackpoint>
          <Trackpoint>
            <Time>2020-01-07T00:18:40Z</Time>
            <Position>
              <LatitudeDegrees>27.000185</LatitudeDegrees>
              <LongitudeDegrees>109.265503</LongitudeDegrees>
            </Position>
            <AltitudeMeters>41.6</AltitudeMeters>
            <DistanceMeters>3360.0</DistanceMeters>
            <Extensions>
              <ns3:TPX>
                <ns3:RunCadence>86</ns3:RunCadence>
              </ns3:TPX>
            </Extensions>
            <Cadence>86</Cadence>
          </Trackpoint>
          <Trackpoint>
            <Time>2020-01-07T00:18:45Z</Time>
            <Position>
              <LatitudeDegrees>27.000251</LatitudeDegrees>
              <LongitudeDegrees>109.265371</LongitudeDegrees>
            </Position>
            <AltitudeMeters>41.7</AltitudeMeters>
            <DistanceMeters>3375.0</DistanceMeters>
            <Extensions>
              <ns3:TPX>
                <ns3:RunCadence>86</ns3:RunCadence>
              </ns3:TPX>
            </Extensions>
            <Cadence>86</Cadence>
          </Trackpoint>
          <Trackpoint>
            <Time>2020-01-07T00:18:50Z</Time>
            <Position>
              <LatitudeDegrees>27.000315</LatitudeDegrees>
              <LongitudeDegrees>109.265238</LongitudeDegrees>
            </Position>
            <AltitudeMeters>41.7</AltitudeMeters>
            <DistanceMeters>3390.0</DistanceMeters>
            <Extensions>
              <ns3:TPX>
                <ns3:RunCadence>86</ns3:RunCadence>
              </ns3:TPX>
            </Extensions>
            <Cadence>86</Cadence>
          </Trackpoint>
          <Trackpoint>
            <Time>2020-01-07T00:18:55Z</Time>
            <Position>
              <LatitudeDegrees>27.000374</LatitudeDegrees>
              <LongitudeDegrees>109.265102</LongitudeDegrees>
            </Position>
            <AltitudeMeters>41.7</AltitudeMeters>
            <DistanceMeters>3405.0</DistanceMeters>
            <Extensions>
              <ns3:TPX>
                <ns3:RunCadence>86</ns3:RunCadence>
              </ns3:TPX>
            </Extensions>
            <Cadence>86</Cadence>
          </Trackpoint>
          <Trackpoint>
            <Time>2020-01-07T00:19:00Z</Time>
            <Position>
              <LatitudeDegrees>27.000429</LatitudeDegrees>
              <LongitudeDegrees>109.265</LongitudeDegrees>
            </Position>
            <AltitudeMeters>41.8</AltitudeMeters>
            <DistanceMeters>3420.0</DistanceMeters>
            <Extensions>
              <ns3:TPX>
                <ns3:RunCadence>86</ns3:RunCadence>
              </ns3:TPX>
            </Extensions>
            <Cadence>86</Cadence>
          </Trackpoint>
          <Trackpoint>
            <Time>2020-01-07T00:19:05Z</Time>
            <Position>
              <LatitudeDegrees>27.000480</LatitudeDegrees>
              <LongitudeDegrees>109.264823</LongitudeDegrees>
            </Position>
            <AltitudeMeters>41.8</AltitudeMeters>
            <DistanceMeters>3435.0</DistanceMeters>
            <Extensions>
              <ns3:TPX>
                <ns3:RunCadence>86</ns3:RunCadence>
              </ns3:TPX>
            </Extensions>
            <Cadence>86</Cadence>
          </Trackpoint>
          <Trackpoint>
            <Time>2020-01-07T00:19:10Z</Time>
            <Position>
              <LatitudeDegrees>27.000527</LatitudeDegrees>
              <LongitudeDegrees>109.264681</LongitudeDegrees>
            </Position>
            <AltitudeMeters>41.8</AltitudeMeters>
            <DistanceMeters>3450.0</DistanceMeters>
            <Extensions>
              <ns3:TPX>
                <ns3:RunCadence>86</ns3:RunCadence>
              </ns3:TPX>
            </Extensions>
            <Cadence>86</Cadence>
          </Trackpoint>
          <Trackpoint>
            <Time>2020-01-07T00:19:15Z</Time>
            <Position>
              <LatitudeDegrees>27.000570</LatitudeDegrees>
              <LongitudeDegrees>109.264538</LongitudeDegrees>
            </Position>
            <AltitudeMeters>41.8</AltitudeMeters>
            <DistanceMeters>3465.0</DistanceMeters>
            <Extensions>
              <ns3:TPX>
                <ns3:RunCadence>87</ns3:RunCadence>
              </ns3:TPX>
            </Extensions>
            <Cadence>87</Cadence>
          </Trackpoint>
          <Trackpoint>
            <Time>2020-01-07T00:19:20Z</Time>
            <Position>
              <LatitudeDegrees>27.000608</LatitudeDegrees>
              <LongitudeDegrees>109.264393</LongitudeDegrees>
            </Position>
            <AltitudeMeters>41.9</AltitudeMeters>
            <DistanceMeters>3480.0</DistanceMeters>
            <Extensions>
              <ns3:TPX>
                <ns3:RunCadence>87</ns3:RunCadence>
              </ns3:TPX>
            </Extensions>
            <Cadence>87</Cadence>
          </Trackpoint>
          <Trackpoint>
            <Time>2020-01-07T00:19:25Z</Time>
            <Position>
              <LatitudeDegrees>27.000643</LatitudeDegrees>
              <LongitudeDegrees>109.264246</LongitudeDegrees>
            </Position>
            <AltitudeMeters>41.9</AltitudeMeters>
            <DistanceMeters>3495.0</DistanceMeters>
            <Extensions>
              <ns3:TPX>
                <ns3:RunCadence>87</ns3:RunCadence>
              </ns3:TPX>
            </Extensions>
            <Cadence>87</Cadence>
          </Trackpoint>
          <Trackpoint>
            <Time>2020-01-07T00:19:30Z</Time>
            <Position>
              <LatitudeDegrees>27.000673</LatitudeDegrees>
              <LongitudeDegrees>109.264099</LongitudeDegrees>
            </Position>
            <AltitudeMeters>41.9</AltitudeMeters>
            <DistanceMeters>3510.0</DistanceMeters>
            <Extensions>
              <ns3:TPX>
                <ns3:RunCadence>87</ns3:RunCadence>
              </ns3:TPX>
            </Extensions>
            <Cadence>87</Cadence>
          </Trackpoint>
          <Trackpoint>
            <Time>2020-01-07T00:19:35Z</Time>
            <Position>
              <LatitudeDegrees>27.000699</LatitudeDegrees>
              <LongitudeDegrees>109.263950</LongitudeDegrees>
            </Position>
            <AltitudeMeters>41.9</AltitudeMeters>
            <DistanceMeters>3525.0</DistanceMeters>
            <Extensions>
              <ns3:TPX>
                <ns3:RunCadence>87</ns3:RunCadence>
              </ns3:TPX>
            </Extensions>
            <Cadence>87</Cadence>
          </Trackpoint>
          <Trackpoint>
            <Time>2020-01-07T00:19:40Z</Time>
            <Position>
              <LatitudeDegrees>27.000720</LatitudeDegrees>
              <LongitudeDegrees>109.26380</LongitudeDegrees>
            </Position>
            <AltitudeMeters>41.9</AltitudeMeters>
            <DistanceMeters>3540.0</DistanceMeters>
            <Extensions>
              <ns3:TPX>
                <ns3:RunCadence>87</ns3:RunCadence>
              </ns3:TPX>
            </Extensions>
            <Cadence>87</Cadence>
          </Trackpoint>
          <Trackpoint>
            <Time>2020-01-07T00:19:45Z</Time>
            <Position>
              <LatitudeDegrees>27.000737</LatitudeDegrees>
              <LongitudeDegrees>109.263651</LongitudeDegrees>
            </Position>
            <AltitudeMeters>42.0</AltitudeMeters>
            <DistanceMeters>3555.0</DistanceMeters>
            <Extensions>
              <ns3:TPX>
                <ns3:RunCadence>87</ns3:RunCadence>
              </ns3:TPX>
            </Extensions>
            <Cadence>87</Cadence>
          </Trackpoint>
          <Trackpoint>
            <Time>2020-01-07T00:19:50Z</Time>
            <Position>
              <LatitudeDegrees>27.000750</LatitudeDegrees>
              <LongitudeDegrees>109.263500</LongitudeDegrees>
            </Position>
            <AltitudeMeters>42.0</AltitudeMeters>
            <DistanceMeters>3570.0</DistanceMeters>
            <Extensions>
              <ns3:TPX>
                <ns3:RunCadence>87</ns3:RunCadence>
              </ns3:TPX>
            </Extensions>
            <Cadence>87</Cadence>
          </Trackpoint>
          <Trackpoint>
            <Time>2020-01-07T00:19:55Z</Time>
            <Position>
              <LatitudeDegrees>27.000758</LatitudeDegrees>
              <LongitudeDegrees>109.263349</LongitudeDegrees>
            </Position>
            <AltitudeMeters>42.0</AltitudeMeters>
            <DistanceMeters>3585.0</DistanceMeters>
            <Extensions>
              <ns3:TPX>
                <ns3:RunCadence>87</ns3:RunCadence>
              </ns3:TPX>
            </Extensions>
            <Cadence>87</Cadence>
          </Trackpoint>
          <Trackpoint>
            <Time>2020-01-07T00:20:00Z</Time>
            <Position>
              <LatitudeDegrees>27.000762</LatitudeDegrees>
              <LongitudeDegrees>109.263198</LongitudeDegrees>
            </Position>
            <AltitudeMeters>42.0</AltitudeMeters>
            <DistanceMeters>3600.0</DistanceMeters>
            <Extensions>
              <ns3:TPX>
                <ns3:RunCadence>87</ns3:RunCadence>
              </ns3:TPX>
            </Extensions>
            <Cadence>87</Cadence>
          </Trackpoint>
          <Trackpoint>
            <Time>2020-01-07T00:20:05Z</Time>
            <Position>
              <LatitudeDegrees>27.000762</LatitudeDegrees>
              <LongitudeDegrees>109.263046</LongitudeDegrees>
            </Position>
            <AltitudeMeters>42.0</AltitudeMeters>
            <DistanceMeters>3615.0</DistanceMeters>
            <Extensions>
              <ns3:TPX>
                <ns3:RunCadence>87</ns3:RunCadence>
              </ns3:TPX>
            </Extensions>
            <Cadence>87</Cadence>
          </Trackpoint>
          <Trackpoint>
            <Time>2020-01-07T00:20:10Z</Time>
            <Position>
              <LatitudeDegrees>27.000757</LatitudeDegrees>
              <LongitudeDegrees>109.262895</LongitudeDegrees>
            </Position>
            <AltitudeMeters>42.0</AltitudeMeters>
            <DistanceMeters>3630.0</DistanceMeters>
            <Extensions>
              <ns3:TPX>
                <ns3:RunCadence>87</ns3:RunCadence>
              </ns3:TPX>
            </Extensions>
            <Cadence>87</Cadence>
          </Trackpoint>
          <Trackpoint>
            <Time>2020-01-07T00:20:15Z</Time>
            <Position>
              <LatitudeDegrees>27.000748</LatitudeDegrees>
              <LongitudeDegrees>109.262744</LongitudeDegrees>
            </Position>
            <AltitudeMeters>42.0</AltitudeMeters>
            <DistanceMeters>3645.0</DistanceMeters>
            <Extensions>
              <ns3:TPX>
                <ns3:RunCadence>87</ns3:RunCadence>
              </ns3:TPX>
            </Extensions>
            <Cadence>87</Cadence>
          </Trackpoint>
          <Trackpoint>
            <Time>2020-01-07T00:20:20Z</Time>
            <Position>
              <LatitudeDegrees>27.000734</LatitudeDegrees>
              <LongitudeDegrees>109.262593</LongitudeDegrees>
            </Position>
            <AltitudeMeters>42.0</AltitudeMeters>
            <DistanceMeters>3660.0</DistanceMeters>
            <Extensions>
              <ns3:TPX>
                <ns3:RunCadence>87</ns3:RunCadence>
              </ns3:TPX>
            </Extensions>
            <Cadence>87</Cadence>
          </Trackpoint>
          <Trackpoint>
            <Time>2020-01-07T00:20:25Z</Time>
            <Position>
              <LatitudeDegrees>27.000716</LatitudeDegrees>
              <LongitudeDegrees>109.262443</LongitudeDegrees>
            </Position>
            <AltitudeMeters>42.0</AltitudeMeters>
            <DistanceMeters>3675.0</DistanceMeters>
            <Extensions>
              <ns3:TPX>
                <ns3:RunCadence>87</ns3:RunCadence>
              </ns3:TPX>
            </Extensions>
            <Cadence>87</Cadence>
          </Trackpoint>
          <Trackpoint>
            <Time>2020-01-07T00:20:30Z</Time>
            <Position>
              <LatitudeDegrees>27.000694</LatitudeDegrees>
              <LongitudeDegrees>109.262294</LongitudeDegrees>
            </Position>
            <AltitudeMeters>42.0</AltitudeMeters>
            <DistanceMeters>3690.0</DistanceMeters>
            <Extensions>
              <ns3:TPX>
                <ns3:RunCadence>87</ns3:RunCadence>
              </ns3:TPX>
            </Extensions>
            <Cadence>87</Cadence>
          </Trackpoint>
          <Trackpoint>
            <Time>2020-01-07T00:20:35Z</Time>
            <Position>
              <LatitudeDegrees>27.000667</LatitudeDegrees>
              <LongitudeDegrees>109.262146</LongitudeDegrees>
            </Position>
            <AltitudeMeters>42.0</AltitudeMeters>
            <DistanceMeters>3705.0</DistanceMeters>
            <Extensions>
              <ns3:TPX>
                <ns3:RunCadence>87</ns3:RunCadence>
              </ns3:TPX>
            </Extensions>
            <Cadence>87</Cadence>
          </Trackpoint>
          <Trackpoint>
            <Time>2020-01-07T00:20:40Z</Time>
            <Position>
              <LatitudeDegrees>27.000636</LatitudeDegrees>
              <LongitudeDegrees>109.261998</LongitudeDegrees>
            </Position>
            <AltitudeMeters>42.0</AltitudeMeters>
            <DistanceMeters>3720.0</DistanceMeters>
            <Extensions>
              <ns3:TPX>
                <ns3:RunCadence>87</ns3:RunCadence>
              </ns3:TPX>
            </Extensions>
            <Cadence>87</Cadence>
          </Trackpoint>
          <Trackpoint>
            <Time>2020-01-07T00:20:45Z</Time>
            <Position>
              <LatitudeDegrees>27.000600</LatitudeDegrees>
              <LongitudeDegrees>109.26185</LongitudeDegrees>
            </Position>
            <AltitudeMeters>42.0</AltitudeMeters>
            <DistanceMeters>3735.0</DistanceMeters>
            <Extensions>
              <ns3:TPX>
                <ns3:RunCadence>87</ns3:RunCadence>
              </ns3:TPX>
            </Extensions>
            <Cadence>87</Cadence>
          </Trackpoint>
          <Trackpoint>
            <Time>2020-01-07T00:20:50Z</Time>
            <Position>
              <LatitudeDegrees>27.000561</LatitudeDegrees>
              <LongitudeDegrees>109.261707</LongitudeDegrees>
            </Position>
            <AltitudeMeters>42.0</AltitudeMeters>
            <DistanceMeters>3750.0</DistanceMeters>
            <Extensions>
              <ns3:TPX>
                <ns3:RunCadence>87</ns3:RunCadence>
              </ns3:TPX>
            </Extensions>
            <Cadence>87</Cadence>
          </Trackpoint>
          <Trackpoint>
            <Time>2020-01-07T00:20:55Z</Time>
            <Position>
              <LatitudeDegrees>27.000517</LatitudeDegrees>
              <LongitudeDegrees>109.261564</LongitudeDegrees>
            </Position>
            <AltitudeMeters>41.9</AltitudeMeters>
            <DistanceMeters>3765.0</DistanceMeters>
            <Extensions>
              <ns3:TPX>
                <ns3:RunCadence>86</ns3:RunCadence>
              </ns3:TPX>
            </Extensions>
            <Cadence>86</Cadence>
          </Trackpoint>
          <Trackpoint>
            <Time>2020-01-07T00:21:00Z</Time>
            <Position>
              <LatitudeDegrees>27.000469</LatitudeDegrees>
              <LongitudeDegrees>109.261423</LongitudeDegrees>
            </Position>
            <AltitudeMeters>41.9</AltitudeMeters>
            <DistanceMeters>3780.0</DistanceMeters>
            <Extensions>
              <ns3:TPX>
                <ns3:RunCadence>86</ns3:RunCadence>
              </ns3:TPX>
            </Extensions>
            <Cadence>86</Cadence>
          </Trackpoint>
          <Trackpoint>
            <Time>2020-01-07T00:21:05Z</Time>
            <Position>
              <LatitudeDegrees>27.000417</LatitudeDegrees>
              <LongitudeDegrees>109.261283</LongitudeDegrees>
            </Position>
            <AltitudeMeters>41.9</AltitudeMeters>
            <DistanceMeters>3795.0</DistanceMeters>
            <Extensions>
              <ns3:TPX>
                <ns3:RunCadence>86</ns3:RunCadence>
              </ns3:TPX>
            </Extensions>
            <Cadence>86</Cadence>
          </Trackpoint>
          <Trackpoint>
            <Time>2020-01-07T00:21:10Z</Time>
            <Position>
              <LatitudeDegrees>27.00036</LatitudeDegrees>
              <LongitudeDegrees>109.26115</LongitudeDegrees>
            </Position>
            <AltitudeMeters>41.9</AltitudeMeters>
            <DistanceMeters>3810.0</DistanceMeters>
            <Extensions>
              <ns3:TPX>
                <ns3:RunCadence>86</ns3:RunCadence>
              </ns3:TPX>
            </Extensions>
            <Cadence>86</Cadence>
          </Trackpoint>
          <Trackpoint>
            <Time>2020-01-07T00:21:15Z</Time>
            <Position>
              <LatitudeDegrees>27.000301</LatitudeDegrees>
              <LongitudeDegrees>109.261010</LongitudeDegrees>
            </Position>
            <AltitudeMeters>41.9</AltitudeMeters>
            <DistanceMeters>3825.0</DistanceMeters>
            <Extensions>
              <ns3:TPX>
                <ns3:RunCadence>86</ns3:RunCadence>
              </ns3:TPX>
            </Extensions>
            <Cadence>86</Cadence>
          </Trackpoint>
          <Trackpoint>
            <Time>2020-01-07T00:21:20Z</Time>
            <Position>
              <LatitudeDegrees>27.000237</LatitudeDegrees>
              <LongitudeDegrees>109.260876</LongitudeDegrees>
            </Position>
            <AltitudeMeters>41.8</AltitudeMeters>
            <DistanceMeters>3840.0</DistanceMeters>
            <Extensions>
              <ns3:TPX>
                <ns3:RunCadence>86</ns3:RunCadence>
              </ns3:TPX>
            </Extensions>
            <Cadence>86</Cadence>
          </Trackpoint>
          <Trackpoint>
            <Time>2020-01-07T00:21:25Z</Time>
            <Position>
              <LatitudeDegrees>27.000170</LatitudeDegrees>
              <LongitudeDegrees>109.260745</LongitudeDegrees>
            </Position>
            <AltitudeMeters>41.8</AltitudeMeters>
            <DistanceMeters>3855.0</DistanceMeters>
            <Extensions>
              <ns3:TPX>
                <ns3:RunCadence>86</ns3:RunCadence>
              </ns3:TPX>
            </Extensions>
            <Cadence>86</Cadence>
          </Trackpoint>
          <Trackpoint>
            <Time>2020-01-07T00:21:30Z</Time>
            <Position>
              <LatitudeDegrees>27.000098</LatitudeDegrees>
              <LongitudeDegrees>109.260617</LongitudeDegrees>
            </Position>
            <AltitudeMeters>41.8</AltitudeMeters>
            <DistanceMeters>3870.0</DistanceMeters>
            <Extensions>
              <ns3:TPX>
                <ns3:RunCadence>86</ns3:RunCadence>
              </ns3:TPX>
            </Extensions>
            <Cadence>86</Cadence>
          </Trackpoint>
          <Trackpoint>
            <Time>2020-01-07T00:21:35Z</Time>
            <Position>
              <LatitudeDegrees>27.000023</LatitudeDegrees>
              <LongitudeDegrees>109.260491</LongitudeDegrees>
            </Position>
            <AltitudeMeters>41.8</AltitudeMeters>
            <DistanceMeters>3885.0</DistanceMeters>
            <Extensions>
              <ns3:TPX>
                <ns3:RunCadence>85</ns3:RunCadence>
              </ns3:TPX>
            </Extensions>
            <Cadence>85</Cadence>
          </Trackpoint>
          <Trackpoint>
            <Time>2020-01-07T00:21:40Z</Time>
            <Position>
              <LatitudeDegrees>26.999944</LatitudeDegrees>
              <LongitudeDegrees>109.260369</LongitudeDegrees>
            </Position>
            <AltitudeMeters>41.7</AltitudeMeters>
            <DistanceMeters>3900.0</DistanceMeters>
            <Extensions>
              <ns3:TPX>
                <ns3:RunCadence>85</ns3:RunCadence>
              </ns3:TPX>
            </Extensions>
            <Cadence>85</Cadence>
          </Trackpoint>
          <Trackpoint>
            <Time>2020-01-07T00:21:45Z</Time>
            <Position>
              <LatitudeDegrees>26.999862</LatitudeDegrees>
              <LongitudeDegrees>109.260249</LongitudeDegrees>
            </Position>
            <AltitudeMeters>41.7</AltitudeMeters>
            <DistanceMeters>3915.0</DistanceMeters>
            <Extensions>
              <ns3:TPX>
                <ns3:RunCadence>85</ns3:RunCadence>
              </ns3:TPX>
            </Extensions>
            <Cadence>85</Cadence>
          </Trackpoint>
          <Trackpoint>
            <Time>2020-01-07T00:21:50Z</Time>
            <Position>
              <LatitudeDegrees>26.999776</LatitudeDegrees>
              <LongitudeDegrees>109.260132</LongitudeDegrees>
            </Position>
            <AltitudeMeters>41.7</AltitudeMeters>
            <DistanceMeters>3930.0</DistanceMeters>
            <Extensions>
              <ns3:TPX>
                <ns3:RunCadence>85</ns3:RunCadence>
              </ns3:TPX>
            </Extensions>
            <Cadence>85</Cadence>
          </Trackpoint>
          <Trackpoint>
            <Time>2020-01-07T00:21:55Z</Time>
            <Position>
              <LatitudeDegrees>26.999687</LatitudeDegrees>
              <LongitudeDegrees>109.260018</LongitudeDegrees>
            </Position>
            <AltitudeMeters>41.6</AltitudeMeters>
            <DistanceMeters>3945.0</DistanceMeters>
            <Extensions>
              <ns3:TPX>
                <ns3:RunCadence>85</ns3:RunCadence>
              </ns3:TPX>
            </Extensions>
            <Cadence>85</Cadence>
          </Trackpoint>
          <Trackpoint>
            <Time>2020-01-07T00:22:00Z</Time>
            <Position>
              <LatitudeDegrees>26.999594</LatitudeDegrees>
              <LongitudeDegrees>109.259908</LongitudeDegrees>
            </Position>
            <AltitudeMeters>41.6</AltitudeMeters>
            <DistanceMeters>3960.0</DistanceMeters>
            <Extensions>
              <ns3:TPX>
                <ns3:RunCadence>85</ns3:RunCadence>
              </ns3:TPX>
            </Extensions>
            <Cadence>85</Cadence>
          </Trackpoint>
          <Trackpoint>
            <Time>2020-01-07T00:22:05Z</Time>
            <Position>
              <LatitudeDegrees>26.999499</LatitudeDegrees>
              <LongitudeDegrees>109.259801</LongitudeDegrees>
            </Position>
            <AltitudeMeters>41.5</AltitudeMeters>
            <DistanceMeters>3975.0</DistanceMeters>
            <Extensions>
              <ns3:TPX>
                <ns3:RunCadence>84</ns3:RunCadence>
              </ns3:TPX>
            </Extensions>
            <Cadence>84</Cadence>
          </Trackpoint>
          <Trackpoint>
            <Time>2020-01-07T00:22:10Z</Time>
            <Position>
              <LatitudeDegrees>26.999400</LatitudeDegrees>
              <LongitudeDegrees>109.259698</LongitudeDegrees>
            </Position>
            <AltitudeMeters>41.5</AltitudeMeters>
            <DistanceMeters>3990.0</DistanceMeters>
            <Extensions>
              <ns3:TPX>
                <ns3:RunCadence>84</ns3:RunCadence>
              </ns3:TPX>
            </Extensions>
            <Cadence>84</Cadence>
          </Trackpoint>
          <Trackpoint>
            <Time>2020-01-07T00:22:15Z</Time>
            <Position>
              <LatitudeDegrees>26.999298</LatitudeDegrees>
              <LongitudeDegrees>109.259598</LongitudeDegrees>
            </Position>
            <AltitudeMeters>41.5</AltitudeMeters>
            <DistanceMeters>4005.0</DistanceMeters>
            <Extensions>
              <ns3:TPX>
                <ns3:RunCadence>84</ns3:RunCadence>
              </ns3:TPX>
            </Extensions>
            <Cadence>84</Cadence>
          </Trackpoint>
          <Trackpoint>
            <Time>2020-01-07T00:22:20Z</Time>
            <Position>
              <LatitudeDegrees>26.9992</LatitudeDegrees>
              <LongitudeDegrees>109.259503</LongitudeDegrees>
            </Position>
            <AltitudeMeters>41.4</AltitudeMeters>
            <DistanceMeters>4020.0</DistanceMeters>
            <Extensions>
              <ns3:TPX>
                <ns3:RunCadence>84</ns3:RunCadence>
              </ns3:TPX>
            </Extensions>
            <Cadence>84</Cadence>
          </Trackpoint>
          <Trackpoint>
            <Time>2020-01-07T00:22:25Z</Time>
            <Position>
              <LatitudeDegrees>26.999087</LatitudeDegrees>
              <LongitudeDegrees>109.259411</LongitudeDegrees>
            </Position>
            <AltitudeMeters>41.4</AltitudeMeters>
            <DistanceMeters>4035.0</DistanceMeters>
            <Extensions>
              <ns3:TPX>
                <ns3:RunCadence>84</ns3:RunCadence>
              </ns3:TPX>
            </Extensions>
            <Cadence>84</Cadence>
          </Trackpoint>
          <Trackpoint>
            <Time>2020-01-07T00:22:30Z</Time>
            <Position>
              <LatitudeDegrees>26.998977</LatitudeDegrees>
              <LongitudeDegrees>109.259323</LongitudeDegrees>
            </Position>
            <AltitudeMeters>41.3</AltitudeMeters>
            <DistanceMeters>4050.0</DistanceMeters>
            <Extensions>
              <ns3:TPX>
                <ns3:RunCadence>83</ns3:RunCadence>
              </ns3:TPX>
            </Extensions>
            <Cadence>83</Cadence>
          </Trackpoint>
          <Trackpoint>
            <Time>2020-01-07T00:22:35Z</Time>
            <Position>
              <LatitudeDegrees>26.998865</LatitudeDegrees>
              <LongitudeDegrees>109.259239</LongitudeDegrees>
            </Position>
            <AltitudeMeters>41.3</AltitudeMeters>
            <DistanceMeters>4065.0</DistanceMeters>
            <Extensions>
              <ns3:TPX>
                <ns3:RunCadence>83</ns3:RunCadence>
              </ns3:TPX>
            </Extensions>
            <Cadence>83</Cadence>
          </Trackpoint>
          <Trackpoint>
            <Time>2020-01-07T00:22:40Z</Time>
            <Position>
              <LatitudeDegrees>26.998750</LatitudeDegrees>
              <LongitudeDegrees>109.259159</LongitudeDegrees>
            </Position>
            <AltitudeMeters>41.2</AltitudeMeters>
            <DistanceMeters>4080.0</DistanceMeters>
            <Extensions>
              <ns3:TPX>
                <ns3:RunCadence>83</ns3:RunCadence>
              </ns3:TPX>
            </Extensions>
            <Cadence>83</Cadence>
          </Trackpoint>
          <Trackpoint>
            <Time>2020-01-07T00:22:45Z</Time>
            <Position>
              <LatitudeDegrees>26.998633</LatitudeDegrees>
              <LongitudeDegrees>109.259084</LongitudeDegrees>
            </Position>
            <AltitudeMeters>41.2</AltitudeMeters>
            <DistanceMeters>4095.0</DistanceMeters>
            <Extensions>
              <ns3:TPX>
                <ns3:RunCadence>83</ns3:RunCadence>
              </ns3:TPX>
            </Extensions>
            <Cadence>83</Cadence>
          </Trackpoint>
          <Trackpoint>
            <Time>2020-01-07T00:22:50Z</Time>
            <Position>
              <LatitudeDegrees>26.998514</LatitudeDegrees>
              <LongitudeDegrees>109.259013</LongitudeDegrees>
            </Position>
            <AltitudeMeters>41.1</AltitudeMeters>
            <DistanceMeters>4110.0</DistanceMeters>
            <Extensions>
              <ns3:TPX>
                <ns3:RunCadence>83</ns3:RunCadence>
              </ns3:TPX>
            </Extensions>
            <Cadence>83</Cadence>
          </Trackpoint>
          <Trackpoint>
            <Time>2020-01-07T00:22:55Z</Time>
            <Position>
              <LatitudeDegrees>26.998393</LatitudeDegrees>
              <LongitudeDegrees>109.258946</LongitudeDegrees>
            </Position>
            <AltitudeMeters>41.1</AltitudeMeters>
            <DistanceMeters>4125.0</DistanceMeters>
            <Extensions>
              <ns3:TPX>
                <ns3:RunCadence>83</ns3:RunCadence>
              </ns3:TPX>
            </Extensions>
            <Cadence>83</Cadence>
          </Trackpoint>
          <Trackpoint>
            <Time>2020-01-07T00:23:00Z</Time>
            <Position>
              <LatitudeDegrees>26.998270</LatitudeDegrees>
              <LongitudeDegrees>109.258884</LongitudeDegrees>
            </Position>
            <AltitudeMeters>41.0</AltitudeMeters>
            <DistanceMeters>4140.0</DistanceMeters>
            <Extensions>
              <ns3:TPX>
                <ns3:RunCadence>82</ns3:RunCadence>
              </ns3:TPX>
            </Extensions>
            <Cadence>82</Cadence>
          </Trackpoint>
          <Trackpoint>
            <Time>2020-01-07T00:23:05Z</Time>
            <Position>
              <LatitudeDegrees>26.998145</LatitudeDegrees>
              <LongitudeDegrees>109.258826</LongitudeDegrees>
            </Position>
            <AltitudeMeters>40.9</AltitudeMeters>
            <DistanceMeters>4155.0</DistanceMeters>
            <Extensions>
              <ns3:TPX>
                <ns3:RunCadence>82</ns3:RunCadence>
              </ns3:TPX>
            </Extensions>
            <Cadence>82</Cadence>
          </Trackpoint>
          <Trackpoint>
            <Time>2020-01-07T00:23:10Z</Time>
            <Position>
              <LatitudeDegrees>26.998019</LatitudeDegrees>
              <LongitudeDegrees>109.258773</LongitudeDegrees>
            </Position>
            <AltitudeMeters>40.9</AltitudeMeters>
            <DistanceMeters>4170.0</DistanceMeters>
            <Extensions>
              <ns3:TPX>
                <ns3:RunCadence>82</ns3:RunCadence>
              </ns3:TPX>
            </Extensions>
            <Cadence>82</Cadence>
          </Trackpoint>
          <Trackpoint>
            <Time>2020-01-07T00:23:15Z</Time>
            <Position>
              <LatitudeDegrees>26.997891</LatitudeDegrees>
              <LongitudeDegrees>109.258724</LongitudeDegrees>
            </Position>
            <AltitudeMeters>40.8</AltitudeMeters>
            <DistanceMeters>4185.0</DistanceMeters>
            <Extensions>
              <ns3:TPX>
                <ns3:RunCadence>82</ns3:RunCadence>
              </ns3:TPX>
            </Extensions>
            <Cadence>82</Cadence>
          </Trackpoint>
          <Trackpoint>
            <Time>2020-01-07T00:23:20Z</Time>
            <Position>
              <LatitudeDegrees>26.997762</LatitudeDegrees>
              <LongitudeDegrees>109.258681</LongitudeDegrees>
            </Position>
            <AltitudeMeters>40.8</AltitudeMeters>
            <DistanceMeters>4200.0</DistanceMeters>
            <Extensions>
              <ns3:TPX>
                <ns3:RunCadence>82</ns3:RunCadence>
              </ns3:TPX>
            </Extensions>
            <Cadence>82</Cadence>
          </Trackpoint>
          <Trackpoint>
            <Time>2020-01-07T00:23:25Z</Time>
            <Position>
              <LatitudeDegrees>26.997631</LatitudeDegrees>
              <LongitudeDegrees>109.258642</LongitudeDegrees>
            </Position>
            <AltitudeMeters>40.7</AltitudeMeters>
            <DistanceMeters>4215.0</DistanceMeters>
            <Extensions>
              <ns3:TPX>
                <ns3:RunCadence>82</ns3:RunCadence>
              </ns3:TPX>
            </Extensions>
            <Cadence>82</Cadence>
          </Trackpoint>
          <Trackpoint>
            <Time>2020-01-07T00:23:30Z</Time>
            <Position>
              <LatitudeDegrees>26.997500</LatitudeDegrees>
              <LongitudeDegrees>109.258607</LongitudeDegrees>
            </Position>
            <AltitudeMeters>40.6</AltitudeMeters>
            <DistanceMeters>4230.0</DistanceMeters>
            <Extensions>
              <ns3:TPX>
                <ns3:RunCadence>82</ns3:RunCadence>
              </ns3:TPX>
            </Extensions>
            <Cadence>82</Cadence>
          </Trackpoint>
          <Trackpoint>
            <Time>2020-01-07T00:23:35Z</Time>
            <Position>
              <LatitudeDegrees>26.997368</LatitudeDegrees>
              <LongitudeDegrees>109.25858</LongitudeDegrees>
            </Position>
            <AltitudeMeters>40.6</AltitudeMeters>
            <DistanceMeters>4245.0</DistanceMeters>
            <Extensions>
              <ns3:TPX>
                <ns3:RunCadence>82</ns3:RunCadence>
              </ns3:TPX>
            </Extensions>
            <Cadence>82</Cadence>
          </Trackpoint>
          <Trackpoint>
            <Time>2020-01-07T00:23:40Z</Time>
            <Position>
              <LatitudeDegrees>26.997235</LatitudeDegrees>
              <LongitudeDegrees>109.25855</LongitudeDegrees>
            </Position>
            <AltitudeMeters>40.5</AltitudeMeters>
            <DistanceMeters>4260.0</DistanceMeters>
            <Extensions>
              <ns3:TPX>
                <ns3:RunCadence>81</ns3:RunCadence>
              </ns3:TPX>
            </Extensions>
            <Cadence>81</Cadence>
          </Trackpoint>
          <Trackpoint>
            <Time>2020-01-07T00:23:45Z</Time>
            <Position>
              <LatitudeDegrees>26.997101</LatitudeDegrees>
              <LongitudeDegrees>109.258534</LongitudeDegrees>
            </Position>
            <AltitudeMeters>40.5</AltitudeMeters>
            <DistanceMeters>4275.0</DistanceMeters>
            <Extensions>
              <ns3:TPX>
                <ns3:RunCadence>81</ns3:RunCadence>
              </ns3:TPX>
            </Extensions>
            <Cadence>81</Cadence>
          </Trackpoint>
          <Trackpoint>
            <Time>2020-01-07T00:23:50Z</Time>
            <Position>
              <LatitudeDegrees>26.996967</LatitudeDegrees>
              <LongitudeDegrees>109.258519</LongitudeDegrees>
            </Position>
            <AltitudeMeters>40.4</AltitudeMeters>
            <DistanceMeters>4290.0</DistanceMeters>
            <Extensions>
              <ns3:TPX>
                <ns3:RunCadence>81</ns3:RunCadence>
              </ns3:TPX>
            </Extensions>
            <Cadence>81</Cadence>
          </Trackpoint>
          <Trackpoint>
            <Time>2020-01-07T00:23:55Z</Time>
            <Position>
              <LatitudeDegrees>26.996832</LatitudeDegrees>
              <LongitudeDegrees>109.258510</LongitudeDegrees>
            </Position>
            <AltitudeMeters>40.3</AltitudeMeters>
            <DistanceMeters>4305.0</DistanceMeters>
            <Extensions>
              <ns3:TPX>
                <ns3:RunCadence>81</ns3:RunCadence>
              </ns3:TPX>
            </Extensions>
            <Cadence>81</Cadence>
          </Trackpoint>
          <Trackpoint>
            <Time>2020-01-07T00:24:00Z</Time>
            <Position>
              <LatitudeDegrees>26.996697</LatitudeDegrees>
              <LongitudeDegrees>109.258505</LongitudeDegrees>
            </Position>
            <AltitudeMeters>40.3</AltitudeMeters>
            <DistanceMeters>4320.0</DistanceMeters>
            <Extensions>
              <ns3:TPX>
                <ns3:RunCadence>81</ns3:RunCadence>
              </ns3:TPX>
            </Extensions>
            <Cadence>81</Cadence>
          </Trackpoint>
          <Trackpoint>
            <Time>2020-01-07T00:24:05Z</Time>
            <Position>
              <LatitudeDegrees>26.996562</LatitudeDegrees>
              <LongitudeDegrees>109.258505</LongitudeDegrees>
            </Position>
            <AltitudeMeters>40.2</AltitudeMeters>
            <DistanceMeters>4335.0</DistanceMeters>
            <Extensions>
              <ns3:TPX>
                <ns3:RunCadence>81</ns3:RunCadence>
              </ns3:TPX>
            </Extensions>
            <Cadence>81</Cadence>
          </Trackpoint>
          <Trackpoint>
            <Time>2020-01-07T00:24:10Z</Time>
            <Position>
              <LatitudeDegrees>26.996427</LatitudeDegrees>
              <LongitudeDegrees>109.258510</LongitudeDegrees>
            </Position>
            <AltitudeMeters>40.1</AltitudeMeters>
            <DistanceMeters>4350.0</DistanceMeters>
            <Extensions>
              <ns3:TPX>
                <ns3:RunCadence>81</ns3:RunCadence>
              </ns3:TPX>
            </Extensions>
            <Cadence>81</Cadence>
          </Trackpoint>
          <Trackpoint>
            <Time>2020-01-07T00:24:15Z</Time>
            <Position>
              <LatitudeDegrees>26.996293</LatitudeDegrees>
              <LongitudeDegrees>109.258520</LongitudeDegrees>
            </Position>
            <AltitudeMeters>40.1</AltitudeMeters>
            <DistanceMeters>4365.0</DistanceMeters>
            <Extensions>
              <ns3:TPX>
                <ns3:RunCadence>81</ns3:RunCadence>
              </ns3:TPX>
            </Extensions>
            <Cadence>81</Cadence>
          </Trackpoint>
          <Trackpoint>
            <Time>2020-01-07T00:24:20Z</Time>
            <Position>
              <LatitudeDegrees>26.996159</LatitudeDegrees>
              <LongitudeDegrees>109.258535</LongitudeDegrees>
            </Position>
            <AltitudeMeters>40.0</AltitudeMeters>
            <DistanceMeters>4380.0</DistanceMeters>
            <Extensions>
              <ns3:TPX>
                <ns3:RunCadence>81</ns3:RunCadence>
              </ns3:TPX>
            </Extensions>
            <Cadence>81</Cadence>
          </Trackpoint>
          <Trackpoint>
            <Time>2020-01-07T00:24:25Z</Time>
            <Position>
              <LatitudeDegrees>26.996025</LatitudeDegrees>
              <LongitudeDegrees>109.258555</LongitudeDegrees>
            </Position>
            <AltitudeMeters>39.9</AltitudeMeters>
            <DistanceMeters>4395.0</DistanceMeters>
            <Extensions>
              <ns3:TPX>
                <ns3:RunCadence>81</ns3:RunCadence>
              </ns3:TPX>
            </Extensions>
            <Cadence>81</Cadence>
          </Trackpoint>
          <Trackpoint>
            <Time>2020-01-07T00:24:30Z</Time>
            <Position>
              <LatitudeDegrees>26.995892</LatitudeDegrees>
              <LongitudeDegrees>109.258580</LongitudeDegrees>
            </Position>
            <AltitudeMeters>39.9</AltitudeMeters>
            <DistanceMeters>4410.0</DistanceMeters>
            <Extensions>
              <ns3:TPX>
                <ns3:RunCadence>81</ns3:RunCadence>
              </ns3:TPX>
            </Extensions>
            <Cadence>81</Cadence>
          </Trackpoint>
          <Trackpoint>
            <Time>2020-01-07T00:24:35Z</Time>
            <Position>
              <LatitudeDegrees>26.99576</LatitudeDegrees>
              <LongitudeDegrees>109.258609</LongitudeDegrees>
            </Position>
            <AltitudeMeters>39.8</AltitudeMeters>
            <DistanceMeters>4425.0</DistanceMeters>
            <Extensions>
              <ns3:TPX>
                <ns3:RunCadence>81</ns3:RunCadence>
              </ns3:TPX>
            </Extensions>
            <Cadence>81</Cadence>
          </Trackpoint>
          <Trackpoint>
            <Time>2020-01-07T00:24:40Z</Time>
            <Position>
              <LatitudeDegrees>26.995628</LatitudeDegrees>
              <LongitudeDegrees>109.258644</LongitudeDegrees>
            </Position>
            <AltitudeMeters>39.8</AltitudeMeters>
            <DistanceMeters>4440.0</DistanceMeters>
            <Extensions>
              <ns3:TPX>
                <ns3:RunCadence>81</ns3:RunCadence>
              </ns3:TPX>
            </Extensions>
            <Cadence>81</Cadence>
          </Trackpoint>
          <Trackpoint>
            <Time>2020-01-07T00:24:45Z</Time>
            <Position>
              <LatitudeDegrees>26.99550</LatitudeDegrees>
              <LongitudeDegrees>109.258683</LongitudeDegrees>
            </Position>
            <AltitudeMeters>39.7</AltitudeMeters>
            <DistanceMeters>4455.0</DistanceMeters>
            <Extensions>
              <ns3:TPX>
                <ns3:RunCadence>81</ns3:RunCadence>
              </ns3:TPX>
            </Extensions>
            <Cadence>81</Cadence>
          </Trackpoint>
          <Trackpoint>
            <Time>2020-01-07T00:24:50Z</Time>
            <Position>
              <LatitudeDegrees>26.995369</LatitudeDegrees>
              <LongitudeDegrees>109.258727</LongitudeDegrees>
            </Position>
            <AltitudeMeters>39.6</AltitudeMeters>
            <DistanceMeters>4470.0</DistanceMeters>
            <Extensions>
              <ns3:TPX>
                <ns3:RunCadence>81</ns3:RunCadence>
              </ns3:TPX>
            </Extensions>
            <Cadence>81</Cadence>
          </Trackpoint>
          <Trackpoint>
            <Time>2020-01-07T00:24:55Z</Time>
            <Position>
              <LatitudeDegrees>26.99524</LatitudeDegrees>
              <LongitudeDegrees>109.258776</LongitudeDegrees>
            </Position>
            <AltitudeMeters>39.6</AltitudeMeters>
            <DistanceMeters>4485.0</DistanceMeters>
            <Extensions>
              <ns3:TPX>
                <ns3:RunCadence>81</ns3:RunCadence>
              </ns3:TPX>
            </Extensions>
            <Cadence>81</Cadence>
          </Trackpoint>
          <Trackpoint>
            <Time>2020-01-07T00:25:00Z</Time>
            <Position>
              <LatitudeDegrees>26.995115</LatitudeDegrees>
              <LongitudeDegrees>109.258829</LongitudeDegrees>
            </Position>
            <AltitudeMeters>39.5</AltitudeMeters>
            <DistanceMeters>4500.0</DistanceMeters>
            <Extensions>
              <ns3:TPX>
                <ns3:RunCadence>81</ns3:RunCadence>
              </ns3:TPX>
            </Extensions>
            <Cadence>81</Cadence>
          </Trackpoint>
          <Trackpoint>
            <Time>2020-01-07T00:25:05Z</Time>
            <Position>
              <LatitudeDegrees>26.994990</LatitudeDegrees>
              <LongitudeDegrees>109.258887</LongitudeDegrees>
            </Position>
            <AltitudeMeters>39.4</AltitudeMeters>
            <DistanceMeters>4515.0</DistanceMeters>
            <Extensions>
              <ns3:TPX>
                <ns3:RunCadence>81</ns3:RunCadence>
              </ns3:TPX>
            </Extensions>
            <Cadence>81</Cadence>
          </Trackpoint>
          <Trackpoint>
            <Time>2020-01-07T00:25:10Z</Time>
            <Position>
              <LatitudeDegrees>26.994867</LatitudeDegrees>
              <LongitudeDegrees>109.258950</LongitudeDegrees>
            </Position>
            <AltitudeMeters>39.4</AltitudeMeters>
            <DistanceMeters>4530.0</DistanceMeters>
            <Extensions>
              <ns3:TPX>
                <ns3:RunCadence>81</ns3:RunCadence>
              </ns3:TPX>
            </Extensions>
            <Cadence>81</Cadence>
          </Trackpoint>
          <Trackpoint>
            <Time>2020-01-07T00:25:15Z</Time>
            <Position>
              <LatitudeDegrees>26.994747</LatitudeDegrees>
              <LongitudeDegrees>109.259017</LongitudeDegrees>
            </Position>
            <AltitudeMeters>39.3</AltitudeMeters>
            <DistanceMeters>4545.0</DistanceMeters>
            <Extensions>
              <ns3:TPX>
                <ns3:RunCadence>81</ns3:RunCadence>
              </ns3:TPX>
            </Extensions>
            <Cadence>81</Cadence>
          </Trackpoint>
          <Trackpoint>
            <Time>2020-01-07T00:25:20Z</Time>
            <Position>
              <LatitudeDegrees>26.994628</LatitudeDegrees>
              <LongitudeDegrees>109.25909</LongitudeDegrees>
            </Position>
            <AltitudeMeters>39.3</AltitudeMeters>
            <DistanceMeters>4560.0</DistanceMeters>
            <Extensions>
              <ns3:TPX>
                <ns3:RunCadence>82</ns3:RunCadence>
              </ns3:TPX>
            </Extensions>
            <Cadence>82</Cadence>
          </Trackpoint>
          <Trackpoint>
            <Time>2020-01-07T00:25:25Z</Time>
            <Position>
              <LatitudeDegrees>26.994511</LatitudeDegrees>
              <LongitudeDegrees>109.259164</LongitudeDegrees>
            </Position>
            <AltitudeMeters>39.2</AltitudeMeters>
            <DistanceMeters>4575.0</DistanceMeters>
            <Extensions>
              <ns3:TPX>
                <ns3:RunCadence>82</ns3:RunCadence>
              </ns3:TPX>
            </Extensions>
            <Cadence>82</Cadence>
          </Trackpoint>
          <Trackpoint>
            <Time>2020-01-07T00:25:30Z</Time>
            <Position>
              <LatitudeDegrees>26.994396</LatitudeDegrees>
              <LongitudeDegrees>109.259244</LongitudeDegrees>
            </Position>
            <AltitudeMeters>39.1</AltitudeMeters>
            <DistanceMeters>4590.0</DistanceMeters>
            <Extensions>
              <ns3:TPX>
                <ns3:RunCadence>82</ns3:RunCadence>
              </ns3:TPX>
            </Extensions>
            <Cadence>82</Cadence>
          </Trackpoint>
          <Trackpoint>
            <Time>2020-01-07T00:25:35Z</Time>
            <Position>
              <LatitudeDegrees>26.994284</LatitudeDegrees>
              <LongitudeDegrees>109.259328</LongitudeDegrees>
            </Position>
            <AltitudeMeters>39.1</AltitudeMeters>
            <DistanceMeters>4605.0</DistanceMeters>
            <Extensions>
              <ns3:TPX>
                <ns3:RunCadence>82</ns3:RunCadence>
              </ns3:TPX>
            </Extensions>
            <Cadence>82</Cadence>
          </Trackpoint>
          <Trackpoint>
            <Time>2020-01-07T00:25:40Z</Time>
            <Position>
              <LatitudeDegrees>26.994174</LatitudeDegrees>
              <LongitudeDegrees>109.259416</LongitudeDegrees>
            </Position>
            <AltitudeMeters>39.0</AltitudeMeters>
            <DistanceMeters>4620.0</DistanceMeters>
            <Extensions>
              <ns3:TPX>
                <ns3:RunCadence>82</ns3:RunCadence>
              </ns3:TPX>
            </Extensions>
            <Cadence>82</Cadence>
          </Trackpoint>
          <Trackpoint>
            <Time>2020-01-07T00:25:45Z</Time>
            <Position>
              <LatitudeDegrees>26.994067</LatitudeDegrees>
              <LongitudeDegrees>109.259508</LongitudeDegrees>
            </Position>
            <AltitudeMeters>39.0</AltitudeMeters>
            <DistanceMeters>4635.0</DistanceMeters>
            <Extensions>
              <ns3:TPX>
                <ns3:RunCadence>82</ns3:RunCadence>
              </ns3:TPX>
            </Extensions>
            <Cadence>82</Cadence>
          </Trackpoint>
          <Trackpoint>
            <Time>2020-01-07T00:25:50Z</Time>
            <Position>
              <LatitudeDegrees>26.993963</LatitudeDegrees>
              <LongitudeDegrees>109.259604</LongitudeDegrees>
            </Position>
            <AltitudeMeters>38.9</AltitudeMeters>
            <DistanceMeters>4650.0</DistanceMeters>
            <Extensions>
              <ns3:TPX>
                <ns3:RunCadence>82</ns3:RunCadence>
              </ns3:TPX>
            </Extensions>
            <Cadence>82</Cadence>
          </Trackpoint>
          <Trackpoint>
            <Time>2020-01-07T00:25:55Z</Time>
            <Position>
              <LatitudeDegrees>26.993862</LatitudeDegrees>
              <LongitudeDegrees>109.259704</LongitudeDegrees>
            </Position>
            <AltitudeMeters>38.9</AltitudeMeters>
            <DistanceMeters>4665.0</DistanceMeters>
            <Extensions>
              <ns3:TPX>
                <ns3:RunCadence>82</ns3:RunCadence>
              </ns3:TPX>
            </Extensions>
            <Cadence>82</Cadence>
          </Trackpoint>
          <Trackpoint>
            <Time>2020-01-07T00:26:00Z</Time>
            <Position>
              <LatitudeDegrees>26.993763</LatitudeDegrees>
              <LongitudeDegrees>109.259807</LongitudeDegrees>
            </Position>
            <AltitudeMeters>38.8</AltitudeMeters>
            <DistanceMeters>4680.0</DistanceMeters>
            <Extensions>
              <ns3:TPX>
                <ns3:RunCadence>83</ns3:RunCadence>
              </ns3:TPX>
            </Extensions>
            <Cadence>83</Cadence>
          </Trackpoint>
          <Trackpoint>
            <Time>2020-01-07T00:26:05Z</Time>
            <Position>
              <LatitudeDegrees>26.993668</LatitudeDegrees>
              <LongitudeDegrees>109.259914</LongitudeDegrees>
            </Position>
            <AltitudeMeters>38.8</AltitudeMeters>
            <DistanceMeters>4695.0</DistanceMeters>
            <Extensions>
              <ns3:TPX>
                <ns3:RunCadence>83</ns3:RunCadence>
              </ns3:TPX>
            </Extensions>
            <Cadence>83</Cadence>
          </Trackpoint>
          <Trackpoint>
            <Time>2020-01-07T00:26:10Z</Time>
            <Position>
              <LatitudeDegrees>26.993575</LatitudeDegrees>
              <LongitudeDegrees>109.260025</LongitudeDegrees>
            </Position>
            <AltitudeMeters>38.7</AltitudeMeters>
            <DistanceMeters>4710.0</DistanceMeters>
            <Extensions>
              <ns3:TPX>
                <ns3:RunCadence>83</ns3:RunCadence>
              </ns3:TPX>
            </Extensions>
            <Cadence>83</Cadence>
          </Trackpoint>
          <Trackpoint>
            <Time>2020-01-07T00:26:15Z</Time>
            <Position>
              <LatitudeDegrees>26.993487</LatitudeDegrees>
              <LongitudeDegrees>109.260139</LongitudeDegrees>
            </Position>
            <AltitudeMeters>38.7</AltitudeMeters>
            <DistanceMeters>4725.0</DistanceMeters>
            <Extensions>
              <ns3:TPX>
                <ns3:RunCadence>83</ns3:RunCadence>
              </ns3:TPX>
            </Extensions>
            <Cadence>83</Cadence>
          </Trackpoint>
          <Trackpoint>
            <Time>2020-01-07T00:26:20Z</Time>
            <Position>
              <LatitudeDegrees>26.993401</LatitudeDegrees>
              <LongitudeDegrees>109.260256</LongitudeDegrees>
            </Position>
            <AltitudeMeters>38.6</AltitudeMeters>
            <DistanceMeters>4740.0</DistanceMeters>
            <Extensions>
              <ns3:TPX>
                <ns3:RunCadence>83</ns3:RunCadence>
              </ns3:TPX>
            </Extensions>
            <Cadence>83</Cadence>
          </Trackpoint>
          <Trackpoint>
            <Time>2020-01-07T00:26:25Z</Time>
            <Position>
              <LatitudeDegrees>26.99332</LatitudeDegrees>
              <LongitudeDegrees>109.260376</LongitudeDegrees>
            </Position>
            <AltitudeMeters>38.6</AltitudeMeters>
            <DistanceMeters>4755.0</DistanceMeters>
            <Extensions>
              <ns3:TPX>
                <ns3:RunCadence>83</ns3:RunCadence>
              </ns3:TPX>
            </Extensions>
            <Cadence>83</Cadence>
          </Trackpoint>
          <Trackpoint>
            <Time>2020-01-07T00:26:30Z</Time>
            <Position>
              <LatitudeDegrees>26.993240</LatitudeDegrees>
              <LongitudeDegrees>109.26050</LongitudeDegrees>
            </Position>
            <AltitudeMeters>38.5</AltitudeMeters>
            <DistanceMeters>4770.0</DistanceMeters>
            <Extensions>
              <ns3:TPX>
                <ns3:RunCadence>84</ns3:RunCadence>
              </ns3:TPX>
            </Extensions>
            <Cadence>84</Cadence>
          </Trackpoint>
          <Trackpoint>
            <Time>2020-01-07T00:26:35Z</Time>
            <Position>
              <LatitudeDegrees>26.993165</LatitudeDegrees>
              <LongitudeDegrees>109.26062</LongitudeDegrees>
            </Position>
            <AltitudeMeters>38.5</AltitudeMeters>
            <DistanceMeters>4785.0</DistanceMeters>
            <Extensions>
              <ns3:TPX>
                <ns3:RunCadence>84</ns3:RunCadence>
              </ns3:TPX>
            </Extensions>
            <Cadence>84</Cadence>
          </Trackpoint>
          <Trackpoint>
            <Time>2020-01-07T00:26:40Z</Time>
            <Position>
              <LatitudeDegrees>26.993094</LatitudeDegrees>
              <LongitudeDegrees>109.260753</LongitudeDegrees>
            </Position>
            <AltitudeMeters>38.4</AltitudeMeters>
            <DistanceMeters>4800.0</DistanceMeters>
            <Extensions>
              <ns3:TPX>
                <ns3:RunCadence>84</ns3:RunCadence>
              </ns3:TPX>
            </Extensions>
            <Cadence>84</Cadence>
          </Trackpoint>
          <Trackpoint>
            <Time>2020-01-07T00:26:45Z</Time>
            <Position>
              <LatitudeDegrees>26.993026</LatitudeDegrees>
              <LongitudeDegrees>109.260884</LongitudeDegrees>
            </Position>
            <AltitudeMeters>38.4</AltitudeMeters>
            <DistanceMeters>4815.0</DistanceMeters>
            <Extensions>
              <ns3:TPX>
                <ns3:RunCadence>84</ns3:RunCadence>
              </ns3:TPX>
            </Extensions>
            <Cadence>84</Cadence>
          </Trackpoint>
          <Trackpoint>
            <Time>2020-01-07T00:26:50Z</Time>
            <Position>
              <LatitudeDegrees>26.992963</LatitudeDegrees>
              <LongitudeDegrees>109.26102</LongitudeDegrees>
            </Position>
            <AltitudeMeters>38.4</AltitudeMeters>
            <DistanceMeters>4830.0</DistanceMeters>
            <Extensions>
              <ns3:TPX>
                <ns3:RunCadence>84</ns3:RunCadence>
              </ns3:TPX>
            </Extensions>
            <Cadence>84</Cadence>
          </Trackpoint>
          <Trackpoint>
            <Time>2020-01-07T00:26:55Z</Time>
            <Position>
              <LatitudeDegrees>26.992903</LatitudeDegrees>
              <LongitudeDegrees>109.261153</LongitudeDegrees>
            </Position>
            <AltitudeMeters>38.3</AltitudeMeters>
            <DistanceMeters>4845.0</DistanceMeters>
            <Extensions>
              <ns3:TPX>
                <ns3:RunCadence>84</ns3:RunCadence>
              </ns3:TPX>
            </Extensions>
            <Cadence>84</Cadence>
          </Trackpoint>
          <Trackpoint>
            <Time>2020-01-07T00:27:00Z</Time>
            <Position>
              <LatitudeDegrees>26.992847</LatitudeDegrees>
              <LongitudeDegrees>109.261291</LongitudeDegrees>
            </Position>
            <AltitudeMeters>38.3</AltitudeMeters>
            <DistanceMeters>4860.0</DistanceMeters>
            <Extensions>
              <ns3:TPX>
                <ns3:RunCadence>85</ns3:RunCadence>
              </ns3:TPX>
            </Extensions>
            <Cadence>85</Cadence>
          </Trackpoint>
          <Trackpoint>
            <Time>2020-01-07T00:27:05Z</Time>
            <Position>
              <LatitudeDegrees>26.99280</LatitudeDegrees>
              <LongitudeDegrees>109.261431</LongitudeDegrees>
            </Position>
            <AltitudeMeters>38.3</AltitudeMeters>
            <DistanceMeters>4875.0</DistanceMeters>
            <Extensions>
              <ns3:TPX>
                <ns3:RunCadence>85</ns3:RunCadence>
              </ns3:TPX>
            </Extensions>
            <Cadence>85</Cadence>
          </Trackpoint>
          <Trackpoint>
            <Time>2020-01-07T00:27:10Z</Time>
            <Position>
              <LatitudeDegrees>26.992748</LatitudeDegrees>
              <LongitudeDegrees>109.261573</LongitudeDegrees>
            </Position>
            <AltitudeMeters>38.2</AltitudeMeters>
            <DistanceMeters>4890.0</DistanceMeters>
            <Extensions>
              <ns3:TPX>
                <ns3:RunCadence>85</ns3:RunCadence>
              </ns3:TPX>
            </Extensions>
            <Cadence>85</Cadence>
          </Trackpoint>
          <Trackpoint>
            <Time>2020-01-07T00:27:15Z</Time>
            <Position>
              <LatitudeDegrees>26.992704</LatitudeDegrees>
              <LongitudeDegrees>109.261716</LongitudeDegrees>
            </Position>
            <AltitudeMeters>38.2</AltitudeMeters>
            <DistanceMeters>4905.0</DistanceMeters>
            <Extensions>
              <ns3:TPX>
                <ns3:RunCadence>85</ns3:RunCadence>
              </ns3:TPX>
            </Extensions>
            <Cadence>85</Cadence>
          </Trackpoint>
          <Trackpoint>
            <Time>2020-01-07T00:27:20Z</Time>
            <Position>
              <LatitudeDegrees>26.992665</LatitudeDegrees>
              <LongitudeDegrees>109.261861</LongitudeDegrees>
            </Position>
            <AltitudeMeters>38.2</AltitudeMeters>
            <DistanceMeters>4920.0</DistanceMeters>
            <Extensions>
              <ns3:TPX>
                <ns3:RunCadence>85</ns3:RunCadence>
              </ns3:TPX>
            </Extensions>
            <Cadence>85</Cadence>
          </Trackpoint>
          <Trackpoint>
            <Time>2020-01-07T00:27:25Z</Time>
            <Position>
              <LatitudeDegrees>26.992630</LatitudeDegrees>
              <LongitudeDegrees>109.262007</LongitudeDegrees>
            </Position>
            <AltitudeMeters>38.1</AltitudeMeters>
            <DistanceMeters>4935.0</DistanceMeters>
            <Extensions>
              <ns3:TPX>
                <ns3:RunCadence>85</ns3:RunCadence>
              </ns3:TPX>
            </Extensions>
            <Cadence>85</Cadence>
          </Trackpoint>
          <Trackpoint>
            <Time>2020-01-07T00:27:30Z</Time>
            <Position>
              <LatitudeDegrees>26.992599</LatitudeDegrees>
              <LongitudeDegrees>109.262154</LongitudeDegrees>
            </Position>
            <AltitudeMeters>38.1</AltitudeMeters>
            <DistanceMeters>4950.0</DistanceMeters>
            <Extensions>
              <ns3:TPX>
                <ns3:RunCadence>86</ns3:RunCadence>
              </ns3:TPX>
            </Extensions>
            <Cadence>86</Cadence>
          </Trackpoint>
          <Trackpoint>
            <Time>2020-01-07T00:27:35Z</Time>
            <Position>
              <LatitudeDegrees>26.992572</LatitudeDegrees>
              <LongitudeDegrees>109.262303</LongitudeDegrees>
            </Position>
            <AltitudeMeters>38.1</AltitudeMeters>
            <DistanceMeters>4965.0</DistanceMeters>
            <Extensions>
              <ns3:TPX>
                <ns3:RunCadence>86</ns3:RunCadence>
              </ns3:TPX>
            </Extensions>
            <Cadence>86</Cadence>
          </Trackpoint>
          <Trackpoint>
            <Time>2020-01-07T00:27:40Z</Time>
            <Position>
              <LatitudeDegrees>26.992550</LatitudeDegrees>
              <LongitudeDegrees>109.262452</LongitudeDegrees>
            </Position>
            <AltitudeMeters>38.1</AltitudeMeters>
            <DistanceMeters>4980.0</DistanceMeters>
            <Extensions>
              <ns3:TPX>
                <ns3:RunCadence>86</ns3:RunCadence>
              </ns3:TPX>
            </Extensions>
            <Cadence>86</Cadence>
          </Trackpoint>
          <Trackpoint>
            <Time>2020-01-07T00:27:45Z</Time>
            <Position>
              <LatitudeDegrees>26.992533</LatitudeDegrees>
              <LongitudeDegrees>109.262602</LongitudeDegrees>
            </Position>
            <AltitudeMeters>38.1</AltitudeMeters>
            <DistanceMeters>4995.0</DistanceMeters>
            <Extensions>
              <ns3:TPX>
                <ns3:RunCadence>86</ns3:RunCadence>
              </ns3:TPX>
            </Extensions>
            <Cadence>86</Cadence>
          </Trackpoint>
          <Trackpoint>
            <Time>2020-01-07T00:27:50Z</Time>
            <Position>
              <LatitudeDegrees>26.992519</LatitudeDegrees>
              <LongitudeDegrees>109.262753</LongitudeDegrees>
            </Position>
            <AltitudeMeters>38.0</AltitudeMeters>
            <DistanceMeters>5010.0</DistanceMeters>
            <Extensions>
              <ns3:TPX>
                <ns3:RunCadence>86</ns3:RunCadence>
              </ns3:TPX>
            </Extensions>
            <Cadence>86</Cadence>
          </Trackpoint>
          <Trackpoint>
            <Time>2020-01-07T00:27:55Z</Time>
            <Position>
              <LatitudeDegrees>26.992510</LatitudeDegrees>
              <LongitudeDegrees>109.262904</LongitudeDegrees>
            </Position>
            <AltitudeMeters>38.0</AltitudeMeters>
            <DistanceMeters>5025.0</DistanceMeters>
            <Extensions>
              <ns3:TPX>
                <ns3:RunCadence>86</ns3:RunCadence>
              </ns3:TPX>
            </Extensions>
            <Cadence>86</Cadence>
          </Trackpoint>
          <Trackpoint>
            <Time>2020-01-07T00:28:00Z</Time>
            <Position>
              <LatitudeDegrees>26.992505</LatitudeDegrees>
              <LongitudeDegrees>109.263055</LongitudeDegrees>
            </Position>
            <AltitudeMeters>38.0</AltitudeMeters>
            <DistanceMeters>5040.0</DistanceMeters>
            <Extensions>
              <ns3:TPX>
                <ns3:RunCadence>86</ns3:RunCadence>
              </ns3:TPX>
            </Extensions>
            <Cadence>86</Cadence>
          </Trackpoint>
          <Trackpoint>
            <Time>2020-01-07T00:28:05Z</Time>
            <Position>
              <LatitudeDegrees>26.992505</LatitudeDegrees>
              <LongitudeDegrees>109.263206</LongitudeDegrees>
            </Position>
            <AltitudeMeters>38.0</AltitudeMeters>
            <DistanceMeters>5055.0</DistanceMeters>
            <Extensions>
              <ns3:TPX>
                <ns3:RunCadence>86</ns3:RunCadence>
              </ns3:TPX>
            </Extensions>
            <Cadence>86</Cadence>
          </Trackpoint>
          <Trackpoint>
            <Time>2020-01-07T00:28:10Z</Time>
            <Position>
              <LatitudeDegrees>26.99251</LatitudeDegrees>
              <LongitudeDegrees>109.263358</LongitudeDegrees>
            </Position>
            <AltitudeMeters>38.0</AltitudeMeters>
            <DistanceMeters>5070.0</DistanceMeters>
            <Extensions>
              <ns3:TPX>
                <ns3:RunCadence>87</ns3:RunCadence>
              </ns3:TPX>
            </Extensions>
            <Cadence>87</Cadence>
          </Trackpoint>
          <Trackpoint>
            <Time>2020-01-07T00:28:15Z</Time>
            <Position>
              <LatitudeDegrees>26.992518</LatitudeDegrees>
              <LongitudeDegrees>109.263509</LongitudeDegrees>
            </Position>
            <AltitudeMeters>38.0</AltitudeMeters>
            <DistanceMeters>5085.0</DistanceMeters>
            <Extensions>
              <ns3:TPX>
                <ns3:RunCadence>87</ns3:RunCadence>
              </ns3:TPX>
            </Extensions>
            <Cadence>87</Cadence>
          </Trackpoint>
          <Trackpoint>
            <Time>2020-01-07T00:28:20Z</Time>
            <Position>
              <LatitudeDegrees>26.992531</LatitudeDegrees>
              <LongitudeDegrees>109.263660</LongitudeDegrees>
            </Position>
            <AltitudeMeters>38.0</AltitudeMeters>
            <DistanceMeters>5100.0</DistanceMeters>
            <Extensions>
              <ns3:TPX>
                <ns3:RunCadence>87</ns3:RunCadence>
              </ns3:TPX>
            </Extensions>
            <Cadence>87</Cadence>
          </Trackpoint>
          <Trackpoint>
            <Time>2020-01-07T00:28:25Z</Time>
            <Position>
              <LatitudeDegrees>26.99255</LatitudeDegrees>
              <LongitudeDegrees>109.263810</LongitudeDegrees>
            </Position>
            <AltitudeMeters>38.0</AltitudeMeters>
            <DistanceMeters>5115.0</DistanceMeters>
            <Extensions>
              <ns3:TPX>
                <ns3:RunCadence>87</ns3:RunCadence>
              </ns3:TPX>
            </Extensions>
            <Cadence>87</Cadence>
          </Trackpoint>
          <Trackpoint>
            <Time>2020-01-07T00:28:30Z</Time>
            <Position>
              <LatitudeDegrees>26.992570</LatitudeDegrees>
              <LongitudeDegrees>109.263959</LongitudeDegrees>
            </Position>
            <AltitudeMeters>38.0</AltitudeMeters>
            <DistanceMeters>5130.0</DistanceMeters>
            <Extensions>
              <ns3:TPX>
                <ns3:RunCadence>87</ns3:RunCadence>
              </ns3:TPX>
            </Extensions>
            <Cadence>87</Cadence>
          </Trackpoint>
          <Trackpoint>
            <Time>2020-01-07T00:28:35Z</Time>
            <Position>
              <LatitudeDegrees>26.992596</LatitudeDegrees>
              <LongitudeDegrees>109.264108</LongitudeDegrees>
            </Position>
            <AltitudeMeters>38.0</AltitudeMeters>
            <DistanceMeters>5145.0</DistanceMeters>
            <Extensions>
              <ns3:TPX>
                <ns3:RunCadence>87</ns3:RunCadence>
              </ns3:TPX>
            </Extensions>
            <Cadence>87</Cadence>
          </Trackpoint>
          <Trackpoint>
            <Time>2020-01-07T00:28:40Z</Time>
            <Position>
              <LatitudeDegrees>26.992627</LatitudeDegrees>
              <LongitudeDegrees>109.264255</LongitudeDegrees>
            </Position>
            <AltitudeMeters>38.0</AltitudeMeters>
            <DistanceMeters>5160.0</DistanceMeters>
            <Extensions>
              <ns3:TPX>
                <ns3:RunCadence>87</ns3:RunCadence>
              </ns3:TPX>
            </Extensions>
            <Cadence>87</Cadence>
          </Trackpoint>
          <Trackpoint>
            <Time>2020-01-07T00:28:45Z</Time>
            <Position>
              <LatitudeDegrees>26.992661</LatitudeDegrees>
              <LongitudeDegrees>109.264401</LongitudeDegrees>
            </Position>
            <AltitudeMeters>38.0</AltitudeMeters>
            <DistanceMeters>5175.0</DistanceMeters>
            <Extensions>
              <ns3:TPX>
                <ns3:RunCadence>87</ns3:RunCadence>
              </ns3:TPX>
            </Extensions>
            <Cadence>87</Cadence>
          </Trackpoint>
          <Trackpoint>
            <Time>2020-01-07T00:28:50Z</Time>
            <Position>
              <LatitudeDegrees>26.992700</LatitudeDegrees>
              <LongitudeDegrees>109.264546</LongitudeDegrees>
            </Position>
            <AltitudeMeters>38.0</AltitudeMeters>
            <DistanceMeters>5190.0</DistanceMeters>
            <Extensions>
              <ns3:TPX>
                <ns3:RunCadence>87</ns3:RunCadence>
              </ns3:TPX>
            </Extensions>
            <Cadence>87</Cadence>
          </Trackpoint>
          <Trackpoint>
            <Time>2020-01-07T00:28:55Z</Time>
            <Position>
              <LatitudeDegrees>26.99274</LatitudeDegrees>
              <LongitudeDegrees>109.264690</LongitudeDegrees>
            </Position>
            <AltitudeMeters>38.0</AltitudeMeters>
            <DistanceMeters>5205.0</DistanceMeters>
            <Extensions>
              <ns3:TPX>
                <ns3:RunCadence>87</ns3:RunCadence>
              </ns3:TPX>
            </Extensions>
            <Cadence>87</Cadence>
          </Trackpoint>
          <Trackpoint>
            <Time>2020-01-07T00:29:00Z</Time>
            <Position>
              <LatitudeDegrees>26.992790</LatitudeDegrees>
              <LongitudeDegrees>109.264832</LongitudeDegrees>
            </Position>
            <AltitudeMeters>38.1</AltitudeMeters>
            <DistanceMeters>5220.0</DistanceMeters>
            <Extensions>
              <ns3:TPX>
                <ns3:RunCadence>87</ns3:RunCadence>
              </ns3:TPX>
            </Extensions>
            <Cadence>87</Cadence>
          </Trackpoint>
          <Trackpoint>
            <Time>2020-01-07T00:29:05Z</Time>
            <Position>
              <LatitudeDegrees>26.992842</LatitudeDegrees>
              <LongitudeDegrees>109.264972</LongitudeDegrees>
            </Position>
            <AltitudeMeters>38.1</AltitudeMeters>
            <DistanceMeters>5235.0</DistanceMeters>
            <Extensions>
              <ns3:TPX>
                <ns3:RunCadence>87</ns3:RunCadence>
              </ns3:TPX>
            </Extensions>
            <Cadence>87</Cadence>
          </Trackpoint>
          <Trackpoint>
            <Time>2020-01-07T00:29:10Z</Time>
            <Position>
              <LatitudeDegrees>26.99290</LatitudeDegrees>
              <LongitudeDegrees>109.26511</LongitudeDegrees>
            </Position>
            <AltitudeMeters>38.1</AltitudeMeters>
            <DistanceMeters>5250.0</DistanceMeters>
            <Extensions>
              <ns3:TPX>
                <ns3:RunCadence>87</ns3:RunCadence>
              </ns3:TPX>
            </Extensions>
            <Cadence>87</Cadence>
          </Trackpoint>
          <Trackpoint>
            <Time>2020-01-07T00:29:15Z</Time>
            <Position>
              <LatitudeDegrees>26.992957</LatitudeDegrees>
              <LongitudeDegrees>109.265246</LongitudeDegrees>
            </Position>
            <AltitudeMeters>38.1</AltitudeMeters>
            <DistanceMeters>5265.0</DistanceMeters>
            <Extensions>
              <ns3:TPX>
                <ns3:RunCadence>87</ns3:RunCadence>
              </ns3:TPX>
            </Extensions>
            <Cadence>87</Cadence>
          </Trackpoint>
          <Trackpoint>
            <Time>2020-01-07T00:29:20Z</Time>
            <Position>
              <LatitudeDegrees>26.99302</LatitudeDegrees>
              <LongitudeDegrees>109.265379</LongitudeDegrees>
            </Position>
            <AltitudeMeters>38.1</AltitudeMeters>
            <DistanceMeters>5280.0</DistanceMeters>
            <Extensions>
              <ns3:TPX>
                <ns3:RunCadence>87</ns3:RunCadence>
              </ns3:TPX>
            </Extensions>
            <Cadence>87</Cadence>
          </Trackpoint>
          <Trackpoint>
            <Time>2020-01-07T00:29:25Z</Time>
            <Position>
              <LatitudeDegrees>26.993087</LatitudeDegrees>
              <LongitudeDegrees>109.265511</LongitudeDegrees>
            </Position>
            <AltitudeMeters>38.2</AltitudeMeters>
            <DistanceMeters>5295.0</DistanceMeters>
            <Extensions>
              <ns3:TPX>
                <ns3:RunCadence>87</ns3:RunCadence>
              </ns3:TPX>
            </Extensions>
            <Cadence>87</Cadence>
          </Trackpoint>
          <Trackpoint>
            <Time>2020-01-07T00:29:30Z</Time>
            <Position>
              <LatitudeDegrees>26.993158</LatitudeDegrees>
              <LongitudeDegrees>109.265639</LongitudeDegrees>
            </Position>
            <AltitudeMeters>38.2</AltitudeMeters>
            <DistanceMeters>5310.0</DistanceMeters>
            <Extensions>
              <ns3:TPX>
                <ns3:RunCadence>87</ns3:RunCadence>
              </ns3:TPX>
            </Extensions>
            <Cadence>87</Cadence>
          </Trackpoint>
          <Trackpoint>
            <Time>2020-01-07T00:29:35Z</Time>
            <Position>
              <LatitudeDegrees>26.993233</LatitudeDegrees>
              <LongitudeDegrees>109.265765</LongitudeDegrees>
            </Position>
            <AltitudeMeters>38.2</AltitudeMeters>
            <DistanceMeters>5325.0</DistanceMeters>
            <Extensions>
              <ns3:TPX>
                <ns3:RunCadence>87</ns3:RunCadence>
              </ns3:TPX>
            </Extensions>
            <Cadence>87</Cadence>
          </Trackpoint>
          <Trackpoint>
            <Time>2020-01-07T00:29:40Z</Time>
            <Position>
              <LatitudeDegrees>26.993311</LatitudeDegrees>
              <LongitudeDegrees>109.265889</LongitudeDegrees>
            </Position>
            <AltitudeMeters>38.2</AltitudeMeters>
            <DistanceMeters>5340.0</DistanceMeters>
            <Extensions>
              <ns3:TPX>
                <ns3:RunCadence>87</ns3:RunCadence>
              </ns3:TPX>
            </Extensions>
            <Cadence>87</Cadence>
          </Trackpoint>
          <Trackpoint>
            <Time>2020-01-07T00:29:45Z</Time>
            <Position>
              <LatitudeDegrees>26.993393</LatitudeDegrees>
              <LongitudeDegrees>109.266009</LongitudeDegrees>
            </Position>
            <AltitudeMeters>38.3</AltitudeMeters>
            <DistanceMeters>5355.0</DistanceMeters>
            <Extensions>
              <ns3:TPX>
                <ns3:RunCadence>87</ns3:RunCadence>
              </ns3:TPX>
            </Extensions>
            <Cadence>87</Cadence>
          </Trackpoint>
          <Trackpoint>
            <Time>2020-01-07T00:29:50Z</Time>
            <Position>
              <LatitudeDegrees>26.993478</LatitudeDegrees>
              <LongitudeDegrees>109.266126</LongitudeDegrees>
            </Position>
            <AltitudeMeters>38.3</AltitudeMeters>
            <DistanceMeters>5370.0</DistanceMeters>
            <Extensions>
              <ns3:TPX>
                <ns3:RunCadence>86</ns3:RunCadence>
              </ns3:TPX>
            </Extensions>
            <Cadence>86</Cadence>
          </Trackpoint>
          <Trackpoint>
            <Time>2020-01-07T00:29:55Z</Time>
            <Position>
              <LatitudeDegrees>26.993567</LatitudeDegrees>
              <LongitudeDegrees>109.266240</LongitudeDegrees>
            </Position>
            <AltitudeMeters>38.3</AltitudeMeters>
            <DistanceMeters>5385.0</DistanceMeters>
            <Extensions>
              <ns3:TPX>
                <ns3:RunCadence>86</ns3:RunCadence>
              </ns3:TPX>
            </Extensions>
            <Cadence>86</Cadence>
          </Trackpoint>
          <Trackpoint>
            <Time>2020-01-07T00:30:00Z</Time>
            <Position>
              <LatitudeDegrees>26.993659</LatitudeDegrees>
              <LongitudeDegrees>109.266351</LongitudeDegrees>
            </Position>
            <AltitudeMeters>38.4</AltitudeMeters>
            <DistanceMeters>5400.0</DistanceMeters>
            <Extensions>
              <ns3:TPX>
                <ns3:RunCadence>86</ns3:RunCadence>
              </ns3:TPX>
            </Extensions>
            <Cadence>86</Cadence>
          </Trackpoint>
          <Trackpoint>
            <Time>2020-01-07T00:30:05Z</Time>
            <Position>
              <LatitudeDegrees>26.99375</LatitudeDegrees>
              <LongitudeDegrees>109.266459</LongitudeDegrees>
            </Position>
            <AltitudeMeters>38.4</AltitudeMeters>
            <DistanceMeters>5415.0</DistanceMeters>
            <Extensions>
              <ns3:TPX>
                <ns3:RunCadence>86</ns3:RunCadence>
              </ns3:TPX>
            </Extensions>
            <Cadence>86</Cadence>
          </Trackpoint>
          <Trackpoint>
            <Time>2020-01-07T00:30:10Z</Time>
            <Position>
              <LatitudeDegrees>26.993852</LatitudeDegrees>
              <LongitudeDegrees>109.266562</LongitudeDegrees>
            </Position>
            <AltitudeMeters>38.4</AltitudeMeters>
            <DistanceMeters>5430.0</DistanceMeters>
            <Extensions>
              <ns3:TPX>
                <ns3:RunCadence>86</ns3:RunCadence>
              </ns3:TPX>
            </Extensions>
            <Cadence>86</Cadence>
          </Trackpoint>
          <Trackpoint>
            <Time>2020-01-07T00:30:15Z</Time>
            <Position>
              <LatitudeDegrees>26.993953</LatitudeDegrees>
              <LongitudeDegrees>109.266663</LongitudeDegrees>
            </Position>
            <AltitudeMeters>38.5</AltitudeMeters>
            <DistanceMeters>5445.0</DistanceMeters>
            <Extensions>
              <ns3:TPX>
                <ns3:RunCadence>86</ns3:RunCadence>
              </ns3:TPX>
            </Extensions>
            <Cadence>86</Cadence>
          </Trackpoint>
          <Trackpoint>
            <Time>2020-01-07T00:30:20Z</Time>
            <Position>
              <LatitudeDegrees>26.994057</LatitudeDegrees>
              <LongitudeDegrees>109.266759</LongitudeDegrees>
            </Position>
            <AltitudeMeters>38.5</AltitudeMeters>
            <DistanceMeters>5460.0</DistanceMeters>
            <Extensions>
              <ns3:TPX>
                <ns3:RunCadence>86</ns3:RunCadence>
              </ns3:TPX>
            </Extensions>
            <Cadence>86</Cadence>
          </Trackpoint>
          <Trackpoint>
            <Time>2020-01-07T00:30:25Z</Time>
            <Position>
              <LatitudeDegrees>26.99416</LatitudeDegrees>
              <LongitudeDegrees>109.266852</LongitudeDegrees>
            </Position>
            <AltitudeMeters>38.6</AltitudeMeters>
            <DistanceMeters>5475.0</DistanceMeters>
            <Extensions>
              <ns3:TPX>
                <ns3:RunCadence>85</ns3:RunCadence>
              </ns3:TPX>
            </Extensions>
            <Cadence>85</Cadence>
          </Trackpoint>
          <Trackpoint>
            <Time>2020-01-07T00:30:30Z</Time>
            <Position>
              <LatitudeDegrees>26.994273</LatitudeDegrees>
              <LongitudeDegrees>109.266940</LongitudeDegrees>
            </Position>
            <AltitudeMeters>38.6</AltitudeMeters>
            <DistanceMeters>5490.0</DistanceMeters>
            <Extensions>
              <ns3:TPX>
                <ns3:RunCadence>85</ns3:RunCadence>
              </ns3:TPX>
            </Extensions>
            <Cadence>85</Cadence>
          </Trackpoint>
          <Trackpoint>
            <Time>2020-01-07T00:30:35Z</Time>
            <Position>
              <LatitudeDegrees>26.994385</LatitudeDegrees>
              <LongitudeDegrees>109.267025</LongitudeDegrees>
            </Position>
            <AltitudeMeters>38.7</AltitudeMeters>
            <DistanceMeters>5505.0</DistanceMeters>
            <Extensions>
              <ns3:TPX>
                <ns3:RunCadence>85</ns3:RunCadence>
              </ns3:TPX>
            </Extensions>
            <Cadence>85</Cadence>
          </Trackpoint>
          <Trackpoint>
            <Time>2020-01-07T00:30:40Z</Time>
            <Position>
              <LatitudeDegrees>26.994499</LatitudeDegrees>
              <LongitudeDegrees>109.267105</LongitudeDegrees>
            </Position>
            <AltitudeMeters>38.7</AltitudeMeters>
            <DistanceMeters>5520.0</DistanceMeters>
            <Extensions>
              <ns3:TPX>
                <ns3:RunCadence>85</ns3:RunCadence>
              </ns3:TPX>
            </Extensions>
            <Cadence>85</Cadence>
          </Trackpoint>
          <Trackpoint>
            <Time>2020-01-07T00:30:45Z</Time>
            <Position>
              <LatitudeDegrees>26.994616</LatitudeDegrees>
              <LongitudeDegrees>109.267181</LongitudeDegrees>
            </Position>
            <AltitudeMeters>38.8</AltitudeMeters>
            <DistanceMeters>5535.0</DistanceMeters>
            <Extensions>
              <ns3:TPX>
                <ns3:RunCadence>85</ns3:RunCadence>
              </ns3:TPX>
            </Extensions>
            <Cadence>85</Cadence>
          </Trackpoint>
          <Trackpoint>
            <Time>2020-01-07T00:30:50Z</Time>
            <Position>
              <LatitudeDegrees>26.994735</LatitudeDegrees>
              <LongitudeDegrees>109.267253</LongitudeDegrees>
            </Position>
            <AltitudeMeters>38.8</AltitudeMeters>
            <DistanceMeters>5550.0</DistanceMeters>
            <Extensions>
              <ns3:TPX>
                <ns3:RunCadence>85</ns3:RunCadence>
              </ns3:TPX>
            </Extensions>
            <Cadence>85</Cadence>
          </Trackpoint>
          <Trackpoint>
            <Time>2020-01-07T00:30:55Z</Time>
            <Position>
              <LatitudeDegrees>26.994856</LatitudeDegrees>
              <LongitudeDegrees>109.267320</LongitudeDegrees>
            </Position>
            <AltitudeMeters>38.9</AltitudeMeters>
            <DistanceMeters>5565.0</DistanceMeters>
            <Extensions>
              <ns3:TPX>
                <ns3:RunCadence>85</ns3:RunCadence>
              </ns3:TPX>
            </Extensions>
            <Cadence>85</Cadence>
          </Trackpoint>
          <Trackpoint>
            <Time>2020-01-07T00:31:00Z</Time>
            <Position>
              <LatitudeDegrees>26.994978</LatitudeDegrees>
              <LongitudeDegrees>109.267383</LongitudeDegrees>
            </Position>
            <AltitudeMeters>38.9</AltitudeMeters>
            <DistanceMeters>5580.0</DistanceMeters>
            <Extensions>
              <ns3:TPX>
                <ns3:RunCadence>84</ns3:RunCadence>
              </ns3:TPX>
            </Extensions>
            <Cadence>84</Cadence>
          </Trackpoint>
          <Trackpoint>
            <Time>2020-01-07T00:31:05Z</Time>
            <Position>
              <LatitudeDegrees>26.995103</LatitudeDegrees>
              <LongitudeDegrees>109.267442</LongitudeDegrees>
            </Position>
            <AltitudeMeters>39.0</AltitudeMeters>
            <DistanceMeters>5595.0</DistanceMeters>
            <Extensions>
              <ns3:TPX>
                <ns3:RunCadence>84</ns3:RunCadence>
              </ns3:TPX>
            </Extensions>
            <Cadence>84</Cadence>
          </Trackpoint>
          <Trackpoint>
            <Time>2020-01-07T00:31:10Z</Time>
            <Position>
              <LatitudeDegrees>26.995229</LatitudeDegrees>
              <LongitudeDegrees>109.267496</LongitudeDegrees>
            </Position>
            <AltitudeMeters>39.0</AltitudeMeters>
            <DistanceMeters>5610.0</DistanceMeters>
            <Extensions>
              <ns3:TPX>
                <ns3:RunCadence>84</ns3:RunCadence>
              </ns3:TPX>
            </Extensions>
            <Cadence>84</Cadence>
          </Trackpoint>
          <Trackpoint>
            <Time>2020-01-07T00:31:15Z</Time>
            <Position>
              <LatitudeDegrees>26.995356</LatitudeDegrees>
              <LongitudeDegrees>109.26754</LongitudeDegrees>
            </Position>
            <AltitudeMeters>39.1</AltitudeMeters>
            <DistanceMeters>5625.0</DistanceMeters>
            <Extensions>
              <ns3:TPX>
                <ns3:RunCadence>84</ns3:RunCadence>
              </ns3:TPX>
            </Extensions>
            <Cadence>84</Cadence>
          </Trackpoint>
          <Trackpoint>
            <Time>2020-01-07T00:31:20Z</Time>
            <Position>
              <LatitudeDegrees>26.99549</LatitudeDegrees>
              <LongitudeDegrees>109.267589</LongitudeDegrees>
            </Position>
            <AltitudeMeters>39.2</AltitudeMeters>
            <DistanceMeters>5640.0</DistanceMeters>
            <Extensions>
              <ns3:TPX>
                <ns3:RunCadence>84</ns3:RunCadence>
              </ns3:TPX>
            </Extensions>
            <Cadence>84</Cadence>
          </Trackpoint>
          <Trackpoint>
            <Time>2020-01-07T00:31:25Z</Time>
            <Position>
              <LatitudeDegrees>26.995615</LatitudeDegrees>
              <LongitudeDegrees>109.267629</LongitudeDegrees>
            </Position>
            <AltitudeMeters>39.2</AltitudeMeters>
            <DistanceMeters>5655.0</DistanceMeters>
            <Extensions>
              <ns3:TPX>
                <ns3:RunCadence>83</ns3:RunCadence>
              </ns3:TPX>
            </Extensions>
            <Cadence>83</Cadence>
          </Trackpoint>
          <Trackpoint>
            <Time>2020-01-07T00:31:30Z</Time>
            <Position>
              <LatitudeDegrees>26.995747</LatitudeDegrees>
              <LongitudeDegrees>109.267664</LongitudeDegrees>
            </Position>
            <AltitudeMeters>39.3</AltitudeMeters>
            <DistanceMeters>5670.0</DistanceMeters>
            <Extensions>
              <ns3:TPX>
                <ns3:RunCadence>83</ns3:RunCadence>
              </ns3:TPX>
            </Extensions>
            <Cadence>83</Cadence>
          </Trackpoint>
          <Trackpoint>
            <Time>2020-01-07T00:31:35Z</Time>
            <Position>
              <LatitudeDegrees>26.995879</LatitudeDegrees>
              <LongitudeDegrees>109.267694</LongitudeDegrees>
            </Position>
            <AltitudeMeters>39.3</AltitudeMeters>
            <DistanceMeters>5685.0</DistanceMeters>
            <Extensions>
              <ns3:TPX>
                <ns3:RunCadence>83</ns3:RunCadence>
              </ns3:TPX>
            </Extensions>
            <Cadence>83</Cadence>
          </Trackpoint>
          <Trackpoint>
            <Time>2020-01-07T00:31:40Z</Time>
            <Position>
              <LatitudeDegrees>26.996012</LatitudeDegrees>
              <LongitudeDegrees>109.267719</LongitudeDegrees>
            </Position>
            <AltitudeMeters>39.4</AltitudeMeters>
            <DistanceMeters>5700.0</DistanceMeters>
            <Extensions>
              <ns3:TPX>
                <ns3:RunCadence>83</ns3:RunCadence>
              </ns3:TPX>
            </Extensions>
            <Cadence>83</Cadence>
          </Trackpoint>
          <Trackpoint>
            <Time>2020-01-07T00:31:45Z</Time>
            <Position>
              <LatitudeDegrees>26.996146</LatitudeDegrees>
              <LongitudeDegrees>109.267740</LongitudeDegrees>
            </Position>
            <AltitudeMeters>39.5</AltitudeMeters>
            <DistanceMeters>5715.0</DistanceMeters>
            <Extensions>
              <ns3:TPX>
                <ns3:RunCadence>83</ns3:RunCadence>
              </ns3:TPX>
            </Extensions>
            <Cadence>83</Cadence>
          </Trackpoint>
          <Trackpoint>
            <Time>2020-01-07T00:31:50Z</Time>
            <Position>
              <LatitudeDegrees>26.996280</LatitudeDegrees>
              <LongitudeDegrees>109.267755</LongitudeDegrees>
            </Position>
            <AltitudeMeters>39.5</AltitudeMeters>
            <DistanceMeters>5730.0</DistanceMeters>
            <Extensions>
              <ns3:TPX>
                <ns3:RunCadence>83</ns3:RunCadence>
              </ns3:TPX>
            </Extensions>
            <Cadence>83</Cadence>
          </Trackpoint>
          <Trackpoint>
            <Time>2020-01-07T00:31:55Z</Time>
            <Position>
              <LatitudeDegrees>26.996414</LatitudeDegrees>
              <LongitudeDegrees>109.267765</LongitudeDegrees>
            </Position>
            <AltitudeMeters>39.6</AltitudeMeters>
            <DistanceMeters>5745.0</DistanceMeters>
            <Extensions>
              <ns3:TPX>
                <ns3:RunCadence>82</ns3:RunCadence>
              </ns3:TPX>
            </Extensions>
            <Cadence>82</Cadence>
          </Trackpoint>
          <Trackpoint>
            <Time>2020-01-07T00:32:00Z</Time>
            <Position>
              <LatitudeDegrees>26.996549</LatitudeDegrees>
              <LongitudeDegrees>109.267771</LongitudeDegrees>
            </Position>
            <AltitudeMeters>39.6</AltitudeMeters>
            <DistanceMeters>5760.0</DistanceMeters>
            <Extensions>
              <ns3:TPX>
                <ns3:RunCadence>82</ns3:RunCadence>
              </ns3:TPX>
            </Extensions>
            <Cadence>82</Cadence>
          </Trackpoint>
          <Trackpoint>
            <Time>2020-01-07T00:32:05Z</Time>
            <Position>
              <LatitudeDegrees>26.996684</LatitudeDegrees>
              <LongitudeDegrees>109.267772</LongitudeDegrees>
            </Position>
            <AltitudeMeters>39.7</AltitudeMeters>
            <DistanceMeters>5775.0</DistanceMeters>
            <Extensions>
              <ns3:TPX>
                <ns3:RunCadence>82</ns3:RunCadence>
              </ns3:TPX>
            </Extensions>
            <Cadence>82</Cadence>
          </Trackpoint>
          <Trackpoint>
            <Time>2020-01-07T00:32:10Z</Time>
            <Position>
              <LatitudeDegrees>26.996819</LatitudeDegrees>
              <LongitudeDegrees>109.26777</LongitudeDegrees>
            </Position>
            <AltitudeMeters>39.8</AltitudeMeters>
            <DistanceMeters>5790.0</DistanceMeters>
            <Extensions>
              <ns3:TPX>
                <ns3:RunCadence>82</ns3:RunCadence>
              </ns3:TPX>
            </Extensions>
            <Cadence>82</Cadence>
          </Trackpoint>
          <Trackpoint>
            <Time>2020-01-07T00:32:15Z</Time>
            <Position>
              <LatitudeDegrees>26.996954</LatitudeDegrees>
              <LongitudeDegrees>109.267758</LongitudeDegrees>
            </Position>
            <AltitudeMeters>39.8</AltitudeMeters>
            <DistanceMeters>5805.0</DistanceMeters>
            <Extensions>
              <ns3:TPX>
                <ns3:RunCadence>82</ns3:RunCadence>
              </ns3:TPX>
            </Extensions>
            <Cadence>82</Cadence>
          </Trackpoint>
          <Trackpoint>
            <Time>2020-01-07T00:32:20Z</Time>
            <Position>
              <LatitudeDegrees>26.997088</LatitudeDegrees>
              <LongitudeDegrees>109.267744</LongitudeDegrees>
            </Position>
            <AltitudeMeters>39.9</AltitudeMeters>
            <DistanceMeters>5820.0</DistanceMeters>
            <Extensions>
              <ns3:TPX>
                <ns3:RunCadence>82</ns3:RunCadence>
              </ns3:TPX>
            </Extensions>
            <Cadence>82</Cadence>
          </Trackpoint>
          <Trackpoint>
            <Time>2020-01-07T00:32:25Z</Time>
            <Position>
              <LatitudeDegrees>26.997222</LatitudeDegrees>
              <LongitudeDegrees>109.267725</LongitudeDegrees>
            </Position>
            <AltitudeMeters>40.0</AltitudeMeters>
            <DistanceMeters>5835.0</DistanceMeters>
            <Extensions>
              <ns3:TPX>
                <ns3:RunCadence>82</ns3:RunCadence>
              </ns3:TPX>
            </Extensions>
            <Cadence>82</Cadence>
          </Trackpoint>
          <Trackpoint>
            <Time>2020-01-07T00:32:30Z</Time>
            <Position>
              <LatitudeDegrees>26.997355</LatitudeDegrees>
              <LongitudeDegrees>109.267701</LongitudeDegrees>
            </Position>
            <AltitudeMeters>40.0</AltitudeMeters>
            <DistanceMeters>5850.0</DistanceMeters>
            <Extensions>
              <ns3:TPX>
                <ns3:RunCadence>82</ns3:RunCadence>
              </ns3:TPX>
            </Extensions>
            <Cadence>82</Cadence>
          </Trackpoint>
          <Trackpoint>
            <Time>2020-01-07T00:32:35Z</Time>
            <Position>
              <LatitudeDegrees>26.997487</LatitudeDegrees>
              <LongitudeDegrees>109.267672</LongitudeDegrees>
            </Position>
            <AltitudeMeters>40.1</AltitudeMeters>
            <DistanceMeters>5865.0</DistanceMeters>
            <Extensions>
              <ns3:TPX>
                <ns3:RunCadence>81</ns3:RunCadence>
              </ns3:TPX>
            </Extensions>
            <Cadence>81</Cadence>
          </Trackpoint>
          <Trackpoint>
            <Time>2020-01-07T00:32:40Z</Time>
            <Position>
              <LatitudeDegrees>26.997619</LatitudeDegrees>
              <LongitudeDegrees>109.267638</LongitudeDegrees>
            </Position>
            <AltitudeMeters>40.2</AltitudeMeters>
            <DistanceMeters>5880.0</DistanceMeters>
            <Extensions>
              <ns3:TPX>
                <ns3:RunCadence>81</ns3:RunCadence>
              </ns3:TPX>
            </Extensions>
            <Cadence>81</Cadence>
          </Trackpoint>
          <Trackpoint>
            <Time>2020-01-07T00:32:45Z</Time>
            <Position>
              <LatitudeDegrees>26.997749</LatitudeDegrees>
              <LongitudeDegrees>109.26760</LongitudeDegrees>
            </Position>
            <AltitudeMeters>40.2</AltitudeMeters>
            <DistanceMeters>5895.0</DistanceMeters>
            <Extensions>
              <ns3:TPX>
                <ns3:RunCadence>81</ns3:RunCadence>
              </ns3:TPX>
            </Extensions>
            <Cadence>81</Cadence>
          </Trackpoint>
          <Trackpoint>
            <Time>2020-01-07T00:32:50Z</Time>
            <Position>
              <LatitudeDegrees>26.99788</LatitudeDegrees>
              <LongitudeDegrees>109.267556</LongitudeDegrees>
            </Position>
            <AltitudeMeters>40.3</AltitudeMeters>
            <DistanceMeters>5910.0</DistanceMeters>
            <Extensions>
              <ns3:TPX>
                <ns3:RunCadence>81</ns3:RunCadence>
              </ns3:TPX>
            </Extensions>
            <Cadence>81</Cadence>
          </Trackpoint>
          <Trackpoint>
            <Time>2020-01-07T00:32:55Z</Time>
            <Position>
              <LatitudeDegrees>26.998006</LatitudeDegrees>
              <LongitudeDegrees>109.267508</LongitudeDegrees>
            </Position>
            <AltitudeMeters>40.3</AltitudeMeters>
            <DistanceMeters>5925.0</DistanceMeters>
            <Extensions>
              <ns3:TPX>
                <ns3:RunCadence>81</ns3:RunCadence>
              </ns3:TPX>
            </Extensions>
            <Cadence>81</Cadence>
          </Trackpoint>
          <Trackpoint>
            <Time>2020-01-07T00:33:00Z</Time>
            <Position>
              <LatitudeDegrees>26.998133</LatitudeDegrees>
              <LongitudeDegrees>109.267456</LongitudeDegrees>
            </Position>
            <AltitudeMeters>40.4</AltitudeMeters>
            <DistanceMeters>5940.0</DistanceMeters>
            <Extensions>
              <ns3:TPX>
                <ns3:RunCadence>81</ns3:RunCadence>
              </ns3:TPX>
            </Extensions>
            <Cadence>81</Cadence>
          </Trackpoint>
          <Trackpoint>
            <Time>2020-01-07T00:33:05Z</Time>
            <Position>
              <LatitudeDegrees>26.998258</LatitudeDegrees>
              <LongitudeDegrees>109.267399</LongitudeDegrees>
            </Position>
            <AltitudeMeters>40.5</AltitudeMeters>
            <DistanceMeters>5955.0</DistanceMeters>
            <Extensions>
              <ns3:TPX>
                <ns3:RunCadence>81</ns3:RunCadence>
              </ns3:TPX>
            </Extensions>
            <Cadence>81</Cadence>
          </Trackpoint>
          <Trackpoint>
            <Time>2020-01-07T00:33:10Z</Time>
            <Position>
              <LatitudeDegrees>26.998381</LatitudeDegrees>
              <LongitudeDegrees>109.267337</LongitudeDegrees>
            </Position>
            <AltitudeMeters>40.5</AltitudeMeters>
            <DistanceMeters>5970.0</DistanceMeters>
            <Extensions>
              <ns3:TPX>
                <ns3:RunCadence>81</ns3:RunCadence>
              </ns3:TPX>
            </Extensions>
            <Cadence>81</Cadence>
          </Trackpoint>
          <Trackpoint>
            <Time>2020-01-07T00:33:15Z</Time>
            <Position>
              <LatitudeDegrees>26.998502</LatitudeDegrees>
              <LongitudeDegrees>109.267270</LongitudeDegrees>
            </Position>
            <AltitudeMeters>40.6</AltitudeMeters>
            <DistanceMeters>5985.0</DistanceMeters>
            <Extensions>
              <ns3:TPX>
                <ns3:RunCadence>81</ns3:RunCadence>
              </ns3:TPX>
            </Extensions>
            <Cadence>81</Cadence>
          </Trackpoint>
          <Trackpoint>
            <Time>2020-01-07T00:33:20Z</Time>
            <Position>
              <LatitudeDegrees>26.998621</LatitudeDegrees>
              <LongitudeDegrees>109.267200</LongitudeDegrees>
            </Position>
            <AltitudeMeters>40.7</AltitudeMeters>
            <DistanceMeters>6000.0</DistanceMeters>
            <Extensions>
              <ns3:TPX>
                <ns3:RunCadence>81</ns3:RunCadence>
              </ns3:TPX>
            </Extensions>
            <Cadence>81</Cadence>
          </Trackpoint>
          <Trackpoint>
            <Time>2020-01-07T00:33:25Z</Time>
            <Position>
              <LatitudeDegrees>26.998739</LatitudeDegrees>
              <LongitudeDegrees>109.267125</LongitudeDegrees>
            </Position>
            <AltitudeMeters>40.7</AltitudeMeters>
            <DistanceMeters>6015.0</DistanceMeters>
            <Extensions>
              <ns3:TPX>
                <ns3:RunCadence>81</ns3:RunCadence>
              </ns3:TPX>
            </Extensions>
            <Cadence>81</Cadence>
          </Trackpoint>
          <Trackpoint>
            <Time>2020-01-07T00:33:30Z</Time>
            <Position>
              <LatitudeDegrees>26.998853</LatitudeDegrees>
              <LongitudeDegrees>109.267045</LongitudeDegrees>
            </Position>
            <AltitudeMeters>40.8</AltitudeMeters>
            <DistanceMeters>6030.0</DistanceMeters>
            <Extensions>
              <ns3:TPX>
                <ns3:RunCadence>81</ns3:RunCadence>
              </ns3:TPX>
            </Extensions>
            <Cadence>81</Cadence>
          </Trackpoint>
          <Trackpoint>
            <Time>2020-01-07T00:33:35Z</Time>
            <Position>
              <LatitudeDegrees>26.998966</LatitudeDegrees>
              <LongitudeDegrees>109.266962</LongitudeDegrees>
            </Position>
            <AltitudeMeters>40.8</AltitudeMeters>
            <DistanceMeters>6045.0</DistanceMeters>
            <Extensions>
              <ns3:TPX>
                <ns3:RunCadence>81</ns3:RunCadence>
              </ns3:TPX>
            </Extensions>
            <Cadence>81</Cadence>
          </Trackpoint>
          <Trackpoint>
            <Time>2020-01-07T00:33:40Z</Time>
            <Position>
              <LatitudeDegrees>26.999076</LatitudeDegrees>
              <LongitudeDegrees>109.266874</LongitudeDegrees>
            </Position>
            <AltitudeMeters>40.9</AltitudeMeters>
            <DistanceMeters>6060.0</DistanceMeters>
            <Extensions>
              <ns3:TPX>
                <ns3:RunCadence>81</ns3:RunCadence>
              </ns3:TPX>
            </Extensions>
            <Cadence>81</Cadence>
          </Trackpoint>
          <Trackpoint>
            <Time>2020-01-07T00:33:45Z</Time>
            <Position>
              <LatitudeDegrees>26.99918</LatitudeDegrees>
              <LongitudeDegrees>109.266783</LongitudeDegrees>
            </Position>
            <AltitudeMeters>41.0</AltitudeMeters>
            <DistanceMeters>6075.0</DistanceMeters>
            <Extensions>
              <ns3:TPX>
                <ns3:RunCadence>81</ns3:RunCadence>
              </ns3:TPX>
            </Extensions>
            <Cadence>81</Cadence>
          </Trackpoint>
          <Trackpoint>
            <Time>2020-01-07T00:33:50Z</Time>
            <Position>
              <LatitudeDegrees>26.999288</LatitudeDegrees>
              <LongitudeDegrees>109.266687</LongitudeDegrees>
            </Position>
            <AltitudeMeters>41.0</AltitudeMeters>
            <DistanceMeters>6090.0</DistanceMeters>
            <Extensions>
              <ns3:TPX>
                <ns3:RunCadence>81</ns3:RunCadence>
              </ns3:TPX>
            </Extensions>
            <Cadence>81</Cadence>
          </Trackpoint>
          <Trackpoint>
            <Time>2020-01-07T00:33:55Z</Time>
            <Position>
              <LatitudeDegrees>26.999390</LatitudeDegrees>
              <LongitudeDegrees>109.266588</LongitudeDegrees>
            </Position>
            <AltitudeMeters>41.1</AltitudeMeters>
            <DistanceMeters>6105.0</DistanceMeters>
            <Extensions>
              <ns3:TPX>
                <ns3:RunCadence>81</ns3:RunCadence>
              </ns3:TPX>
            </Extensions>
            <Cadence>81</Cadence>
          </Trackpoint>
          <Trackpoint>
            <Time>2020-01-07T00:34:00Z</Time>
            <Position>
              <LatitudeDegrees>26.999489</LatitudeDegrees>
              <LongitudeDegrees>109.2665</LongitudeDegrees>
            </Position>
            <AltitudeMeters>41.1</AltitudeMeters>
            <DistanceMeters>6120.0</DistanceMeters>
            <Extensions>
              <ns3:TPX>
                <ns3:RunCadence>81</ns3:RunCadence>
              </ns3:TPX>
            </Extensions>
            <Cadence>81</Cadence>
          </Trackpoint>
          <Trackpoint>
            <Time>2020-01-07T00:34:05Z</Time>
            <Position>
              <LatitudeDegrees>26.999585</LatitudeDegrees>
              <LongitudeDegrees>109.266379</LongitudeDegrees>
            </Position>
            <AltitudeMeters>41.2</AltitudeMeters>
            <DistanceMeters>6135.0</DistanceMeters>
            <Extensions>
              <ns3:TPX>
                <ns3:RunCadence>81</ns3:RunCadence>
              </ns3:TPX>
            </Extensions>
            <Cadence>81</Cadence>
          </Trackpoint>
          <Trackpoint>
            <Time>2020-01-07T00:34:10Z</Time>
            <Position>
              <LatitudeDegrees>26.999678</LatitudeDegrees>
              <LongitudeDegrees>109.26627</LongitudeDegrees>
            </Position>
            <AltitudeMeters>41.2</AltitudeMeters>
            <DistanceMeters>6150.0</DistanceMeters>
            <Extensions>
              <ns3:TPX>
                <ns3:RunCadence>81</ns3:RunCadence>
              </ns3:TPX>
            </Extensions>
            <Cadence>81</Cadence>
          </Trackpoint>
          <Trackpoint>
            <Time>2020-01-07T00:34:15Z</Time>
            <Position>
              <LatitudeDegrees>26.999767</LatitudeDegrees>
              <LongitudeDegrees>109.266156</LongitudeDegrees>
            </Position>
            <AltitudeMeters>41.3</AltitudeMeters>
            <DistanceMeters>6165.0</DistanceMeters>
            <Extensions>
              <ns3:TPX>
                <ns3:RunCadence>82</ns3:RunCadence>
              </ns3:TPX>
            </Extensions>
            <Cadence>82</Cadence>
          </Trackpoint>
          <Trackpoint>
            <Time>2020-01-07T00:34:20Z</Time>
            <Position>
              <LatitudeDegrees>26.999853</LatitudeDegrees>
              <LongitudeDegrees>109.2660</LongitudeDegrees>
            </Position>
            <AltitudeMeters>41.3</AltitudeMeters>
            <DistanceMeters>6180.0</DistanceMeters>
            <Extensions>
              <ns3:TPX>
                <ns3:RunCadence>82</ns3:RunCadence>
              </ns3:TPX>
            </Extensions>
            <Cadence>82</Cadence>
          </Trackpoint>
          <Trackpoint>
            <Time>2020-01-07T00:34:25Z</Time>
            <Position>
              <LatitudeDegrees>26.999936</LatitudeDegrees>
              <LongitudeDegrees>109.265920</LongitudeDegrees>
            </Position>
            <AltitudeMeters>41.4</AltitudeMeters>
            <DistanceMeters>6195.0</DistanceMeters>
            <Extensions>
              <ns3:TPX>
                <ns3:RunCadence>82</ns3:RunCadence>
              </ns3:TPX>
            </Extensions>
            <Cadence>82</Cadence>
          </Trackpoint>
          <Trackpoint>
            <Time>2020-01-07T00:34:30Z</Time>
            <Position>
              <LatitudeDegrees>27.000015</LatitudeDegrees>
              <LongitudeDegrees>109.265797</LongitudeDegrees>
            </Position>
            <AltitudeMeters>41.4</AltitudeMeters>
            <DistanceMeters>6210.0</DistanceMeters>
            <Extensions>
              <ns3:TPX>
                <ns3:RunCadence>82</ns3:RunCadence>
              </ns3:TPX>
            </Extensions>
            <Cadence>82</Cadence>
          </Trackpoint>
          <Trackpoint>
            <Time>2020-01-07T00:34:35Z</Time>
            <Position>
              <LatitudeDegrees>27.000091</LatitudeDegrees>
              <LongitudeDegrees>109.265672</LongitudeDegrees>
            </Position>
            <AltitudeMeters>41.5</AltitudeMeters>
            <DistanceMeters>6225.0</DistanceMeters>
            <Extensions>
              <ns3:TPX>
                <ns3:RunCadence>82</ns3:RunCadence>
              </ns3:TPX>
            </Extensions>
            <Cadence>82</Cadence>
          </Trackpoint>
          <Trackpoint>
            <Time>2020-01-07T00:34:40Z</Time>
            <Position>
              <LatitudeDegrees>27.000163</LatitudeDegrees>
              <LongitudeDegrees>109.265544</LongitudeDegrees>
            </Position>
            <AltitudeMeters>41.5</AltitudeMeters>
            <DistanceMeters>6240.0</DistanceMeters>
            <Extensions>
              <ns3:TPX>
                <ns3:RunCadence>82</ns3:RunCadence>
              </ns3:TPX>
            </Extensions>
            <Cadence>82</Cadence>
          </Trackpoint>
          <Trackpoint>
            <Time>2020-01-07T00:34:45Z</Time>
            <Position>
              <LatitudeDegrees>27.000231</LatitudeDegrees>
              <LongitudeDegrees>109.265413</LongitudeDegrees>
            </Position>
            <AltitudeMeters>41.5</AltitudeMeters>
            <DistanceMeters>6255.0</DistanceMeters>
            <Extensions>
              <ns3:TPX>
                <ns3:RunCadence>82</ns3:RunCadence>
              </ns3:TPX>
            </Extensions>
            <Cadence>82</Cadence>
          </Trackpoint>
          <Trackpoint>
            <Time>2020-01-07T00:34:50Z</Time>
            <Position>
              <LatitudeDegrees>27.0003</LatitudeDegrees>
              <LongitudeDegrees>109.265280</LongitudeDegrees>
            </Position>
            <AltitudeMeters>41.6</AltitudeMeters>
            <DistanceMeters>6270.0</DistanceMeters>
            <Extensions>
              <ns3:TPX>
                <ns3:RunCadence>82</ns3:RunCadence>
              </ns3:TPX>
            </Extensions>
            <Cadence>82</Cadence>
          </Trackpoint>
          <Trackpoint>
            <Time>2020-01-07T00:34:55Z</Time>
            <Position>
              <LatitudeDegrees>27.000356</LatitudeDegrees>
              <LongitudeDegrees>109.265144</LongitudeDegrees>
            </Position>
            <AltitudeMeters>41.6</AltitudeMeters>
            <DistanceMeters>6285.0</DistanceMeters>
            <Extensions>
              <ns3:TPX>
                <ns3:RunCadence>83</ns3:RunCadence>
              </ns3:TPX>
            </Extensions>
            <Cadence>83</Cadence>
          </Trackpoint>
          <Trackpoint>
            <Time>2020-01-07T00:35:00Z</Time>
            <Position>
              <LatitudeDegrees>27.000412</LatitudeDegrees>
              <LongitudeDegrees>109.265007</LongitudeDegrees>
            </Position>
            <AltitudeMeters>41.7</AltitudeMeters>
            <DistanceMeters>6300.0</DistanceMeters>
            <Extensions>
              <ns3:TPX>
                <ns3:RunCadence>83</ns3:RunCadence>
              </ns3:TPX>
            </Extensions>
            <Cadence>83</Cadence>
          </Trackpoint>
          <Trackpoint>
            <Time>2020-01-07T00:35:05Z</Time>
            <Position>
              <LatitudeDegrees>27.000464</LatitudeDegrees>
              <LongitudeDegrees>109.264867</LongitudeDegrees>
            </Position>
            <AltitudeMeters>41.7</AltitudeMeters>
            <DistanceMeters>6315.0</DistanceMeters>
            <Extensions>
              <ns3:TPX>
                <ns3:RunCadence>83</ns3:RunCadence>
              </ns3:TPX>
            </Extensions>
            <Cadence>83</Cadence>
          </Trackpoint>
          <Trackpoint>
            <Time>2020-01-07T00:35:10Z</Time>
            <Position>
              <LatitudeDegrees>27.00051</LatitudeDegrees>
              <LongitudeDegrees>109.264726</LongitudeDegrees>
            </Position>
            <AltitudeMeters>41.7</AltitudeMeters>
            <DistanceMeters>6330.0</DistanceMeters>
            <Extensions>
              <ns3:TPX>
                <ns3:RunCadence>83</ns3:RunCadence>
              </ns3:TPX>
            </Extensions>
            <Cadence>83</Cadence>
          </Trackpoint>
          <Trackpoint>
            <Time>2020-01-07T00:35:15Z</Time>
            <Position>
              <LatitudeDegrees>27.000557</LatitudeDegrees>
              <LongitudeDegrees>109.264583</LongitudeDegrees>
            </Position>
            <AltitudeMeters>41.8</AltitudeMeters>
            <DistanceMeters>6345.0</DistanceMeters>
            <Extensions>
              <ns3:TPX>
                <ns3:RunCadence>83</ns3:RunCadence>
              </ns3:TPX>
            </Extensions>
            <Cadence>83</Cadence>
          </Trackpoint>
          <Trackpoint>
            <Time>2020-01-07T00:35:20Z</Time>
            <Position>
              <LatitudeDegrees>27.000597</LatitudeDegrees>
              <LongitudeDegrees>109.264438</LongitudeDegrees>
            </Position>
            <AltitudeMeters>41.8</AltitudeMeters>
            <DistanceMeters>6360.0</DistanceMeters>
            <Extensions>
              <ns3:TPX>
                <ns3:RunCadence>83</ns3:RunCadence>
              </ns3:TPX>
            </Extensions>
            <Cadence>83</Cadence>
          </Trackpoint>
          <Trackpoint>
            <Time>2020-01-07T00:35:25Z</Time>
            <Position>
              <LatitudeDegrees>27.000632</LatitudeDegrees>
              <LongitudeDegrees>109.26429</LongitudeDegrees>
            </Position>
            <AltitudeMeters>41.8</AltitudeMeters>
            <DistanceMeters>6375.0</DistanceMeters>
            <Extensions>
              <ns3:TPX>
                <ns3:RunCadence>84</ns3:RunCadence>
              </ns3:TPX>
            </Extensions>
            <Cadence>84</Cadence>
          </Trackpoint>
          <Trackpoint>
            <Time>2020-01-07T00:35:30Z</Time>
            <Position>
              <LatitudeDegrees>27.000664</LatitudeDegrees>
              <LongitudeDegrees>109.264145</LongitudeDegrees>
            </Position>
            <AltitudeMeters>41.8</AltitudeMeters>
            <DistanceMeters>6390.0</DistanceMeters>
            <Extensions>
              <ns3:TPX>
                <ns3:RunCadence>84</ns3:RunCadence>
              </ns3:TPX>
            </Extensions>
            <Cadence>84</Cadence>
          </Trackpoint>
          <Trackpoint>
            <Time>2020-01-07T00:35:35Z</Time>
            <Position>
              <LatitudeDegrees>27.000691</LatitudeDegrees>
              <LongitudeDegrees>109.263997</LongitudeDegrees>
            </Position>
            <AltitudeMeters>41.9</AltitudeMeters>
            <DistanceMeters>6405.0</DistanceMeters>
            <Extensions>
              <ns3:TPX>
                <ns3:RunCadence>84</ns3:RunCadence>
              </ns3:TPX>
            </Extensions>
            <Cadence>84</Cadence>
          </Trackpoint>
          <Trackpoint>
            <Time>2020-01-07T00:35:40Z</Time>
            <Position>
              <LatitudeDegrees>27.000714</LatitudeDegrees>
              <LongitudeDegrees>109.263848</LongitudeDegrees>
            </Position>
            <AltitudeMeters>41.9</AltitudeMeters>
            <DistanceMeters>6420.0</DistanceMeters>
            <Extensions>
              <ns3:TPX>
                <ns3:RunCadence>84</ns3:RunCadence>
              </ns3:TPX>
            </Extensions>
            <Cadence>84</Cadence>
          </Trackpoint>
          <Trackpoint>
            <Time>2020-01-07T00:35:45Z</Time>
            <Position>
              <LatitudeDegrees>27.000732</LatitudeDegrees>
              <LongitudeDegrees>109.26370</LongitudeDegrees>
            </Position>
            <AltitudeMeters>41.9</AltitudeMeters>
            <DistanceMeters>6435.0</DistanceMeters>
            <Extensions>
              <ns3:TPX>
                <ns3:RunCadence>84</ns3:RunCadence>
              </ns3:TPX>
            </Extensions>
            <Cadence>84</Cadence>
          </Trackpoint>
          <Trackpoint>
            <Time>2020-01-07T00:35:50Z</Time>
            <Position>
              <LatitudeDegrees>27.000747</LatitudeDegrees>
              <LongitudeDegrees>109.263547</LongitudeDegrees>
            </Position>
            <AltitudeMeters>41.9</AltitudeMeters>
            <DistanceMeters>6450.0</DistanceMeters>
            <Extensions>
              <ns3:TPX>
                <ns3:RunCadence>84</ns3:RunCadence>
              </ns3:TPX>
            </Extensions>
            <Cadence>84</Cadence>
          </Trackpoint>
          <Trackpoint>
            <Time>2020-01-07T00:35:55Z</Time>
            <Position>
              <LatitudeDegrees>27.000756</LatitudeDegrees>
              <LongitudeDegrees>109.26340</LongitudeDegrees>
            </Position>
            <AltitudeMeters>41.9</AltitudeMeters>
            <DistanceMeters>6465.0</DistanceMeters>
            <Extensions>
              <ns3:TPX>
                <ns3:RunCadence>85</ns3:RunCadence>
              </ns3:TPX>
            </Extensions>
            <Cadence>85</Cadence>
          </Trackpoint>
          <Trackpoint>
            <Time>2020-01-07T00:36:00Z</Time>
            <Position>
              <LatitudeDegrees>27.000762</LatitudeDegrees>
              <LongitudeDegrees>109.263245</LongitudeDegrees>
            </Position>
            <AltitudeMeters>42.0</AltitudeMeters>
            <DistanceMeters>6480.0</DistanceMeters>
            <Extensions>
              <ns3:TPX>
                <ns3:RunCadence>85</ns3:RunCadence>
              </ns3:TPX>
            </Extensions>
            <Cadence>85</Cadence>
          </Trackpoint>
          <Trackpoint>
            <Time>2020-01-07T00:36:05Z</Time>
            <Position>
              <LatitudeDegrees>27.000762</LatitudeDegrees>
              <LongitudeDegrees>109.263094</LongitudeDegrees>
            </Position>
            <AltitudeMeters>42.0</AltitudeMeters>
            <DistanceMeters>6495.0</DistanceMeters>
            <Extensions>
              <ns3:TPX>
                <ns3:RunCadence>85</ns3:RunCadence>
              </ns3:TPX>
            </Extensions>
            <Cadence>85</Cadence>
          </Trackpoint>
          <Trackpoint>
            <Time>2020-01-07T00:36:10Z</Time>
            <Position>
              <LatitudeDegrees>27.000759</LatitudeDegrees>
              <LongitudeDegrees>109.262942</LongitudeDegrees>
            </Position>
            <AltitudeMeters>42.0</AltitudeMeters>
            <DistanceMeters>6510.0</DistanceMeters>
            <Extensions>
              <ns3:TPX>
                <ns3:RunCadence>85</ns3:RunCadence>
              </ns3:TPX>
            </Extensions>
            <Cadence>85</Cadence>
          </Trackpoint>
          <Trackpoint>
            <Time>2020-01-07T00:36:15Z</Time>
            <Position>
              <LatitudeDegrees>27.000751</LatitudeDegrees>
              <LongitudeDegrees>109.2628</LongitudeDegrees>
            </Position>
            <AltitudeMeters>42.0</AltitudeMeters>
            <DistanceMeters>6525.0</DistanceMeters>
            <Extensions>
              <ns3:TPX>
                <ns3:RunCadence>85</ns3:RunCadence>
              </ns3:TPX>
            </Extensions>
            <Cadence>85</Cadence>
          </Trackpoint>
          <Trackpoint>
            <Time>2020-01-07T00:36:20Z</Time>
            <Position>
              <LatitudeDegrees>27.000739</LatitudeDegrees>
              <LongitudeDegrees>109.262640</LongitudeDegrees>
            </Position>
            <AltitudeMeters>42.0</AltitudeMeters>
            <DistanceMeters>6540.0</DistanceMeters>
            <Extensions>
              <ns3:TPX>
                <ns3:RunCadence>85</ns3:RunCadence>
              </ns3:TPX>
            </Extensions>
            <Cadence>85</Cadence>
          </Trackpoint>
          <Trackpoint>
            <Time>2020-01-07T00:36:25Z</Time>
            <Position>
              <LatitudeDegrees>27.00072</LatitudeDegrees>
              <LongitudeDegrees>109.262490</LongitudeDegrees>
            </Position>
            <AltitudeMeters>42.0</AltitudeMeters>
            <DistanceMeters>6555.0</DistanceMeters>
            <Extensions>
              <ns3:TPX>
                <ns3:RunCadence>86</ns3:RunCadence>
              </ns3:TPX>
            </Extensions>
            <Cadence>86</Cadence>
          </Trackpoint>
          <Trackpoint>
            <Time>2020-01-07T00:36:30Z</Time>
            <Position>
              <LatitudeDegrees>27.000701</LatitudeDegrees>
              <LongitudeDegrees>109.262341</LongitudeDegrees>
            </Position>
            <AltitudeMeters>42.0</AltitudeMeters>
            <DistanceMeters>6570.0</DistanceMeters>
            <Extensions>
              <ns3:TPX>
                <ns3:RunCadence>86</ns3:RunCadence>
              </ns3:TPX>
            </Extensions>
            <Cadence>86</Cadence>
          </Trackpoint>
          <Trackpoint>
            <Time>2020-01-07T00:36:35Z</Time>
            <Position>
              <LatitudeDegrees>27.000676</LatitudeDegrees>
              <LongitudeDegrees>109.262192</LongitudeDegrees>
            </Position>
            <AltitudeMeters>42.0</AltitudeMeters>
            <DistanceMeters>6585.0</DistanceMeters>
            <Extensions>
              <ns3:TPX>
                <ns3:RunCadence>86</ns3:RunCadence>
              </ns3:TPX>
            </Extensions>
            <Cadence>86</Cadence>
          </Trackpoint>
          <Trackpoint>
            <Time>2020-01-07T00:36:40Z</Time>
            <Position>
              <LatitudeDegrees>27.000646</LatitudeDegrees>
              <LongitudeDegrees>109.262044</LongitudeDegrees>
            </Position>
            <AltitudeMeters>42.0</AltitudeMeters>
            <DistanceMeters>6600.0</DistanceMeters>
            <Extensions>
              <ns3:TPX>
                <ns3:RunCadence>86</ns3:RunCadence>
              </ns3:TPX>
            </Extensions>
            <Cadence>86</Cadence>
          </Trackpoint>
          <Trackpoint>
            <Time>2020-01-07T00:36:45Z</Time>
            <Position>
              <LatitudeDegrees>27.000612</LatitudeDegrees>
              <LongitudeDegrees>109.261898</LongitudeDegrees>
            </Position>
            <AltitudeMeters>42.0</AltitudeMeters>
            <DistanceMeters>6615.0</DistanceMeters>
            <Extensions>
              <ns3:TPX>
                <ns3:RunCadence>86</ns3:RunCadence>
              </ns3:TPX>
            </Extensions>
            <Cadence>86</Cadence>
          </Trackpoint>
          <Trackpoint>
            <Time>2020-01-07T00:36:50Z</Time>
            <Position>
              <LatitudeDegrees>27.000574</LatitudeDegrees>
              <LongitudeDegrees>109.261753</LongitudeDegrees>
            </Position>
            <AltitudeMeters>42.0</AltitudeMeters>
            <DistanceMeters>6630.0</DistanceMeters>
            <Extensions>
              <ns3:TPX>
                <ns3:RunCadence>86</ns3:RunCadence>
              </ns3:TPX>
            </Extensions>
            <Cadence>86</Cadence>
          </Trackpoint>
          <Trackpoint>
            <Time>2020-01-07T00:36:55Z</Time>
            <Position>
              <LatitudeDegrees>27.000531</LatitudeDegrees>
              <LongitudeDegrees>109.261609</LongitudeDegrees>
            </Position>
            <AltitudeMeters>42.0</AltitudeMeters>
            <DistanceMeters>6645.0</DistanceMeters>
            <Extensions>
              <ns3:TPX>
                <ns3:RunCadence>86</ns3:RunCadence>
              </ns3:TPX>
            </Extensions>
            <Cadence>86</Cadence>
          </Trackpoint>
          <Trackpoint>
            <Time>2020-01-07T00:37:00Z</Time>
            <Position>
              <LatitudeDegrees>27.000485</LatitudeDegrees>
              <LongitudeDegrees>109.261467</LongitudeDegrees>
            </Position>
            <AltitudeMeters>42.0</AltitudeMeters>
            <DistanceMeters>6660.0</DistanceMeters>
            <Extensions>
              <ns3:TPX>
                <ns3:RunCadence>86</ns3:RunCadence>
              </ns3:TPX>
            </Extensions>
            <Cadence>86</Cadence>
          </Trackpoint>
          <Trackpoint>
            <Time>2020-01-07T00:37:05Z</Time>
            <Position>
              <LatitudeDegrees>27.000434</LatitudeDegrees>
              <LongitudeDegrees>109.261327</LongitudeDegrees>
            </Position>
            <AltitudeMeters>42.0</AltitudeMeters>
            <DistanceMeters>6675.0</DistanceMeters>
            <Extensions>
              <ns3:TPX>
                <ns3:RunCadence>87</ns3:RunCadence>
              </ns3:TPX>
            </Extensions>
            <Cadence>87</Cadence>
          </Trackpoint>
          <Trackpoint>
            <Time>2020-01-07T00:37:10Z</Time>
            <Position>
              <LatitudeDegrees>27.000379</LatitudeDegrees>
              <LongitudeDegrees>109.261188</LongitudeDegrees>
            </Position>
            <AltitudeMeters>41.9</AltitudeMeters>
            <DistanceMeters>6690.0</DistanceMeters>
            <Extensions>
              <ns3:TPX>
                <ns3:RunCadence>87</ns3:RunCadence>
              </ns3:TPX>
            </Extensions>
            <Cadence>87</Cadence>
          </Trackpoint>
          <Trackpoint>
            <Time>2020-01-07T00:37:15Z</Time>
            <Position>
              <LatitudeDegrees>27.00032</LatitudeDegrees>
              <LongitudeDegrees>109.261052</LongitudeDegrees>
            </Position>
            <AltitudeMeters>41.9</AltitudeMeters>
            <DistanceMeters>6705.0</DistanceMeters>
            <Extensions>
              <ns3:TPX>
                <ns3:RunCadence>87</ns3:RunCadence>
              </ns3:TPX>
            </Extensions>
            <Cadence>87</Cadence>
          </Trackpoint>
          <Trackpoint>
            <Time>2020-01-07T00:37:20Z</Time>
            <Position>
              <LatitudeDegrees>27.000258</LatitudeDegrees>
              <LongitudeDegrees>109.260918</LongitudeDegrees>
            </Position>
            <AltitudeMeters>41.9</AltitudeMeters>
            <DistanceMeters>6720.0</DistanceMeters>
            <Extensions>
              <ns3:TPX>
                <ns3:RunCadence>87</ns3:RunCadence>
              </ns3:TPX>
            </Extensions>
            <Cadence>87</Cadence>
          </Trackpoint>
          <Trackpoint>
            <Time>2020-01-07T00:37:25Z</Time>
            <Position>
              <LatitudeDegrees>27.000191</LatitudeDegrees>
              <LongitudeDegrees>109.260786</LongitudeDegrees>
            </Position>
            <AltitudeMeters>41.9</AltitudeMeters>
            <DistanceMeters>6735.0</DistanceMeters>
            <Extensions>
              <ns3:TPX>
                <ns3:RunCadence>87</ns3:RunCadence>
              </ns3:TPX>
            </Extensions>
            <Cadence>87</Cadence>
          </Trackpoint>
          <Trackpoint>
            <Time>2020-01-07T00:37:30Z</Time>
            <Position>
              <LatitudeDegrees>27.000121</LatitudeDegrees>
              <LongitudeDegrees>109.260657</LongitudeDegrees>
            </Position>
            <AltitudeMeters>41.9</AltitudeMeters>
            <DistanceMeters>6750.0</DistanceMeters>
            <Extensions>
              <ns3:TPX>
                <ns3:RunCadence>87</ns3:RunCadence>
              </ns3:TPX>
            </Extensions>
            <Cadence>87</Cadence>
          </Trackpoint>
          <Trackpoint>
            <Time>2020-01-07T00:37:35Z</Time>
            <Position>
              <LatitudeDegrees>27.000047</LatitudeDegrees>
              <LongitudeDegrees>109.260530</LongitudeDegrees>
            </Position>
            <AltitudeMeters>41.8</AltitudeMeters>
            <DistanceMeters>6765.0</DistanceMeters>
            <Extensions>
              <ns3:TPX>
                <ns3:RunCadence>87</ns3:RunCadence>
              </ns3:TPX>
            </Extensions>
            <Cadence>87</Cadence>
          </Trackpoint>
          <Trackpoint>
            <Time>2020-01-07T00:37:40Z</Time>
            <Position>
              <LatitudeDegrees>26.999969</LatitudeDegrees>
              <LongitudeDegrees>109.260407</LongitudeDegrees>
            </Position>
            <AltitudeMeters>41.8</AltitudeMeters>
            <DistanceMeters>6780.0</DistanceMeters>
            <Extensions>
              <ns3:TPX>
                <ns3:RunCadence>87</ns3:RunCadence>
              </ns3:TPX>
            </Extensions>
            <Cadence>87</Cadence>
          </Trackpoint>
          <Trackpoint>
            <Time>2020-01-07T00:37:45Z</Time>
            <Position>
              <LatitudeDegrees>26.999888</LatitudeDegrees>
              <LongitudeDegrees>109.260286</LongitudeDegrees>
            </Position>
            <AltitudeMeters>41.8</AltitudeMeters>
            <DistanceMeters>6795.0</DistanceMeters>
            <Extensions>
              <ns3:TPX>
                <ns3:RunCadence>87</ns3:RunCadence>
              </ns3:TPX>
            </Extensions>
            <Cadence>87</Cadence>
          </Trackpoint>
          <Trackpoint>
            <Time>2020-01-07T00:37:50Z</Time>
            <Position>
              <LatitudeDegrees>26.999803</LatitudeDegrees>
              <LongitudeDegrees>109.260168</LongitudeDegrees>
            </Position>
            <AltitudeMeters>41.7</AltitudeMeters>
            <DistanceMeters>6810.0</DistanceMeters>
            <Extensions>
              <ns3:TPX>
                <ns3:RunCadence>87</ns3:RunCadence>
              </ns3:TPX>
            </Extensions>
            <Cadence>87</Cadence>
          </Trackpoint>
          <Trackpoint>
            <Time>2020-01-07T00:37:55Z</Time>
            <Position>
              <LatitudeDegrees>26.999715</LatitudeDegrees>
              <LongitudeDegrees>109.260054</LongitudeDegrees>
            </Position>
            <AltitudeMeters>41.7</AltitudeMeters>
            <DistanceMeters>6825.0</DistanceMeters>
            <Extensions>
              <ns3:TPX>
                <ns3:RunCadence>87</ns3:RunCadence>
              </ns3:TPX>
            </Extensions>
            <Cadence>87</Cadence>
          </Trackpoint>
          <Trackpoint>
            <Time>2020-01-07T00:38:00Z</Time>
            <Position>
              <LatitudeDegrees>26.999623</LatitudeDegrees>
              <LongitudeDegrees>109.259942</LongitudeDegrees>
            </Position>
            <AltitudeMeters>41.7</AltitudeMeters>
            <DistanceMeters>6840.0</DistanceMeters>
            <Extensions>
              <ns3:TPX>
                <ns3:RunCadence>87</ns3:RunCadence>
              </ns3:TPX>
            </Extensions>
            <Cadence>87</Cadence>
          </Trackpoint>
          <Trackpoint>
            <Time>2020-01-07T00:38:05Z</Time>
            <Position>
              <LatitudeDegrees>26.999529</LatitudeDegrees>
              <LongitudeDegrees>109.259834</LongitudeDegrees>
            </Position>
            <AltitudeMeters>41.6</AltitudeMeters>
            <DistanceMeters>6855.0</DistanceMeters>
            <Extensions>
              <ns3:TPX>
                <ns3:RunCadence>87</ns3:RunCadence>
              </ns3:TPX>
            </Extensions>
            <Cadence>87</Cadence>
          </Trackpoint>
          <Trackpoint>
            <Time>2020-01-07T00:38:10Z</Time>
            <Position>
              <LatitudeDegrees>26.999431</LatitudeDegrees>
              <LongitudeDegrees>109.259730</LongitudeDegrees>
            </Position>
            <AltitudeMeters>41.6</AltitudeMeters>
            <DistanceMeters>6870.0</DistanceMeters>
            <Extensions>
              <ns3:TPX>
                <ns3:RunCadence>87</ns3:RunCadence>
              </ns3:TPX>
            </Extensions>
            <Cadence>87</Cadence>
          </Trackpoint>
          <Trackpoint>
            <Time>2020-01-07T00:38:15Z</Time>
            <Position>
              <LatitudeDegrees>26.999330</LatitudeDegrees>
              <LongitudeDegrees>109.259629</LongitudeDegrees>
            </Position>
            <AltitudeMeters>41.6</AltitudeMeters>
            <DistanceMeters>6885.0</DistanceMeters>
            <Extensions>
              <ns3:TPX>
                <ns3:RunCadence>87</ns3:RunCadence>
              </ns3:TPX>
            </Extensions>
            <Cadence>87</Cadence>
          </Trackpoint>
          <Trackpoint>
            <Time>2020-01-07T00:38:20Z</Time>
            <Position>
              <LatitudeDegrees>26.999227</LatitudeDegrees>
              <LongitudeDegrees>109.259532</LongitudeDegrees>
            </Position>
            <AltitudeMeters>41.5</AltitudeMeters>
            <DistanceMeters>6900.0</DistanceMeters>
            <Extensions>
              <ns3:TPX>
                <ns3:RunCadence>87</ns3:RunCadence>
              </ns3:TPX>
            </Extensions>
            <Cadence>87</Cadence>
          </Trackpoint>
          <Trackpoint>
            <Time>2020-01-07T00:38:25Z</Time>
            <Position>
              <LatitudeDegrees>26.999121</LatitudeDegrees>
              <LongitudeDegrees>109.259439</LongitudeDegrees>
            </Position>
            <AltitudeMeters>41.5</AltitudeMeters>
            <DistanceMeters>6915.0</DistanceMeters>
            <Extensions>
              <ns3:TPX>
                <ns3:RunCadence>87</ns3:RunCadence>
              </ns3:TPX>
            </Extensions>
            <Cadence>87</Cadence>
          </Trackpoint>
          <Trackpoint>
            <Time>2020-01-07T00:38:30Z</Time>
            <Position>
              <LatitudeDegrees>26.999012</LatitudeDegrees>
              <LongitudeDegrees>109.259350</LongitudeDegrees>
            </Position>
            <AltitudeMeters>41.4</AltitudeMeters>
            <DistanceMeters>6930.0</DistanceMeters>
            <Extensions>
              <ns3:TPX>
                <ns3:RunCadence>87</ns3:RunCadence>
              </ns3:TPX>
            </Extensions>
            <Cadence>87</Cadence>
          </Trackpoint>
          <Trackpoint>
            <Time>2020-01-07T00:38:35Z</Time>
            <Position>
              <LatitudeDegrees>26.998900</LatitudeDegrees>
              <LongitudeDegrees>109.259265</LongitudeDegrees>
            </Position>
            <AltitudeMeters>41.4</AltitudeMeters>
            <DistanceMeters>6945.0</DistanceMeters>
            <Extensions>
              <ns3:TPX>
                <ns3:RunCadence>87</ns3:RunCadence>
              </ns3:TPX>
            </Extensions>
            <Cadence>87</Cadence>
          </Trackpoint>
          <Trackpoint>
            <Time>2020-01-07T00:38:40Z</Time>
            <Position>
              <LatitudeDegrees>26.998786</LatitudeDegrees>
              <LongitudeDegrees>109.25918</LongitudeDegrees>
            </Position>
            <AltitudeMeters>41.3</AltitudeMeters>
            <DistanceMeters>6960.0</DistanceMeters>
            <Extensions>
              <ns3:TPX>
                <ns3:RunCadence>86</ns3:RunCadence>
              </ns3:TPX>
            </Extensions>
            <Cadence>86</Cadence>
          </Trackpoint>
          <Trackpoint>
            <Time>2020-01-07T00:38:45Z</Time>
            <Position>
              <LatitudeDegrees>26.998670</LatitudeDegrees>
              <LongitudeDegrees>109.259107</LongitudeDegrees>
            </Position>
            <AltitudeMeters>41.3</AltitudeMeters>
            <DistanceMeters>6975.0</DistanceMeters>
            <Extensions>
              <ns3:TPX>
                <ns3:RunCadence>86</ns3:RunCadence>
              </ns3:TPX>
            </Extensions>
            <Cadence>86</Cadence>
          </Trackpoint>
          <Trackpoint>
            <Time>2020-01-07T00:38:50Z</Time>
            <Position>
              <LatitudeDegrees>26.998551</LatitudeDegrees>
              <LongitudeDegrees>109.259034</LongitudeDegrees>
            </Position>
            <AltitudeMeters>41.3</AltitudeMeters>
            <DistanceMeters>6990.0</DistanceMeters>
            <Extensions>
              <ns3:TPX>
                <ns3:RunCadence>86</ns3:RunCadence>
              </ns3:TPX>
            </Extensions>
            <Cadence>86</Cadence>
          </Trackpoint>
          <Trackpoint>
            <Time>2020-01-07T00:38:55Z</Time>
            <Position>
              <LatitudeDegrees>26.99843</LatitudeDegrees>
              <LongitudeDegrees>109.258966</LongitudeDegrees>
            </Position>
            <AltitudeMeters>41.2</AltitudeMeters>
            <DistanceMeters>7005.0</DistanceMeters>
            <Extensions>
              <ns3:TPX>
                <ns3:RunCadence>86</ns3:RunCadence>
              </ns3:TPX>
            </Extensions>
            <Cadence>86</Cadence>
          </Trackpoint>
          <Trackpoint>
            <Time>2020-01-07T00:39:00Z</Time>
            <Position>
              <LatitudeDegrees>26.99831</LatitudeDegrees>
              <LongitudeDegrees>109.258903</LongitudeDegrees>
            </Position>
            <AltitudeMeters>41.1</AltitudeMeters>
            <DistanceMeters>7020.0</DistanceMeters>
            <Extensions>
              <ns3:TPX>
                <ns3:RunCadence>86</ns3:RunCadence>
              </ns3:TPX>
            </Extensions>
            <Cadence>86</Cadence>
          </Trackpoint>
          <Trackpoint>
            <Time>2020-01-07T00:39:05Z</Time>
            <Position>
              <LatitudeDegrees>26.9982</LatitudeDegrees>
              <LongitudeDegrees>109.258844</LongitudeDegrees>
            </Position>
            <AltitudeMeters>41.1</AltitudeMeters>
            <DistanceMeters>7035.0</DistanceMeters>
            <Extensions>
              <ns3:TPX>
                <ns3:RunCadence>86</ns3:RunCadence>
              </ns3:TPX>
            </Extensions>
            <Cadence>86</Cadence>
          </Trackpoint>
          <Trackpoint>
            <Time>2020-01-07T00:39:10Z</Time>
            <Position>
              <LatitudeDegrees>26.998059</LatitudeDegrees>
              <LongitudeDegrees>109.258789</LongitudeDegrees>
            </Position>
            <AltitudeMeters>41.0</AltitudeMeters>
            <DistanceMeters>7050.0</DistanceMeters>
            <Extensions>
              <ns3:TPX>
                <ns3:RunCadence>86</ns3:RunCadence>
              </ns3:TPX>
            </Extensions>
            <Cadence>86</Cadence>
          </Trackpoint>
          <Trackpoint>
            <Time>2020-01-07T00:39:15Z</Time>
            <Position>
              <LatitudeDegrees>26.997931</LatitudeDegrees>
              <LongitudeDegrees>109.258739</LongitudeDegrees>
            </Position>
            <AltitudeMeters>41.0</AltitudeMeters>
            <DistanceMeters>7065.0</DistanceMeters>
            <Extensions>
              <ns3:TPX>
                <ns3:RunCadence>86</ns3:RunCadence>
              </ns3:TPX>
            </Extensions>
            <Cadence>86</Cadence>
          </Trackpoint>
          <Trackpoint>
            <Time>2020-01-07T00:39:20Z</Time>
            <Position>
              <LatitudeDegrees>26.997802</LatitudeDegrees>
              <LongitudeDegrees>109.258694</LongitudeDegrees>
            </Position>
            <AltitudeMeters>40.9</AltitudeMeters>
            <DistanceMeters>7080.0</DistanceMeters>
            <Extensions>
              <ns3:TPX>
                <ns3:RunCadence>85</ns3:RunCadence>
              </ns3:TPX>
            </Extensions>
            <Cadence>85</Cadence>
          </Trackpoint>
          <Trackpoint>
            <Time>2020-01-07T00:39:25Z</Time>
            <Position>
              <LatitudeDegrees>26.99767</LatitudeDegrees>
              <LongitudeDegrees>109.258653</LongitudeDegrees>
            </Position>
            <AltitudeMeters>40.9</AltitudeMeters>
            <DistanceMeters>7095.0</DistanceMeters>
            <Extensions>
              <ns3:TPX>
                <ns3:RunCadence>85</ns3:RunCadence>
              </ns3:TPX>
            </Extensions>
            <Cadence>85</Cadence>
          </Trackpoint>
          <Trackpoint>
            <Time>2020-01-07T00:39:30Z</Time>
            <Position>
              <LatitudeDegrees>26.997541</LatitudeDegrees>
              <LongitudeDegrees>109.258618</LongitudeDegrees>
            </Position>
            <AltitudeMeters>40.8</AltitudeMeters>
            <DistanceMeters>7110.0</DistanceMeters>
            <Extensions>
              <ns3:TPX>
                <ns3:RunCadence>85</ns3:RunCadence>
              </ns3:TPX>
            </Extensions>
            <Cadence>85</Cadence>
          </Trackpoint>
          <Trackpoint>
            <Time>2020-01-07T00:39:35Z</Time>
            <Position>
              <LatitudeDegrees>26.997409</LatitudeDegrees>
              <LongitudeDegrees>109.258587</LongitudeDegrees>
            </Position>
            <AltitudeMeters>40.8</AltitudeMeters>
            <DistanceMeters>7125.0</DistanceMeters>
            <Extensions>
              <ns3:TPX>
                <ns3:RunCadence>85</ns3:RunCadence>
              </ns3:TPX>
            </Extensions>
            <Cadence>85</Cadence>
          </Trackpoint>
          <Trackpoint>
            <Time>2020-01-07T00:39:40Z</Time>
            <Position>
              <LatitudeDegrees>26.997276</LatitudeDegrees>
              <LongitudeDegrees>109.258561</LongitudeDegrees>
            </Position>
            <AltitudeMeters>40.7</AltitudeMeters>
            <DistanceMeters>7140.0</DistanceMeters>
            <Extensions>
              <ns3:TPX>
                <ns3:RunCadence>85</ns3:RunCadence>
              </ns3:TPX>
            </Extensions>
            <Cadence>85</Cadence>
          </Trackpoint>
          <Trackpoint>
            <Time>2020-01-07T00:39:45Z</Time>
            <Position>
              <LatitudeDegrees>26.997143</LatitudeDegrees>
              <LongitudeDegrees>109.258540</LongitudeDegrees>
            </Position>
            <AltitudeMeters>40.6</AltitudeMeters>
            <DistanceMeters>7155.0</DistanceMeters>
            <Extensions>
              <ns3:TPX>
                <ns3:RunCadence>85</ns3:RunCadence>
              </ns3:TPX>
            </Extensions>
            <Cadence>85</Cadence>
          </Trackpoint>
          <Trackpoint>
            <Time>2020-01-07T00:39:50Z</Time>
            <Position>
              <LatitudeDegrees>26.997009</LatitudeDegrees>
              <LongitudeDegrees>109.258523</LongitudeDegrees>
            </Position>
            <AltitudeMeters>40.6</AltitudeMeters>
            <DistanceMeters>7170.0</DistanceMeters>
            <Extensions>
              <ns3:TPX>
                <ns3:RunCadence>84</ns3:RunCadence>
              </ns3:TPX>
            </Extensions>
            <Cadence>84</Cadence>
          </Trackpoint>
          <Trackpoint>
            <Time>2020-01-07T00:39:55Z</Time>
            <Position>
              <LatitudeDegrees>26.996874</LatitudeDegrees>
              <LongitudeDegrees>109.258512</LongitudeDegrees>
            </Position>
            <AltitudeMeters>40.5</AltitudeMeters>
            <DistanceMeters>7185.0</DistanceMeters>
            <Extensions>
              <ns3:TPX>
                <ns3:RunCadence>84</ns3:RunCadence>
              </ns3:TPX>
            </Extensions>
            <Cadence>84</Cadence>
          </Trackpoint>
          <Trackpoint>
            <Time>2020-01-07T00:40:00Z</Time>
            <Position>
              <LatitudeDegrees>26.996739</LatitudeDegrees>
              <LongitudeDegrees>109.258506</LongitudeDegrees>
            </Position>
            <AltitudeMeters>40.4</AltitudeMeters>
            <DistanceMeters>7200.0</DistanceMeters>
            <Extensions>
              <ns3:TPX>
                <ns3:RunCadence>84</ns3:RunCadence>
              </ns3:TPX>
            </Extensions>
            <Cadence>84</Cadence>
          </Trackpoint>
          <Trackpoint>
            <Time>2020-01-07T00:40:05Z</Time>
            <Position>
              <LatitudeDegrees>26.996605</LatitudeDegrees>
              <LongitudeDegrees>109.258504</LongitudeDegrees>
            </Position>
            <AltitudeMeters>40.4</AltitudeMeters>
            <DistanceMeters>7215.0</DistanceMeters>
            <Extensions>
              <ns3:TPX>
                <ns3:RunCadence>84</ns3:RunCadence>
              </ns3:TPX>
            </Extensions>
            <Cadence>84</Cadence>
          </Trackpoint>
          <Trackpoint>
            <Time>2020-01-07T00:40:10Z</Time>
            <Position>
              <LatitudeDegrees>26.996470</LatitudeDegrees>
              <LongitudeDegrees>109.258508</LongitudeDegrees>
            </Position>
            <AltitudeMeters>40.3</AltitudeMeters>
            <DistanceMeters>7230.0</DistanceMeters>
            <Extensions>
              <ns3:TPX>
                <ns3:RunCadence>84</ns3:RunCadence>
              </ns3:TPX>
            </Extensions>
            <Cadence>84</Cadence>
          </Trackpoint>
          <Trackpoint>
            <Time>2020-01-07T00:40:15Z</Time>
            <Position>
              <LatitudeDegrees>26.996335</LatitudeDegrees>
              <LongitudeDegrees>109.258516</LongitudeDegrees>
            </Position>
            <AltitudeMeters>40.3</AltitudeMeters>
            <DistanceMeters>7245.0</DistanceMeters>
            <Extensions>
              <ns3:TPX>
                <ns3:RunCadence>84</ns3:RunCadence>
              </ns3:TPX>
            </Extensions>
            <Cadence>84</Cadence>
          </Trackpoint>
          <Trackpoint>
            <Time>2020-01-07T00:40:20Z</Time>
            <Position>
              <LatitudeDegrees>26.996201</LatitudeDegrees>
              <LongitudeDegrees>109.258530</LongitudeDegrees>
            </Position>
            <AltitudeMeters>40.2</AltitudeMeters>
            <DistanceMeters>7260.0</DistanceMeters>
            <Extensions>
              <ns3:TPX>
                <ns3:RunCadence>83</ns3:RunCadence>
              </ns3:TPX>
            </Extensions>
            <Cadence>83</Cadence>
          </Trackpoint>
          <Trackpoint>
            <Time>2020-01-07T00:40:25Z</Time>
            <Position>
              <LatitudeDegrees>26.996067</LatitudeDegrees>
              <LongitudeDegrees>109.258548</LongitudeDegrees>
            </Position>
            <AltitudeMeters>40.1</AltitudeMeters>
            <DistanceMeters>7275.0</DistanceMeters>
            <Extensions>
              <ns3:TPX>
                <ns3:RunCadence>83</ns3:RunCadence>
              </ns3:TPX>
            </Extensions>
            <Cadence>83</Cadence>
          </Trackpoint>
          <Trackpoint>
            <Time>2020-01-07T00:40:30Z</Time>
            <Position>
              <LatitudeDegrees>26.995933</LatitudeDegrees>
              <LongitudeDegrees>109.258571</LongitudeDegrees>
            </Position>
            <AltitudeMeters>40.1</AltitudeMeters>
            <DistanceMeters>7290.0</DistanceMeters>
            <Extensions>
              <ns3:TPX>
                <ns3:RunCadence>83</ns3:RunCadence>
              </ns3:TPX>
            </Extensions>
            <Cadence>83</Cadence>
          </Trackpoint>
          <Trackpoint>
            <Time>2020-01-07T00:40:35Z</Time>
            <Position>
              <LatitudeDegrees>26.995801</LatitudeDegrees>
              <LongitudeDegrees>109.258600</LongitudeDegrees>
            </Position>
            <AltitudeMeters>40.0</AltitudeMeters>
            <DistanceMeters>7305.0</DistanceMeters>
            <Extensions>
              <ns3:TPX>
                <ns3:RunCadence>83</ns3:RunCadence>
              </ns3:TPX>
            </Extensions>
            <Cadence>83</Cadence>
          </Trackpoint>
          <Trackpoint>
            <Time>2020-01-07T00:40:40Z</Time>
            <Position>
              <LatitudeDegrees>26.995669</LatitudeDegrees>
              <LongitudeDegrees>109.258633</LongitudeDegrees>
            </Position>
            <AltitudeMeters>39.9</AltitudeMeters>
            <DistanceMeters>7320.0</DistanceMeters>
            <Extensions>
              <ns3:TPX>
                <ns3:RunCadence>83</ns3:RunCadence>
              </ns3:TPX>
            </Extensions>
            <Cadence>83</Cadence>
          </Trackpoint>
          <Trackpoint>
            <Time>2020-01-07T00:40:45Z</Time>
            <Position>
              <LatitudeDegrees>26.99554</LatitudeDegrees>
              <LongitudeDegrees>109.258670</LongitudeDegrees>
            </Position>
            <AltitudeMeters>39.9</AltitudeMeters>
            <DistanceMeters>7335.0</DistanceMeters>
            <Extensions>
              <ns3:TPX>
                <ns3:RunCadence>83</ns3:RunCadence>
              </ns3:TPX>
            </Extensions>
            <Cadence>83</Cadence>
          </Trackpoint>
          <Trackpoint>
            <Time>2020-01-07T00:40:50Z</Time>
            <Position>
              <LatitudeDegrees>26.995409</LatitudeDegrees>
              <LongitudeDegrees>109.258713</LongitudeDegrees>
            </Position>
            <AltitudeMeters>39.8</AltitudeMeters>
            <DistanceMeters>7350.0</DistanceMeters>
            <Extensions>
              <ns3:TPX>
                <ns3:RunCadence>82</ns3:RunCadence>
              </ns3:TPX>
            </Extensions>
            <Cadence>82</Cadence>
          </Trackpoint>
          <Trackpoint>
            <Time>2020-01-07T00:40:55Z</Time>
            <Position>
              <LatitudeDegrees>26.995281</LatitudeDegrees>
              <LongitudeDegrees>109.258760</LongitudeDegrees>
            </Position>
            <AltitudeMeters>39.7</AltitudeMeters>
            <DistanceMeters>7365.0</DistanceMeters>
            <Extensions>
              <ns3:TPX>
                <ns3:RunCadence>82</ns3:RunCadence>
              </ns3:TPX>
            </Extensions>
            <Cadence>82</Cadence>
          </Trackpoint>
          <Trackpoint>
            <Time>2020-01-07T00:41:00Z</Time>
            <Position>
              <LatitudeDegrees>26.995154</LatitudeDegrees>
              <LongitudeDegrees>109.258812</LongitudeDegrees>
            </Position>
            <AltitudeMeters>39.7</AltitudeMeters>
            <DistanceMeters>7380.0</DistanceMeters>
            <Extensions>
              <ns3:TPX>
                <ns3:RunCadence>82</ns3:RunCadence>
              </ns3:TPX>
            </Extensions>
            <Cadence>82</Cadence>
          </Trackpoint>
          <Trackpoint>
            <Time>2020-01-07T00:41:05Z</Time>
            <Position>
              <LatitudeDegrees>26.995029</LatitudeDegrees>
              <LongitudeDegrees>109.258869</LongitudeDegrees>
            </Position>
            <AltitudeMeters>39.6</AltitudeMeters>
            <DistanceMeters>7395.0</DistanceMeters>
            <Extensions>
              <ns3:TPX>
                <ns3:RunCadence>82</ns3:RunCadence>
              </ns3:TPX>
            </Extensions>
            <Cadence>82</Cadence>
          </Trackpoint>
          <Trackpoint>
            <Time>2020-01-07T00:41:10Z</Time>
            <Position>
              <LatitudeDegrees>26.994906</LatitudeDegrees>
              <LongitudeDegrees>109.25893</LongitudeDegrees>
            </Position>
            <AltitudeMeters>39.5</AltitudeMeters>
            <DistanceMeters>7410.0</DistanceMeters>
            <Extensions>
              <ns3:TPX>
                <ns3:RunCadence>82</ns3:RunCadence>
              </ns3:TPX>
            </Extensions>
            <Cadence>82</Cadence>
          </Trackpoint>
          <Trackpoint>
            <Time>2020-01-07T00:41:15Z</Time>
            <Position>
              <LatitudeDegrees>26.994784</LatitudeDegrees>
              <LongitudeDegrees>109.258995</LongitudeDegrees>
            </Position>
            <AltitudeMeters>39.5</AltitudeMeters>
            <DistanceMeters>7425.0</DistanceMeters>
            <Extensions>
              <ns3:TPX>
                <ns3:RunCadence>82</ns3:RunCadence>
              </ns3:TPX>
            </Extensions>
            <Cadence>82</Cadence>
          </Trackpoint>
          <Trackpoint>
            <Time>2020-01-07T00:41:20Z</Time>
            <Position>
              <LatitudeDegrees>26.994665</LatitudeDegrees>
              <LongitudeDegrees>109.259065</LongitudeDegrees>
            </Position>
            <AltitudeMeters>39.4</AltitudeMeters>
            <DistanceMeters>7440.0</DistanceMeters>
            <Extensions>
              <ns3:TPX>
                <ns3:RunCadence>82</ns3:RunCadence>
              </ns3:TPX>
            </Extensions>
            <Cadence>82</Cadence>
          </Trackpoint>
          <Trackpoint>
            <Time>2020-01-07T00:41:25Z</Time>
            <Position>
              <LatitudeDegrees>26.99455</LatitudeDegrees>
              <LongitudeDegrees>109.259140</LongitudeDegrees>
            </Position>
            <AltitudeMeters>39.4</AltitudeMeters>
            <DistanceMeters>7455.0</DistanceMeters>
            <Extensions>
              <ns3:TPX>
                <ns3:RunCadence>82</ns3:RunCadence>
              </ns3:TPX>
            </Extensions>
            <Cadence>82</Cadence>
          </Trackpoint>
          <Trackpoint>
            <Time>2020-01-07T00:41:30Z</Time>
            <Position>
              <LatitudeDegrees>26.994432</LatitudeDegrees>
              <LongitudeDegrees>109.259218</LongitudeDegrees>
            </Position>
            <AltitudeMeters>39.3</AltitudeMeters>
            <DistanceMeters>7470.0</DistanceMeters>
            <Extensions>
              <ns3:TPX>
                <ns3:RunCadence>81</ns3:RunCadence>
              </ns3:TPX>
            </Extensions>
            <Cadence>81</Cadence>
          </Trackpoint>
          <Trackpoint>
            <Time>2020-01-07T00:41:35Z</Time>
            <Position>
              <LatitudeDegrees>26.994319</LatitudeDegrees>
              <LongitudeDegrees>109.259301</LongitudeDegrees>
            </Position>
            <AltitudeMeters>39.2</AltitudeMeters>
            <DistanceMeters>7485.0</DistanceMeters>
            <Extensions>
              <ns3:TPX>
                <ns3:RunCadence>81</ns3:RunCadence>
              </ns3:TPX>
            </Extensions>
            <Cadence>81</Cadence>
          </Trackpoint>
          <Trackpoint>
            <Time>2020-01-07T00:41:40Z</Time>
            <Position>
              <LatitudeDegrees>26.99421</LatitudeDegrees>
              <LongitudeDegrees>109.259388</LongitudeDegrees>
            </Position>
            <AltitudeMeters>39.2</AltitudeMeters>
            <DistanceMeters>7500.0</DistanceMeters>
            <Extensions>
              <ns3:TPX>
                <ns3:RunCadence>81</ns3:RunCadence>
              </ns3:TPX>
            </Extensions>
            <Cadence>81</Cadence>
          </Trackpoint>
          <Trackpoint>
            <Time>2020-01-07T00:41:45Z</Time>
            <Position>
              <LatitudeDegrees>26.994101</LatitudeDegrees>
              <LongitudeDegrees>109.259479</LongitudeDegrees>
            </Position>
            <AltitudeMeters>39.1</AltitudeMeters>
            <DistanceMeters>7515.0</DistanceMeters>
            <Extensions>
              <ns3:TPX>
                <ns3:RunCadence>81</ns3:RunCadence>
              </ns3:TPX>
            </Extensions>
            <Cadence>81</Cadence>
          </Trackpoint>
          <Trackpoint>
            <Time>2020-01-07T00:41:50Z</Time>
            <Position>
              <LatitudeDegrees>26.993995</LatitudeDegrees>
              <LongitudeDegrees>109.259574</LongitudeDegrees>
            </Position>
            <AltitudeMeters>39.1</AltitudeMeters>
            <DistanceMeters>7530.0</DistanceMeters>
            <Extensions>
              <ns3:TPX>
                <ns3:RunCadence>81</ns3:RunCadence>
              </ns3:TPX>
            </Extensions>
            <Cadence>81</Cadence>
          </Trackpoint>
          <Trackpoint>
            <Time>2020-01-07T00:41:55Z</Time>
            <Position>
              <LatitudeDegrees>26.993893</LatitudeDegrees>
              <LongitudeDegrees>109.259672</LongitudeDegrees>
            </Position>
            <AltitudeMeters>39.0</AltitudeMeters>
            <DistanceMeters>7545.0</DistanceMeters>
            <Extensions>
              <ns3:TPX>
                <ns3:RunCadence>81</ns3:RunCadence>
              </ns3:TPX>
            </Extensions>
            <Cadence>81</Cadence>
          </Trackpoint>
          <Trackpoint>
            <Time>2020-01-07T00:42:00Z</Time>
            <Position>
              <LatitudeDegrees>26.993794</LatitudeDegrees>
              <LongitudeDegrees>109.259775</LongitudeDegrees>
            </Position>
            <AltitudeMeters>39.0</AltitudeMeters>
            <DistanceMeters>7560.0</DistanceMeters>
            <Extensions>
              <ns3:TPX>
                <ns3:RunCadence>81</ns3:RunCadence>
              </ns3:TPX>
            </Extensions>
            <Cadence>81</Cadence>
          </Trackpoint>
          <Trackpoint>
            <Time>2020-01-07T00:42:05Z</Time>
            <Position>
              <LatitudeDegrees>26.993697</LatitudeDegrees>
              <LongitudeDegrees>109.259881</LongitudeDegrees>
            </Position>
            <AltitudeMeters>38.9</AltitudeMeters>
            <DistanceMeters>7575.0</DistanceMeters>
            <Extensions>
              <ns3:TPX>
                <ns3:RunCadence>81</ns3:RunCadence>
              </ns3:TPX>
            </Extensions>
            <Cadence>81</Cadence>
          </Trackpoint>
          <Trackpoint>
            <Time>2020-01-07T00:42:10Z</Time>
            <Position>
              <LatitudeDegrees>26.993604</LatitudeDegrees>
              <LongitudeDegrees>109.259990</LongitudeDegrees>
            </Position>
            <AltitudeMeters>38.8</AltitudeMeters>
            <DistanceMeters>7590.0</DistanceMeters>
            <Extensions>
              <ns3:TPX>
                <ns3:RunCadence>81</ns3:RunCadence>
              </ns3:TPX>
            </Extensions>
            <Cadence>81</Cadence>
          </Trackpoint>
          <Trackpoint>
            <Time>2020-01-07T00:42:15Z</Time>
            <Position>
              <LatitudeDegrees>26.993514</LatitudeDegrees>
              <LongitudeDegrees>109.260103</LongitudeDegrees>
            </Position>
            <AltitudeMeters>38.8</AltitudeMeters>
            <DistanceMeters>7605.0</DistanceMeters>
            <Extensions>
              <ns3:TPX>
                <ns3:RunCadence>81</ns3:RunCadence>
              </ns3:TPX>
            </Extensions>
            <Cadence>81</Cadence>
          </Trackpoint>
          <Trackpoint>
            <Time>2020-01-07T00:42:20Z</Time>
            <Position>
              <LatitudeDegrees>26.993427</LatitudeDegrees>
              <LongitudeDegrees>109.260219</LongitudeDegrees>
            </Position>
            <AltitudeMeters>38.7</AltitudeMeters>
            <DistanceMeters>7620.0</DistanceMeters>
            <Extensions>
              <ns3:TPX>
                <ns3:RunCadence>81</ns3:RunCadence>
              </ns3:TPX>
            </Extensions>
            <Cadence>81</Cadence>
          </Trackpoint>
          <Trackpoint>
            <Time>2020-01-07T00:42:25Z</Time>
            <Position>
              <LatitudeDegrees>26.993344</LatitudeDegrees>
              <LongitudeDegrees>109.260338</LongitudeDegrees>
            </Position>
            <AltitudeMeters>38.7</AltitudeMeters>
            <DistanceMeters>7635.0</DistanceMeters>
            <Extensions>
              <ns3:TPX>
                <ns3:RunCadence>81</ns3:RunCadence>
              </ns3:TPX>
            </Extensions>
            <Cadence>81</Cadence>
          </Trackpoint>
          <Trackpoint>
            <Time>2020-01-07T00:42:30Z</Time>
            <Position>
              <LatitudeDegrees>26.9933</LatitudeDegrees>
              <LongitudeDegrees>109.260460</LongitudeDegrees>
            </Position>
            <AltitudeMeters>38.6</AltitudeMeters>
            <DistanceMeters>7650.0</DistanceMeters>
            <Extensions>
              <ns3:TPX>
                <ns3:RunCadence>81</ns3:RunCadence>
              </ns3:TPX>
            </Extensions>
            <Cadence>81</Cadence>
          </Trackpoint>
          <Trackpoint>
            <Time>2020-01-07T00:42:35Z</Time>
            <Position>
              <LatitudeDegrees>26.993188</LatitudeDegrees>
              <LongitudeDegrees>109.26058</LongitudeDegrees>
            </Position>
            <AltitudeMeters>38.6</AltitudeMeters>
            <DistanceMeters>7665.0</DistanceMeters>
            <Extensions>
              <ns3:TPX>
                <ns3:RunCadence>81</ns3:RunCadence>
              </ns3:TPX>
            </Extensions>
            <Cadence>81</Cadence>
          </Trackpoint>
          <Trackpoint>
            <Time>2020-01-07T00:42:40Z</Time>
            <Position>
              <LatitudeDegrees>26.993116</LatitudeDegrees>
              <LongitudeDegrees>109.260712</LongitudeDegrees>
            </Position>
            <AltitudeMeters>38.6</AltitudeMeters>
            <DistanceMeters>7680.0</DistanceMeters>
            <Extensions>
              <ns3:TPX>
                <ns3:RunCadence>81</ns3:RunCadence>
              </ns3:TPX>
            </Extensions>
            <Cadence>81</Cadence>
          </Trackpoint>
          <Trackpoint>
            <Time>2020-01-07T00:42:45Z</Time>
            <Position>
              <LatitudeDegrees>26.993047</LatitudeDegrees>
              <LongitudeDegrees>109.260843</LongitudeDegrees>
            </Position>
            <AltitudeMeters>38.5</AltitudeMeters>
            <DistanceMeters>7695.0</DistanceMeters>
            <Extensions>
              <ns3:TPX>
                <ns3:RunCadence>81</ns3:RunCadence>
              </ns3:TPX>
            </Extensions>
            <Cadence>81</Cadence>
          </Trackpoint>
          <Trackpoint>
            <Time>2020-01-07T00:42:50Z</Time>
            <Position>
              <LatitudeDegrees>26.99298</LatitudeDegrees>
              <LongitudeDegrees>109.260975</LongitudeDegrees>
            </Position>
            <AltitudeMeters>38.5</AltitudeMeters>
            <DistanceMeters>7710.0</DistanceMeters>
            <Extensions>
              <ns3:TPX>
                <ns3:RunCadence>81</ns3:RunCadence>
              </ns3:TPX>
            </Extensions>
            <Cadence>81</Cadence>
          </Trackpoint>
          <Trackpoint>
            <Time>2020-01-07T00:42:55Z</Time>
            <Position>
              <LatitudeDegrees>26.992921</LatitudeDegrees>
              <LongitudeDegrees>109.261111</LongitudeDegrees>
            </Position>
            <AltitudeMeters>38.4</AltitudeMeters>
            <DistanceMeters>7725.0</DistanceMeters>
            <Extensions>
              <ns3:TPX>
                <ns3:RunCadence>81</ns3:RunCadence>
              </ns3:TPX>
            </Extensions>
            <Cadence>81</Cadence>
          </Trackpoint>
          <Trackpoint>
            <Time>2020-01-07T00:43:00Z</Time>
            <Position>
              <LatitudeDegrees>26.992864</LatitudeDegrees>
              <LongitudeDegrees>109.261248</LongitudeDegrees>
            </Position>
            <AltitudeMeters>38.4</AltitudeMeters>
            <DistanceMeters>7740.0</DistanceMeters>
            <Extensions>
              <ns3:TPX>
                <ns3:RunCadence>81</ns3:RunCadence>
              </ns3:TPX>
            </Extensions>
            <Cadence>81</Cadence>
          </Trackpoint>
          <Trackpoint>
            <Time>2020-01-07T00:43:05Z</Time>
            <Position>
              <LatitudeDegrees>26.992811</LatitudeDegrees>
              <LongitudeDegrees>109.261387</LongitudeDegrees>
            </Position>
            <AltitudeMeters>38.4</AltitudeMeters>
            <DistanceMeters>7755.0</DistanceMeters>
            <Extensions>
              <ns3:TPX>
                <ns3:RunCadence>81</ns3:RunCadence>
              </ns3:TPX>
            </Extensions>
            <Cadence>81</Cadence>
          </Trackpoint>
          <Trackpoint>
            <Time>2020-01-07T00:43:10Z</Time>
            <Position>
              <LatitudeDegrees>26.992762</LatitudeDegrees>
              <LongitudeDegrees>109.261528</LongitudeDegrees>
            </Position>
            <AltitudeMeters>38.3</AltitudeMeters>
            <DistanceMeters>7770.0</DistanceMeters>
            <Extensions>
              <ns3:TPX>
                <ns3:RunCadence>82</ns3:RunCadence>
              </ns3:TPX>
            </Extensions>
            <Cadence>82</Cadence>
          </Trackpoint>
          <Trackpoint>
            <Time>2020-01-07T00:43:15Z</Time>
            <Position>
              <LatitudeDegrees>26.992717</LatitudeDegrees>
              <LongitudeDegrees>109.261671</LongitudeDegrees>
            </Position>
            <AltitudeMeters>38.3</AltitudeMeters>
            <DistanceMeters>7785.0</DistanceMeters>
            <Extensions>
              <ns3:TPX>
                <ns3:RunCadence>82</ns3:RunCadence>
              </ns3:TPX>
            </Extensions>
            <Cadence>82</Cadence>
          </Trackpoint>
          <Trackpoint>
            <Time>2020-01-07T00:43:20Z</Time>
            <Position>
              <LatitudeDegrees>26.992677</LatitudeDegrees>
              <LongitudeDegrees>109.261815</LongitudeDegrees>
            </Position>
            <AltitudeMeters>38.2</AltitudeMeters>
            <DistanceMeters>7800.0</DistanceMeters>
            <Extensions>
              <ns3:TPX>
                <ns3:RunCadence>82</ns3:RunCadence>
              </ns3:TPX>
            </Extensions>
            <Cadence>82</Cadence>
          </Trackpoint>
          <Trackpoint>
            <Time>2020-01-07T00:43:25Z</Time>
            <Position>
              <LatitudeDegrees>26.992640</LatitudeDegrees>
              <LongitudeDegrees>109.261961</LongitudeDegrees>
            </Position>
            <AltitudeMeters>38.2</AltitudeMeters>
            <DistanceMeters>7815.0</DistanceMeters>
            <Extensions>
              <ns3:TPX>
                <ns3:RunCadence>82</ns3:RunCadence>
              </ns3:TPX>
            </Extensions>
            <Cadence>82</Cadence>
          </Trackpoint>
          <Trackpoint>
            <Time>2020-01-07T00:43:30Z</Time>
            <Position>
              <LatitudeDegrees>26.992608</LatitudeDegrees>
              <LongitudeDegrees>109.262108</LongitudeDegrees>
            </Position>
            <AltitudeMeters>38.2</AltitudeMeters>
            <DistanceMeters>7830.0</DistanceMeters>
            <Extensions>
              <ns3:TPX>
                <ns3:RunCadence>82</ns3:RunCadence>
              </ns3:TPX>
            </Extensions>
            <Cadence>82</Cadence>
          </Trackpoint>
          <Trackpoint>
            <Time>2020-01-07T00:43:35Z</Time>
            <Position>
              <LatitudeDegrees>26.992580</LatitudeDegrees>
              <LongitudeDegrees>109.262256</LongitudeDegrees>
            </Position>
            <AltitudeMeters>38.2</AltitudeMeters>
            <DistanceMeters>7845.0</DistanceMeters>
            <Extensions>
              <ns3:TPX>
                <ns3:RunCadence>82</ns3:RunCadence>
              </ns3:TPX>
            </Extensions>
            <Cadence>82</Cadence>
          </Trackpoint>
          <Trackpoint>
            <Time>2020-01-07T00:43:40Z</Time>
            <Position>
              <LatitudeDegrees>26.992557</LatitudeDegrees>
              <LongitudeDegrees>109.262405</LongitudeDegrees>
            </Position>
            <AltitudeMeters>38.1</AltitudeMeters>
            <DistanceMeters>7860.0</DistanceMeters>
            <Extensions>
              <ns3:TPX>
                <ns3:RunCadence>82</ns3:RunCadence>
              </ns3:TPX>
            </Extensions>
            <Cadence>82</Cadence>
          </Trackpoint>
          <Trackpoint>
            <Time>2020-01-07T00:43:45Z</Time>
            <Position>
              <LatitudeDegrees>26.992538</LatitudeDegrees>
              <LongitudeDegrees>109.262555</LongitudeDegrees>
            </Position>
            <AltitudeMeters>38.1</AltitudeMeters>
            <DistanceMeters>7875.0</DistanceMeters>
            <Extensions>
              <ns3:TPX>
                <ns3:RunCadence>82</ns3:RunCadence>
              </ns3:TPX>
            </Extensions>
            <Cadence>82</Cadence>
          </Trackpoint>
          <Trackpoint>
            <Time>2020-01-07T00:43:50Z</Time>
            <Position>
              <LatitudeDegrees>26.992523</LatitudeDegrees>
              <LongitudeDegrees>109.262705</LongitudeDegrees>
            </Position>
            <AltitudeMeters>38.1</AltitudeMeters>
            <DistanceMeters>7890.0</DistanceMeters>
            <Extensions>
              <ns3:TPX>
                <ns3:RunCadence>83</ns3:RunCadence>
              </ns3:TPX>
            </Extensions>
            <Cadence>83</Cadence>
          </Trackpoint>
          <Trackpoint>
            <Time>2020-01-07T00:43:55Z</Time>
            <Position>
              <LatitudeDegrees>26.992512</LatitudeDegrees>
              <LongitudeDegrees>109.262856</LongitudeDegrees>
            </Position>
            <AltitudeMeters>38.1</AltitudeMeters>
            <DistanceMeters>7905.0</DistanceMeters>
            <Extensions>
              <ns3:TPX>
                <ns3:RunCadence>83</ns3:RunCadence>
              </ns3:TPX>
            </Extensions>
            <Cadence>83</Cadence>
          </Trackpoint>
          <Trackpoint>
            <Time>2020-01-07T00:44:00Z</Time>
            <Position>
              <LatitudeDegrees>26.992506</LatitudeDegrees>
              <LongitudeDegrees>109.26301</LongitudeDegrees>
            </Position>
            <AltitudeMeters>38.1</AltitudeMeters>
            <DistanceMeters>7920.0</DistanceMeters>
            <Extensions>
              <ns3:TPX>
                <ns3:RunCadence>83</ns3:RunCadence>
              </ns3:TPX>
            </Extensions>
            <Cadence>83</Cadence>
          </Trackpoint>
          <Trackpoint>
            <Time>2020-01-07T00:44:05Z</Time>
            <Position>
              <LatitudeDegrees>26.992505</LatitudeDegrees>
              <LongitudeDegrees>109.263159</LongitudeDegrees>
            </Position>
            <AltitudeMeters>38.0</AltitudeMeters>
            <DistanceMeters>7935.0</DistanceMeters>
            <Extensions>
              <ns3:TPX>
                <ns3:RunCadence>83</ns3:RunCadence>
              </ns3:TPX>
            </Extensions>
            <Cadence>83</Cadence>
          </Trackpoint>
          <Trackpoint>
            <Time>2020-01-07T00:44:10Z</Time>
            <Position>
              <LatitudeDegrees>26.99251</LatitudeDegrees>
              <LongitudeDegrees>109.26331</LongitudeDegrees>
            </Position>
            <AltitudeMeters>38.0</AltitudeMeters>
            <DistanceMeters>7950.0</DistanceMeters>
            <Extensions>
              <ns3:TPX>
                <ns3:RunCadence>83</ns3:RunCadence>
              </ns3:TPX>
            </Extensions>
            <Cadence>83</Cadence>
          </Trackpoint>
          <Trackpoint>
            <Time>2020-01-07T00:44:15Z</Time>
            <Position>
              <LatitudeDegrees>26.992515</LatitudeDegrees>
              <LongitudeDegrees>109.263462</LongitudeDegrees>
            </Position>
            <AltitudeMeters>38.0</AltitudeMeters>
            <DistanceMeters>7965.0</DistanceMeters>
            <Extensions>
              <ns3:TPX>
                <ns3:RunCadence>83</ns3:RunCadence>
              </ns3:TPX>
            </Extensions>
            <Cadence>83</Cadence>
          </Trackpoint>
          <Trackpoint>
            <Time>2020-01-07T00:44:20Z</Time>
            <Position>
              <LatitudeDegrees>26.992526</LatitudeDegrees>
              <LongitudeDegrees>109.263612</LongitudeDegrees>
            </Position>
            <AltitudeMeters>38.0</AltitudeMeters>
            <DistanceMeters>7980.0</DistanceMeters>
            <Extensions>
              <ns3:TPX>
                <ns3:RunCadence>84</ns3:RunCadence>
              </ns3:TPX>
            </Extensions>
            <Cadence>84</Cadence>
          </Trackpoint>
          <Trackpoint>
            <Time>2020-01-07T00:44:25Z</Time>
            <Position>
              <LatitudeDegrees>26.992542</LatitudeDegrees>
              <LongitudeDegrees>109.263763</LongitudeDegrees>
            </Position>
            <AltitudeMeters>38.0</AltitudeMeters>
            <DistanceMeters>7995.0</DistanceMeters>
            <Extensions>
              <ns3:TPX>
                <ns3:RunCadence>84</ns3:RunCadence>
              </ns3:TPX>
            </Extensions>
            <Cadence>84</Cadence>
          </Trackpoint>
          <Trackpoint>
            <Time>2020-01-07T00:44:30Z</Time>
            <Position>
              <LatitudeDegrees>26.99256</LatitudeDegrees>
              <LongitudeDegrees>109.263912</LongitudeDegrees>
            </Position>
            <AltitudeMeters>38.0</AltitudeMeters>
            <DistanceMeters>8010.0</DistanceMeters>
            <Extensions>
              <ns3:TPX>
                <ns3:RunCadence>84</ns3:RunCadence>
              </ns3:TPX>
            </Extensions>
            <Cadence>84</Cadence>
          </Trackpoint>
          <Trackpoint>
            <Time>2020-01-07T00:44:35Z</Time>
            <Position>
              <LatitudeDegrees>26.992588</LatitudeDegrees>
              <LongitudeDegrees>109.264061</LongitudeDegrees>
            </Position>
            <AltitudeMeters>38.0</AltitudeMeters>
            <DistanceMeters>8025.0</DistanceMeters>
            <Extensions>
              <ns3:TPX>
                <ns3:RunCadence>84</ns3:RunCadence>
              </ns3:TPX>
            </Extensions>
            <Cadence>84</Cadence>
          </Trackpoint>
          <Trackpoint>
            <Time>2020-01-07T00:44:40Z</Time>
            <Position>
              <LatitudeDegrees>26.992617</LatitudeDegrees>
              <LongitudeDegrees>109.264209</LongitudeDegrees>
            </Position>
            <AltitudeMeters>38.0</AltitudeMeters>
            <DistanceMeters>8040.0</DistanceMeters>
            <Extensions>
              <ns3:TPX>
                <ns3:RunCadence>84</ns3:RunCadence>
              </ns3:TPX>
            </Extensions>
            <Cadence>84</Cadence>
          </Trackpoint>
          <Trackpoint>
            <Time>2020-01-07T00:44:45Z</Time>
            <Position>
              <LatitudeDegrees>26.992650</LatitudeDegrees>
              <LongitudeDegrees>109.264356</LongitudeDegrees>
            </Position>
            <AltitudeMeters>38.0</AltitudeMeters>
            <DistanceMeters>8055.0</DistanceMeters>
            <Extensions>
              <ns3:TPX>
                <ns3:RunCadence>85</ns3:RunCadence>
              </ns3:TPX>
            </Extensions>
            <Cadence>85</Cadence>
          </Trackpoint>
          <Trackpoint>
            <Time>2020-01-07T00:44:50Z</Time>
            <Position>
              <LatitudeDegrees>26.992687</LatitudeDegrees>
              <LongitudeDegrees>109.264501</LongitudeDegrees>
            </Position>
            <AltitudeMeters>38.0</AltitudeMeters>
            <DistanceMeters>8070.0</DistanceMeters>
            <Extensions>
              <ns3:TPX>
                <ns3:RunCadence>85</ns3:RunCadence>
              </ns3:TPX>
            </Extensions>
            <Cadence>85</Cadence>
          </Trackpoint>
          <Trackpoint>
            <Time>2020-01-07T00:44:55Z</Time>
            <Position>
              <LatitudeDegrees>26.992729</LatitudeDegrees>
              <LongitudeDegrees>109.264645</LongitudeDegrees>
            </Position>
            <AltitudeMeters>38.0</AltitudeMeters>
            <DistanceMeters>8085.0</DistanceMeters>
            <Extensions>
              <ns3:TPX>
                <ns3:RunCadence>85</ns3:RunCadence>
              </ns3:TPX>
            </Extensions>
            <Cadence>85</Cadence>
          </Trackpoint>
          <Trackpoint>
            <Time>2020-01-07T00:45:00Z</Time>
            <Position>
              <LatitudeDegrees>26.992775</LatitudeDegrees>
              <LongitudeDegrees>109.264787</LongitudeDegrees>
            </Position>
            <AltitudeMeters>38.0</AltitudeMeters>
            <DistanceMeters>8100.0</DistanceMeters>
            <Extensions>
              <ns3:TPX>
                <ns3:RunCadence>85</ns3:RunCadence>
              </ns3:TPX>
            </Extensions>
            <Cadence>85</Cadence>
          </Trackpoint>
          <Trackpoint>
            <Time>2020-01-07T00:45:05Z</Time>
            <Position>
              <LatitudeDegrees>26.992825</LatitudeDegrees>
              <LongitudeDegrees>109.264928</LongitudeDegrees>
            </Position>
            <AltitudeMeters>38.0</AltitudeMeters>
            <DistanceMeters>8115.0</DistanceMeters>
            <Extensions>
              <ns3:TPX>
                <ns3:RunCadence>85</ns3:RunCadence>
              </ns3:TPX>
            </Extensions>
            <Cadence>85</Cadence>
          </Trackpoint>
          <Trackpoint>
            <Time>2020-01-07T00:45:10Z</Time>
            <Position>
              <LatitudeDegrees>26.992879</LatitudeDegrees>
              <LongitudeDegrees>109.265067</LongitudeDegrees>
            </Position>
            <AltitudeMeters>38.0</AltitudeMeters>
            <DistanceMeters>8130.0</DistanceMeters>
            <Extensions>
              <ns3:TPX>
                <ns3:RunCadence>85</ns3:RunCadence>
              </ns3:TPX>
            </Extensions>
            <Cadence>85</Cadence>
          </Trackpoint>
          <Trackpoint>
            <Time>2020-01-07T00:45:15Z</Time>
            <Position>
              <LatitudeDegrees>26.992937</LatitudeDegrees>
              <LongitudeDegrees>109.26520</LongitudeDegrees>
            </Position>
            <AltitudeMeters>38.1</AltitudeMeters>
            <DistanceMeters>8145.0</DistanceMeters>
            <Extensions>
              <ns3:TPX>
                <ns3:RunCadence>86</ns3:RunCadence>
              </ns3:TPX>
            </Extensions>
            <Cadence>86</Cadence>
          </Trackpoint>
          <Trackpoint>
            <Time>2020-01-07T00:45:20Z</Time>
            <Position>
              <LatitudeDegrees>26.993000</LatitudeDegrees>
              <LongitudeDegrees>109.26534</LongitudeDegrees>
            </Position>
            <AltitudeMeters>38.1</AltitudeMeters>
            <DistanceMeters>8160.0</DistanceMeters>
            <Extensions>
              <ns3:TPX>
                <ns3:RunCadence>86</ns3:RunCadence>
              </ns3:TPX>
            </Extensions>
            <Cadence>86</Cadence>
          </Trackpoint>
          <Trackpoint>
            <Time>2020-01-07T00:45:25Z</Time>
            <Position>
              <LatitudeDegrees>26.993066</LatitudeDegrees>
              <LongitudeDegrees>109.265470</LongitudeDegrees>
            </Position>
            <AltitudeMeters>38.1</AltitudeMeters>
            <DistanceMeters>8175.0</DistanceMeters>
            <Extensions>
              <ns3:TPX>
                <ns3:RunCadence>86</ns3:RunCadence>
              </ns3:TPX>
            </Extensions>
            <Cadence>86</Cadence>
          </Trackpoint>
          <Trackpoint>
            <Time>2020-01-07T00:45:30Z</Time>
            <Position>
              <LatitudeDegrees>26.993135</LatitudeDegrees>
              <LongitudeDegrees>109.265599</LongitudeDegrees>
            </Position>
            <AltitudeMeters>38.1</AltitudeMeters>
            <DistanceMeters>8190.0</DistanceMeters>
            <Extensions>
              <ns3:TPX>
                <ns3:RunCadence>86</ns3:RunCadence>
              </ns3:TPX>
            </Extensions>
            <Cadence>86</Cadence>
          </Trackpoint>
          <Trackpoint>
            <Time>2020-01-07T00:45:35Z</Time>
            <Position>
              <LatitudeDegrees>26.993209</LatitudeDegrees>
              <LongitudeDegrees>109.265726</LongitudeDegrees>
            </Position>
            <AltitudeMeters>38.1</AltitudeMeters>
            <DistanceMeters>8205.0</DistanceMeters>
            <Extensions>
              <ns3:TPX>
                <ns3:RunCadence>86</ns3:RunCadence>
              </ns3:TPX>
            </Extensions>
            <Cadence>86</Cadence>
          </Trackpoint>
          <Trackpoint>
            <Time>2020-01-07T00:45:40Z</Time>
            <Position>
              <LatitudeDegrees>26.993286</LatitudeDegrees>
              <LongitudeDegrees>109.265850</LongitudeDegrees>
            </Position>
            <AltitudeMeters>38.2</AltitudeMeters>
            <DistanceMeters>8220.0</DistanceMeters>
            <Extensions>
              <ns3:TPX>
                <ns3:RunCadence>86</ns3:RunCadence>
              </ns3:TPX>
            </Extensions>
            <Cadence>86</Cadence>
          </Trackpoint>
          <Trackpoint>
            <Time>2020-01-07T00:45:45Z</Time>
            <Position>
              <LatitudeDegrees>26.993367</LatitudeDegrees>
              <LongitudeDegrees>109.265972</LongitudeDegrees>
            </Position>
            <AltitudeMeters>38.2</AltitudeMeters>
            <DistanceMeters>8235.0</DistanceMeters>
            <Extensions>
              <ns3:TPX>
                <ns3:RunCadence>86</ns3:RunCadence>
              </ns3:TPX>
            </Extensions>
            <Cadence>86</Cadence>
          </Trackpoint>
          <Trackpoint>
            <Time>2020-01-07T00:45:50Z</Time>
            <Position>
              <LatitudeDegrees>26.993451</LatitudeDegrees>
              <LongitudeDegrees>109.266090</LongitudeDegrees>
            </Position>
            <AltitudeMeters>38.2</AltitudeMeters>
            <DistanceMeters>8250.0</DistanceMeters>
            <Extensions>
              <ns3:TPX>
                <ns3:RunCadence>86</ns3:RunCadence>
              </ns3:TPX>
            </Extensions>
            <Cadence>86</Cadence>
          </Trackpoint>
          <Trackpoint>
            <Time>2020-01-07T00:45:55Z</Time>
            <Position>
              <LatitudeDegrees>26.993539</LatitudeDegrees>
              <LongitudeDegrees>109.266205</LongitudeDegrees>
            </Position>
            <AltitudeMeters>38.2</AltitudeMeters>
            <DistanceMeters>8265.0</DistanceMeters>
            <Extensions>
              <ns3:TPX>
                <ns3:RunCadence>87</ns3:RunCadence>
              </ns3:TPX>
            </Extensions>
            <Cadence>87</Cadence>
          </Trackpoint>
          <Trackpoint>
            <Time>2020-01-07T00:46:00Z</Time>
            <Position>
              <LatitudeDegrees>26.993629</LatitudeDegrees>
              <LongitudeDegrees>109.266317</LongitudeDegrees>
            </Position>
            <AltitudeMeters>38.3</AltitudeMeters>
            <DistanceMeters>8280.0</DistanceMeters>
            <Extensions>
              <ns3:TPX>
                <ns3:RunCadence>87</ns3:RunCadence>
              </ns3:TPX>
            </Extensions>
            <Cadence>87</Cadence>
          </Trackpoint>
          <Trackpoint>
            <Time>2020-01-07T00:46:05Z</Time>
            <Position>
              <LatitudeDegrees>26.993724</LatitudeDegrees>
              <LongitudeDegrees>109.266425</LongitudeDegrees>
            </Position>
            <AltitudeMeters>38.3</AltitudeMeters>
            <DistanceMeters>8295.0</DistanceMeters>
            <Extensions>
              <ns3:TPX>
                <ns3:RunCadence>87</ns3:RunCadence>
              </ns3:TPX>
            </Extensions>
            <Cadence>87</Cadence>
          </Trackpoint>
          <Trackpoint>
            <Time>2020-01-07T00:46:10Z</Time>
            <Position>
              <LatitudeDegrees>26.993821</LatitudeDegrees>
              <LongitudeDegrees>109.266530</LongitudeDegrees>
            </Position>
            <AltitudeMeters>38.3</AltitudeMeters>
            <DistanceMeters>8310.0</DistanceMeters>
            <Extensions>
              <ns3:TPX>
                <ns3:RunCadence>87</ns3:RunCadence>
              </ns3:TPX>
            </Extensions>
            <Cadence>87</Cadence>
          </Trackpoint>
          <Trackpoint>
            <Time>2020-01-07T00:46:15Z</Time>
            <Position>
              <LatitudeDegrees>26.993921</LatitudeDegrees>
              <LongitudeDegrees>109.266632</LongitudeDegrees>
            </Position>
            <AltitudeMeters>38.4</AltitudeMeters>
            <DistanceMeters>8325.0</DistanceMeters>
            <Extensions>
              <ns3:TPX>
                <ns3:RunCadence>87</ns3:RunCadence>
              </ns3:TPX>
            </Extensions>
            <Cadence>87</Cadence>
          </Trackpoint>
          <Trackpoint>
            <Time>2020-01-07T00:46:20Z</Time>
            <Position>
              <LatitudeDegrees>26.994024</LatitudeDegrees>
              <LongitudeDegrees>109.266729</LongitudeDegrees>
            </Position>
            <AltitudeMeters>38.4</AltitudeMeters>
            <DistanceMeters>8340.0</DistanceMeters>
            <Extensions>
              <ns3:TPX>
                <ns3:RunCadence>87</ns3:RunCadence>
              </ns3:TPX>
            </Extensions>
            <Cadence>87</Cadence>
          </Trackpoint>
          <Trackpoint>
            <Time>2020-01-07T00:46:25Z</Time>
            <Position>
              <LatitudeDegrees>26.994130</LatitudeDegrees>
              <LongitudeDegrees>109.266823</LongitudeDegrees>
            </Position>
            <AltitudeMeters>38.5</AltitudeMeters>
            <DistanceMeters>8355.0</DistanceMeters>
            <Extensions>
              <ns3:TPX>
                <ns3:RunCadence>87</ns3:RunCadence>
              </ns3:TPX>
            </Extensions>
            <Cadence>87</Cadence>
          </Trackpoint>
          <Trackpoint>
            <Time>2020-01-07T00:46:30Z</Time>
            <Position>
              <LatitudeDegrees>26.994239</LatitudeDegrees>
              <LongitudeDegrees>109.266913</LongitudeDegrees>
            </Position>
            <AltitudeMeters>38.5</AltitudeMeters>
            <DistanceMeters>8370.0</DistanceMeters>
            <Extensions>
              <ns3:TPX>
                <ns3:RunCadence>87</ns3:RunCadence>
              </ns3:TPX>
            </Extensions>
            <Cadence>87</Cadence>
          </Trackpoint>
          <Trackpoint>
            <Time>2020-01-07T00:46:35Z</Time>
            <Position>
              <LatitudeDegrees>26.994350</LatitudeDegrees>
              <LongitudeDegrees>109.26700</LongitudeDegrees>
            </Position>
            <AltitudeMeters>38.5</AltitudeMeters>
            <DistanceMeters>8385.0</DistanceMeters>
            <Extensions>
              <ns3:TPX>
                <ns3:RunCadence>87</ns3:RunCadence>
              </ns3:TPX>
            </Extensions>
            <Cadence>87</Cadence>
          </Trackpoint>
          <Trackpoint>
            <Time>2020-01-07T00:46:40Z</Time>
            <Position>
              <LatitudeDegrees>26.994463</LatitudeDegrees>
              <LongitudeDegrees>109.26708</LongitudeDegrees>
            </Position>
            <AltitudeMeters>38.6</AltitudeMeters>
            <DistanceMeters>8400.0</DistanceMeters>
            <Extensions>
              <ns3:TPX>
                <ns3:RunCadence>87</ns3:RunCadence>
              </ns3:TPX>
            </Extensions>
            <Cadence>87</Cadence>
          </Trackpoint>
          <Trackpoint>
            <Time>2020-01-07T00:46:45Z</Time>
            <Position>
              <LatitudeDegrees>26.994579</LatitudeDegrees>
              <LongitudeDegrees>109.267158</LongitudeDegrees>
            </Position>
            <AltitudeMeters>38.6</AltitudeMeters>
            <DistanceMeters>8415.0</DistanceMeters>
            <Extensions>
              <ns3:TPX>
                <ns3:RunCadence>87</ns3:RunCadence>
              </ns3:TPX>
            </Extensions>
            <Cadence>87</Cadence>
          </Trackpoint>
          <Trackpoint>
            <Time>2020-01-07T00:46:50Z</Time>
            <Position>
              <LatitudeDegrees>26.994697</LatitudeDegrees>
              <LongitudeDegrees>109.267231</LongitudeDegrees>
            </Position>
            <AltitudeMeters>38.7</AltitudeMeters>
            <DistanceMeters>8430.0</DistanceMeters>
            <Extensions>
              <ns3:TPX>
                <ns3:RunCadence>87</ns3:RunCadence>
              </ns3:TPX>
            </Extensions>
            <Cadence>87</Cadence>
          </Trackpoint>
          <Trackpoint>
            <Time>2020-01-07T00:46:55Z</Time>
            <Position>
              <LatitudeDegrees>26.994818</LatitudeDegrees>
              <LongitudeDegrees>109.267300</LongitudeDegrees>
            </Position>
            <AltitudeMeters>38.7</AltitudeMeters>
            <DistanceMeters>8445.0</DistanceMeters>
            <Extensions>
              <ns3:TPX>
                <ns3:RunCadence>87</ns3:RunCadence>
              </ns3:TPX>
            </Extensions>
            <Cadence>87</Cadence>
          </Trackpoint>
          <Trackpoint>
            <Time>2020-01-07T00:47:00Z</Time>
            <Position>
              <LatitudeDegrees>26.994940</LatitudeDegrees>
              <LongitudeDegrees>109.267364</LongitudeDegrees>
            </Position>
            <AltitudeMeters>38.8</AltitudeMeters>
            <DistanceMeters>8460.0</DistanceMeters>
            <Extensions>
              <ns3:TPX>
                <ns3:RunCadence>87</ns3:RunCadence>
              </ns3:TPX>
            </Extensions>
            <Cadence>87</Cadence>
          </Trackpoint>
          <Trackpoint>
            <Time>2020-01-07T00:47:05Z</Time>
            <Position>
              <LatitudeDegrees>26.995063</LatitudeDegrees>
              <LongitudeDegrees>109.267424</LongitudeDegrees>
            </Position>
            <AltitudeMeters>38.8</AltitudeMeters>
            <DistanceMeters>8475.0</DistanceMeters>
            <Extensions>
              <ns3:TPX>
                <ns3:RunCadence>87</ns3:RunCadence>
              </ns3:TPX>
            </Extensions>
            <Cadence>87</Cadence>
          </Trackpoint>
          <Trackpoint>
            <Time>2020-01-07T00:47:10Z</Time>
            <Position>
              <LatitudeDegrees>26.995189</LatitudeDegrees>
              <LongitudeDegrees>109.267479</LongitudeDegrees>
            </Position>
            <AltitudeMeters>38.9</AltitudeMeters>
            <DistanceMeters>8490.0</DistanceMeters>
            <Extensions>
              <ns3:TPX>
                <ns3:RunCadence>87</ns3:RunCadence>
              </ns3:TPX>
            </Extensions>
            <Cadence>87</Cadence>
          </Trackpoint>
          <Trackpoint>
            <Time>2020-01-07T00:47:15Z</Time>
            <Position>
              <LatitudeDegrees>26.995316</LatitudeDegrees>
              <LongitudeDegrees>109.267530</LongitudeDegrees>
            </Position>
            <AltitudeMeters>38.9</AltitudeMeters>
            <DistanceMeters>8505.0</DistanceMeters>
            <Extensions>
              <ns3:TPX>
                <ns3:RunCadence>87</ns3:RunCadence>
              </ns3:TPX>
            </Extensions>
            <Cadence>87</Cadence>
          </Trackpoint>
          <Trackpoint>
            <Time>2020-01-07T00:47:20Z</Time>
            <Position>
              <LatitudeDegrees>26.995445</LatitudeDegrees>
              <LongitudeDegrees>109.267576</LongitudeDegrees>
            </Position>
            <AltitudeMeters>39.0</AltitudeMeters>
            <DistanceMeters>8520.0</DistanceMeters>
            <Extensions>
              <ns3:TPX>
                <ns3:RunCadence>87</ns3:RunCadence>
              </ns3:TPX>
            </Extensions>
            <Cadence>87</Cadence>
          </Trackpoint>
          <Trackpoint>
            <Time>2020-01-07T00:47:25Z</Time>
            <Position>
              <LatitudeDegrees>26.995575</LatitudeDegrees>
              <LongitudeDegrees>109.267617</LongitudeDegrees>
            </Position>
            <AltitudeMeters>39.1</AltitudeMeters>
            <DistanceMeters>8535.0</DistanceMeters>
            <Extensions>
              <ns3:TPX>
                <ns3:RunCadence>87</ns3:RunCadence>
              </ns3:TPX>
            </Extensions>
            <Cadence>87</Cadence>
          </Trackpoint>
          <Trackpoint>
            <Time>2020-01-07T00:47:30Z</Time>
            <Position>
              <LatitudeDegrees>26.99571</LatitudeDegrees>
              <LongitudeDegrees>109.267653</LongitudeDegrees>
            </Position>
            <AltitudeMeters>39.1</AltitudeMeters>
            <DistanceMeters>8550.0</DistanceMeters>
            <Extensions>
              <ns3:TPX>
                <ns3:RunCadence>87</ns3:RunCadence>
              </ns3:TPX>
            </Extensions>
            <Cadence>87</Cadence>
          </Trackpoint>
          <Trackpoint>
            <Time>2020-01-07T00:47:35Z</Time>
            <Position>
              <LatitudeDegrees>26.995837</LatitudeDegrees>
              <LongitudeDegrees>109.267685</LongitudeDegrees>
            </Position>
            <AltitudeMeters>39.2</AltitudeMeters>
            <DistanceMeters>8565.0</DistanceMeters>
            <Extensions>
              <ns3:TPX>
                <ns3:RunCadence>86</ns3:RunCadence>
              </ns3:TPX>
            </Extensions>
            <Cadence>86</Cadence>
          </Trackpoint>
          <Trackpoint>
            <Time>2020-01-07T00:47:40Z</Time>
            <Position>
              <LatitudeDegrees>26.995970</LatitudeDegrees>
              <LongitudeDegrees>109.267712</LongitudeDegrees>
            </Position>
            <AltitudeMeters>39.2</AltitudeMeters>
            <DistanceMeters>8580.0</DistanceMeters>
            <Extensions>
              <ns3:TPX>
                <ns3:RunCadence>86</ns3:RunCadence>
              </ns3:TPX>
            </Extensions>
            <Cadence>86</Cadence>
          </Trackpoint>
          <Trackpoint>
            <Time>2020-01-07T00:47:45Z</Time>
            <Position>
              <LatitudeDegrees>26.996104</LatitudeDegrees>
              <LongitudeDegrees>109.267734</LongitudeDegrees>
            </Position>
            <AltitudeMeters>39.3</AltitudeMeters>
            <DistanceMeters>8595.0</DistanceMeters>
            <Extensions>
              <ns3:TPX>
                <ns3:RunCadence>86</ns3:RunCadence>
              </ns3:TPX>
            </Extensions>
            <Cadence>86</Cadence>
          </Trackpoint>
          <Trackpoint>
            <Time>2020-01-07T00:47:50Z</Time>
            <Position>
              <LatitudeDegrees>26.99624</LatitudeDegrees>
              <LongitudeDegrees>109.267751</LongitudeDegrees>
            </Position>
            <AltitudeMeters>39.3</AltitudeMeters>
            <DistanceMeters>8610.0</DistanceMeters>
            <Extensions>
              <ns3:TPX>
                <ns3:RunCadence>86</ns3:RunCadence>
              </ns3:TPX>
            </Extensions>
            <Cadence>86</Cadence>
          </Trackpoint>
          <Trackpoint>
            <Time>2020-01-07T00:47:55Z</Time>
            <Position>
              <LatitudeDegrees>26.996372</LatitudeDegrees>
              <LongitudeDegrees>109.267763</LongitudeDegrees>
            </Position>
            <AltitudeMeters>39.4</AltitudeMeters>
            <DistanceMeters>8625.0</DistanceMeters>
            <Extensions>
              <ns3:TPX>
                <ns3:RunCadence>86</ns3:RunCadence>
              </ns3:TPX>
            </Extensions>
            <Cadence>86</Cadence>
          </Trackpoint>
          <Trackpoint>
            <Time>2020-01-07T00:48:00Z</Time>
            <Position>
              <LatitudeDegrees>26.996507</LatitudeDegrees>
              <LongitudeDegrees>109.267770</LongitudeDegrees>
            </Position>
            <AltitudeMeters>39.5</AltitudeMeters>
            <DistanceMeters>8640.0</DistanceMeters>
            <Extensions>
              <ns3:TPX>
                <ns3:RunCadence>86</ns3:RunCadence>
              </ns3:TPX>
            </Extensions>
            <Cadence>86</Cadence>
          </Trackpoint>
          <Trackpoint>
            <Time>2020-01-07T00:48:05Z</Time>
            <Position>
              <LatitudeDegrees>26.996642</LatitudeDegrees>
              <LongitudeDegrees>109.267772</LongitudeDegrees>
            </Position>
            <AltitudeMeters>39.5</AltitudeMeters>
            <DistanceMeters>8655.0</DistanceMeters>
            <Extensions>
              <ns3:TPX>
                <ns3:RunCadence>86</ns3:RunCadence>
              </ns3:TPX>
            </Extensions>
            <Cadence>86</Cadence>
          </Trackpoint>
          <Trackpoint>
            <Time>2020-01-07T00:48:10Z</Time>
            <Position>
              <LatitudeDegrees>26.996777</LatitudeDegrees>
              <LongitudeDegrees>109.267769</LongitudeDegrees>
            </Position>
            <AltitudeMeters>39.6</AltitudeMeters>
            <DistanceMeters>8670.0</DistanceMeters>
            <Extensions>
              <ns3:TPX>
                <ns3:RunCadence>86</ns3:RunCadence>
              </ns3:TPX>
            </Extensions>
            <Cadence>86</Cadence>
          </Trackpoint>
          <Trackpoint>
            <Time>2020-01-07T00:48:15Z</Time>
            <Position>
              <LatitudeDegrees>26.996911</LatitudeDegrees>
              <LongitudeDegrees>109.267762</LongitudeDegrees>
            </Position>
            <AltitudeMeters>39.7</AltitudeMeters>
            <DistanceMeters>8685.0</DistanceMeters>
            <Extensions>
              <ns3:TPX>
                <ns3:RunCadence>85</ns3:RunCadence>
              </ns3:TPX>
            </Extensions>
            <Cadence>85</Cadence>
          </Trackpoint>
          <Trackpoint>
            <Time>2020-01-07T00:48:20Z</Time>
            <Position>
              <LatitudeDegrees>26.99705</LatitudeDegrees>
              <LongitudeDegrees>109.26775</LongitudeDegrees>
            </Position>
            <AltitudeMeters>39.7</AltitudeMeters>
            <DistanceMeters>8700.0</DistanceMeters>
            <Extensions>
              <ns3:TPX>
                <ns3:RunCadence>85</ns3:RunCadence>
              </ns3:TPX>
            </Extensions>
            <Cadence>85</Cadence>
          </Trackpoint>
          <Trackpoint>
            <Time>2020-01-07T00:48:25Z</Time>
            <Position>
              <LatitudeDegrees>26.997180</LatitudeDegrees>
              <LongitudeDegrees>109.267731</LongitudeDegrees>
            </Position>
            <AltitudeMeters>39.8</AltitudeMeters>
            <DistanceMeters>8715.0</DistanceMeters>
            <Extensions>
              <ns3:TPX>
                <ns3:RunCadence>85</ns3:RunCadence>
              </ns3:TPX>
            </Extensions>
            <Cadence>85</Cadence>
          </Trackpoint>
          <Trackpoint>
            <Time>2020-01-07T00:48:30Z</Time>
            <Position>
              <LatitudeDegrees>26.997313</LatitudeDegrees>
              <LongitudeDegrees>109.267709</LongitudeDegrees>
            </Position>
            <AltitudeMeters>39.8</AltitudeMeters>
            <DistanceMeters>8730.0</DistanceMeters>
            <Extensions>
              <ns3:TPX>
                <ns3:RunCadence>85</ns3:RunCadence>
              </ns3:TPX>
            </Extensions>
            <Cadence>85</Cadence>
          </Trackpoint>
          <Trackpoint>
            <Time>2020-01-07T00:48:35Z</Time>
            <Position>
              <LatitudeDegrees>26.997446</LatitudeDegrees>
              <LongitudeDegrees>109.267682</LongitudeDegrees>
            </Position>
            <AltitudeMeters>39.9</AltitudeMeters>
            <DistanceMeters>8745.0</DistanceMeters>
            <Extensions>
              <ns3:TPX>
                <ns3:RunCadence>85</ns3:RunCadence>
              </ns3:TPX>
            </Extensions>
            <Cadence>85</Cadence>
          </Trackpoint>
          <Trackpoint>
            <Time>2020-01-07T00:48:40Z</Time>
            <Position>
              <LatitudeDegrees>26.997578</LatitudeDegrees>
              <LongitudeDegrees>109.267649</LongitudeDegrees>
            </Position>
            <AltitudeMeters>40.0</AltitudeMeters>
            <DistanceMeters>8760.0</DistanceMeters>
            <Extensions>
              <ns3:TPX>
                <ns3:RunCadence>85</ns3:RunCadence>
              </ns3:TPX>
            </Extensions>
            <Cadence>85</Cadence>
          </Trackpoint>
          <Trackpoint>
            <Time>2020-01-07T00:48:45Z</Time>
            <Position>
              <LatitudeDegrees>26.997708</LatitudeDegrees>
              <LongitudeDegrees>109.267612</LongitudeDegrees>
            </Position>
            <AltitudeMeters>40.0</AltitudeMeters>
            <DistanceMeters>8775.0</DistanceMeters>
            <Extensions>
              <ns3:TPX>
                <ns3:RunCadence>84</ns3:RunCadence>
              </ns3:TPX>
            </Extensions>
            <Cadence>84</Cadence>
          </Trackpoint>
          <Trackpoint>
            <Time>2020-01-07T00:48:50Z</Time>
            <Position>
              <LatitudeDegrees>26.997838</LatitudeDegrees>
              <LongitudeDegrees>109.267571</LongitudeDegrees>
            </Position>
            <AltitudeMeters>40.1</AltitudeMeters>
            <DistanceMeters>8790.0</DistanceMeters>
            <Extensions>
              <ns3:TPX>
                <ns3:RunCadence>84</ns3:RunCadence>
              </ns3:TPX>
            </Extensions>
            <Cadence>84</Cadence>
          </Trackpoint>
          <Trackpoint>
            <Time>2020-01-07T00:48:55Z</Time>
            <Position>
              <LatitudeDegrees>26.9980</LatitudeDegrees>
              <LongitudeDegrees>109.267524</LongitudeDegrees>
            </Position>
            <AltitudeMeters>40.2</AltitudeMeters>
            <DistanceMeters>8805.0</DistanceMeters>
            <Extensions>
              <ns3:TPX>
                <ns3:RunCadence>84</ns3:RunCadence>
              </ns3:TPX>
            </Extensions>
            <Cadence>84</Cadence>
          </Trackpoint>
          <Trackpoint>
            <Time>2020-01-07T00:49:00Z</Time>
            <Position>
              <LatitudeDegrees>26.998093</LatitudeDegrees>
              <LongitudeDegrees>109.267473</LongitudeDegrees>
            </Position>
            <AltitudeMeters>40.2</AltitudeMeters>
            <DistanceMeters>8820.0</DistanceMeters>
            <Extensions>
              <ns3:TPX>
                <ns3:RunCadence>84</ns3:RunCadence>
              </ns3:TPX>
            </Extensions>
            <Cadence>84</Cadence>
          </Trackpoint>
          <Trackpoint>
            <Time>2020-01-07T00:49:05Z</Time>
            <Position>
              <LatitudeDegrees>26.998219</LatitudeDegrees>
              <LongitudeDegrees>109.267417</LongitudeDegrees>
            </Position>
            <AltitudeMeters>40.3</AltitudeMeters>
            <DistanceMeters>8835.0</DistanceMeters>
            <Extensions>
              <ns3:TPX>
                <ns3:RunCadence>84</ns3:RunCadence>
              </ns3:TPX>
            </Extensions>
            <Cadence>84</Cadence>
          </Trackpoint>
          <Trackpoint>
            <Time>2020-01-07T00:49:10Z</Time>
            <Position>
              <LatitudeDegrees>26.998342</LatitudeDegrees>
              <LongitudeDegrees>109.267357</LongitudeDegrees>
            </Position>
            <AltitudeMeters>40.4</AltitudeMeters>
            <DistanceMeters>8850.0</DistanceMeters>
            <Extensions>
              <ns3:TPX>
                <ns3:RunCadence>84</ns3:RunCadence>
              </ns3:TPX>
            </Extensions>
            <Cadence>84</Cadence>
          </Trackpoint>
          <Trackpoint>
            <Time>2020-01-07T00:49:15Z</Time>
            <Position>
              <LatitudeDegrees>26.998464</LatitudeDegrees>
              <LongitudeDegrees>109.267292</LongitudeDegrees>
            </Position>
            <AltitudeMeters>40.4</AltitudeMeters>
            <DistanceMeters>8865.0</DistanceMeters>
            <Extensions>
              <ns3:TPX>
                <ns3:RunCadence>83</ns3:RunCadence>
              </ns3:TPX>
            </Extensions>
            <Cadence>83</Cadence>
          </Trackpoint>
          <Trackpoint>
            <Time>2020-01-07T00:49:20Z</Time>
            <Position>
              <LatitudeDegrees>26.998584</LatitudeDegrees>
              <LongitudeDegrees>109.267222</LongitudeDegrees>
            </Position>
            <AltitudeMeters>40.5</AltitudeMeters>
            <DistanceMeters>8880.0</DistanceMeters>
            <Extensions>
              <ns3:TPX>
                <ns3:RunCadence>83</ns3:RunCadence>
              </ns3:TPX>
            </Extensions>
            <Cadence>83</Cadence>
          </Trackpoint>
          <Trackpoint>
            <Time>2020-01-07T00:49:25Z</Time>
            <Position>
              <LatitudeDegrees>26.998702</LatitudeDegrees>
              <LongitudeDegrees>109.267149</LongitudeDegrees>
            </Position>
            <AltitudeMeters>40.6</AltitudeMeters>
            <DistanceMeters>8895.0</DistanceMeters>
            <Extensions>
              <ns3:TPX>
                <ns3:RunCadence>83</ns3:RunCadence>
              </ns3:TPX>
            </Extensions>
            <Cadence>83</Cadence>
          </Trackpoint>
          <Trackpoint>
            <Time>2020-01-07T00:49:30Z</Time>
            <Position>
              <LatitudeDegrees>26.998818</LatitudeDegrees>
              <LongitudeDegrees>109.267071</LongitudeDegrees>
            </Position>
            <AltitudeMeters>40.6</AltitudeMeters>
            <DistanceMeters>8910.0</DistanceMeters>
            <Extensions>
              <ns3:TPX>
                <ns3:RunCadence>83</ns3:RunCadence>
              </ns3:TPX>
            </Extensions>
            <Cadence>83</Cadence>
          </Trackpoint>
          <Trackpoint>
            <Time>2020-01-07T00:49:35Z</Time>
            <Position>
              <LatitudeDegrees>26.998931</LatitudeDegrees>
              <LongitudeDegrees>109.266989</LongitudeDegrees>
            </Position>
            <AltitudeMeters>40.7</AltitudeMeters>
            <DistanceMeters>8925.0</DistanceMeters>
            <Extensions>
              <ns3:TPX>
                <ns3:RunCadence>83</ns3:RunCadence>
              </ns3:TPX>
            </Extensions>
            <Cadence>83</Cadence>
          </Trackpoint>
          <Trackpoint>
            <Time>2020-01-07T00:49:40Z</Time>
            <Position>
              <LatitudeDegrees>26.999042</LatitudeDegrees>
              <LongitudeDegrees>109.266902</LongitudeDegrees>
            </Position>
            <AltitudeMeters>40.7</AltitudeMeters>
            <DistanceMeters>8940.0</DistanceMeters>
            <Extensions>
              <ns3:TPX>
                <ns3:RunCadence>83</ns3:RunCadence>
              </ns3:TPX>
            </Extensions>
            <Cadence>83</Cadence>
          </Trackpoint>
          <Trackpoint>
            <Time>2020-01-07T00:49:45Z</Time>
            <Position>
              <LatitudeDegrees>26.999150</LatitudeDegrees>
              <LongitudeDegrees>109.266812</LongitudeDegrees>
            </Position>
            <AltitudeMeters>40.8</AltitudeMeters>
            <DistanceMeters>8955.0</DistanceMeters>
            <Extensions>
              <ns3:TPX>
                <ns3:RunCadence>82</ns3:RunCadence>
              </ns3:TPX>
            </Extensions>
            <Cadence>82</Cadence>
          </Trackpoint>
          <Trackpoint>
            <Time>2020-01-07T00:49:50Z</Time>
            <Position>
              <LatitudeDegrees>26.999256</LatitudeDegrees>
              <LongitudeDegrees>109.266718</LongitudeDegrees>
            </Position>
            <AltitudeMeters>40.9</AltitudeMeters>
            <DistanceMeters>8970.0</DistanceMeters>
            <Extensions>
              <ns3:TPX>
                <ns3:RunCadence>82</ns3:RunCadence>
              </ns3:TPX>
            </Extensions>
            <Cadence>82</Cadence>
          </Trackpoint>
          <Trackpoint>
            <Time>2020-01-07T00:49:55Z</Time>
            <Position>
              <LatitudeDegrees>26.999358</LatitudeDegrees>
              <LongitudeDegrees>109.266620</LongitudeDegrees>
            </Position>
            <AltitudeMeters>40.9</AltitudeMeters>
            <DistanceMeters>8985.0</DistanceMeters>
            <Extensions>
              <ns3:TPX>
                <ns3:RunCadence>82</ns3:RunCadence>
              </ns3:TPX>
            </Extensions>
            <Cadence>82</Cadence>
          </Trackpoint>
          <Trackpoint>
            <Time>2020-01-07T00:50:00Z</Time>
            <Position>
              <LatitudeDegrees>26.999458</LatitudeDegrees>
              <LongitudeDegrees>109.266518</LongitudeDegrees>
            </Position>
            <AltitudeMeters>41.0</AltitudeMeters>
            <DistanceMeters>9000.0</DistanceMeters>
            <Extensions>
              <ns3:TPX>
                <ns3:RunCadence>82</ns3:RunCadence>
              </ns3:TPX>
            </Extensions>
            <Cadence>82</Cadence>
          </Trackpoint>
          <Trackpoint>
            <Time>2020-01-07T00:50:05Z</Time>
            <Position>
              <LatitudeDegrees>26.999555</LatitudeDegrees>
              <LongitudeDegrees>109.266413</LongitudeDegrees>
            </Position>
            <AltitudeMeters>41.0</AltitudeMeters>
            <DistanceMeters>9015.0</DistanceMeters>
            <Extensions>
              <ns3:TPX>
                <ns3:RunCadence>82</ns3:RunCadence>
              </ns3:TPX>
            </Extensions>
            <Cadence>82</Cadence>
          </Trackpoint>
          <Trackpoint>
            <Time>2020-01-07T00:50:10Z</Time>
            <Position>
              <LatitudeDegrees>26.999649</LatitudeDegrees>
              <LongitudeDegrees>109.266304</LongitudeDegrees>
            </Position>
            <AltitudeMeters>41.1</AltitudeMeters>
            <DistanceMeters>9030.0</DistanceMeters>
            <Extensions>
              <ns3:TPX>
                <ns3:RunCadence>82</ns3:RunCadence>
              </ns3:TPX>
            </Extensions>
            <Cadence>82</Cadence>
          </Trackpoint>
          <Trackpoint>
            <Time>2020-01-07T00:50:15Z</Time>
            <Position>
              <LatitudeDegrees>26.99974</LatitudeDegrees>
              <LongitudeDegrees>109.266192</LongitudeDegrees>
            </Position>
            <AltitudeMeters>41.1</AltitudeMeters>
            <DistanceMeters>9045.0</DistanceMeters>
            <Extensions>
              <ns3:TPX>
                <ns3:RunCadence>82</ns3:RunCadence>
              </ns3:TPX>
            </Extensions>
            <Cadence>82</Cadence>
          </Trackpoint>
          <Trackpoint>
            <Time>2020-01-07T00:50:20Z</Time>
            <Position>
              <LatitudeDegrees>26.999827</LatitudeDegrees>
              <LongitudeDegrees>109.266076</LongitudeDegrees>
            </Position>
            <AltitudeMeters>41.2</AltitudeMeters>
            <DistanceMeters>9060.0</DistanceMeters>
            <Extensions>
              <ns3:TPX>
                <ns3:RunCadence>82</ns3:RunCadence>
              </ns3:TPX>
            </Extensions>
            <Cadence>82</Cadence>
          </Trackpoint>
          <Trackpoint>
            <Time>2020-01-07T00:50:25Z</Time>
            <Position>
              <LatitudeDegrees>26.999911</LatitudeDegrees>
              <LongitudeDegrees>109.26596</LongitudeDegrees>
            </Position>
            <AltitudeMeters>41.2</AltitudeMeters>
            <DistanceMeters>9075.0</DistanceMeters>
            <Extensions>
              <ns3:TPX>
                <ns3:RunCadence>81</ns3:RunCadence>
              </ns3:TPX>
            </Extensions>
            <Cadence>81</Cadence>
          </Trackpoint>
          <Trackpoint>
            <Time>2020-01-07T00:50:30Z</Time>
            <Position>
              <LatitudeDegrees>26.999991</LatitudeDegrees>
              <LongitudeDegrees>109.265836</LongitudeDegrees>
            </Position>
            <AltitudeMeters>41.3</AltitudeMeters>
            <DistanceMeters>9090.0</DistanceMeters>
            <Extensions>
              <ns3:TPX>
                <ns3:RunCadence>81</ns3:RunCadence>
              </ns3:TPX>
            </Extensions>
            <Cadence>81</Cadence>
          </Trackpoint>
          <Trackpoint>
            <Time>2020-01-07T00:50:35Z</Time>
            <Position>
              <LatitudeDegrees>27.000068</LatitudeDegrees>
              <LongitudeDegrees>109.265711</LongitudeDegrees>
            </Position>
            <AltitudeMeters>41.3</AltitudeMeters>
            <DistanceMeters>9105.0</DistanceMeters>
            <Extensions>
              <ns3:TPX>
                <ns3:RunCadence>81</ns3:RunCadence>
              </ns3:TPX>
            </Extensions>
            <Cadence>81</Cadence>
          </Trackpoint>
          <Trackpoint>
            <Time>2020-01-07T00:50:40Z</Time>
            <Position>
              <LatitudeDegrees>27.000141</LatitudeDegrees>
              <LongitudeDegrees>109.265584</LongitudeDegrees>
            </Position>
            <AltitudeMeters>41.4</AltitudeMeters>
            <DistanceMeters>9120.0</DistanceMeters>
            <Extensions>
              <ns3:TPX>
                <ns3:RunCadence>81</ns3:RunCadence>
              </ns3:TPX>
            </Extensions>
            <Cadence>81</Cadence>
          </Trackpoint>
          <Trackpoint>
            <Time>2020-01-07T00:50:45Z</Time>
            <Position>
              <LatitudeDegrees>27.000210</LatitudeDegrees>
              <LongitudeDegrees>109.265454</LongitudeDegrees>
            </Position>
            <AltitudeMeters>41.4</AltitudeMeters>
            <DistanceMeters>9135.0</DistanceMeters>
            <Extensions>
              <ns3:TPX>
                <ns3:RunCadence>81</ns3:RunCadence>
              </ns3:TPX>
            </Extensions>
            <Cadence>81</Cadence>
          </Trackpoint>
          <Trackpoint>
            <Time>2020-01-07T00:50:50Z</Time>
            <Position>
              <LatitudeDegrees>27.000275</LatitudeDegrees>
              <LongitudeDegrees>109.265322</LongitudeDegrees>
            </Position>
            <AltitudeMeters>41.5</AltitudeMeters>
            <DistanceMeters>9150.0</DistanceMeters>
            <Extensions>
              <ns3:TPX>
                <ns3:RunCadence>81</ns3:RunCadence>
              </ns3:TPX>
            </Extensions>
            <Cadence>81</Cadence>
          </Trackpoint>
          <Trackpoint>
            <Time>2020-01-07T00:50:55Z</Time>
            <Position>
              <LatitudeDegrees>27.00034</LatitudeDegrees>
              <LongitudeDegrees>109.265187</LongitudeDegrees>
            </Position>
            <AltitudeMeters>41.5</AltitudeMeters>
            <DistanceMeters>9165.0</DistanceMeters>
            <Extensions>
              <ns3:TPX>
                <ns3:RunCadence>81</ns3:RunCadence>
              </ns3:TPX>
            </Extensions>
            <Cadence>81</Cadence>
          </Trackpoint>
          <Trackpoint>
            <Time>2020-01-07T00:51:00Z</Time>
            <Position>
              <LatitudeDegrees>27.000395</LatitudeDegrees>
              <LongitudeDegrees>109.265050</LongitudeDegrees>
            </Position>
            <AltitudeMeters>41.6</AltitudeMeters>
            <DistanceMeters>9180.0</DistanceMeters>
            <Extensions>
              <ns3:TPX>
                <ns3:RunCadence>81</ns3:RunCadence>
              </ns3:TPX>
            </Extensions>
            <Cadence>81</Cadence>
          </Trackpoint>
          <Trackpoint>
            <Time>2020-01-07T00:51:05Z</Time>
            <Position>
              <LatitudeDegrees>27.000448</LatitudeDegrees>
              <LongitudeDegrees>109.26491</LongitudeDegrees>
            </Position>
            <AltitudeMeters>41.6</AltitudeMeters>
            <DistanceMeters>9195.0</DistanceMeters>
            <Extensions>
              <ns3:TPX>
                <ns3:RunCadence>81</ns3:RunCadence>
              </ns3:TPX>
            </Extensions>
            <Cadence>81</Cadence>
          </Trackpoint>
          <Trackpoint>
            <Time>2020-01-07T00:51:10Z</Time>
            <Position>
              <LatitudeDegrees>27.00050</LatitudeDegrees>
              <LongitudeDegrees>109.264771</LongitudeDegrees>
            </Position>
            <AltitudeMeters>41.6</AltitudeMeters>
            <DistanceMeters>9210.0</DistanceMeters>
            <Extensions>
              <ns3:TPX>
                <ns3:RunCadence>81</ns3:RunCadence>
              </ns3:TPX>
            </Extensions>
            <Cadence>81</Cadence>
          </Trackpoint>
          <Trackpoint>
            <Time>2020-01-07T00:51:15Z</Time>
            <Position>
              <LatitudeDegrees>27.00054</LatitudeDegrees>
              <LongitudeDegrees>109.264628</LongitudeDegrees>
            </Position>
            <AltitudeMeters>41.7</AltitudeMeters>
            <DistanceMeters>9225.0</DistanceMeters>
            <Extensions>
              <ns3:TPX>
                <ns3:RunCadence>81</ns3:RunCadence>
              </ns3:TPX>
            </Extensions>
            <Cadence>81</Cadence>
          </Trackpoint>
          <Trackpoint>
            <Time>2020-01-07T00:51:20Z</Time>
            <Position>
              <LatitudeDegrees>27.000585</LatitudeDegrees>
              <LongitudeDegrees>109.264484</LongitudeDegrees>
            </Position>
            <AltitudeMeters>41.7</AltitudeMeters>
            <DistanceMeters>9240.0</DistanceMeters>
            <Extensions>
              <ns3:TPX>
                <ns3:RunCadence>81</ns3:RunCadence>
              </ns3:TPX>
            </Extensions>
            <Cadence>81</Cadence>
          </Trackpoint>
          <Trackpoint>
            <Time>2020-01-07T00:51:25Z</Time>
            <Position>
              <LatitudeDegrees>27.000622</LatitudeDegrees>
              <LongitudeDegrees>109.264338</LongitudeDegrees>
            </Position>
            <AltitudeMeters>41.7</AltitudeMeters>
            <DistanceMeters>9255.0</DistanceMeters>
            <Extensions>
              <ns3:TPX>
                <ns3:RunCadence>81</ns3:RunCadence>
              </ns3:TPX>
            </Extensions>
            <Cadence>81</Cadence>
          </Trackpoint>
          <Trackpoint>
            <Time>2020-01-07T00:51:30Z</Time>
            <Position>
              <LatitudeDegrees>27.000655</LatitudeDegrees>
              <LongitudeDegrees>109.264192</LongitudeDegrees>
            </Position>
            <AltitudeMeters>41.8</AltitudeMeters>
            <DistanceMeters>9270.0</DistanceMeters>
            <Extensions>
              <ns3:TPX>
                <ns3:RunCadence>81</ns3:RunCadence>
              </ns3:TPX>
            </Extensions>
            <Cadence>81</Cadence>
          </Trackpoint>
          <Trackpoint>
            <Time>2020-01-07T00:51:35Z</Time>
            <Position>
              <LatitudeDegrees>27.000683</LatitudeDegrees>
              <LongitudeDegrees>109.264044</LongitudeDegrees>
            </Position>
            <AltitudeMeters>41.8</AltitudeMeters>
            <DistanceMeters>9285.0</DistanceMeters>
            <Extensions>
              <ns3:TPX>
                <ns3:RunCadence>81</ns3:RunCadence>
              </ns3:TPX>
            </Extensions>
            <Cadence>81</Cadence>
          </Trackpoint>
          <Trackpoint>
            <Time>2020-01-07T00:51:40Z</Time>
            <Position>
              <LatitudeDegrees>27.000707</LatitudeDegrees>
              <LongitudeDegrees>109.263895</LongitudeDegrees>
            </Position>
            <AltitudeMeters>41.8</AltitudeMeters>
            <DistanceMeters>9300.0</DistanceMeters>
            <Extensions>
              <ns3:TPX>
                <ns3:RunCadence>81</ns3:RunCadence>
              </ns3:TPX>
            </Extensions>
            <Cadence>81</Cadence>
          </Trackpoint>
          <Trackpoint>
            <Time>2020-01-07T00:51:45Z</Time>
            <Position>
              <LatitudeDegrees>27.000727</LatitudeDegrees>
              <LongitudeDegrees>109.263745</LongitudeDegrees>
            </Position>
            <AltitudeMeters>41.9</AltitudeMeters>
            <DistanceMeters>9315.0</DistanceMeters>
            <Extensions>
              <ns3:TPX>
                <ns3:RunCadence>81</ns3:RunCadence>
              </ns3:TPX>
            </Extensions>
            <Cadence>81</Cadence>
          </Trackpoint>
          <Trackpoint>
            <Time>2020-01-07T00:51:50Z</Time>
            <Position>
              <LatitudeDegrees>27.000743</LatitudeDegrees>
              <LongitudeDegrees>109.263595</LongitudeDegrees>
            </Position>
            <AltitudeMeters>41.9</AltitudeMeters>
            <DistanceMeters>9330.0</DistanceMeters>
            <Extensions>
              <ns3:TPX>
                <ns3:RunCadence>81</ns3:RunCadence>
              </ns3:TPX>
            </Extensions>
            <Cadence>81</Cadence>
          </Trackpoint>
          <Trackpoint>
            <Time>2020-01-07T00:51:55Z</Time>
            <Position>
              <LatitudeDegrees>27.00075</LatitudeDegrees>
              <LongitudeDegrees>109.263444</LongitudeDegrees>
            </Position>
            <AltitudeMeters>41.9</AltitudeMeters>
            <DistanceMeters>9345.0</DistanceMeters>
            <Extensions>
              <ns3:TPX>
                <ns3:RunCadence>81</ns3:RunCadence>
              </ns3:TPX>
            </Extensions>
            <Cadence>81</Cadence>
          </Trackpoint>
          <Trackpoint>
            <Time>2020-01-07T00:52:00Z</Time>
            <Position>
              <LatitudeDegrees>27.000760</LatitudeDegrees>
              <LongitudeDegrees>109.263292</LongitudeDegrees>
            </Position>
            <AltitudeMeters>41.9</AltitudeMeters>
            <DistanceMeters>9360.0</DistanceMeters>
            <Extensions>
              <ns3:TPX>
                <ns3:RunCadence>81</ns3:RunCadence>
              </ns3:TPX>
            </Extensions>
            <Cadence>81</Cadence>
          </Trackpoint>
          <Trackpoint>
            <Time>2020-01-07T00:52:05Z</Time>
            <Position>
              <LatitudeDegrees>27.000763</LatitudeDegrees>
              <LongitudeDegrees>109.263141</LongitudeDegrees>
            </Position>
            <AltitudeMeters>41.9</AltitudeMeters>
            <DistanceMeters>9375.0</DistanceMeters>
            <Extensions>
              <ns3:TPX>
                <ns3:RunCadence>82</ns3:RunCadence>
              </ns3:TPX>
            </Extensions>
            <Cadence>82</Cadence>
          </Trackpoint>
          <Trackpoint>
            <Time>2020-01-07T00:52:10Z</Time>
            <Position>
              <LatitudeDegrees>27.000761</LatitudeDegrees>
              <LongitudeDegrees>109.262990</LongitudeDegrees>
            </Position>
            <AltitudeMeters>41.9</AltitudeMeters>
            <DistanceMeters>9390.0</DistanceMeters>
            <Extensions>
              <ns3:TPX>
                <ns3:RunCadence>82</ns3:RunCadence>
              </ns3:TPX>
            </Extensions>
            <Cadence>82</Cadence>
          </Trackpoint>
          <Trackpoint>
            <Time>2020-01-07T00:52:15Z</Time>
            <Position>
              <LatitudeDegrees>27.000754</LatitudeDegrees>
              <LongitudeDegrees>109.262838</LongitudeDegrees>
            </Position>
            <AltitudeMeters>42.0</AltitudeMeters>
            <DistanceMeters>9405.0</DistanceMeters>
            <Extensions>
              <ns3:TPX>
                <ns3:RunCadence>82</ns3:RunCadence>
              </ns3:TPX>
            </Extensions>
            <Cadence>82</Cadence>
          </Trackpoint>
          <Trackpoint>
            <Time>2020-01-07T00:52:20Z</Time>
            <Position>
              <LatitudeDegrees>27.000743</LatitudeDegrees>
              <LongitudeDegrees>109.262688</LongitudeDegrees>
            </Position>
            <AltitudeMeters>42.0</AltitudeMeters>
            <DistanceMeters>9420.0</DistanceMeters>
            <Extensions>
              <ns3:TPX>
                <ns3:RunCadence>82</ns3:RunCadence>
              </ns3:TPX>
            </Extensions>
            <Cadence>82</Cadence>
          </Trackpoint>
          <Trackpoint>
            <Time>2020-01-07T00:52:25Z</Time>
            <Position>
              <LatitudeDegrees>27.000728</LatitudeDegrees>
              <LongitudeDegrees>109.262537</LongitudeDegrees>
            </Position>
            <AltitudeMeters>42.0</AltitudeMeters>
            <DistanceMeters>9435.0</DistanceMeters>
            <Extensions>
              <ns3:TPX>
                <ns3:RunCadence>82</ns3:RunCadence>
              </ns3:TPX>
            </Extensions>
            <Cadence>82</Cadence>
          </Trackpoint>
          <Trackpoint>
            <Time>2020-01-07T00:52:30Z</Time>
            <Position>
              <LatitudeDegrees>27.000708</LatitudeDegrees>
              <LongitudeDegrees>109.26239</LongitudeDegrees>
            </Position>
            <AltitudeMeters>42.0</AltitudeMeters>
            <DistanceMeters>9450.0</DistanceMeters>
            <Extensions>
              <ns3:TPX>
                <ns3:RunCadence>82</ns3:RunCadence>
              </ns3:TPX>
            </Extensions>
            <Cadence>82</Cadence>
          </Trackpoint>
          <Trackpoint>
            <Time>2020-01-07T00:52:35Z</Time>
            <Position>
              <LatitudeDegrees>27.000684</LatitudeDegrees>
              <LongitudeDegrees>109.262238</LongitudeDegrees>
            </Position>
            <AltitudeMeters>42.0</AltitudeMeters>
            <DistanceMeters>9465.0</DistanceMeters>
            <Extensions>
              <ns3:TPX>
                <ns3:RunCadence>82</ns3:RunCadence>
              </ns3:TPX>
            </Extensions>
            <Cadence>82</Cadence>
          </Trackpoint>
          <Trackpoint>
            <Time>2020-01-07T00:52:40Z</Time>
            <Position>
              <LatitudeDegrees>27.000656</LatitudeDegrees>
              <LongitudeDegrees>109.262090</LongitudeDegrees>
            </Position>
            <AltitudeMeters>42.0</AltitudeMeters>
            <DistanceMeters>9480.0</DistanceMeters>
            <Extensions>
              <ns3:TPX>
                <ns3:RunCadence>83</ns3:RunCadence>
              </ns3:TPX>
            </Extensions>
            <Cadence>83</Cadence>
          </Trackpoint>
          <Trackpoint>
            <Time>2020-01-07T00:52:45Z</Time>
            <Position>
              <LatitudeDegrees>27.000623</LatitudeDegrees>
              <LongitudeDegrees>109.261944</LongitudeDegrees>
            </Position>
            <AltitudeMeters>42.0</AltitudeMeters>
            <DistanceMeters>9495.0</DistanceMeters>
            <Extensions>
              <ns3:TPX>
                <ns3:RunCadence>83</ns3:RunCadence>
              </ns3:TPX>
            </Extensions>
            <Cadence>83</Cadence>
          </Trackpoint>
          <Trackpoint>
            <Time>2020-01-07T00:52:50Z</Time>
            <Position>
              <LatitudeDegrees>27.000586</LatitudeDegrees>
              <LongitudeDegrees>109.261798</LongitudeDegrees>
            </Position>
            <AltitudeMeters>42.0</AltitudeMeters>
            <DistanceMeters>9510.0</DistanceMeters>
            <Extensions>
              <ns3:TPX>
                <ns3:RunCadence>83</ns3:RunCadence>
              </ns3:TPX>
            </Extensions>
            <Cadence>83</Cadence>
          </Trackpoint>
          <Trackpoint>
            <Time>2020-01-07T00:52:55Z</Time>
            <Position>
              <LatitudeDegrees>27.000545</LatitudeDegrees>
              <LongitudeDegrees>109.26165</LongitudeDegrees>
            </Position>
            <AltitudeMeters>42.0</AltitudeMeters>
            <DistanceMeters>9525.0</DistanceMeters>
            <Extensions>
              <ns3:TPX>
                <ns3:RunCadence>83</ns3:RunCadence>
              </ns3:TPX>
            </Extensions>
            <Cadence>83</Cadence>
          </Trackpoint>
          <Trackpoint>
            <Time>2020-01-07T00:53:00Z</Time>
            <Position>
              <LatitudeDegrees>27.000500</LatitudeDegrees>
              <LongitudeDegrees>109.261511</LongitudeDegrees>
            </Position>
            <AltitudeMeters>42.0</AltitudeMeters>
            <DistanceMeters>9540.0</DistanceMeters>
            <Extensions>
              <ns3:TPX>
                <ns3:RunCadence>83</ns3:RunCadence>
              </ns3:TPX>
            </Extensions>
            <Cadence>83</Cadence>
          </Trackpoint>
          <Trackpoint>
            <Time>2020-01-07T00:53:05Z</Time>
            <Position>
              <LatitudeDegrees>27.000450</LatitudeDegrees>
              <LongitudeDegrees>109.261370</LongitudeDegrees>
            </Position>
            <AltitudeMeters>42.0</AltitudeMeters>
            <DistanceMeters>9555.0</DistanceMeters>
            <Extensions>
              <ns3:TPX>
                <ns3:RunCadence>83</ns3:RunCadence>
              </ns3:TPX>
            </Extensions>
            <Cadence>83</Cadence>
          </Trackpoint>
          <Trackpoint>
            <Time>2020-01-07T00:53:10Z</Time>
            <Position>
              <LatitudeDegrees>27.000397</LatitudeDegrees>
              <LongitudeDegrees>109.261231</LongitudeDegrees>
            </Position>
            <AltitudeMeters>42.0</AltitudeMeters>
            <DistanceMeters>9570.0</DistanceMeters>
            <Extensions>
              <ns3:TPX>
                <ns3:RunCadence>83</ns3:RunCadence>
              </ns3:TPX>
            </Extensions>
            <Cadence>83</Cadence>
          </Trackpoint>
          <Trackpoint>
            <Time>2020-01-07T00:53:15Z</Time>
            <Position>
              <LatitudeDegrees>27.000339</LatitudeDegrees>
              <LongitudeDegrees>109.261094</LongitudeDegrees>
            </Position>
            <AltitudeMeters>42.0</AltitudeMeters>
            <DistanceMeters>9585.0</DistanceMeters>
            <Extensions>
              <ns3:TPX>
                <ns3:RunCadence>84</ns3:RunCadence>
              </ns3:TPX>
            </Extensions>
            <Cadence>84</Cadence>
          </Trackpoint>
          <Trackpoint>
            <Time>2020-01-07T00:53:20Z</Time>
            <Position>
              <LatitudeDegrees>27.000278</LatitudeDegrees>
              <LongitudeDegrees>109.26096</LongitudeDegrees>
            </Position>
            <AltitudeMeters>41.9</AltitudeMeters>
            <DistanceMeters>9600.0</DistanceMeters>
            <Extensions>
              <ns3:TPX>
                <ns3:RunCadence>84</ns3:RunCadence>
              </ns3:TPX>
            </Extensions>
            <Cadence>84</Cadence>
          </Trackpoint>
          <Trackpoint>
            <Time>2020-01-07T00:53:25Z</Time>
            <Position>
              <LatitudeDegrees>27.000213</LatitudeDegrees>
              <LongitudeDegrees>109.260827</LongitudeDegrees>
            </Position>
            <AltitudeMeters>41.9</AltitudeMeters>
            <DistanceMeters>9615.0</DistanceMeters>
            <Extensions>
              <ns3:TPX>
                <ns3:RunCadence>84</ns3:RunCadence>
              </ns3:TPX>
            </Extensions>
            <Cadence>84</Cadence>
          </Trackpoint>
          <Trackpoint>
            <Time>2020-01-07T00:53:30Z</Time>
            <Position>
              <LatitudeDegrees>27.000143</LatitudeDegrees>
              <LongitudeDegrees>109.26070</LongitudeDegrees>
            </Position>
            <AltitudeMeters>41.9</AltitudeMeters>
            <DistanceMeters>9630.0</DistanceMeters>
            <Extensions>
              <ns3:TPX>
                <ns3:RunCadence>84</ns3:RunCadence>
              </ns3:TPX>
            </Extensions>
            <Cadence>84</Cadence>
          </Trackpoint>
          <Trackpoint>
            <Time>2020-01-07T00:53:35Z</Time>
            <Position>
              <LatitudeDegrees>27.000070</LatitudeDegrees>
              <LongitudeDegrees>109.26057</LongitudeDegrees>
            </Position>
            <AltitudeMeters>41.9</AltitudeMeters>
            <DistanceMeters>9645.0</DistanceMeters>
            <Extensions>
              <ns3:TPX>
                <ns3:RunCadence>84</ns3:RunCadence>
              </ns3:TPX>
            </Extensions>
            <Cadence>84</Cadence>
          </Trackpoint>
          <Trackpoint>
            <Time>2020-01-07T00:53:40Z</Time>
            <Position>
              <LatitudeDegrees>26.999994</LatitudeDegrees>
              <LongitudeDegrees>109.260445</LongitudeDegrees>
            </Position>
            <AltitudeMeters>41.9</AltitudeMeters>
            <DistanceMeters>9660.0</DistanceMeters>
            <Extensions>
              <ns3:TPX>
                <ns3:RunCadence>85</ns3:RunCadence>
              </ns3:TPX>
            </Extensions>
            <Cadence>85</Cadence>
          </Trackpoint>
          <Trackpoint>
            <Time>2020-01-07T00:53:45Z</Time>
            <Position>
              <LatitudeDegrees>26.999914</LatitudeDegrees>
              <LongitudeDegrees>109.26032</LongitudeDegrees>
            </Position>
            <AltitudeMeters>41.9</AltitudeMeters>
            <DistanceMeters>9675.0</DistanceMeters>
            <Extensions>
              <ns3:TPX>
                <ns3:RunCadence>85</ns3:RunCadence>
              </ns3:TPX>
            </Extensions>
            <Cadence>85</Cadence>
          </Trackpoint>
          <Trackpoint>
            <Time>2020-01-07T00:53:50Z</Time>
            <Position>
              <LatitudeDegrees>26.999830</LatitudeDegrees>
              <LongitudeDegrees>109.260205</LongitudeDegrees>
            </Position>
            <AltitudeMeters>41.8</AltitudeMeters>
            <DistanceMeters>9690.0</DistanceMeters>
            <Extensions>
              <ns3:TPX>
                <ns3:RunCadence>85</ns3:RunCadence>
              </ns3:TPX>
            </Extensions>
            <Cadence>85</Cadence>
          </Trackpoint>
          <Trackpoint>
            <Time>2020-01-07T00:53:55Z</Time>
            <Position>
              <LatitudeDegrees>26.999743</LatitudeDegrees>
              <LongitudeDegrees>109.260089</LongitudeDegrees>
            </Position>
            <AltitudeMeters>41.8</AltitudeMeters>
            <DistanceMeters>9705.0</DistanceMeters>
            <Extensions>
              <ns3:TPX>
                <ns3:RunCadence>85</ns3:RunCadence>
              </ns3:TPX>
            </Extensions>
            <Cadence>85</Cadence>
          </Trackpoint>
          <Trackpoint>
            <Time>2020-01-07T00:54:00Z</Time>
            <Position>
              <LatitudeDegrees>26.999653</LatitudeDegrees>
              <LongitudeDegrees>109.259977</LongitudeDegrees>
            </Position>
            <AltitudeMeters>41.8</AltitudeMeters>
            <DistanceMeters>9720.0</DistanceMeters>
            <Extensions>
              <ns3:TPX>
                <ns3:RunCadence>85</ns3:RunCadence>
              </ns3:TPX>
            </Extensions>
            <Cadence>85</Cadence>
          </Trackpoint>
          <Trackpoint>
            <Time>2020-01-07T00:54:05Z</Time>
            <Position>
              <LatitudeDegrees>26.999559</LatitudeDegrees>
              <LongitudeDegrees>109.259868</LongitudeDegrees>
            </Position>
            <AltitudeMeters>41.7</AltitudeMeters>
            <DistanceMeters>9735.0</DistanceMeters>
            <Extensions>
              <ns3:TPX>
                <ns3:RunCadence>85</ns3:RunCadence>
              </ns3:TPX>
            </Extensions>
            <Cadence>85</Cadence>
          </Trackpoint>
          <Trackpoint>
            <Time>2020-01-07T00:54:10Z</Time>
            <Position>
              <LatitudeDegrees>26.999462</LatitudeDegrees>
              <LongitudeDegrees>109.259762</LongitudeDegrees>
            </Position>
            <AltitudeMeters>41.7</AltitudeMeters>
            <DistanceMeters>9750.0</DistanceMeters>
            <Extensions>
              <ns3:TPX>
                <ns3:RunCadence>86</ns3:RunCadence>
              </ns3:TPX>
            </Extensions>
            <Cadence>86</Cadence>
          </Trackpoint>
          <Trackpoint>
            <Time>2020-01-07T00:54:15Z</Time>
            <Position>
              <LatitudeDegrees>26.999362</LatitudeDegrees>
              <LongitudeDegrees>109.259660</LongitudeDegrees>
            </Position>
            <AltitudeMeters>41.7</AltitudeMeters>
            <DistanceMeters>9765.0</DistanceMeters>
            <Extensions>
              <ns3:TPX>
                <ns3:RunCadence>86</ns3:RunCadence>
              </ns3:TPX>
            </Extensions>
            <Cadence>86</Cadence>
          </Trackpoint>
          <Trackpoint>
            <Time>2020-01-07T00:54:20Z</Time>
            <Position>
              <LatitudeDegrees>26.999260</LatitudeDegrees>
              <LongitudeDegrees>109.259562</LongitudeDegrees>
            </Position>
            <AltitudeMeters>41.6</AltitudeMeters>
            <DistanceMeters>9780.0</DistanceMeters>
            <Extensions>
              <ns3:TPX>
                <ns3:RunCadence>86</ns3:RunCadence>
              </ns3:TPX>
            </Extensions>
            <Cadence>86</Cadence>
          </Trackpoint>
          <Trackpoint>
            <Time>2020-01-07T00:54:25Z</Time>
            <Position>
              <LatitudeDegrees>26.999154</LatitudeDegrees>
              <LongitudeDegrees>109.259468</LongitudeDegrees>
            </Position>
            <AltitudeMeters>41.6</AltitudeMeters>
            <DistanceMeters>9795.0</DistanceMeters>
            <Extensions>
              <ns3:TPX>
                <ns3:RunCadence>86</ns3:RunCadence>
              </ns3:TPX>
            </Extensions>
            <Cadence>86</Cadence>
          </Trackpoint>
          <Trackpoint>
            <Time>2020-01-07T00:54:30Z</Time>
            <Position>
              <LatitudeDegrees>26.999046</LatitudeDegrees>
              <LongitudeDegrees>109.259377</LongitudeDegrees>
            </Position>
            <AltitudeMeters>41.6</AltitudeMeters>
            <DistanceMeters>9810.0</DistanceMeters>
            <Extensions>
              <ns3:TPX>
                <ns3:RunCadence>86</ns3:RunCadence>
              </ns3:TPX>
            </Extensions>
            <Cadence>86</Cadence>
          </Trackpoint>
          <Trackpoint>
            <Time>2020-01-07T00:54:35Z</Time>
            <Position>
              <LatitudeDegrees>26.998935</LatitudeDegrees>
              <LongitudeDegrees>109.259291</LongitudeDegrees>
            </Position>
            <AltitudeMeters>41.5</AltitudeMeters>
            <DistanceMeters>9825.0</DistanceMeters>
            <Extensions>
              <ns3:TPX>
                <ns3:RunCadence>86</ns3:RunCadence>
              </ns3:TPX>
            </Extensions>
            <Cadence>86</Cadence>
          </Trackpoint>
          <Trackpoint>
            <Time>2020-01-07T00:54:40Z</Time>
            <Position>
              <LatitudeDegrees>26.9988</LatitudeDegrees>
              <LongitudeDegrees>109.259209</LongitudeDegrees>
            </Position>
            <AltitudeMeters>41.5</AltitudeMeters>
            <DistanceMeters>9840.0</DistanceMeters>
            <Extensions>
              <ns3:TPX>
                <ns3:RunCadence>86</ns3:RunCadence>
              </ns3:TPX>
            </Extensions>
            <Cadence>86</Cadence>
          </Trackpoint>
          <Trackpoint>
            <Time>2020-01-07T00:54:45Z</Time>
            <Position>
              <LatitudeDegrees>26.99871</LatitudeDegrees>
              <LongitudeDegrees>109.259131</LongitudeDegrees>
            </Position>
            <AltitudeMeters>41.4</AltitudeMeters>
            <DistanceMeters>9855.0</DistanceMeters>
            <Extensions>
              <ns3:TPX>
                <ns3:RunCadence>86</ns3:RunCadence>
              </ns3:TPX>
            </Extensions>
            <Cadence>86</Cadence>
          </Trackpoint>
          <Trackpoint>
            <Time>2020-01-07T00:54:50Z</Time>
            <Position>
              <LatitudeDegrees>26.998589</LatitudeDegrees>
              <LongitudeDegrees>109.259057</LongitudeDegrees>
            </Position>
            <AltitudeMeters>41.4</AltitudeMeters>
            <DistanceMeters>9870.0</DistanceMeters>
            <Extensions>
              <ns3:TPX>
                <ns3:RunCadence>87</ns3:RunCadence>
              </ns3:TPX>
            </Extensions>
            <Cadence>87</Cadence>
          </Trackpoint>
          <Trackpoint>
            <Time>2020-01-07T00:54:55Z</Time>
            <Position>
              <LatitudeDegrees>26.998469</LatitudeDegrees>
              <LongitudeDegrees>109.258987</LongitudeDegrees>
            </Position>
            <AltitudeMeters>41.3</AltitudeMeters>
            <DistanceMeters>9885.0</DistanceMeters>
            <Extensions>
              <ns3:TPX>
                <ns3:RunCadence>87</ns3:RunCadence>
              </ns3:TPX>
            </Extensions>
            <Cadence>87</Cadence>
          </Trackpoint>
          <Trackpoint>
            <Time>2020-01-07T00:55:00Z</Time>
            <Position>
              <LatitudeDegrees>26.998347</LatitudeDegrees>
              <LongitudeDegrees>109.258922</LongitudeDegrees>
            </Position>
            <AltitudeMeters>41.3</AltitudeMeters>
            <DistanceMeters>9900.0</DistanceMeters>
            <Extensions>
              <ns3:TPX>
                <ns3:RunCadence>87</ns3:RunCadence>
              </ns3:TPX>
            </Extensions>
            <Cadence>87</Cadence>
          </Trackpoint>
          <Trackpoint>
            <Time>2020-01-07T00:55:05Z</Time>
            <Position>
              <LatitudeDegrees>26.998224</LatitudeDegrees>
              <LongitudeDegrees>109.258862</LongitudeDegrees>
            </Position>
            <AltitudeMeters>41.2</AltitudeMeters>
            <DistanceMeters>9915.0</DistanceMeters>
            <Extensions>
              <ns3:TPX>
                <ns3:RunCadence>87</ns3:RunCadence>
              </ns3:TPX>
            </Extensions>
            <Cadence>87</Cadence>
          </Trackpoint>
          <Trackpoint>
            <Time>2020-01-07T00:55:10Z</Time>
            <Position>
              <LatitudeDegrees>26.998098</LatitudeDegrees>
              <LongitudeDegrees>109.258806</LongitudeDegrees>
            </Position>
            <AltitudeMeters>41.2</AltitudeMeters>
            <DistanceMeters>9930.0</DistanceMeters>
            <Extensions>
              <ns3:TPX>
                <ns3:RunCadence>87</ns3:RunCadence>
              </ns3:TPX>
            </Extensions>
            <Cadence>87</Cadence>
          </Trackpoint>
          <Trackpoint>
            <Time>2020-01-07T00:55:15Z</Time>
            <Position>
              <LatitudeDegrees>26.997971</LatitudeDegrees>
              <LongitudeDegrees>109.25875</LongitudeDegrees>
            </Position>
            <AltitudeMeters>41.1</AltitudeMeters>
            <DistanceMeters>9945.0</DistanceMeters>
            <Extensions>
              <ns3:TPX>
                <ns3:RunCadence>87</ns3:RunCadence>
              </ns3:TPX>
            </Extensions>
            <Cadence>87</Cadence>
          </Trackpoint>
          <Trackpoint>
            <Time>2020-01-07T00:55:20Z</Time>
            <Position>
              <LatitudeDegrees>26.997843</LatitudeDegrees>
              <LongitudeDegrees>109.258708</LongitudeDegrees>
            </Position>
            <AltitudeMeters>41.1</AltitudeMeters>
            <DistanceMeters>9960.0</DistanceMeters>
            <Extensions>
              <ns3:TPX>
                <ns3:RunCadence>87</ns3:RunCadence>
              </ns3:TPX>
            </Extensions>
            <Cadence>87</Cadence>
          </Trackpoint>
          <Trackpoint>
            <Time>2020-01-07T00:55:25Z</Time>
            <Position>
              <LatitudeDegrees>26.997713</LatitudeDegrees>
              <LongitudeDegrees>109.258666</LongitudeDegrees>
            </Position>
            <AltitudeMeters>41.0</AltitudeMeters>
            <DistanceMeters>9975.0</DistanceMeters>
            <Extensions>
              <ns3:TPX>
                <ns3:RunCadence>87</ns3:RunCadence>
              </ns3:TPX>
            </Extensions>
            <Cadence>87</Cadence>
          </Trackpoint>
          <Trackpoint>
            <Time>2020-01-07T00:55:30Z</Time>
            <Position>
              <LatitudeDegrees>26.997583</LatitudeDegrees>
              <LongitudeDegrees>109.258628</LongitudeDegrees>
            </Position>
            <AltitudeMeters>41.0</AltitudeMeters>
            <DistanceMeters>9990.0</DistanceMeters>
            <Extensions>
              <ns3:TPX>
                <ns3:RunCadence>87</ns3:RunCadence>
              </ns3:TPX>
            </Extensions>
            <Cadence>87</Cadence>
          </Trackpoint>
          <Trackpoint>
            <Time>2020-01-07T00:55:35Z</Time>
            <Position>
              <LatitudeDegrees>26.99745</LatitudeDegrees>
              <LongitudeDegrees>109.258596</LongitudeDegrees>
            </Position>
            <AltitudeMeters>40.9</AltitudeMeters>
            <DistanceMeters>10005.0</DistanceMeters>
            <Extensions>
              <ns3:TPX>
                <ns3:RunCadence>87</ns3:RunCadence>
              </ns3:TPX>
            </Extensions>
            <Cadence>87</Cadence>
          </Trackpoint>
          <Trackpoint>
            <Time>2020-01-07T00:55:40Z</Time>
            <Position>
              <LatitudeDegrees>26.997318</LatitudeDegrees>
              <LongitudeDegrees>109.258568</LongitudeDegrees>
            </Position>
            <AltitudeMeters>40.9</AltitudeMeters>
            <DistanceMeters>10020.0</DistanceMeters>
            <Extensions>
              <ns3:TPX>
                <ns3:RunCadence>87</ns3:RunCadence>
              </ns3:TPX>
            </Extensions>
            <Cadence>87</Cadence>
          </Trackpoint>
          <Trackpoint>
            <Time>2020-01-07T00:55:45Z</Time>
            <Position>
              <LatitudeDegrees>26.997185</LatitudeDegrees>
              <LongitudeDegrees>109.258546</LongitudeDegrees>
            </Position>
            <AltitudeMeters>40.8</AltitudeMeters>
            <DistanceMeters>10035.0</DistanceMeters>
            <Extensions>
              <ns3:TPX>
                <ns3:RunCadence>87</ns3:RunCadence>
              </ns3:TPX>
            </Extensions>
            <Cadence>87</Cadence>
          </Trackpoint>
          <Trackpoint>
            <Time>2020-01-07T00:55:50Z</Time>
            <Position>
              <LatitudeDegrees>26.99705</LatitudeDegrees>
              <LongitudeDegrees>109.258528</LongitudeDegrees>
            </Position>
            <AltitudeMeters>40.7</AltitudeMeters>
            <DistanceMeters>10050.0</DistanceMeters>
            <Extensions>
              <ns3:TPX>
                <ns3:RunCadence>87</ns3:RunCadence>
              </ns3:TPX>
            </Extensions>
            <Cadence>87</Cadence>
          </Trackpoint>
          <Trackpoint>
            <Time>2020-01-07T00:55:55Z</Time>
            <Position>
              <LatitudeDegrees>26.996916</LatitudeDegrees>
              <LongitudeDegrees>109.258515</LongitudeDegrees>
            </Position>
            <AltitudeMeters>40.7</AltitudeMeters>
            <DistanceMeters>10065.0</DistanceMeters>
            <Extensions>
              <ns3:TPX>
                <ns3:RunCadence>87</ns3:RunCadence>
              </ns3:TPX>
            </Extensions>
            <Cadence>87</Cadence>
          </Trackpoint>
          <Trackpoint>
            <Time>2020-01-07T00:56:00Z</Time>
            <Position>
              <LatitudeDegrees>26.996782</LatitudeDegrees>
              <LongitudeDegrees>109.25851</LongitudeDegrees>
            </Position>
            <AltitudeMeters>40.6</AltitudeMeters>
            <DistanceMeters>10080.0</DistanceMeters>
            <Extensions>
              <ns3:TPX>
                <ns3:RunCadence>87</ns3:RunCadence>
              </ns3:TPX>
            </Extensions>
            <Cadence>87</Cadence>
          </Trackpoint>
          <Trackpoint>
            <Time>2020-01-07T00:56:05Z</Time>
            <Position>
              <LatitudeDegrees>26.996647</LatitudeDegrees>
              <LongitudeDegrees>109.258504</LongitudeDegrees>
            </Position>
            <AltitudeMeters>40.6</AltitudeMeters>
            <DistanceMeters>10095.0</DistanceMeters>
            <Extensions>
              <ns3:TPX>
                <ns3:RunCadence>87</ns3:RunCadence>
              </ns3:TPX>
            </Extensions>
            <Cadence>87</Cadence>
          </Trackpoint>
          <Trackpoint>
            <Time>2020-01-07T00:56:10Z</Time>
            <Position>
              <LatitudeDegrees>26.996512</LatitudeDegrees>
              <LongitudeDegrees>109.258506</LongitudeDegrees>
            </Position>
            <AltitudeMeters>40.5</AltitudeMeters>
            <DistanceMeters>10110.0</DistanceMeters>
            <Extensions>
              <ns3:TPX>
                <ns3:RunCadence>87</ns3:RunCadence>
              </ns3:TPX>
            </Extensions>
            <Cadence>87</Cadence>
          </Trackpoint>
          <Trackpoint>
            <Time>2020-01-07T00:56:15Z</Time>
            <Position>
              <LatitudeDegrees>26.996377</LatitudeDegrees>
              <LongitudeDegrees>109.258513</LongitudeDegrees>
            </Position>
            <AltitudeMeters>40.4</AltitudeMeters>
            <DistanceMeters>10125.0</DistanceMeters>
            <Extensions>
              <ns3:TPX>
                <ns3:RunCadence>87</ns3:RunCadence>
              </ns3:TPX>
            </Extensions>
            <Cadence>87</Cadence>
          </Trackpoint>
          <Trackpoint>
            <Time>2020-01-07T00:56:20Z</Time>
            <Position>
              <LatitudeDegrees>26.996243</LatitudeDegrees>
              <LongitudeDegrees>109.258525</LongitudeDegrees>
            </Position>
            <AltitudeMeters>40.4</AltitudeMeters>
            <DistanceMeters>10140.0</DistanceMeters>
            <Extensions>
              <ns3:TPX>
                <ns3:RunCadence>87</ns3:RunCadence>
              </ns3:TPX>
            </Extensions>
            <Cadence>87</Cadence>
          </Trackpoint>
          <Trackpoint>
            <Time>2020-01-07T00:56:25Z</Time>
            <Position>
              <LatitudeDegrees>26.996109</LatitudeDegrees>
              <LongitudeDegrees>109.258542</LongitudeDegrees>
            </Position>
            <AltitudeMeters>40.3</AltitudeMeters>
            <DistanceMeters>10155.0</DistanceMeters>
            <Extensions>
              <ns3:TPX>
                <ns3:RunCadence>87</ns3:RunCadence>
              </ns3:TPX>
            </Extensions>
            <Cadence>87</Cadence>
          </Trackpoint>
          <Trackpoint>
            <Time>2020-01-07T00:56:30Z</Time>
            <Position>
              <LatitudeDegrees>26.995975</LatitudeDegrees>
              <LongitudeDegrees>109.258564</LongitudeDegrees>
            </Position>
            <AltitudeMeters>40.2</AltitudeMeters>
            <DistanceMeters>10170.0</DistanceMeters>
            <Extensions>
              <ns3:TPX>
                <ns3:RunCadence>86</ns3:RunCadence>
              </ns3:TPX>
            </Extensions>
            <Cadence>86</Cadence>
          </Trackpoint>
          <Trackpoint>
            <Time>2020-01-07T00:56:35Z</Time>
            <Position>
              <LatitudeDegrees>26.995842</LatitudeDegrees>
              <LongitudeDegrees>109.258590</LongitudeDegrees>
            </Position>
            <AltitudeMeters>40.2</AltitudeMeters>
            <DistanceMeters>10185.0</DistanceMeters>
            <Extensions>
              <ns3:TPX>
                <ns3:RunCadence>86</ns3:RunCadence>
              </ns3:TPX>
            </Extensions>
            <Cadence>86</Cadence>
          </Trackpoint>
          <Trackpoint>
            <Time>2020-01-07T00:56:40Z</Time>
            <Position>
              <LatitudeDegrees>26.995710</LatitudeDegrees>
              <LongitudeDegrees>109.258622</LongitudeDegrees>
            </Position>
            <AltitudeMeters>40.1</AltitudeMeters>
            <DistanceMeters>10200.0</DistanceMeters>
            <Extensions>
              <ns3:TPX>
                <ns3:RunCadence>86</ns3:RunCadence>
              </ns3:TPX>
            </Extensions>
            <Cadence>86</Cadence>
          </Trackpoint>
          <Trackpoint>
            <Time>2020-01-07T00:56:45Z</Time>
            <Position>
              <LatitudeDegrees>26.995580</LatitudeDegrees>
              <LongitudeDegrees>109.258658</LongitudeDegrees>
            </Position>
            <AltitudeMeters>40.0</AltitudeMeters>
            <DistanceMeters>10215.0</DistanceMeters>
            <Extensions>
              <ns3:TPX>
                <ns3:RunCadence>86</ns3:RunCadence>
              </ns3:TPX>
            </Extensions>
            <Cadence>86</Cadence>
          </Trackpoint>
          <Trackpoint>
            <Time>2020-01-07T00:56:50Z</Time>
            <Position>
              <LatitudeDegrees>26.99545</LatitudeDegrees>
              <LongitudeDegrees>109.258699</LongitudeDegrees>
            </Position>
            <AltitudeMeters>40.0</AltitudeMeters>
            <DistanceMeters>10230.0</DistanceMeters>
            <Extensions>
              <ns3:TPX>
                <ns3:RunCadence>86</ns3:RunCadence>
              </ns3:TPX>
            </Extensions>
            <Cadence>86</Cadence>
          </Trackpoint>
          <Trackpoint>
            <Time>2020-01-07T00:56:55Z</Time>
            <Position>
              <LatitudeDegrees>26.99532</LatitudeDegrees>
              <LongitudeDegrees>109.258745</LongitudeDegrees>
            </Position>
            <AltitudeMeters>39.9</AltitudeMeters>
            <DistanceMeters>10245.0</DistanceMeters>
            <Extensions>
              <ns3:TPX>
                <ns3:RunCadence>86</ns3:RunCadence>
              </ns3:TPX>
            </Extensions>
            <Cadence>86</Cadence>
          </Trackpoint>
          <Trackpoint>
            <Time>2020-01-07T00:57:00Z</Time>
            <Position>
              <LatitudeDegrees>26.995194</LatitudeDegrees>
              <LongitudeDegrees>109.258795</LongitudeDegrees>
            </Position>
            <AltitudeMeters>39.9</AltitudeMeters>
            <DistanceMeters>10260.0</DistanceMeters>
            <Extensions>
              <ns3:TPX>
                <ns3:RunCadence>86</ns3:RunCadence>
              </ns3:TPX>
            </Extensions>
            <Cadence>86</Cadence>
          </Trackpoint>
          <Trackpoint>
            <Time>2020-01-07T00:57:05Z</Time>
            <Position>
              <LatitudeDegrees>26.995068</LatitudeDegrees>
              <LongitudeDegrees>109.25885</LongitudeDegrees>
            </Position>
            <AltitudeMeters>39.8</AltitudeMeters>
            <DistanceMeters>10275.0</DistanceMeters>
            <Extensions>
              <ns3:TPX>
                <ns3:RunCadence>86</ns3:RunCadence>
              </ns3:TPX>
            </Extensions>
            <Cadence>86</Cadence>
          </Trackpoint>
          <Trackpoint>
            <Time>2020-01-07T00:57:10Z</Time>
            <Position>
              <LatitudeDegrees>26.994944</LatitudeDegrees>
              <LongitudeDegrees>109.258910</LongitudeDegrees>
            </Position>
            <AltitudeMeters>39.7</AltitudeMeters>
            <DistanceMeters>10290.0</DistanceMeters>
            <Extensions>
              <ns3:TPX>
                <ns3:RunCadence>85</ns3:RunCadence>
              </ns3:TPX>
            </Extensions>
            <Cadence>85</Cadence>
          </Trackpoint>
          <Trackpoint>
            <Time>2020-01-07T00:57:15Z</Time>
            <Position>
              <LatitudeDegrees>26.994822</LatitudeDegrees>
              <LongitudeDegrees>109.258974</LongitudeDegrees>
            </Position>
            <AltitudeMeters>39.7</AltitudeMeters>
            <DistanceMeters>10305.0</DistanceMeters>
            <Extensions>
              <ns3:TPX>
                <ns3:RunCadence>85</ns3:RunCadence>
              </ns3:TPX>
            </Extensions>
            <Cadence>85</Cadence>
          </Trackpoint>
          <Trackpoint>
            <Time>2020-01-07T00:57:20Z</Time>
            <Position>
              <LatitudeDegrees>26.994702</LatitudeDegrees>
              <LongitudeDegrees>109.259043</LongitudeDegrees>
            </Position>
            <AltitudeMeters>39.6</AltitudeMeters>
            <DistanceMeters>10320.0</DistanceMeters>
            <Extensions>
              <ns3:TPX>
                <ns3:RunCadence>85</ns3:RunCadence>
              </ns3:TPX>
            </Extensions>
            <Cadence>85</Cadence>
          </Trackpoint>
          <Trackpoint>
            <Time>2020-01-07T00:57:25Z</Time>
            <Position>
              <LatitudeDegrees>26.994584</LatitudeDegrees>
              <LongitudeDegrees>109.259116</LongitudeDegrees>
            </Position>
            <AltitudeMeters>39.5</AltitudeMeters>
            <DistanceMeters>10335.0</DistanceMeters>
            <Extensions>
              <ns3:TPX>
                <ns3:RunCadence>85</ns3:RunCadence>
              </ns3:TPX>
            </Extensions>
            <Cadence>85</Cadence>
          </Trackpoint>
          <Trackpoint>
            <Time>2020-01-07T00:57:30Z</Time>
            <Position>
              <LatitudeDegrees>26.99447</LatitudeDegrees>
              <LongitudeDegrees>109.259193</LongitudeDegrees>
            </Position>
            <AltitudeMeters>39.5</AltitudeMeters>
            <DistanceMeters>10350.0</DistanceMeters>
            <Extensions>
              <ns3:TPX>
                <ns3:RunCadence>85</ns3:RunCadence>
              </ns3:TPX>
            </Extensions>
            <Cadence>85</Cadence>
          </Trackpoint>
          <Trackpoint>
            <Time>2020-01-07T00:57:35Z</Time>
            <Position>
              <LatitudeDegrees>26.994354</LatitudeDegrees>
              <LongitudeDegrees>109.259275</LongitudeDegrees>
            </Position>
            <AltitudeMeters>39.4</AltitudeMeters>
            <DistanceMeters>10365.0</DistanceMeters>
            <Extensions>
              <ns3:TPX>
                <ns3:RunCadence>85</ns3:RunCadence>
              </ns3:TPX>
            </Extensions>
            <Cadence>85</Cadence>
          </Trackpoint>
          <Trackpoint>
            <Time>2020-01-07T00:57:40Z</Time>
            <Position>
              <LatitudeDegrees>26.994243</LatitudeDegrees>
              <LongitudeDegrees>109.259360</LongitudeDegrees>
            </Position>
            <AltitudeMeters>39.3</AltitudeMeters>
            <DistanceMeters>10380.0</DistanceMeters>
            <Extensions>
              <ns3:TPX>
                <ns3:RunCadence>84</ns3:RunCadence>
              </ns3:TPX>
            </Extensions>
            <Cadence>84</Cadence>
          </Trackpoint>
          <Trackpoint>
            <Time>2020-01-07T00:57:45Z</Time>
            <Position>
              <LatitudeDegrees>26.994134</LatitudeDegrees>
              <LongitudeDegrees>109.259450</LongitudeDegrees>
            </Position>
            <AltitudeMeters>39.3</AltitudeMeters>
            <DistanceMeters>10395.0</DistanceMeters>
            <Extensions>
              <ns3:TPX>
                <ns3:RunCadence>84</ns3:RunCadence>
              </ns3:TPX>
            </Extensions>
            <Cadence>84</Cadence>
          </Trackpoint>
          <Trackpoint>
            <Time>2020-01-07T00:57:50Z</Time>
            <Position>
              <LatitudeDegrees>26.994028</LatitudeDegrees>
              <LongitudeDegrees>109.259544</LongitudeDegrees>
            </Position>
            <AltitudeMeters>39.2</AltitudeMeters>
            <DistanceMeters>10410.0</DistanceMeters>
            <Extensions>
              <ns3:TPX>
                <ns3:RunCadence>84</ns3:RunCadence>
              </ns3:TPX>
            </Extensions>
            <Cadence>84</Cadence>
          </Trackpoint>
          <Trackpoint>
            <Time>2020-01-07T00:57:55Z</Time>
            <Position>
              <LatitudeDegrees>26.993925</LatitudeDegrees>
              <LongitudeDegrees>109.259641</LongitudeDegrees>
            </Position>
            <AltitudeMeters>39.2</AltitudeMeters>
            <DistanceMeters>10425.0</DistanceMeters>
            <Extensions>
              <ns3:TPX>
                <ns3:RunCadence>84</ns3:RunCadence>
              </ns3:TPX>
            </Extensions>
            <Cadence>84</Cadence>
          </Trackpoint>
          <Trackpoint>
            <Time>2020-01-07T00:58:00Z</Time>
            <Position>
              <LatitudeDegrees>26.993825</LatitudeDegrees>
              <LongitudeDegrees>109.259742</LongitudeDegrees>
            </Position>
            <AltitudeMeters>39.1</AltitudeMeters>
            <DistanceMeters>10440.0</DistanceMeters>
            <Extensions>
              <ns3:TPX>
                <ns3:RunCadence>84</ns3:RunCadence>
              </ns3:TPX>
            </Extensions>
            <Cadence>84</Cadence>
          </Trackpoint>
          <Trackpoint>
            <Time>2020-01-07T00:58:05Z</Time>
            <Position>
              <LatitudeDegrees>26.993727</LatitudeDegrees>
              <LongitudeDegrees>109.259847</LongitudeDegrees>
            </Position>
            <AltitudeMeters>39.1</AltitudeMeters>
            <DistanceMeters>10455.0</DistanceMeters>
            <Extensions>
              <ns3:TPX>
                <ns3:RunCadence>84</ns3:RunCadence>
              </ns3:TPX>
            </Extensions>
            <Cadence>84</Cadence>
          </Trackpoint>
          <Trackpoint>
            <Time>2020-01-07T00:58:10Z</Time>
            <Position>
              <LatitudeDegrees>26.99363</LatitudeDegrees>
              <LongitudeDegrees>109.259955</LongitudeDegrees>
            </Position>
            <AltitudeMeters>39.0</AltitudeMeters>
            <DistanceMeters>10470.0</DistanceMeters>
            <Extensions>
              <ns3:TPX>
                <ns3:RunCadence>83</ns3:RunCadence>
              </ns3:TPX>
            </Extensions>
            <Cadence>83</Cadence>
          </Trackpoint>
          <Trackpoint>
            <Time>2020-01-07T00:58:15Z</Time>
            <Position>
              <LatitudeDegrees>26.993542</LatitudeDegrees>
              <LongitudeDegrees>109.260067</LongitudeDegrees>
            </Position>
            <AltitudeMeters>38.9</AltitudeMeters>
            <DistanceMeters>10485.0</DistanceMeters>
            <Extensions>
              <ns3:TPX>
                <ns3:RunCadence>83</ns3:RunCadence>
              </ns3:TPX>
            </Extensions>
            <Cadence>83</Cadence>
          </Trackpoint>
          <Trackpoint>
            <Time>2020-01-07T00:58:20Z</Time>
            <Position>
              <LatitudeDegrees>26.993454</LatitudeDegrees>
              <LongitudeDegrees>109.260182</LongitudeDegrees>
            </Position>
            <AltitudeMeters>38.9</AltitudeMeters>
            <DistanceMeters>10500.0</DistanceMeters>
            <Extensions>
              <ns3:TPX>
                <ns3:RunCadence>83</ns3:RunCadence>
              </ns3:TPX>
            </Extensions>
            <Cadence>83</Cadence>
          </Trackpoint>
          <Trackpoint>
            <Time>2020-01-07T00:58:25Z</Time>
            <Position>
              <LatitudeDegrees>26.993370</LatitudeDegrees>
              <LongitudeDegrees>109.260300</LongitudeDegrees>
            </Position>
            <AltitudeMeters>38.8</AltitudeMeters>
            <DistanceMeters>10515.0</DistanceMeters>
            <Extensions>
              <ns3:TPX>
                <ns3:RunCadence>83</ns3:RunCadence>
              </ns3:TPX>
            </Extensions>
            <Cadence>83</Cadence>
          </Trackpoint>
          <Trackpoint>
            <Time>2020-01-07T00:58:30Z</Time>
            <Position>
              <LatitudeDegrees>26.993289</LatitudeDegrees>
              <LongitudeDegrees>109.260421</LongitudeDegrees>
            </Position>
            <AltitudeMeters>38.8</AltitudeMeters>
            <DistanceMeters>10530.0</DistanceMeters>
            <Extensions>
              <ns3:TPX>
                <ns3:RunCadence>83</ns3:RunCadence>
              </ns3:TPX>
            </Extensions>
            <Cadence>83</Cadence>
          </Trackpoint>
          <Trackpoint>
            <Time>2020-01-07T00:58:35Z</Time>
            <Position>
              <LatitudeDegrees>26.993212</LatitudeDegrees>
              <LongitudeDegrees>109.260545</LongitudeDegrees>
            </Position>
            <AltitudeMeters>38.7</AltitudeMeters>
            <DistanceMeters>10545.0</DistanceMeters>
            <Extensions>
              <ns3:TPX>
                <ns3:RunCadence>83</ns3:RunCadence>
              </ns3:TPX>
            </Extensions>
            <Cadence>83</Cadence>
          </Trackpoint>
          <Trackpoint>
            <Time>2020-01-07T00:58:40Z</Time>
            <Position>
              <LatitudeDegrees>26.993138</LatitudeDegrees>
              <LongitudeDegrees>109.260672</LongitudeDegrees>
            </Position>
            <AltitudeMeters>38.7</AltitudeMeters>
            <DistanceMeters>10560.0</DistanceMeters>
            <Extensions>
              <ns3:TPX>
                <ns3:RunCadence>82</ns3:RunCadence>
              </ns3:TPX>
            </Extensions>
            <Cadence>82</Cadence>
          </Trackpoint>
          <Trackpoint>
            <Time>2020-01-07T00:58:45Z</Time>
            <Position>
              <LatitudeDegrees>26.99307</LatitudeDegrees>
              <LongitudeDegrees>109.260802</LongitudeDegrees>
            </Position>
            <AltitudeMeters>38.6</AltitudeMeters>
            <DistanceMeters>10575.0</DistanceMeters>
            <Extensions>
              <ns3:TPX>
                <ns3:RunCadence>82</ns3:RunCadence>
              </ns3:TPX>
            </Extensions>
            <Cadence>82</Cadence>
          </Trackpoint>
          <Trackpoint>
            <Time>2020-01-07T00:58:50Z</Time>
            <Position>
              <LatitudeDegrees>26.993002</LatitudeDegrees>
              <LongitudeDegrees>109.260934</LongitudeDegrees>
            </Position>
            <AltitudeMeters>38.6</AltitudeMeters>
            <DistanceMeters>10590.0</DistanceMeters>
            <Extensions>
              <ns3:TPX>
                <ns3:RunCadence>82</ns3:RunCadence>
              </ns3:TPX>
            </Extensions>
            <Cadence>82</Cadence>
          </Trackpoint>
          <Trackpoint>
            <Time>2020-01-07T00:58:55Z</Time>
            <Position>
              <LatitudeDegrees>26.992940</LatitudeDegrees>
              <LongitudeDegrees>109.261068</LongitudeDegrees>
            </Position>
            <AltitudeMeters>38.5</AltitudeMeters>
            <DistanceMeters>10605.0</DistanceMeters>
            <Extensions>
              <ns3:TPX>
                <ns3:RunCadence>82</ns3:RunCadence>
              </ns3:TPX>
            </Extensions>
            <Cadence>82</Cadence>
          </Trackpoint>
          <Trackpoint>
            <Time>2020-01-07T00:59:00Z</Time>
            <Position>
              <LatitudeDegrees>26.992882</LatitudeDegrees>
              <LongitudeDegrees>109.26120</LongitudeDegrees>
            </Position>
            <AltitudeMeters>38.5</AltitudeMeters>
            <DistanceMeters>10620.0</DistanceMeters>
            <Extensions>
              <ns3:TPX>
                <ns3:RunCadence>82</ns3:RunCadence>
              </ns3:TPX>
            </Extensions>
            <Cadence>82</Cadence>
          </Trackpoint>
          <Trackpoint>
            <Time>2020-01-07T00:59:05Z</Time>
            <Position>
              <LatitudeDegrees>26.992827</LatitudeDegrees>
              <LongitudeDegrees>109.261343</LongitudeDegrees>
            </Position>
            <AltitudeMeters>38.5</AltitudeMeters>
            <DistanceMeters>10635.0</DistanceMeters>
            <Extensions>
              <ns3:TPX>
                <ns3:RunCadence>82</ns3:RunCadence>
              </ns3:TPX>
            </Extensions>
            <Cadence>82</Cadence>
          </Trackpoint>
          <Trackpoint>
            <Time>2020-01-07T00:59:10Z</Time>
            <Position>
              <LatitudeDegrees>26.9928</LatitudeDegrees>
              <LongitudeDegrees>109.261484</LongitudeDegrees>
            </Position>
            <AltitudeMeters>38.4</AltitudeMeters>
            <DistanceMeters>10650.0</DistanceMeters>
            <Extensions>
              <ns3:TPX>
                <ns3:RunCadence>82</ns3:RunCadence>
              </ns3:TPX>
            </Extensions>
            <Cadence>82</Cadence>
          </Trackpoint>
          <Trackpoint>
            <Time>2020-01-07T00:59:15Z</Time>
            <Position>
              <LatitudeDegrees>26.992731</LatitudeDegrees>
              <LongitudeDegrees>109.26163</LongitudeDegrees>
            </Position>
            <AltitudeMeters>38.4</AltitudeMeters>
            <DistanceMeters>10665.0</DistanceMeters>
            <Extensions>
              <ns3:TPX>
                <ns3:RunCadence>82</ns3:RunCadence>
              </ns3:TPX>
            </Extensions>
            <Cadence>82</Cadence>
          </Trackpoint>
          <Trackpoint>
            <Time>2020-01-07T00:59:20Z</Time>
            <Position>
              <LatitudeDegrees>26.992689</LatitudeDegrees>
              <LongitudeDegrees>109.261770</LongitudeDegrees>
            </Position>
            <AltitudeMeters>38.3</AltitudeMeters>
            <DistanceMeters>10680.0</DistanceMeters>
            <Extensions>
              <ns3:TPX>
                <ns3:RunCadence>81</ns3:RunCadence>
              </ns3:TPX>
            </Extensions>
            <Cadence>81</Cadence>
          </Trackpoint>
          <Trackpoint>
            <Time>2020-01-07T00:59:25Z</Time>
            <Position>
              <LatitudeDegrees>26.992651</LatitudeDegrees>
              <LongitudeDegrees>109.261915</LongitudeDegrees>
            </Position>
            <AltitudeMeters>38.3</AltitudeMeters>
            <DistanceMeters>10695.0</DistanceMeters>
            <Extensions>
              <ns3:TPX>
                <ns3:RunCadence>81</ns3:RunCadence>
              </ns3:TPX>
            </Extensions>
            <Cadence>81</Cadence>
          </Trackpoint>
          <Trackpoint>
            <Time>2020-01-07T00:59:30Z</Time>
            <Position>
              <LatitudeDegrees>26.992618</LatitudeDegrees>
              <LongitudeDegrees>109.262062</LongitudeDegrees>
            </Position>
            <AltitudeMeters>38.3</AltitudeMeters>
            <DistanceMeters>10710.0</DistanceMeters>
            <Extensions>
              <ns3:TPX>
                <ns3:RunCadence>81</ns3:RunCadence>
              </ns3:TPX>
            </Extensions>
            <Cadence>81</Cadence>
          </Trackpoint>
          <Trackpoint>
            <Time>2020-01-07T00:59:35Z</Time>
            <Position>
              <LatitudeDegrees>26.992589</LatitudeDegrees>
              <LongitudeDegrees>109.262210</LongitudeDegrees>
            </Position>
            <AltitudeMeters>38.2</AltitudeMeters>
            <DistanceMeters>10725.0</DistanceMeters>
          </Trackpoint>
          <Trackpoint>
            <Time>2020-01-07T00:59:40Z</Time>
            <Position>
              <LatitudeDegrees>26.99256</LatitudeDegrees>
              <LongitudeDegrees>109.262358</LongitudeDegrees>
            </Position>
            <AltitudeMeters>38.2</AltitudeMeters>
            <DistanceMeters>10740.0</DistanceMeters>
            <Extensions>
              <ns3:TPX>
                <ns3:RunCadence>81</ns3:RunCadence>
              </ns3:TPX>
            </Extensions>
            <Cadence>81</Cadence>
          </Trackpoint>
          <Trackpoint>
            <Time>2020-01-07T00:59:45Z</Time>
            <Position>
              <LatitudeDegrees>26.992543</LatitudeDegrees>
              <LongitudeDegrees>109.262508</LongitudeDegrees>
            </Position>
            <AltitudeMeters>38.2</AltitudeMeters>
            <DistanceMeters>10755.0</DistanceMeters>
            <Extensions>
              <ns3:TPX>
                <ns3:RunCadence>81</ns3:RunCadence>
              </ns3:TPX>
            </Extensions>
            <Cadence>81</Cadence>
          </Trackpoint>
          <Trackpoint>
            <Time>2020-01-07T00:59:50Z</Time>
            <Position>
              <LatitudeDegrees>26.992527</LatitudeDegrees>
              <LongitudeDegrees>109.262658</LongitudeDegrees>
            </Position>
            <AltitudeMeters>38.2</AltitudeMeters>
            <DistanceMeters>10770.0</DistanceMeters>
            <Extensions>
              <ns3:TPX>
                <ns3:RunCadence>81</ns3:RunCadence>
              </ns3:TPX>
            </Extensions>
            <Cadence>81</Cadence>
          </Trackpoint>
          <Trackpoint>
            <Time>2020-01-07T00:59:55Z</Time>
            <Position>
              <LatitudeDegrees>26.992515</LatitudeDegrees>
              <LongitudeDegrees>109.262809</LongitudeDegrees>
            </Position>
            <AltitudeMeters>38.1</AltitudeMeters>
            <DistanceMeters>10785.0</DistanceMeters>
            <Extensions>
              <ns3:TPX>
                <ns3:RunCadence>81</ns3:RunCadence>
              </ns3:TPX>
            </Extensions>
            <Cadence>81</Cadence>
          </Trackpoint>
          <Trackpoint>
            <Time>2020-01-07T01:00:00Z</Time>
            <Position>
              <LatitudeDegrees>26.992508</LatitudeDegrees>
              <LongitudeDegrees>109.262960</LongitudeDegrees>
            </Position>
            <AltitudeMeters>38.1</AltitudeMeters>
            <DistanceMeters>10800.0</DistanceMeters>
            <Extensions>
              <ns3:TPX>
                <ns3:RunCadence>81</ns3:RunCadence>
              </ns3:TPX>
            </Extensions>
            <Cadence>81</Cadence>
          </Trackpoint>
          <Trackpoint>
            <Time>2020-01-07T01:00:05Z</Time>
            <Position>
              <LatitudeDegrees>26.992505</LatitudeDegrees>
              <LongitudeDegrees>109.263112</LongitudeDegrees>
            </Position>
            <AltitudeMeters>38.1</AltitudeMeters>
            <DistanceMeters>10815.0</DistanceMeters>
            <Extensions>
              <ns3:TPX>
                <ns3:RunCadence>81</ns3:RunCadence>
              </ns3:TPX>
            </Extensions>
            <Cadence>81</Cadence>
          </Trackpoint>
          <Trackpoint>
            <Time>2020-01-07T01:00:10Z</Time>
            <Position>
              <LatitudeDegrees>26.992506</LatitudeDegrees>
              <LongitudeDegrees>109.263263</LongitudeDegrees>
            </Position>
            <AltitudeMeters>38.1</AltitudeMeters>
            <DistanceMeters>10830.0</DistanceMeters>
            <Extensions>
              <ns3:TPX>
                <ns3:RunCadence>81</ns3:RunCadence>
              </ns3:TPX>
            </Extensions>
            <Cadence>81</Cadence>
          </Trackpoint>
          <Trackpoint>
            <Time>2020-01-07T01:00:15Z</Time>
            <Position>
              <LatitudeDegrees>26.992512</LatitudeDegrees>
              <LongitudeDegrees>109.263414</LongitudeDegrees>
            </Position>
            <AltitudeMeters>38.1</AltitudeMeters>
            <DistanceMeters>10845.0</DistanceMeters>
            <Extensions>
              <ns3:TPX>
                <ns3:RunCadence>81</ns3:RunCadence>
              </ns3:TPX>
            </Extensions>
            <Cadence>81</Cadence>
          </Trackpoint>
          <Trackpoint>
            <Time>2020-01-07T01:00:20Z</Time>
            <Position>
              <LatitudeDegrees>26.992522</LatitudeDegrees>
              <LongitudeDegrees>109.263565</LongitudeDegrees>
            </Position>
            <AltitudeMeters>38.0</AltitudeMeters>
            <DistanceMeters>10860.0</DistanceMeters>
            <Extensions>
              <ns3:TPX>
                <ns3:RunCadence>81</ns3:RunCadence>
              </ns3:TPX>
            </Extensions>
            <Cadence>81</Cadence>
          </Trackpoint>
          <Trackpoint>
            <Time>2020-01-07T01:00:25Z</Time>
            <Position>
              <LatitudeDegrees>26.992537</LatitudeDegrees>
              <LongitudeDegrees>109.263716</LongitudeDegrees>
            </Position>
            <DistanceMeters>10875.0</DistanceMeters>
            <Extensions>
              <ns3:TPX>
                <ns3:RunCadence>81</ns3:RunCadence>
              </ns3:TPX>
            </Extensions>
            <Cadence>81</Cadence>
          </Trackpoint>
        </Track>
      </Lap>
    </Activity>
  </Activities>
</TrainingCenterDatabase>
