<?xml version="1.0" encoding="UTF-8"?>
<TrainingCenterDatabase xmlns="http://www.garmin.com/xmlschemas/TrainingCenterDatabase/v2" xmlns:xsi="http://www.w3.org/2001/XMLSchema-instance" xmlns:ns2="http://www.garmin.com/xmlschemas/UserProfile/v2" xmlns:ns3="http://www.garmin.com/xmlschemas/ActivityExtension/v2" xmlns:ns5="http://www.garmin.com/xmlschemas/ActivityGoals/v1" xsi:schemaLocation="http://www.garmin.com/xmlschemas/TrainingCenterDatabase/v2 http://www.garmin.com/xmlschemas/TrainingCenterDatabasev2.xsd">
  <Activities>
    <Activity Sport="Running">
      <Id>2020-01-06T00:00:00Z</Id>
      <Notes>2020-01-06_08-00-00_1</Notes>
      <Lap StartTime="2020-01-06T00:00:00Z">
        <TotalTimeSeconds>6720.0</TotalTimeSeconds>
        <DistanceMeters>20160.0</DistanceMeters>
        <Calories>1008</Calories>
        <Extensions>
          <ns3:TPX>
            <ns3:MaxRunCadence>87</ns3:MaxRunCadence>
            <ns3:AvgRunCadence>84</ns3:AvgRunCadence>
          </ns3:TPX>
        </Extensions>
        <Intensity>Active</Intensity>
        <TriggerMethod>Manual</TriggerMethod>
        <Track>
          <Trackpoint>
            <Time>2020-01-06T00:00:00Z</Time>
            <Position>
              <LatitudeDegrees>25.429440</LatitudeDegrees>
              <LongitudeDegrees>111.859636</LongitudeDegrees>
            </Position>
            <AltitudeMeters>40.00</AltitudeMeters>
          </Trackpoint>
          <Trackpoint>
            <Time>2020-01-06T00:00:05Z</Time>
            <Position>
              <LatitudeDegrees>25.429575</LatitudeDegrees>
              <LongitudeDegrees>111.859633</LongitudeDegrees>
            </Position>
            <AltitudeMeters>40.06</AltitudeMeters>
            <DistanceMeters>15.0</DistanceMeters>
            <Extensions>
              <ns3:TPX>
                <ns3:RunCadence>84</ns3:RunCadence>
              </ns3:TPX>
            </Extensions>
            <Cadence>84</Cadence>
          </Trackpoint>
          <Trackpoint>
            <Time>2020-01-06T00:00:10Z</Time>
            <Position>
              <LatitudeDegrees>25.4297</LatitudeDegrees>
              <LongitudeDegrees>111.859626</LongitudeDegrees>
            </Position>
            <AltitudeMeters>40.13</AltitudeMeters>
            <DistanceMeters>30.0</DistanceMeters>
            <Extensions>
              <ns3:TPX>
                <ns3:RunCadence>84</ns3:RunCadence>
              </ns3:TPX>
            </Extensions>
            <Cadence>84</Cadence>
          </Trackpoint>
          <Trackpoint>
            <Time>2020-01-06T00:00:15Z</Time>
            <Position>
              <LatitudeDegrees>25.429844</LatitudeDegrees>
              <LongitudeDegrees>111.859615</LongitudeDegrees>
            </Position>
            <AltitudeMeters>40.2</AltitudeMeters>
            <DistanceMeters>45.0</DistanceMeters>
            <Extensions>
              <ns3:TPX>
                <ns3:RunCadence>85</ns3:RunCadence>
              </ns3:TPX>
            </Extensions>
            <Cadence>85</Cadence>
          </Trackpoint>
          <Trackpoint>
            <Time>2020-01-06T00:00:20Z</Time>
            <Position>
              <LatitudeDegrees>25.429978</LatitudeDegrees>
              <LongitudeDegrees>111.859599</LongitudeDegrees>
            </Position>
            <AltitudeMeters>40.26</AltitudeMeters>
            <DistanceMeters>60.0</DistanceMeters>
            <Extensions>
              <ns3:TPX>
                <ns3:RunCadence>85</ns3:RunCadence>
              </ns3:TPX>
            </Extensions>
            <Cadence>85</Cadence>
          </Trackpoint>
          <Trackpoint>
            <Time>2020-01-06T00:00:25Z</Time>
            <Position>
              <LatitudeDegrees>25.430112</LatitudeDegrees>
              <LongitudeDegrees>111.859578</LongitudeDegrees>
            </Position>
            <AltitudeMeters>40.32</AltitudeMeters>
            <DistanceMeters>75.0</DistanceMeters>
          </Trackpoint>
          <Trackpoint>
            <Time>2020-01-06T00:00:30Z</Time>
            <Position>
              <LatitudeDegrees>25.43024</LatitudeDegrees>
              <LongitudeDegrees>111.859553</LongitudeDegrees>
            </Position>
            <AltitudeMeters>40.38</AltitudeMeters>
            <DistanceMeters>90.0</DistanceMeters>
            <Extensions>
              <ns3:TPX>
                <ns3:RunCadence>85</ns3:RunCadence>
              </ns3:TPX>
            </Extensions>
            <Cadence>85</Cadence>
          </Trackpoint>
          <Trackpoint>
            <Time>2020-01-06T00:00:35Z</Time>
            <Position>
              <LatitudeDegrees>25.430377</LatitudeDegrees>
              <LongitudeDegrees>111.859523</LongitudeDegrees>
            </Position>
            <AltitudeMeters>40.45</AltitudeMeters>
            <DistanceMeters>105.0</DistanceMeters>
            <Extensions>
              <ns3:TPX>
                <ns3:RunCadence>85</ns3:RunCadence>
              </ns3:TPX>
            </Extensions>
            <Cadence>85</Cadence>
          </Trackpoint>
          <Trackpoint>
            <Time>2020-01-06T00:00:40Z</Time>
            <Position>
              <LatitudeDegrees>25.430508</LatitudeDegrees>
              <LongitudeDegrees>111.859488</LongitudeDegrees>
            </Position>
            <AltitudeMeters>40.51</AltitudeMeters>
            <DistanceMeters>120.0</DistanceMeters>
            <Extensions>
              <ns3:TPX>
                <ns3:RunCadence>85</ns3:RunCadence>
              </ns3:TPX>
            </Extensions>
            <Cadence>85</Cadence>
          </Trackpoint>
          <Trackpoint>
            <Time>2020-01-06T00:00:45Z</Time>
            <Position>
              <LatitudeDegrees>25.430639</LatitudeDegrees>
              <LongitudeDegrees>111.859450</LongitudeDegrees>
            </Position>
            <AltitudeMeters>40.57</AltitudeMeters>
            <DistanceMeters>135.0</DistanceMeters>
            <Extensions>
              <ns3:TPX>
                <ns3:RunCadence>86</ns3:RunCadence>
              </ns3:TPX>
            </Extensions>
            <Cadence>86</Cadence>
          </Trackpoint>
          <Trackpoint>
            <Time>2020-01-06T00:00:50Z</Time>
            <Position>
              <LatitudeDegrees>25.430768</LatitudeDegrees>
              <LongitudeDegrees>111.859406</LongitudeDegrees>
            </Position>
            <AltitudeMeters>40.6</AltitudeMeters>
            <DistanceMeters>150.0</DistanceMeters>
            <Extensions>
              <ns3:TPX>
                <ns3:RunCadence>86</ns3:RunCadence>
              </ns3:TPX>
            </Extensions>
            <Cadence>86</Cadence>
          </Trackpoint>
          <Trackpoint>
            <Time>2020-01-06T00:00:55Z</Time>
            <Position>
              <LatitudeDegrees>25.430896</LatitudeDegrees>
              <LongitudeDegrees>111.859359</LongitudeDegrees>
            </Position>
            <AltitudeMeters>40.69</AltitudeMeters>
            <DistanceMeters>165.0</DistanceMeters>
          </Trackpoint>
          <Trackpoint>
            <Time>2020-01-06T00:01:00Z</Time>
            <Position>
              <LatitudeDegrees>25.431022</LatitudeDegrees>
              <LongitudeDegrees>111.859307</LongitudeDegrees>
            </Position>
            <AltitudeMeters>40.76</AltitudeMeters>
            <DistanceMeters>180.0</DistanceMeters>
            <Extensions>
              <ns3:TPX>
                <ns3:RunCadence>86</ns3:RunCadence>
              </ns3:TPX>
            </Extensions>
            <Cadence>86</Cadence>
          </Trackpoint>
          <Trackpoint>
            <Time>2020-01-06T00:01:05Z</Time>
            <Position>
              <LatitudeDegrees>25.43115</LatitudeDegrees>
              <LongitudeDegrees>111.859250</LongitudeDegrees>
            </Position>
            <AltitudeMeters>40.81</AltitudeMeters>
            <DistanceMeters>195.0</DistanceMeters>
            <Extensions>
              <ns3:TPX>
                <ns3:RunCadence>86</ns3:RunCadence>
              </ns3:TPX>
            </Extensions>
            <Cadence>86</Cadence>
          </Trackpoint>
          <Trackpoint>
            <Time>2020-01-06T00:01:10Z</Time>
            <Position>
              <LatitudeDegrees>25.431270</LatitudeDegrees>
              <LongitudeDegrees>111.859190</LongitudeDegrees>
            </Position>
            <AltitudeMeters>40.87</AltitudeMeters>
            <DistanceMeters>210.0</DistanceMeters>
            <Extensions>
              <ns3:TPX>
                <ns3:RunCadence>86</ns3:RunCadence>
              </ns3:TPX>
            </Extensions>
            <Cadence>86</Cadence>
          </Trackpoint>
          <Trackpoint>
            <Time>2020-01-06T00:01:15Z</Time>
            <Position>
              <LatitudeDegrees>25.431392</LatitudeDegrees>
              <LongitudeDegrees>111.859125</LongitudeDegrees>
            </Position>
            <AltitudeMeters>40.93</AltitudeMeters>
            <DistanceMeters>225.0</DistanceMeters>
            <Extensions>
              <ns3:TPX>
                <ns3:RunCadence>86</ns3:RunCadence>
              </ns3:TPX>
            </Extensions>
            <Cadence>86</Cadence>
          </Trackpoint>
          <Trackpoint>
            <Time>2020-01-06T00:01:20Z</Time>
            <Position>
              <LatitudeDegrees>25.431511</LatitudeDegrees>
              <LongitudeDegrees>111.859056</LongitudeDegrees>
            </Position>
            <AltitudeMeters>40.99</AltitudeMeters>
            <DistanceMeters>240.0</DistanceMeters>
            <Extensions>
              <ns3:TPX>
                <ns3:RunCadence>86</ns3:RunCadence>
              </ns3:TPX>
            </Extensions>
            <Cadence>86</Cadence>
          </Trackpoint>
          <Trackpoint>
            <Time>2020-01-06T00:01:25Z</Time>
            <Position>
              <LatitudeDegrees>25.431629</LatitudeDegrees>
              <LongitudeDegrees>111.858983</LongitudeDegrees>
            </Position>
            <AltitudeMeters>41.04</AltitudeMeters>
            <DistanceMeters>255.0</DistanceMeters>
            <Extensions>
              <ns3:TPX>
                <ns3:RunCadence>87</ns3:RunCadence>
              </ns3:TPX>
            </Extensions>
            <Cadence>87</Cadence>
          </Trackpoint>
          <Trackpoint>
            <Time>2020-01-06T00:01:30Z</Time>
            <Position>
              <LatitudeDegrees>25.431745</LatitudeDegrees>
              <LongitudeDegrees>111.858906</LongitudeDegrees>
            </Position>
            <AltitudeMeters>41.10</AltitudeMeters>
            <DistanceMeters>270.0</DistanceMeters>
            <Extensions>
              <ns3:TPX>
                <ns3:RunCadence>87</ns3:RunCadence>
              </ns3:TPX>
            </Extensions>
            <Cadence>87</Cadence>
          </Trackpoint>
          <Trackpoint>
            <Time>2020-01-06T00:01:35Z</Time>
            <Position>
              <LatitudeDegrees>25.431858</LatitudeDegrees>
              <LongitudeDegrees>111.858825</LongitudeDegrees>
            </Position>
            <AltitudeMeters>41.15</AltitudeMeters>
            <DistanceMeters>285.0</DistanceMeters>
            <Extensions>
              <ns3:TPX>
                <ns3:RunCadence>87</ns3:RunCadence>
              </ns3:TPX>
            </Extensions>
            <Cadence>87</Cadence>
          </Trackpoint>
          <Trackpoint>
            <Time>2020-01-06T00:01:40Z</Time>
            <Position>
              <LatitudeDegrees>25.431969</LatitudeDegrees>
              <LongitudeDegrees>111.858740</LongitudeDegrees>
            </Position>
            <AltitudeMeters>41.20</AltitudeMeters>
            <DistanceMeters>300.0</DistanceMeters>
            <Extensions>
              <ns3:TPX>
                <ns3:RunCadence>87</ns3:RunCadence>
              </ns3:TPX>
            </Extensions>
            <Cadence>87</Cadence>
          </Trackpoint>
          <Trackpoint>
            <Time>2020-01-06T00:01:45Z</Time>
            <Position>
              <LatitudeDegrees>25.432078</LatitudeDegrees>
              <LongitudeDegrees>111.858652</LongitudeDegrees>
            </Position>
            <AltitudeMeters>41.25</AltitudeMeters>
            <DistanceMeters>315.0</DistanceMeters>
            <Extensions>
              <ns3:TPX>
                <ns3:RunCadence>87</ns3:RunCadence>
              </ns3:TPX>
            </Extensions>
            <Cadence>87</Cadence>
          </Trackpoint>
          <Trackpoint>
            <Time>2020-01-06T00:01:50Z</Time>
            <Position>
              <LatitudeDegrees>25.432184</LatitudeDegrees>
              <LongitudeDegrees>111.858560</LongitudeDegrees>
            </Position>
            <AltitudeMeters>41.30</AltitudeMeters>
            <DistanceMeters>330.0</DistanceMeters>
            <Extensions>
              <ns3:TPX>
                <ns3:RunCadence>87</ns3:RunCadence>
              </ns3:TPX>
            </Extensions>
            <Cadence>87</Cadence>
          </Trackpoint>
          <Trackpoint>
            <Time>2020-01-06T00:01:55Z</Time>
            <Position>
              <LatitudeDegrees>25.432288</LatitudeDegrees>
              <LongitudeDegrees>111.858464</LongitudeDegrees>
            </Position>
            <AltitudeMeters>41.35</AltitudeMeters>
            <DistanceMeters>345.0</DistanceMeters>
            <Extensions>
              <ns3:TPX>
                <ns3:RunCadence>87</ns3:RunCadence>
              </ns3:TPX>
            </Extensions>
            <Cadence>87</Cadence>
          </Trackpoint>
          <Trackpoint>
            <Time>2020-01-06T00:02:00Z</Time>
            <Position>
              <LatitudeDegrees>25.432388</LatitudeDegrees>
              <LongitudeDegrees>111.858365</LongitudeDegrees>
            </Position>
            <AltitudeMeters>41.40</AltitudeMeters>
            <DistanceMeters>360.0</DistanceMeters>
            <Extensions>
              <ns3:TPX>
                <ns3:RunCadence>87</ns3:RunCadence>
              </ns3:TPX>
            </Extensions>
            <Cadence>87</Cadence>
          </Trackpoint>
          <Trackpoint>
            <Time>2020-01-06T00:02:05Z</Time>
            <Position>
              <LatitudeDegrees>25.432486</LatitudeDegrees>
              <LongitudeDegrees>111.858262</LongitudeDegrees>
            </Position>
            <AltitudeMeters>41.44</AltitudeMeters>
            <DistanceMeters>375.0</DistanceMeters>
            <Extensions>
              <ns3:TPX>
                <ns3:RunCadence>87</ns3:RunCadence>
              </ns3:TPX>
            </Extensions>
            <Cadence>87</Cadence>
          </Trackpoint>
          <Trackpoint>
            <Time>2020-01-06T00:02:10Z</Time>
            <Position>
              <LatitudeDegrees>25.432581</LatitudeDegrees>
              <LongitudeDegrees>111.858156</LongitudeDegrees>
            </Position>
            <AltitudeMeters>41.49</AltitudeMeters>
            <DistanceMeters>390.0</DistanceMeters>
            <Extensions>
              <ns3:TPX>
                <ns3:RunCadence>87</ns3:RunCadence>
              </ns3:TPX>
            </Extensions>
            <Cadence>87</Cadence>
          </Trackpoint>
          <Trackpoint>
            <Time>2020-01-06T00:02:15Z</Time>
            <Position>
              <LatitudeDegrees>25.432673</LatitudeDegrees>
              <LongitudeDegrees>111.858047</LongitudeDegrees>
            </Position>
            <AltitudeMeters>41.53</AltitudeMeters>
            <DistanceMeters>405.0</DistanceMeters>
            <Extensions>
              <ns3:TPX>
                <ns3:RunCadence>87</ns3:RunCadence>
              </ns3:TPX>
            </Extensions>
            <Cadence>87</Cadence>
          </Trackpoint>
          <Trackpoint>
            <Time>2020-01-06T00:02:20Z</Time>
            <Position>
              <LatitudeDegrees>25.432762</LatitudeDegrees>
              <LongitudeDegrees>111.857935</LongitudeDegrees>
            </Position>
            <AltitudeMeters>41.57</AltitudeMeters>
            <DistanceMeters>420.0</DistanceMeters>
            <Extensions>
              <ns3:TPX>
                <ns3:RunCadence>87</ns3:RunCadence>
              </ns3:TPX>
            </Extensions>
            <Cadence>87</Cadence>
          </Trackpoint>
          <Trackpoint>
            <Time>2020-01-06T00:02:25Z</Time>
            <Position>
              <LatitudeDegrees>25.432848</LatitudeDegrees>
              <LongitudeDegrees>111.857819</LongitudeDegrees>
            </Position>
            <AltitudeMeters>41.61</AltitudeMeters>
            <DistanceMeters>435.0</DistanceMeters>
            <Extensions>
              <ns3:TPX>
                <ns3:RunCadence>87</ns3:RunCadence>
              </ns3:TPX>
            </Extensions>
            <Cadence>87</Cadence>
          </Trackpoint>
          <Trackpoint>
            <Time>2020-01-06T00:02:30Z</Time>
            <Position>
              <LatitudeDegrees>25.432931</LatitudeDegrees>
              <LongitudeDegrees>111.857701</LongitudeDegrees>
            </Position>
            <AltitudeMeters>41.65</AltitudeMeters>
            <DistanceMeters>450.0</DistanceMeters>
            <Extensions>
              <ns3:TPX>
                <ns3:RunCadence>87</ns3:RunCadence>
              </ns3:TPX>
            </Extensions>
            <Cadence>87</Cadence>
          </Trackpoint>
          <Trackpoint>
            <Time>2020-01-06T00:02:35Z</Time>
            <Position>
              <LatitudeDegrees>25.433010</LatitudeDegrees>
              <LongitudeDegrees>111.857580</LongitudeDegrees>
            </Position>
            <AltitudeMeters>41.68</AltitudeMeters>
            <DistanceMeters>465.0</DistanceMeters>
            <Extensions>
              <ns3:TPX>
                <ns3:RunCadence>87</ns3:RunCadence>
              </ns3:TPX>
            </Extensions>
            <Cadence>87</Cadence>
          </Trackpoint>
          <Trackpoint>
            <Time>2020-01-06T00:02:40Z</Time>
            <Position>
              <LatitudeDegrees>25.433086</LatitudeDegrees>
              <LongitudeDegrees>111.857457</LongitudeDegrees>
            </Position>
            <AltitudeMeters>41.72</AltitudeMeters>
            <DistanceMeters>480.0</DistanceMeters>
            <Extensions>
              <ns3:TPX>
                <ns3:RunCadence>87</ns3:RunCadence>
              </ns3:TPX>
            </Extensions>
            <Cadence>87</Cadence>
          </Trackpoint>
          <Trackpoint>
            <Time>2020-01-06T00:02:45Z</Time>
            <Position>
              <LatitudeDegrees>25.433158</LatitudeDegrees>
              <LongitudeDegrees>111.857331</LongitudeDegrees>
            </Position>
            <AltitudeMeters>41.75</AltitudeMeters>
            <DistanceMeters>495.0</DistanceMeters>
            <Extensions>
              <ns3:TPX>
                <ns3:RunCadence>87</ns3:RunCadence>
              </ns3:TPX>
            </Extensions>
            <Cadence>87</Cadence>
          </Trackpoint>
          <Trackpoint>
            <Time>2020-01-06T00:02:50Z</Time>
            <Position>
              <LatitudeDegrees>25.433227</LatitudeDegrees>
              <LongitudeDegrees>111.857202</LongitudeDegrees>
            </Position>
            <AltitudeMeters>41.78</AltitudeMeters>
            <DistanceMeters>510.0</DistanceMeters>
            <Extensions>
              <ns3:TPX>
                <ns3:RunCadence>87</ns3:RunCadence>
              </ns3:TPX>
            </Extensions>
            <Cadence>87</Cadence>
          </Trackpoint>
          <Trackpoint>
            <Time>2020-01-06T00:02:55Z</Time>
            <Position>
              <LatitudeDegrees>25.433292</LatitudeDegrees>
              <LongitudeDegrees>111.85707</LongitudeDegrees>
            </Position>
            <AltitudeMeters>41.81</AltitudeMeters>
            <DistanceMeters>525.0</DistanceMeters>
            <Extensions>
              <ns3:TPX>
                <ns3:RunCadence>87</ns3:RunCadence>
              </ns3:TPX>
            </Extensions>
            <Cadence>87</Cadence>
          </Trackpoint>
          <Trackpoint>
            <Time>2020-01-06T00:03:00Z</Time>
            <Position>
              <LatitudeDegrees>25.433353</LatitudeDegrees>
              <LongitudeDegrees>111.856938</LongitudeDegrees>
            </Position>
            <AltitudeMeters>41.83</AltitudeMeters>
            <DistanceMeters>540.0</DistanceMeters>
            <Extensions>
              <ns3:TPX>
                <ns3:RunCadence>87</ns3:RunCadence>
              </ns3:TPX>
            </Extensions>
            <Cadence>87</Cadence>
          </Trackpoint>
          <Trackpoint>
            <Time>2020-01-06T00:03:05Z</Time>
            <Position>
              <LatitudeDegrees>25.433411</LatitudeDegrees>
              <LongitudeDegrees>111.856803</LongitudeDegrees>
            </Position>
            <AltitudeMeters>41.86</AltitudeMeters>
            <DistanceMeters>555.0</DistanceMeters>
            <Extensions>
              <ns3:TPX>
                <ns3:RunCadence>86</ns3:RunCadence>
              </ns3:TPX>
            </Extensions>
            <Cadence>86</Cadence>
          </Trackpoint>
          <Trackpoint>
            <Time>2020-01-06T00:03:10Z</Time>
            <Position>
              <LatitudeDegrees>25.433465</LatitudeDegrees>
              <LongitudeDegrees>111.856666</LongitudeDegrees>
            </Position>
            <AltitudeMeters>41.88</AltitudeMeters>
            <DistanceMeters>570.0</DistanceMeters>
            <Extensions>
              <ns3:TPX>
                <ns3:RunCadence>86</ns3:RunCadence>
              </ns3:TPX>
            </Extensions>
            <Cadence>86</Cadence>
          </Trackpoint>
          <Trackpoint>
            <Time>2020-01-06T00:03:15Z</Time>
            <Position>
              <LatitudeDegrees>25.433515</LatitudeDegrees>
              <LongitudeDegrees>111.856528</LongitudeDegrees>
            </Position>
            <AltitudeMeters>41.90</AltitudeMeters>
            <DistanceMeters>585.0</DistanceMeters>
            <Extensions>
              <ns3:TPX>
                <ns3:RunCadence>86</ns3:RunCadence>
              </ns3:TPX>
            </Extensions>
            <Cadence>86</Cadence>
          </Trackpoint>
          <Trackpoint>
            <Time>2020-01-06T00:03:20Z</Time>
            <Position>
              <LatitudeDegrees>25.433561</LatitudeDegrees>
              <LongitudeDegrees>111.856387</LongitudeDegrees>
            </Position>
            <AltitudeMeters>41.92</AltitudeMeters>
            <DistanceMeters>600.0</DistanceMeters>
            <Extensions>
              <ns3:TPX>
                <ns3:RunCadence>86</ns3:RunCadence>
              </ns3:TPX>
            </Extensions>
            <Cadence>86</Cadence>
          </Trackpoint>
          <Trackpoint>
            <Time>2020-01-06T00:03:25Z</Time>
            <Position>
              <LatitudeDegrees>25.433603</LatitudeDegrees>
              <LongitudeDegrees>111.856245</LongitudeDegrees>
            </Position>
            <AltitudeMeters>41.94</AltitudeMeters>
            <DistanceMeters>615.0</DistanceMeters>
            <Extensions>
              <ns3:TPX>
                <ns3:RunCadence>86</ns3:RunCadence>
              </ns3:TPX>
            </Extensions>
            <Cadence>86</Cadence>
          </Trackpoint>
          <Trackpoint>
            <Time>2020-01-06T00:03:30Z</Time>
            <Position>
              <LatitudeDegrees>25.433641</LatitudeDegrees>
              <LongitudeDegrees>111.856102</LongitudeDegrees>
            </Position>
            <AltitudeMeters>41.95</AltitudeMeters>
            <DistanceMeters>630.0</DistanceMeters>
          </Trackpoint>
          <Trackpoint>
            <Time>2020-01-06T00:03:35Z</Time>
            <Position>
              <LatitudeDegrees>25.433675</LatitudeDegrees>
              <LongitudeDegrees>111.855958</LongitudeDegrees>
            </Position>
            <AltitudeMeters>41.97</AltitudeMeters>
            <DistanceMeters>645.0</DistanceMeters>
          </Trackpoint>
          <Trackpoint>
            <Time>2020-01-06T00:03:40Z</Time>
            <Position>
              <LatitudeDegrees>25.433705</LatitudeDegrees>
              <LongitudeDegrees>111.855812</LongitudeDegrees>
            </Position>
            <AltitudeMeters>41.98</AltitudeMeters>
            <DistanceMeters>660.0</DistanceMeters>
            <Extensions>
              <ns3:TPX>
                <ns3:RunCadence>86</ns3:RunCadence>
              </ns3:TPX>
            </Extensions>
            <Cadence>86</Cadence>
          </Trackpoint>
          <Trackpoint>
            <Time>2020-01-06T00:03:45Z</Time>
            <Position>
              <LatitudeDegrees>25.433731</LatitudeDegrees>
              <LongitudeDegrees>111.855665</LongitudeDegrees>
            </Position>
            <AltitudeMeters>41.99</AltitudeMeters>
            <DistanceMeters>675.0</DistanceMeters>
          </Trackpoint>
          <Trackpoint>
            <Time>2020-01-06T00:03:50Z</Time>
            <Position>
              <LatitudeDegrees>25.433753</LatitudeDegrees>
              <LongitudeDegrees>111.855518</LongitudeDegrees>
            </Position>
            <AltitudeMeters>41.99</AltitudeMeters>
            <DistanceMeters>690.0</DistanceMeters>
            <Extensions>
              <ns3:TPX>
                <ns3:RunCadence>85</ns3:RunCadence>
              </ns3:TPX>
            </Extensions>
            <Cadence>85</Cadence>
          </Trackpoint>
          <Trackpoint>
            <Time>2020-01-06T00:03:55Z</Time>
            <Position>
              <LatitudeDegrees>25.433771</LatitudeDegrees>
              <LongitudeDegrees>111.855370</LongitudeDegrees>
            </Position>
            <AltitudeMeters>42.00</AltitudeMeters>
            <DistanceMeters>705.0</DistanceMeters>
            <Extensions>
              <ns3:TPX>
                <ns3:RunCadence>85</ns3:RunCadence>
              </ns3:TPX>
            </Extensions>
            <Cadence>85</Cadence>
          </Trackpoint>
          <Trackpoint>
            <Time>2020-01-06T00:04:00Z</Time>
            <Position>
              <LatitudeDegrees>25.433785</LatitudeDegrees>
              <LongitudeDegrees>111.855221</LongitudeDegrees>
            </Position>
            <AltitudeMeters>42.00</AltitudeMeters>
            <DistanceMeters>720.0</DistanceMeters>
            <Extensions>
              <ns3:TPX>
                <ns3:RunCadence>85</ns3:RunCadence>
              </ns3:TPX>
            </Extensions>
            <Cadence>85</Cadence>
          </Trackpoint>
          <Trackpoint>
            <Time>2020-01-06T00:04:05Z</Time>
            <Position>
              <LatitudeDegrees>25.433794</LatitudeDegrees>
              <LongitudeDegrees>111.855072</LongitudeDegrees>
            </Position>
            <AltitudeMeters>42.00</AltitudeMeters>
            <DistanceMeters>735.0</DistanceMeters>
            <Extensions>
              <ns3:TPX>
                <ns3:RunCadence>85</ns3:RunCadence>
              </ns3:TPX>
            </Extensions>
            <Cadence>85</Cadence>
          </Trackpoint>
          <Trackpoint>
            <Time>2020-01-06T00:04:10Z</Time>
            <Position>
              <LatitudeDegrees>25.4338</LatitudeDegrees>
              <LongitudeDegrees>111.854923</LongitudeDegrees>
            </Position>
            <AltitudeMeters>42.00</AltitudeMeters>
            <DistanceMeters>750.0</DistanceMeters>
            <Extensions>
              <ns3:TPX>
                <ns3:RunCadence>85</ns3:RunCadence>
              </ns3:TPX>
            </Extensions>
            <Cadence>85</Cadence>
          </Trackpoint>
          <Trackpoint>
            <Time>2020-01-06T00:04:15Z</Time>
            <Position>
              <LatitudeDegrees>25.433801</LatitudeDegrees>
              <LongitudeDegrees>111.854774</LongitudeDegrees>
            </Position>
            <AltitudeMeters>41.99</AltitudeMeters>
            <DistanceMeters>765.0</DistanceMeters>
            <Extensions>
              <ns3:TPX>
                <ns3:RunCadence>84</ns3:RunCadence>
              </ns3:TPX>
            </Extensions>
            <Cadence>84</Cadence>
          </Trackpoint>
          <Trackpoint>
            <Time>2020-01-06T00:04:20Z</Time>
            <Position>
              <LatitudeDegrees>25.433798</LatitudeDegrees>
              <LongitudeDegrees>111.854624</LongitudeDegrees>
            </Position>
            <AltitudeMeters>41.99</AltitudeMeters>
            <DistanceMeters>780.0</DistanceMeters>
            <Extensions>
              <ns3:TPX>
                <ns3:RunCadence>84</ns3:RunCadence>
              </ns3:TPX>
            </Extensions>
            <Cadence>84</Cadence>
          </Trackpoint>
          <Trackpoint>
            <Time>2020-01-06T00:04:25Z</Time>
            <Position>
              <LatitudeDegrees>25.433791</LatitudeDegrees>
              <LongitudeDegrees>111.854475</LongitudeDegrees>
            </Position>
            <AltitudeMeters>41.98</AltitudeMeters>
            <DistanceMeters>795.0</DistanceMeters>
            <Extensions>
              <ns3:TPX>
                <ns3:RunCadence>84</ns3:RunCadence>
              </ns3:TPX>
            </Extensions>
            <Cadence>84</Cadence>
          </Trackpoint>
          <Trackpoint>
            <Time>2020-01-06T00:04:30Z</Time>
            <Position>
              <LatitudeDegrees>25.433779</LatitudeDegrees>
              <LongitudeDegrees>111.854326</LongitudeDegrees>
            </Position>
            <AltitudeMeters>41.97</AltitudeMeters>
            <DistanceMeters>810.0</DistanceMeters>
            <Extensions>
              <ns3:TPX>
                <ns3:RunCadence>84</ns3:RunCadence>
              </ns3:TPX>
            </Extensions>
            <Cadence>84</Cadence>
          </Trackpoint>
          <Trackpoint>
            <Time>2020-01-06T00:04:35Z</Time>
            <Position>
              <LatitudeDegrees>25.433764</LatitudeDegrees>
              <LongitudeDegrees>111.854178</LongitudeDegrees>
            </Position>
            <AltitudeMeters>41.96</AltitudeMeters>
            <DistanceMeters>825.0</DistanceMeters>
            <Extensions>
              <ns3:TPX>
                <ns3:RunCadence>84</ns3:RunCadence>
              </ns3:TPX>
            </Extensions>
            <Cadence>84</Cadence>
          </Trackpoint>
          <Trackpoint>
            <Time>2020-01-06T00:04:40Z</Time>
            <Position>
              <LatitudeDegrees>25.433744</LatitudeDegrees>
              <LongitudeDegrees>111.854030</LongitudeDegrees>
            </Position>
            <AltitudeMeters>41.94</AltitudeMeters>
            <DistanceMeters>840.0</DistanceMeters>
            <Extensions>
              <ns3:TPX>
                <ns3:RunCadence>84</ns3:RunCadence>
              </ns3:TPX>
            </Extensions>
            <Cadence>84</Cadence>
          </Trackpoint>
          <Trackpoint>
            <Time>2020-01-06T00:04:45Z</Time>
            <Position>
              <LatitudeDegrees>25.433720</LatitudeDegrees>
              <LongitudeDegrees>111.853883</LongitudeDegrees>
            </Position>
            <AltitudeMeters>41.93</AltitudeMeters>
            <DistanceMeters>855.0</DistanceMeters>
            <Extensions>
              <ns3:TPX>
                <ns3:RunCadence>83</ns3:RunCadence>
              </ns3:TPX>
            </Extensions>
            <Cadence>83</Cadence>
          </Trackpoint>
          <Trackpoint>
            <Time>2020-01-06T00:04:50Z</Time>
            <Position>
              <LatitudeDegrees>25.433692</LatitudeDegrees>
              <LongitudeDegrees>111.853737</LongitudeDegrees>
            </Position>
            <AltitudeMeters>41.91</AltitudeMeters>
            <DistanceMeters>870.0</DistanceMeters>
            <Extensions>
              <ns3:TPX>
                <ns3:RunCadence>83</ns3:RunCadence>
              </ns3:TPX>
            </Extensions>
            <Cadence>83</Cadence>
          </Trackpoint>
          <Trackpoint>
            <Time>2020-01-06T00:04:55Z</Time>
            <Position>
              <LatitudeDegrees>25.433661</LatitudeDegrees>
              <LongitudeDegrees>111.853592</LongitudeDegrees>
            </Position>
            <AltitudeMeters>41.89</AltitudeMeters>
            <DistanceMeters>885.0</DistanceMeters>
            <Extensions>
              <ns3:TPX>
                <ns3:RunCadence>83</ns3:RunCadence>
              </ns3:TPX>
            </Extensions>
            <Cadence>83</Cadence>
          </Trackpoint>
          <Trackpoint>
            <Time>2020-01-06T00:05:00Z</Time>
            <Position>
              <LatitudeDegrees>25.433625</LatitudeDegrees>
              <LongitudeDegrees>111.853448</LongitudeDegrees>
            </Position>
            <AltitudeMeters>41.87</AltitudeMeters>
            <DistanceMeters>900.0</DistanceMeters>
            <Extensions>
              <ns3:TPX>
                <ns3:RunCadence>83</ns3:RunCadence>
              </ns3:TPX>
            </Extensions>
            <Cadence>83</Cadence>
          </Trackpoint>
          <Trackpoint>
            <Time>2020-01-06T00:05:05Z</Time>
            <Position>
              <LatitudeDegrees>25.433585</LatitudeDegrees>
              <LongitudeDegrees>111.853305</LongitudeDegrees>
            </Position>
            <AltitudeMeters>41.84</AltitudeMeters>
            <DistanceMeters>915.0</DistanceMeters>
            <Extensions>
              <ns3:TPX>
                <ns3:RunCadence>83</ns3:RunCadence>
              </ns3:TPX>
            </Extensions>
            <Cadence>83</Cadence>
          </Trackpoint>
          <Trackpoint>
            <Time>2020-01-06T00:05:10Z</Time>
            <Position>
              <LatitudeDegrees>25.433541</LatitudeDegrees>
              <LongitudeDegrees>111.853164</LongitudeDegrees>
            </Position>
            <AltitudeMeters>41.82</AltitudeMeters>
            <DistanceMeters>930.0</DistanceMeters>
            <Extensions>
              <ns3:TPX>
                <ns3:RunCadence>83</ns3:RunCadence>
              </ns3:TPX>
            </Extensions>
            <Cadence>83</Cadence>
          </Trackpoint>
          <Trackpoint>
            <Time>2020-01-06T00:05:15Z</Time>
            <Position>
              <LatitudeDegrees>25.433493</LatitudeDegrees>
              <LongitudeDegrees>111.853025</LongitudeDegrees>
            </Position>
            <AltitudeMeters>41.79</AltitudeMeters>
            <DistanceMeters>945.0</DistanceMeters>
            <Extensions>
              <ns3:TPX>
                <ns3:RunCadence>82</ns3:RunCadence>
              </ns3:TPX>
            </Extensions>
            <Cadence>82</Cadence>
          </Trackpoint>
          <Trackpoint>
            <Time>2020-01-06T00:05:20Z</Time>
            <Position>
              <LatitudeDegrees>25.43344</LatitudeDegrees>
              <LongitudeDegrees>111.852887</LongitudeDegrees>
            </Position>
            <AltitudeMeters>41.76</AltitudeMeters>
            <DistanceMeters>960.0</DistanceMeters>
            <Extensions>
              <ns3:TPX>
                <ns3:RunCadence>82</ns3:RunCadence>
              </ns3:TPX>
            </Extensions>
            <Cadence>82</Cadence>
          </Trackpoint>
          <Trackpoint>
            <Time>2020-01-06T00:05:25Z</Time>
            <Position>
              <LatitudeDegrees>25.433386</LatitudeDegrees>
              <LongitudeDegrees>111.85275</LongitudeDegrees>
            </Position>
            <AltitudeMeters>41.73</AltitudeMeters>
            <DistanceMeters>975.0</DistanceMeters>
            <Extensions>
              <ns3:TPX>
                <ns3:RunCadence>82</ns3:RunCadence>
              </ns3:TPX>
            </Extensions>
            <Cadence>82</Cadence>
          </Trackpoint>
          <Trackpoint>
            <Time>2020-01-06T00:05:30Z</Time>
            <Position>
              <LatitudeDegrees>25.433326</LatitudeDegrees>
              <LongitudeDegrees>111.852616</LongitudeDegrees>
            </Position>
            <AltitudeMeters>41.70</AltitudeMeters>
            <DistanceMeters>990.0</DistanceMeters>
            <Extensions>
              <ns3:TPX>
                <ns3:RunCadence>82</ns3:RunCadence>
              </ns3:TPX>
            </Extensions>
            <Cadence>82</Cadence>
          </Trackpoint>
          <Trackpoint>
            <Time>2020-01-06T00:05:35Z</Time>
            <Position>
              <LatitudeDegrees>25.43326</LatitudeDegrees>
              <LongitudeDegrees>111.852484</LongitudeDegrees>
            </Position>
            <AltitudeMeters>41.7</AltitudeMeters>
            <DistanceMeters>1005.0</DistanceMeters>
            <Extensions>
              <ns3:TPX>
                <ns3:RunCadence>82</ns3:RunCadence>
              </ns3:TPX>
            </Extensions>
            <Cadence>82</Cadence>
          </Trackpoint>
          <Trackpoint>
            <Time>2020-01-06T00:05:40Z</Time>
            <Position>
              <LatitudeDegrees>25.433196</LatitudeDegrees>
              <LongitudeDegrees>111.852354</LongitudeDegrees>
            </Position>
            <AltitudeMeters>41.62</AltitudeMeters>
            <DistanceMeters>1020.0</DistanceMeters>
            <Extensions>
              <ns3:TPX>
                <ns3:RunCadence>82</ns3:RunCadence>
              </ns3:TPX>
            </Extensions>
            <Cadence>82</Cadence>
          </Trackpoint>
          <Trackpoint>
            <Time>2020-01-06T00:05:45Z</Time>
            <Position>
              <LatitudeDegrees>25.433126</LatitudeDegrees>
              <LongitudeDegrees>111.852227</LongitudeDegrees>
            </Position>
            <AltitudeMeters>41.59</AltitudeMeters>
            <DistanceMeters>1035.0</DistanceMeters>
            <Extensions>
              <ns3:TPX>
                <ns3:RunCadence>82</ns3:RunCadence>
              </ns3:TPX>
            </Extensions>
            <Cadence>82</Cadence>
          </Trackpoint>
          <Trackpoint>
            <Time>2020-01-06T00:05:50Z</Time>
            <Position>
              <LatitudeDegrees>25.433052</LatitudeDegrees>
              <LongitudeDegrees>111.852102</LongitudeDegrees>
            </Position>
            <AltitudeMeters>41.55</AltitudeMeters>
            <DistanceMeters>1050.0</DistanceMeters>
            <Extensions>
              <ns3:TPX>
                <ns3:RunCadence>82</ns3:RunCadence>
              </ns3:TPX>
            </Extensions>
            <Cadence>82</Cadence>
          </Trackpoint>
          <Trackpoint>
            <Time>2020-01-06T00:05:55Z</Time>
            <Position>
              <LatitudeDegrees>25.432975</LatitudeDegrees>
              <LongitudeDegrees>111.851980</LongitudeDegrees>
            </Position>
            <AltitudeMeters>41.50</AltitudeMeters>
            <DistanceMeters>1065.0</DistanceMeters>
            <Extensions>
              <ns3:TPX>
                <ns3:RunCadence>81</ns3:RunCadence>
              </ns3:TPX>
            </Extensions>
            <Cadence>81</Cadence>
          </Trackpoint>
          <Trackpoint>
            <Time>2020-01-06T00:06:00Z</Time>
            <Position>
              <LatitudeDegrees>25.432894</LatitudeDegrees>
              <LongitudeDegrees>111.851860</LongitudeDegrees>
            </Position>
            <AltitudeMeters>41.46</AltitudeMeters>
            <DistanceMeters>1080.0</DistanceMeters>
            <Extensions>
              <ns3:TPX>
                <ns3:RunCadence>81</ns3:RunCadence>
              </ns3:TPX>
            </Extensions>
            <Cadence>81</Cadence>
          </Trackpoint>
          <Trackpoint>
            <Time>2020-01-06T00:06:05Z</Time>
            <Position>
              <LatitudeDegrees>25.432810</LatitudeDegrees>
              <LongitudeDegrees>111.851743</LongitudeDegrees>
            </Position>
            <AltitudeMeters>41.4</AltitudeMeters>
            <DistanceMeters>1095.0</DistanceMeters>
            <Extensions>
              <ns3:TPX>
                <ns3:RunCadence>81</ns3:RunCadence>
              </ns3:TPX>
            </Extensions>
            <Cadence>81</Cadence>
          </Trackpoint>
          <Trackpoint>
            <Time>2020-01-06T00:06:10Z</Time>
            <Position>
              <LatitudeDegrees>25.432723</LatitudeDegrees>
              <LongitudeDegrees>111.851629</LongitudeDegrees>
            </Position>
            <AltitudeMeters>41.37</AltitudeMeters>
            <DistanceMeters>1110.0</DistanceMeters>
            <Extensions>
              <ns3:TPX>
                <ns3:RunCadence>81</ns3:RunCadence>
              </ns3:TPX>
            </Extensions>
            <Cadence>81</Cadence>
          </Trackpoint>
          <Trackpoint>
            <Time>2020-01-06T00:06:15Z</Time>
            <Position>
              <LatitudeDegrees>25.432633</LatitudeDegrees>
              <LongitudeDegrees>111.851518</LongitudeDegrees>
            </Position>
            <AltitudeMeters>41.32</AltitudeMeters>
            <DistanceMeters>1125.0</DistanceMeters>
            <Extensions>
              <ns3:TPX>
                <ns3:RunCadence>81</ns3:RunCadence>
              </ns3:TPX>
            </Extensions>
            <Cadence>81</Cadence>
          </Trackpoint>
          <Trackpoint>
            <Time>2020-01-06T00:06:20Z</Time>
            <Position>
              <LatitudeDegrees>25.432539</LatitudeDegrees>
              <LongitudeDegrees>111.851410</LongitudeDegrees>
            </Position>
            <AltitudeMeters>41.27</AltitudeMeters>
            <DistanceMeters>1140.0</DistanceMeters>
            <Extensions>
              <ns3:TPX>
                <ns3:RunCadence>81</ns3:RunCadence>
              </ns3:TPX>
            </Extensions>
            <Cadence>81</Cadence>
          </Trackpoint>
          <Trackpoint>
            <Time>2020-01-06T00:06:25Z</Time>
            <Position>
              <LatitudeDegrees>25.432443</LatitudeDegrees>
              <LongitudeDegrees>111.851306</LongitudeDegrees>
            </Position>
            <AltitudeMeters>41.22</AltitudeMeters>
            <DistanceMeters>1155.0</DistanceMeters>
            <Extensions>
              <ns3:TPX>
                <ns3:RunCadence>81</ns3:RunCadence>
              </ns3:TPX>
            </Extensions>
            <Cadence>81</Cadence>
          </Trackpoint>
          <Trackpoint>
            <Time>2020-01-06T00:06:30Z</Time>
            <Position>
              <LatitudeDegrees>25.432344</LatitudeDegrees>
              <LongitudeDegrees>111.851205</LongitudeDegrees>
            </Position>
            <AltitudeMeters>41.17</AltitudeMeters>
            <DistanceMeters>1170.0</DistanceMeters>
            <Extensions>
              <ns3:TPX>
                <ns3:RunCadence>81</ns3:RunCadence>
              </ns3:TPX>
            </Extensions>
            <Cadence>81</Cadence>
          </Trackpoint>
          <Trackpoint>
            <Time>2020-01-06T00:06:35Z</Time>
            <Position>
              <LatitudeDegrees>25.4322</LatitudeDegrees>
              <LongitudeDegrees>111.851107</LongitudeDegrees>
            </Position>
            <AltitudeMeters>41.12</AltitudeMeters>
            <DistanceMeters>1185.0</DistanceMeters>
            <Extensions>
              <ns3:TPX>
                <ns3:RunCadence>81</ns3:RunCadence>
              </ns3:TPX>
            </Extensions>
            <Cadence>81</Cadence>
          </Trackpoint>
          <Trackpoint>
            <Time>2020-01-06T00:06:40Z</Time>
            <Position>
              <LatitudeDegrees>25.432137</LatitudeDegrees>
              <LongitudeDegrees>111.851013</LongitudeDegrees>
            </Position>
            <AltitudeMeters>41.06</AltitudeMeters>
            <DistanceMeters>1200.0</DistanceMeters>
            <Extensions>
              <ns3:TPX>
                <ns3:RunCadence>81</ns3:RunCadence>
              </ns3:TPX>
            </Extensions>
            <Cadence>81</Cadence>
          </Trackpoint>
          <Trackpoint>
            <Time>2020-01-06T00:06:45Z</Time>
            <Position>
              <LatitudeDegrees>25.432030</LatitudeDegrees>
              <LongitudeDegrees>111.850922</LongitudeDegrees>
            </Position>
            <AltitudeMeters>41.01</AltitudeMeters>
            <DistanceMeters>1215.0</DistanceMeters>
            <Extensions>
              <ns3:TPX>
                <ns3:RunCadence>81</ns3:RunCadence>
              </ns3:TPX>
            </Extensions>
            <Cadence>81</Cadence>
          </Trackpoint>
          <Trackpoint>
            <Time>2020-01-06T00:06:50Z</Time>
            <Position>
              <LatitudeDegrees>25.431920</LatitudeDegrees>
              <LongitudeDegrees>111.850835</LongitudeDegrees>
            </Position>
            <AltitudeMeters>40.95</AltitudeMeters>
            <DistanceMeters>1230.0</DistanceMeters>
            <Extensions>
              <ns3:TPX>
                <ns3:RunCadence>81</ns3:RunCadence>
              </ns3:TPX>
            </Extensions>
            <Cadence>81</Cadence>
          </Trackpoint>
          <Trackpoint>
            <Time>2020-01-06T00:06:55Z</Time>
            <Position>
              <LatitudeDegrees>25.431808</LatitudeDegrees>
              <LongitudeDegrees>111.850752</LongitudeDegrees>
            </Position>
            <AltitudeMeters>40.90</AltitudeMeters>
            <DistanceMeters>1245.0</DistanceMeters>
            <Extensions>
              <ns3:TPX>
                <ns3:RunCadence>81</ns3:RunCadence>
              </ns3:TPX>
            </Extensions>
            <Cadence>81</Cadence>
          </Trackpoint>
          <Trackpoint>
            <Time>2020-01-06T00:07:00Z</Time>
            <Position>
              <LatitudeDegrees>25.431694</LatitudeDegrees>
              <LongitudeDegrees>111.850673</LongitudeDegrees>
            </Position>
            <AltitudeMeters>40.84</AltitudeMeters>
            <DistanceMeters>1260.0</DistanceMeters>
            <Extensions>
              <ns3:TPX>
                <ns3:RunCadence>81</ns3:RunCadence>
              </ns3:TPX>
            </Extensions>
            <Cadence>81</Cadence>
          </Trackpoint>
          <Trackpoint>
            <Time>2020-01-06T00:07:05Z</Time>
            <Position>
              <LatitudeDegrees>25.431577</LatitudeDegrees>
              <LongitudeDegrees>111.850598</LongitudeDegrees>
            </Position>
            <AltitudeMeters>40.78</AltitudeMeters>
            <DistanceMeters>1275.0</DistanceMeters>
            <Extensions>
              <ns3:TPX>
                <ns3:RunCadence>81</ns3:RunCadence>
              </ns3:TPX>
            </Extensions>
            <Cadence>81</Cadence>
          </Trackpoint>
          <Trackpoint>
            <Time>2020-01-06T00:07:10Z</Time>
            <Position>
              <LatitudeDegrees>25.431458</LatitudeDegrees>
              <LongitudeDegrees>111.850527</LongitudeDegrees>
            </Position>
            <AltitudeMeters>40.72</AltitudeMeters>
            <DistanceMeters>1290.0</DistanceMeters>
            <Extensions>
              <ns3:TPX>
                <ns3:RunCadence>81</ns3:RunCadence>
              </ns3:TPX>
            </Extensions>
            <Cadence>81</Cadence>
          </Trackpoint>
          <Trackpoint>
            <Time>2020-01-06T00:07:15Z</Time>
            <Position>
              <LatitudeDegrees>25.431338</LatitudeDegrees>
              <LongitudeDegrees>111.850460</LongitudeDegrees>
            </Position>
            <AltitudeMeters>40.66</AltitudeMeters>
            <DistanceMeters>1305.0</DistanceMeters>
            <Extensions>
              <ns3:TPX>
                <ns3:RunCadence>81</ns3:RunCadence>
              </ns3:TPX>
            </Extensions>
            <Cadence>81</Cadence>
          </Trackpoint>
          <Trackpoint>
            <Time>2020-01-06T00:07:20Z</Time>
            <Position>
              <LatitudeDegrees>25.431216</LatitudeDegrees>
              <LongitudeDegrees>111.850397</LongitudeDegrees>
            </Position>
            <AltitudeMeters>40.6</AltitudeMeters>
            <DistanceMeters>1320.0</DistanceMeters>
            <Extensions>
              <ns3:TPX>
                <ns3:RunCadence>81</ns3:RunCadence>
              </ns3:TPX>
            </Extensions>
            <Cadence>81</Cadence>
          </Trackpoint>
          <Trackpoint>
            <Time>2020-01-06T00:07:25Z</Time>
            <Position>
              <LatitudeDegrees>25.431092</LatitudeDegrees>
              <LongitudeDegrees>111.850338</LongitudeDegrees>
            </Position>
            <AltitudeMeters>40.53</AltitudeMeters>
            <DistanceMeters>1335.0</DistanceMeters>
            <Extensions>
              <ns3:TPX>
                <ns3:RunCadence>81</ns3:RunCadence>
              </ns3:TPX>
            </Extensions>
            <Cadence>81</Cadence>
          </Trackpoint>
          <Trackpoint>
            <Time>2020-01-06T00:07:30Z</Time>
            <Position>
              <LatitudeDegrees>25.430966</LatitudeDegrees>
              <LongitudeDegrees>111.850284</LongitudeDegrees>
            </Position>
            <AltitudeMeters>40.47</AltitudeMeters>
            <DistanceMeters>1350.0</DistanceMeters>
            <Extensions>
              <ns3:TPX>
                <ns3:RunCadence>81</ns3:RunCadence>
              </ns3:TPX>
            </Extensions>
            <Cadence>81</Cadence>
          </Trackpoint>
          <Trackpoint>
            <Time>2020-01-06T00:07:35Z</Time>
            <Position>
              <LatitudeDegrees>25.430839</LatitudeDegrees>
              <LongitudeDegrees>111.850234</LongitudeDegrees>
            </Position>
            <AltitudeMeters>40.41</AltitudeMeters>
            <DistanceMeters>1365.0</DistanceMeters>
            <Extensions>
              <ns3:TPX>
                <ns3:RunCadence>82</ns3:RunCadence>
              </ns3:TPX>
            </Extensions>
            <Cadence>82</Cadence>
          </Trackpoint>
          <Trackpoint>
            <Time>2020-01-06T00:07:40Z</Time>
            <Position>
              <LatitudeDegrees>25.430710</LatitudeDegrees>
              <LongitudeDegrees>111.850188</LongitudeDegrees>
            </Position>
            <AltitudeMeters>40.35</AltitudeMeters>
            <DistanceMeters>1380.0</DistanceMeters>
            <Extensions>
              <ns3:TPX>
                <ns3:RunCadence>82</ns3:RunCadence>
              </ns3:TPX>
            </Extensions>
            <Cadence>82</Cadence>
          </Trackpoint>
          <Trackpoint>
            <Time>2020-01-06T00:07:45Z</Time>
            <Position>
              <LatitudeDegrees>25.430581</LatitudeDegrees>
              <LongitudeDegrees>111.850147</LongitudeDegrees>
            </Position>
            <AltitudeMeters>40.28</AltitudeMeters>
            <DistanceMeters>1395.0</DistanceMeters>
            <Extensions>
              <ns3:TPX>
                <ns3:RunCadence>82</ns3:RunCadence>
              </ns3:TPX>
            </Extensions>
            <Cadence>82</Cadence>
          </Trackpoint>
          <Trackpoint>
            <Time>2020-01-06T00:07:50Z</Time>
            <Position>
              <LatitudeDegrees>25.430450</LatitudeDegrees>
              <LongitudeDegrees>111.8501</LongitudeDegrees>
            </Position>
            <AltitudeMeters>40.22</AltitudeMeters>
            <DistanceMeters>1410.0</DistanceMeters>
            <Extensions>
              <ns3:TPX>
                <ns3:RunCadence>82</ns3:RunCadence>
              </ns3:TPX>
            </Extensions>
            <Cadence>82</Cadence>
          </Trackpoint>
          <Trackpoint>
            <Time>2020-01-06T00:07:55Z</Time>
            <Position>
              <LatitudeDegrees>25.430318</LatitudeDegrees>
              <LongitudeDegrees>111.850077</LongitudeDegrees>
            </Position>
            <AltitudeMeters>40.15</AltitudeMeters>
            <DistanceMeters>1425.0</DistanceMeters>
            <Extensions>
              <ns3:TPX>
                <ns3:RunCadence>82</ns3:RunCadence>
              </ns3:TPX>
            </Extensions>
            <Cadence>82</Cadence>
          </Trackpoint>
          <Trackpoint>
            <Time>2020-01-06T00:08:00Z</Time>
            <Position>
              <LatitudeDegrees>25.430186</LatitudeDegrees>
              <LongitudeDegrees>111.850050</LongitudeDegrees>
            </Position>
            <AltitudeMeters>40.09</AltitudeMeters>
            <DistanceMeters>1440.0</DistanceMeters>
            <Extensions>
              <ns3:TPX>
                <ns3:RunCadence>82</ns3:RunCadence>
              </ns3:TPX>
            </Extensions>
            <Cadence>82</Cadence>
          </Trackpoint>
          <Trackpoint>
            <Time>2020-01-06T00:08:05Z</Time>
            <Position>
              <LatitudeDegrees>25.430053</LatitudeDegrees>
              <LongitudeDegrees>111.850026</LongitudeDegrees>
            </Position>
            <AltitudeMeters>40.03</AltitudeMeters>
            <DistanceMeters>1455.0</DistanceMeters>
            <Extensions>
              <ns3:TPX>
                <ns3:RunCadence>82</ns3:RunCadence>
              </ns3:TPX>
            </Extensions>
            <Cadence>82</Cadence>
          </Trackpoint>
          <Trackpoint>
            <Time>2020-01-06T00:08:10Z</Time>
            <Position>
              <LatitudeDegrees>25.429919</LatitudeDegrees>
              <LongitudeDegrees>111.850008</LongitudeDegrees>
            </Position>
            <AltitudeMeters>39.96</AltitudeMeters>
            <DistanceMeters>1470.0</DistanceMeters>
            <Extensions>
              <ns3:TPX>
                <ns3:RunCadence>83</ns3:RunCadence>
              </ns3:TPX>
            </Extensions>
            <Cadence>83</Cadence>
          </Trackpoint>
          <Trackpoint>
            <Time>2020-01-06T00:08:15Z</Time>
            <Position>
              <LatitudeDegrees>25.429785</LatitudeDegrees>
              <LongitudeDegrees>111.849993</LongitudeDegrees>
            </Position>
            <AltitudeMeters>39.90</AltitudeMeters>
            <DistanceMeters>1485.0</DistanceMeters>
            <Extensions>
              <ns3:TPX>
                <ns3:RunCadence>83</ns3:RunCadence>
              </ns3:TPX>
            </Extensions>
            <Cadence>83</Cadence>
          </Trackpoint>
          <Trackpoint>
            <Time>2020-01-06T00:08:20Z</Time>
            <Position>
              <LatitudeDegrees>25.429650</LatitudeDegrees>
              <LongitudeDegrees>111.849984</LongitudeDegrees>
            </Position>
            <AltitudeMeters>39.83</AltitudeMeters>
            <DistanceMeters>1500.0</DistanceMeters>
            <Extensions>
              <ns3:TPX>
                <ns3:RunCadence>83</ns3:RunCadence>
              </ns3:TPX>
            </Extensions>
            <Cadence>83</Cadence>
          </Trackpoint>
          <Trackpoint>
            <Time>2020-01-06T00:08:25Z</Time>
            <Position>
              <LatitudeDegrees>25.429515</LatitudeDegrees>
              <LongitudeDegrees>111.849979</LongitudeDegrees>
            </Position>
            <AltitudeMeters>39.77</AltitudeMeters>
            <DistanceMeters>1515.0</DistanceMeters>
            <Extensions>
              <ns3:TPX>
                <ns3:RunCadence>83</ns3:RunCadence>
              </ns3:TPX>
            </Extensions>
            <Cadence>83</Cadence>
          </Trackpoint>
          <Trackpoint>
            <Time>2020-01-06T00:08:30Z</Time>
            <Position>
              <LatitudeDegrees>25.429380</LatitudeDegrees>
              <LongitudeDegrees>111.84998</LongitudeDegrees>
            </Position>
            <AltitudeMeters>39.7</AltitudeMeters>
            <DistanceMeters>1530.0</DistanceMeters>
            <Extensions>
              <ns3:TPX>
                <ns3:RunCadence>83</ns3:RunCadence>
              </ns3:TPX>
            </Extensions>
            <Cadence>83</Cadence>
          </Trackpoint>
          <Trackpoint>
            <Time>2020-01-06T00:08:35Z</Time>
            <Position>
              <LatitudeDegrees>25.429245</LatitudeDegrees>
              <LongitudeDegrees>111.849983</LongitudeDegrees>
            </Position>
            <AltitudeMeters>39.64</AltitudeMeters>
            <DistanceMeters>1545.0</DistanceMeters>
            <Extensions>
              <ns3:TPX>
                <ns3:RunCadence>83</ns3:RunCadence>
              </ns3:TPX>
            </Extensions>
            <Cadence>83</Cadence>
          </Trackpoint>
          <Trackpoint>
            <Time>2020-01-06T00:08:40Z</Time>
            <Position>
              <LatitudeDegrees>25.429111</LatitudeDegrees>
              <LongitudeDegrees>111.849992</LongitudeDegrees>
            </Position>
            <AltitudeMeters>39.58</AltitudeMeters>
            <DistanceMeters>1560.0</DistanceMeters>
            <Extensions>
              <ns3:TPX>
                <ns3:RunCadence>84</ns3:RunCadence>
              </ns3:TPX>
            </Extensions>
            <Cadence>84</Cadence>
          </Trackpoint>
          <Trackpoint>
            <Time>2020-01-06T00:08:45Z</Time>
            <Position>
              <LatitudeDegrees>25.428976</LatitudeDegrees>
              <LongitudeDegrees>111.850006</LongitudeDegrees>
            </Position>
            <AltitudeMeters>39.51</AltitudeMeters>
            <DistanceMeters>1575.0</DistanceMeters>
            <Extensions>
              <ns3:TPX>
                <ns3:RunCadence>84</ns3:RunCadence>
              </ns3:TPX>
            </Extensions>
            <Cadence>84</Cadence>
          </Trackpoint>
          <Trackpoint>
            <Time>2020-01-06T00:08:50Z</Time>
            <Position>
              <LatitudeDegrees>25.428842</LatitudeDegrees>
              <LongitudeDegrees>111.850024</LongitudeDegrees>
            </Position>
            <AltitudeMeters>39.45</AltitudeMeters>
            <DistanceMeters>1590.0</DistanceMeters>
            <Extensions>
              <ns3:TPX>
                <ns3:RunCadence>84</ns3:RunCadence>
              </ns3:TPX>
            </Extensions>
            <Cadence>84</Cadence>
          </Trackpoint>
          <Trackpoint>
            <Time>2020-01-06T00:08:55Z</Time>
            <Position>
              <LatitudeDegrees>25.428709</LatitudeDegrees>
              <LongitudeDegrees>111.850047</LongitudeDegrees>
            </Position>
            <AltitudeMeters>39.39</AltitudeMeters>
            <DistanceMeters>1605.0</DistanceMeters>
            <Extensions>
              <ns3:TPX>
                <ns3:RunCadence>84</ns3:RunCadence>
              </ns3:TPX>
            </Extensions>
            <Cadence>84</Cadence>
          </Trackpoint>
          <Trackpoint>
            <Time>2020-01-06T00:09:00Z</Time>
            <Position>
              <LatitudeDegrees>25.42858</LatitudeDegrees>
              <LongitudeDegrees>111.850074</LongitudeDegrees>
            </Position>
            <AltitudeMeters>39.33</AltitudeMeters>
            <DistanceMeters>1620.0</DistanceMeters>
            <Extensions>
              <ns3:TPX>
                <ns3:RunCadence>84</ns3:RunCadence>
              </ns3:TPX>
            </Extensions>
            <Cadence>84</Cadence>
          </Trackpoint>
          <Trackpoint>
            <Time>2020-01-06T00:09:05Z</Time>
            <Position>
              <LatitudeDegrees>25.428445</LatitudeDegrees>
              <LongitudeDegrees>111.850106</LongitudeDegrees>
            </Position>
            <AltitudeMeters>39.3</AltitudeMeters>
            <DistanceMeters>1635.0</DistanceMeters>
            <Extensions>
              <ns3:TPX>
                <ns3:RunCadence>84</ns3:RunCadence>
              </ns3:TPX>
            </Extensions>
            <Cadence>84</Cadence>
          </Trackpoint>
          <Trackpoint>
            <Time>2020-01-06T00:09:10Z</Time>
            <Position>
              <LatitudeDegrees>25.428314</LatitudeDegrees>
              <LongitudeDegrees>111.850142</LongitudeDegrees>
            </Position>
            <AltitudeMeters>39.21</AltitudeMeters>
            <DistanceMeters>1650.0</DistanceMeters>
            <Extensions>
              <ns3:TPX>
                <ns3:RunCadence>85</ns3:RunCadence>
              </ns3:TPX>
            </Extensions>
            <Cadence>85</Cadence>
          </Trackpoint>
          <Trackpoint>
            <Time>2020-01-06T00:09:15Z</Time>
            <Position>
              <LatitudeDegrees>25.428184</LatitudeDegrees>
              <LongitudeDegrees>111.850183</LongitudeDegrees>
            </Position>
            <AltitudeMeters>39.15</AltitudeMeters>
            <DistanceMeters>1665.0</DistanceMeters>
            <Extensions>
              <ns3:TPX>
                <ns3:RunCadence>85</ns3:RunCadence>
              </ns3:TPX>
            </Extensions>
            <Cadence>85</Cadence>
          </Trackpoint>
          <Trackpoint>
            <Time>2020-01-06T00:09:20Z</Time>
            <Position>
              <LatitudeDegrees>25.42806</LatitudeDegrees>
              <LongitudeDegrees>111.850228</LongitudeDegrees>
            </Position>
            <AltitudeMeters>39.09</AltitudeMeters>
            <DistanceMeters>1680.0</DistanceMeters>
            <Extensions>
              <ns3:TPX>
                <ns3:RunCadence>85</ns3:RunCadence>
              </ns3:TPX>
            </Extensions>
            <Cadence>85</Cadence>
          </Trackpoint>
          <Trackpoint>
            <Time>2020-01-06T00:09:25Z</Time>
            <Position>
              <LatitudeDegrees>25.427928</LatitudeDegrees>
              <LongitudeDegrees>111.850278</LongitudeDegrees>
            </Position>
            <AltitudeMeters>39.03</AltitudeMeters>
            <DistanceMeters>1695.0</DistanceMeters>
            <Extensions>
              <ns3:TPX>
                <ns3:RunCadence>85</ns3:RunCadence>
              </ns3:TPX>
            </Extensions>
            <Cadence>85</Cadence>
          </Trackpoint>
          <Trackpoint>
            <Time>2020-01-06T00:09:30Z</Time>
            <Position>
              <LatitudeDegrees>25.427803</LatitudeDegrees>
              <LongitudeDegrees>111.850332</LongitudeDegrees>
            </Position>
            <AltitudeMeters>38.98</AltitudeMeters>
            <DistanceMeters>1710.0</DistanceMeters>
            <Extensions>
              <ns3:TPX>
                <ns3:RunCadence>85</ns3:RunCadence>
              </ns3:TPX>
            </Extensions>
            <Cadence>85</Cadence>
          </Trackpoint>
          <Trackpoint>
            <Time>2020-01-06T00:09:35Z</Time>
            <Position>
              <LatitudeDegrees>25.427678</LatitudeDegrees>
              <LongitudeDegrees>111.850390</LongitudeDegrees>
            </Position>
            <AltitudeMeters>38.92</AltitudeMeters>
            <DistanceMeters>1725.0</DistanceMeters>
            <Extensions>
              <ns3:TPX>
                <ns3:RunCadence>85</ns3:RunCadence>
              </ns3:TPX>
            </Extensions>
            <Cadence>85</Cadence>
          </Trackpoint>
          <Trackpoint>
            <Time>2020-01-06T00:09:40Z</Time>
            <Position>
              <LatitudeDegrees>25.427556</LatitudeDegrees>
              <LongitudeDegrees>111.850452</LongitudeDegrees>
            </Position>
            <AltitudeMeters>38.87</AltitudeMeters>
            <DistanceMeters>1740.0</DistanceMeters>
            <Extensions>
              <ns3:TPX>
                <ns3:RunCadence>86</ns3:RunCadence>
              </ns3:TPX>
            </Extensions>
            <Cadence>86</Cadence>
          </Trackpoint>
          <Trackpoint>
            <Time>2020-01-06T00:09:45Z</Time>
            <Position>
              <LatitudeDegrees>25.427435</LatitudeDegrees>
              <LongitudeDegrees>111.850519</LongitudeDegrees>
            </Position>
            <AltitudeMeters>38.82</AltitudeMeters>
            <DistanceMeters>1755.0</DistanceMeters>
            <Extensions>
              <ns3:TPX>
                <ns3:RunCadence>86</ns3:RunCadence>
              </ns3:TPX>
            </Extensions>
            <Cadence>86</Cadence>
          </Trackpoint>
          <Trackpoint>
            <Time>2020-01-06T00:09:50Z</Time>
            <Position>
              <LatitudeDegrees>25.427316</LatitudeDegrees>
              <LongitudeDegrees>111.850590</LongitudeDegrees>
            </Position>
            <AltitudeMeters>38.77</AltitudeMeters>
            <DistanceMeters>1770.0</DistanceMeters>
            <Extensions>
              <ns3:TPX>
                <ns3:RunCadence>86</ns3:RunCadence>
              </ns3:TPX>
            </Extensions>
            <Cadence>86</Cadence>
          </Trackpoint>
          <Trackpoint>
            <Time>2020-01-06T00:09:55Z</Time>
            <Position>
              <LatitudeDegrees>25.42720</LatitudeDegrees>
              <LongitudeDegrees>111.850665</LongitudeDegrees>
            </Position>
            <AltitudeMeters>38.72</AltitudeMeters>
            <DistanceMeters>1785.0</DistanceMeters>
            <Extensions>
              <ns3:TPX>
                <ns3:RunCadence>86</ns3:RunCadence>
              </ns3:TPX>
            </Extensions>
            <Cadence>86</Cadence>
          </Trackpoint>
          <Trackpoint>
            <Time>2020-01-06T00:10:00Z</Time>
            <Position>
              <LatitudeDegrees>25.427085</LatitudeDegrees>
              <LongitudeDegrees>111.850743</LongitudeDegrees>
            </Position>
            <AltitudeMeters>38.67</AltitudeMeters>
            <DistanceMeters>1800.0</DistanceMeters>
            <Extensions>
              <ns3:TPX>
                <ns3:RunCadence>86</ns3:RunCadence>
              </ns3:TPX>
            </Extensions>
            <Cadence>86</Cadence>
          </Trackpoint>
          <Trackpoint>
            <Time>2020-01-06T00:10:05Z</Time>
            <Position>
              <LatitudeDegrees>25.42697</LatitudeDegrees>
              <LongitudeDegrees>111.850826</LongitudeDegrees>
            </Position>
            <AltitudeMeters>38.62</AltitudeMeters>
            <DistanceMeters>1815.0</DistanceMeters>
            <Extensions>
              <ns3:TPX>
                <ns3:RunCadence>86</ns3:RunCadence>
              </ns3:TPX>
            </Extensions>
            <Cadence>86</Cadence>
          </Trackpoint>
          <Trackpoint>
            <Time>2020-01-06T00:10:10Z</Time>
            <Position>
              <LatitudeDegrees>25.426862</LatitudeDegrees>
              <LongitudeDegrees>111.850912</LongitudeDegrees>
            </Position>
            <AltitudeMeters>38.57</AltitudeMeters>
            <DistanceMeters>1830.0</DistanceMeters>
            <Extensions>
              <ns3:TPX>
                <ns3:RunCadence>86</ns3:RunCadence>
              </ns3:TPX>
            </Extensions>
            <Cadence>86</Cadence>
          </Trackpoint>
          <Trackpoint>
            <Time>2020-01-06T00:10:15Z</Time>
            <Position>
              <LatitudeDegrees>25.426755</LatitudeDegrees>
              <LongitudeDegrees>111.851002</LongitudeDegrees>
            </Position>
            <AltitudeMeters>38.53</AltitudeMeters>
            <DistanceMeters>1845.0</DistanceMeters>
            <Extensions>
              <ns3:TPX>
                <ns3:RunCadence>86</ns3:RunCadence>
              </ns3:TPX>
            </Extensions>
            <Cadence>86</Cadence>
          </Trackpoint>
          <Trackpoint>
            <Time>2020-01-06T00:10:20Z</Time>
            <Position>
              <LatitudeDegrees>25.426650</LatitudeDegrees>
              <LongitudeDegrees>111.851096</LongitudeDegrees>
            </Position>
            <AltitudeMeters>38.49</AltitudeMeters>
            <DistanceMeters>1860.0</DistanceMeters>
            <Extensions>
              <ns3:TPX>
                <ns3:RunCadence>87</ns3:RunCadence>
              </ns3:TPX>
            </Extensions>
            <Cadence>87</Cadence>
          </Trackpoint>
          <Trackpoint>
            <Time>2020-01-06T00:10:25Z</Time>
            <Position>
              <LatitudeDegrees>25.426548</LatitudeDegrees>
              <LongitudeDegrees>111.851194</LongitudeDegrees>
            </Position>
            <AltitudeMeters>38.45</AltitudeMeters>
            <DistanceMeters>1875.0</DistanceMeters>
            <Extensions>
              <ns3:TPX>
                <ns3:RunCadence>87</ns3:RunCadence>
              </ns3:TPX>
            </Extensions>
            <Cadence>87</Cadence>
          </Trackpoint>
          <Trackpoint>
            <Time>2020-01-06T00:10:30Z</Time>
            <Position>
              <LatitudeDegrees>25.426448</LatitudeDegrees>
              <LongitudeDegrees>111.851294</LongitudeDegrees>
            </Position>
            <AltitudeMeters>38.41</AltitudeMeters>
            <DistanceMeters>1890.0</DistanceMeters>
            <Extensions>
              <ns3:TPX>
                <ns3:RunCadence>87</ns3:RunCadence>
              </ns3:TPX>
            </Extensions>
            <Cadence>87</Cadence>
          </Trackpoint>
          <Trackpoint>
            <Time>2020-01-06T00:10:35Z</Time>
            <Position>
              <LatitudeDegrees>25.426351</LatitudeDegrees>
              <LongitudeDegrees>111.851399</LongitudeDegrees>
            </Position>
            <AltitudeMeters>38.37</AltitudeMeters>
            <DistanceMeters>1905.0</DistanceMeters>
            <Extensions>
              <ns3:TPX>
                <ns3:RunCadence>87</ns3:RunCadence>
              </ns3:TPX>
            </Extensions>
            <Cadence>87</Cadence>
          </Trackpoint>
          <Trackpoint>
            <Time>2020-01-06T00:10:40Z</Time>
            <Position>
              <LatitudeDegrees>25.426258</LatitudeDegrees>
              <LongitudeDegrees>111.851506</LongitudeDegrees>
            </Position>
            <AltitudeMeters>38.33</AltitudeMeters>
            <DistanceMeters>1920.0</DistanceMeters>
            <Extensions>
              <ns3:TPX>
                <ns3:RunCadence>87</ns3:RunCadence>
              </ns3:TPX>
            </Extensions>
            <Cadence>87</Cadence>
          </Trackpoint>
          <Trackpoint>
            <Time>2020-01-06T00:10:45Z</Time>
            <Position>
              <LatitudeDegrees>25.426167</LatitudeDegrees>
              <LongitudeDegrees>111.851616</LongitudeDegrees>
            </Position>
            <AltitudeMeters>38.30</AltitudeMeters>
            <DistanceMeters>1935.0</DistanceMeters>
            <Extensions>
              <ns3:TPX>
                <ns3:RunCadence>87</ns3:RunCadence>
              </ns3:TPX>
            </Extensions>
            <Cadence>87</Cadence>
          </Trackpoint>
          <Trackpoint>
            <Time>2020-01-06T00:10:50Z</Time>
            <Position>
              <LatitudeDegrees>25.426079</LatitudeDegrees>
              <LongitudeDegrees>111.851730</LongitudeDegrees>
            </Position>
            <AltitudeMeters>38.26</AltitudeMeters>
            <DistanceMeters>1950.0</DistanceMeters>
            <Extensions>
              <ns3:TPX>
                <ns3:RunCadence>87</ns3:RunCadence>
              </ns3:TPX>
            </Extensions>
            <Cadence>87</Cadence>
          </Trackpoint>
          <Trackpoint>
            <Time>2020-01-06T00:10:55Z</Time>
            <Position>
              <LatitudeDegrees>25.425995</LatitudeDegrees>
              <LongitudeDegrees>111.851847</LongitudeDegrees>
            </Position>
            <AltitudeMeters>38.23</AltitudeMeters>
            <DistanceMeters>1965.0</DistanceMeters>
            <Extensions>
              <ns3:TPX>
                <ns3:RunCadence>87</ns3:RunCadence>
              </ns3:TPX>
            </Extensions>
            <Cadence>87</Cadence>
          </Trackpoint>
          <Trackpoint>
            <Time>2020-01-06T00:11:00Z</Time>
            <Position>
              <LatitudeDegrees>25.425914</LatitudeDegrees>
              <LongitudeDegrees>111.851966</LongitudeDegrees>
            </Position>
            <AltitudeMeters>38.20</AltitudeMeters>
            <DistanceMeters>1980.0</DistanceMeters>
            <Extensions>
              <ns3:TPX>
                <ns3:RunCadence>87</ns3:RunCadence>
              </ns3:TPX>
            </Extensions>
            <Cadence>87</Cadence>
          </Trackpoint>
          <Trackpoint>
            <Time>2020-01-06T00:11:05Z</Time>
            <Position>
              <LatitudeDegrees>25.425836</LatitudeDegrees>
              <LongitudeDegrees>111.852088</LongitudeDegrees>
            </Position>
            <AltitudeMeters>38.18</AltitudeMeters>
            <DistanceMeters>1995.0</DistanceMeters>
            <Extensions>
              <ns3:TPX>
                <ns3:RunCadence>87</ns3:RunCadence>
              </ns3:TPX>
            </Extensions>
            <Cadence>87</Cadence>
          </Trackpoint>
          <Trackpoint>
            <Time>2020-01-06T00:11:10Z</Time>
            <Position>
              <LatitudeDegrees>25.425762</LatitudeDegrees>
              <LongitudeDegrees>111.852213</LongitudeDegrees>
            </Position>
            <AltitudeMeters>38.15</AltitudeMeters>
            <DistanceMeters>2010.0</DistanceMeters>
            <Extensions>
              <ns3:TPX>
                <ns3:RunCadence>87</ns3:RunCadence>
              </ns3:TPX>
            </Extensions>
            <Cadence>87</Cadence>
          </Trackpoint>
          <Trackpoint>
            <Time>2020-01-06T00:11:15Z</Time>
            <Position>
              <LatitudeDegrees>25.425691</LatitudeDegrees>
              <LongitudeDegrees>111.852340</LongitudeDegrees>
            </Position>
            <AltitudeMeters>38.1</AltitudeMeters>
            <DistanceMeters>2025.0</DistanceMeters>
            <Extensions>
              <ns3:TPX>
                <ns3:RunCadence>87</ns3:RunCadence>
              </ns3:TPX>
            </Extensions>
            <Cadence>87</Cadence>
          </Trackpoint>
          <Trackpoint>
            <Time>2020-01-06T00:11:20Z</Time>
            <Position>
              <LatitudeDegrees>25.425624</LatitudeDegrees>
              <LongitudeDegrees>111.852470</LongitudeDegrees>
            </Position>
            <AltitudeMeters>38.10</AltitudeMeters>
            <DistanceMeters>2040.0</DistanceMeters>
            <Extensions>
              <ns3:TPX>
                <ns3:RunCadence>87</ns3:RunCadence>
              </ns3:TPX>
            </Extensions>
            <Cadence>87</Cadence>
          </Trackpoint>
          <Trackpoint>
            <Time>2020-01-06T00:11:25Z</Time>
            <Position>
              <LatitudeDegrees>25.425561</LatitudeDegrees>
              <LongitudeDegrees>111.852602</LongitudeDegrees>
            </Position>
            <AltitudeMeters>38.09</AltitudeMeters>
            <DistanceMeters>2055.0</DistanceMeters>
            <Extensions>
              <ns3:TPX>
                <ns3:RunCadence>87</ns3:RunCadence>
              </ns3:TPX>
            </Extensions>
            <Cadence>87</Cadence>
          </Trackpoint>
          <Trackpoint>
            <Time>2020-01-06T00:11:30Z</Time>
            <Position>
              <LatitudeDegrees>25.425501</LatitudeDegrees>
              <LongitudeDegrees>111.852735</LongitudeDegrees>
            </Position>
            <AltitudeMeters>38.07</AltitudeMeters>
            <DistanceMeters>2070.0</DistanceMeters>
            <Extensions>
              <ns3:TPX>
                <ns3:RunCadence>87</ns3:RunCadence>
              </ns3:TPX>
            </Extensions>
            <Cadence>87</Cadence>
          </Trackpoint>
          <Trackpoint>
            <Time>2020-01-06T00:11:35Z</Time>
            <Position>
              <LatitudeDegrees>25.42545</LatitudeDegrees>
              <LongitudeDegrees>111.852871</LongitudeDegrees>
            </Position>
            <AltitudeMeters>38.1</AltitudeMeters>
            <DistanceMeters>2085.0</DistanceMeters>
            <Extensions>
              <ns3:TPX>
                <ns3:RunCadence>87</ns3:RunCadence>
              </ns3:TPX>
            </Extensions>
            <Cadence>87</Cadence>
          </Trackpoint>
          <Trackpoint>
            <Time>2020-01-06T00:11:40Z</Time>
            <Position>
              <LatitudeDegrees>25.425393</LatitudeDegrees>
              <LongitudeDegrees>111.853009</LongitudeDegrees>
            </Position>
            <AltitudeMeters>38.04</AltitudeMeters>
            <DistanceMeters>2100.0</DistanceMeters>
            <Extensions>
              <ns3:TPX>
                <ns3:RunCadence>87</ns3:RunCadence>
              </ns3:TPX>
            </Extensions>
            <Cadence>87</Cadence>
          </Trackpoint>
          <Trackpoint>
            <Time>2020-01-06T00:11:45Z</Time>
            <Position>
              <LatitudeDegrees>25.425345</LatitudeDegrees>
              <LongitudeDegrees>111.853149</LongitudeDegrees>
            </Position>
            <AltitudeMeters>38.0</AltitudeMeters>
            <DistanceMeters>2115.0</DistanceMeters>
            <Extensions>
              <ns3:TPX>
                <ns3:RunCadence>87</ns3:RunCadence>
              </ns3:TPX>
            </Extensions>
            <Cadence>87</Cadence>
          </Trackpoint>
          <Trackpoint>
            <Time>2020-01-06T00:11:50Z</Time>
            <Position>
              <LatitudeDegrees>25.425300</LatitudeDegrees>
              <LongitudeDegrees>111.8533</LongitudeDegrees>
            </Position>
            <AltitudeMeters>38.02</AltitudeMeters>
            <DistanceMeters>2130.0</DistanceMeters>
            <Extensions>
              <ns3:TPX>
                <ns3:RunCadence>87</ns3:RunCadence>
              </ns3:TPX>
            </Extensions>
            <Cadence>87</Cadence>
          </Trackpoint>
          <Trackpoint>
            <Time>2020-01-06T00:11:55Z</Time>
            <Position>
              <LatitudeDegrees>25.425260</LatitudeDegrees>
              <LongitudeDegrees>111.853432</LongitudeDegrees>
            </Position>
            <AltitudeMeters>38.01</AltitudeMeters>
            <DistanceMeters>2145.0</DistanceMeters>
            <Extensions>
              <ns3:TPX>
                <ns3:RunCadence>87</ns3:RunCadence>
              </ns3:TPX>
            </Extensions>
            <Cadence>87</Cadence>
          </Trackpoint>
          <Trackpoint>
            <Time>2020-01-06T00:12:00Z</Time>
            <Position>
              <LatitudeDegrees>25.425223</LatitudeDegrees>
              <LongitudeDegrees>111.85358</LongitudeDegrees>
            </Position>
            <AltitudeMeters>38.00</AltitudeMeters>
            <DistanceMeters>2160.0</DistanceMeters>
            <Extensions>
              <ns3:TPX>
                <ns3:RunCadence>86</ns3:RunCadence>
              </ns3:TPX>
            </Extensions>
            <Cadence>86</Cadence>
          </Trackpoint>
          <Trackpoint>
            <Time>2020-01-06T00:12:05Z</Time>
            <Position>
              <LatitudeDegrees>25.425191</LatitudeDegrees>
              <LongitudeDegrees>111.853721</LongitudeDegrees>
            </Position>
            <AltitudeMeters>38.0</AltitudeMeters>
            <DistanceMeters>2175.0</DistanceMeters>
            <Extensions>
              <ns3:TPX>
                <ns3:RunCadence>86</ns3:RunCadence>
              </ns3:TPX>
            </Extensions>
            <Cadence>86</Cadence>
          </Trackpoint>
          <Trackpoint>
            <Time>2020-01-06T00:12:10Z</Time>
            <Position>
              <LatitudeDegrees>25.425163</LatitudeDegrees>
              <LongitudeDegrees>111.853867</LongitudeDegrees>
            </Position>
            <AltitudeMeters>38.00</AltitudeMeters>
            <DistanceMeters>2190.0</DistanceMeters>
            <Extensions>
              <ns3:TPX>
                <ns3:RunCadence>86</ns3:RunCadence>
              </ns3:TPX>
            </Extensions>
            <Cadence>86</Cadence>
          </Trackpoint>
          <Trackpoint>
            <Time>2020-01-06T00:12:15Z</Time>
            <Position>
              <LatitudeDegrees>25.425139</LatitudeDegrees>
              <LongitudeDegrees>111.854014</LongitudeDegrees>
            </Position>
            <AltitudeMeters>38.00</AltitudeMeters>
            <DistanceMeters>2205.0</DistanceMeters>
            <Extensions>
              <ns3:TPX>
                <ns3:RunCadence>86</ns3:RunCadence>
              </ns3:TPX>
            </Extensions>
            <Cadence>86</Cadence>
          </Trackpoint>
          <Trackpoint>
            <Time>2020-01-06T00:12:20Z</Time>
            <Position>
              <LatitudeDegrees>25.425119</LatitudeDegrees>
              <LongitudeDegrees>111.854162</LongitudeDegrees>
            </Position>
            <AltitudeMeters>38.00</AltitudeMeters>
            <DistanceMeters>2220.0</DistanceMeters>
            <Extensions>
              <ns3:TPX>
                <ns3:RunCadence>86</ns3:RunCadence>
              </ns3:TPX>
            </Extensions>
            <Cadence>86</Cadence>
          </Trackpoint>
          <Trackpoint>
            <Time>2020-01-06T00:12:25Z</Time>
            <Position>
              <LatitudeDegrees>25.425103</LatitudeDegrees>
              <LongitudeDegrees>111.854310</LongitudeDegrees>
            </Position>
            <AltitudeMeters>38.0</AltitudeMeters>
            <DistanceMeters>2235.0</DistanceMeters>
            <Extensions>
              <ns3:TPX>
                <ns3:RunCadence>86</ns3:RunCadence>
              </ns3:TPX>
            </Extensions>
            <Cadence>86</Cadence>
          </Trackpoint>
          <Trackpoint>
            <Time>2020-01-06T00:12:30Z</Time>
            <Position>
              <LatitudeDegrees>25.425091</LatitudeDegrees>
              <LongitudeDegrees>111.854459</LongitudeDegrees>
            </Position>
            <AltitudeMeters>38.02</AltitudeMeters>
            <DistanceMeters>2250.0</DistanceMeters>
            <Extensions>
              <ns3:TPX>
                <ns3:RunCadence>86</ns3:RunCadence>
              </ns3:TPX>
            </Extensions>
            <Cadence>86</Cadence>
          </Trackpoint>
          <Trackpoint>
            <Time>2020-01-06T00:12:35Z</Time>
            <Position>
              <LatitudeDegrees>25.425083</LatitudeDegrees>
              <LongitudeDegrees>111.854608</LongitudeDegrees>
            </Position>
            <AltitudeMeters>38.03</AltitudeMeters>
            <DistanceMeters>2265.0</DistanceMeters>
            <Extensions>
              <ns3:TPX>
                <ns3:RunCadence>86</ns3:RunCadence>
              </ns3:TPX>
            </Extensions>
            <Cadence>86</Cadence>
          </Trackpoint>
          <Trackpoint>
            <Time>2020-01-06T00:12:40Z</Time>
            <Position>
              <LatitudeDegrees>25.42508</LatitudeDegrees>
              <LongitudeDegrees>111.854757</LongitudeDegrees>
            </Position>
            <AltitudeMeters>38.04</AltitudeMeters>
            <DistanceMeters>2280.0</DistanceMeters>
            <Extensions>
              <ns3:TPX>
                <ns3:RunCadence>85</ns3:RunCadence>
              </ns3:TPX>
            </Extensions>
            <Cadence>85</Cadence>
          </Trackpoint>
          <Trackpoint>
            <Time>2020-01-06T00:12:45Z</Time>
            <Position>
              <LatitudeDegrees>25.425080</LatitudeDegrees>
              <LongitudeDegrees>111.85491</LongitudeDegrees>
            </Position>
            <AltitudeMeters>38.05</AltitudeMeters>
            <DistanceMeters>2295.0</DistanceMeters>
            <Extensions>
              <ns3:TPX>
                <ns3:RunCadence>85</ns3:RunCadence>
              </ns3:TPX>
            </Extensions>
            <Cadence>85</Cadence>
          </Trackpoint>
          <Trackpoint>
            <Time>2020-01-06T00:12:50Z</Time>
            <Position>
              <LatitudeDegrees>25.425085</LatitudeDegrees>
              <LongitudeDegrees>111.855056</LongitudeDegrees>
            </Position>
            <AltitudeMeters>38.06</AltitudeMeters>
            <DistanceMeters>2310.0</DistanceMeters>
            <Extensions>
              <ns3:TPX>
                <ns3:RunCadence>85</ns3:RunCadence>
              </ns3:TPX>
            </Extensions>
            <Cadence>85</Cadence>
          </Trackpoint>
          <Trackpoint>
            <Time>2020-01-06T00:12:55Z</Time>
            <Position>
              <LatitudeDegrees>25.42509</LatitudeDegrees>
              <LongitudeDegrees>111.855205</LongitudeDegrees>
            </Position>
            <AltitudeMeters>38.08</AltitudeMeters>
            <DistanceMeters>2325.0</DistanceMeters>
            <Extensions>
              <ns3:TPX>
                <ns3:RunCadence>85</ns3:RunCadence>
              </ns3:TPX>
            </Extensions>
            <Cadence>85</Cadence>
          </Trackpoint>
          <Trackpoint>
            <Time>2020-01-06T00:13:00Z</Time>
            <Position>
              <LatitudeDegrees>25.425107</LatitudeDegrees>
              <LongitudeDegrees>111.855353</LongitudeDegrees>
            </Position>
            <AltitudeMeters>38.10</AltitudeMeters>
            <DistanceMeters>2340.0</DistanceMeters>
            <Extensions>
              <ns3:TPX>
                <ns3:RunCadence>85</ns3:RunCadence>
              </ns3:TPX>
            </Extensions>
            <Cadence>85</Cadence>
          </Trackpoint>
          <Trackpoint>
            <Time>2020-01-06T00:13:05Z</Time>
            <Position>
              <LatitudeDegrees>25.425125</LatitudeDegrees>
              <LongitudeDegrees>111.855502</LongitudeDegrees>
            </Position>
            <AltitudeMeters>38.12</AltitudeMeters>
            <DistanceMeters>2355.0</DistanceMeters>
            <Extensions>
              <ns3:TPX>
                <ns3:RunCadence>85</ns3:RunCadence>
              </ns3:TPX>
            </Extensions>
            <Cadence>85</Cadence>
          </Trackpoint>
          <Trackpoint>
            <Time>2020-01-06T00:13:10Z</Time>
            <Position>
              <LatitudeDegrees>25.425146</LatitudeDegrees>
              <LongitudeDegrees>111.855649</LongitudeDegrees>
            </Position>
            <AltitudeMeters>38.15</AltitudeMeters>
            <DistanceMeters>2370.0</DistanceMeters>
            <Extensions>
              <ns3:TPX>
                <ns3:RunCadence>84</ns3:RunCadence>
              </ns3:TPX>
            </Extensions>
            <Cadence>84</Cadence>
          </Trackpoint>
          <Trackpoint>
            <Time>2020-01-06T00:13:15Z</Time>
            <Position>
              <LatitudeDegrees>25.425172</LatitudeDegrees>
              <LongitudeDegrees>111.855796</LongitudeDegrees>
            </Position>
            <AltitudeMeters>38.2</AltitudeMeters>
            <DistanceMeters>2385.0</DistanceMeters>
            <Extensions>
              <ns3:TPX>
                <ns3:RunCadence>84</ns3:RunCadence>
              </ns3:TPX>
            </Extensions>
            <Cadence>84</Cadence>
          </Trackpoint>
          <Trackpoint>
            <Time>2020-01-06T00:13:20Z</Time>
            <Position>
              <LatitudeDegrees>25.425201</LatitudeDegrees>
              <LongitudeDegrees>111.855941</LongitudeDegrees>
            </Position>
            <AltitudeMeters>38.2</AltitudeMeters>
            <DistanceMeters>2400.0</DistanceMeters>
            <Extensions>
              <ns3:TPX>
                <ns3:RunCadence>84</ns3:RunCadence>
              </ns3:TPX>
            </Extensions>
            <Cadence>84</Cadence>
          </Trackpoint>
          <Trackpoint>
            <Time>2020-01-06T00:13:25Z</Time>
            <Position>
              <LatitudeDegrees>25.425235</LatitudeDegrees>
              <LongitudeDegrees>111.856086</LongitudeDegrees>
            </Position>
            <AltitudeMeters>38.23</AltitudeMeters>
            <DistanceMeters>2415.0</DistanceMeters>
            <Extensions>
              <ns3:TPX>
                <ns3:RunCadence>84</ns3:RunCadence>
              </ns3:TPX>
            </Extensions>
            <Cadence>84</Cadence>
          </Trackpoint>
          <Trackpoint>
            <Time>2020-01-06T00:13:30Z</Time>
            <Position>
              <LatitudeDegrees>25.425273</LatitudeDegrees>
              <LongitudeDegrees>111.856229</LongitudeDegrees>
            </Position>
            <AltitudeMeters>38.26</AltitudeMeters>
            <DistanceMeters>2430.0</DistanceMeters>
            <Extensions>
              <ns3:TPX>
                <ns3:RunCadence>84</ns3:RunCadence>
              </ns3:TPX>
            </Extensions>
            <Cadence>84</Cadence>
          </Trackpoint>
          <Trackpoint>
            <Time>2020-01-06T00:13:35Z</Time>
            <Position>
              <LatitudeDegrees>25.425315</LatitudeDegrees>
              <LongitudeDegrees>111.85637</LongitudeDegrees>
            </Position>
            <AltitudeMeters>38.29</AltitudeMeters>
            <DistanceMeters>2445.0</DistanceMeters>
            <Extensions>
              <ns3:TPX>
                <ns3:RunCadence>84</ns3:RunCadence>
              </ns3:TPX>
            </Extensions>
            <Cadence>84</Cadence>
          </Trackpoint>
          <Trackpoint>
            <Time>2020-01-06T00:13:40Z</Time>
            <Position>
              <LatitudeDegrees>25.425360</LatitudeDegrees>
              <LongitudeDegrees>111.856512</LongitudeDegrees>
            </Position>
            <AltitudeMeters>38.32</AltitudeMeters>
            <DistanceMeters>2460.0</DistanceMeters>
            <Extensions>
              <ns3:TPX>
                <ns3:RunCadence>83</ns3:RunCadence>
              </ns3:TPX>
            </Extensions>
            <Cadence>83</Cadence>
          </Trackpoint>
          <Trackpoint>
            <Time>2020-01-06T00:13:45Z</Time>
            <Position>
              <LatitudeDegrees>25.425410</LatitudeDegrees>
              <LongitudeDegrees>111.856651</LongitudeDegrees>
            </Position>
            <AltitudeMeters>38.36</AltitudeMeters>
            <DistanceMeters>2475.0</DistanceMeters>
            <Extensions>
              <ns3:TPX>
                <ns3:RunCadence>83</ns3:RunCadence>
              </ns3:TPX>
            </Extensions>
            <Cadence>83</Cadence>
          </Trackpoint>
          <Trackpoint>
            <Time>2020-01-06T00:13:50Z</Time>
            <Position>
              <LatitudeDegrees>25.425463</LatitudeDegrees>
              <LongitudeDegrees>111.856788</LongitudeDegrees>
            </Position>
            <AltitudeMeters>38.40</AltitudeMeters>
            <DistanceMeters>2490.0</DistanceMeters>
            <Extensions>
              <ns3:TPX>
                <ns3:RunCadence>83</ns3:RunCadence>
              </ns3:TPX>
            </Extensions>
            <Cadence>83</Cadence>
          </Trackpoint>
          <Trackpoint>
            <Time>2020-01-06T00:13:55Z</Time>
            <Position>
              <LatitudeDegrees>25.425521</LatitudeDegrees>
              <LongitudeDegrees>111.85692</LongitudeDegrees>
            </Position>
            <AltitudeMeters>38.44</AltitudeMeters>
            <DistanceMeters>2505.0</DistanceMeters>
            <Extensions>
              <ns3:TPX>
                <ns3:RunCadence>83</ns3:RunCadence>
              </ns3:TPX>
            </Extensions>
            <Cadence>83</Cadence>
          </Trackpoint>
          <Trackpoint>
            <Time>2020-01-06T00:14:00Z</Time>
            <Position>
              <LatitudeDegrees>25.425582</LatitudeDegrees>
              <LongitudeDegrees>111.857057</LongitudeDegrees>
            </Position>
            <AltitudeMeters>38.48</AltitudeMeters>
            <DistanceMeters>2520.0</DistanceMeters>
            <Extensions>
              <ns3:TPX>
                <ns3:RunCadence>83</ns3:RunCadence>
              </ns3:TPX>
            </Extensions>
            <Cadence>83</Cadence>
          </Trackpoint>
          <Trackpoint>
            <Time>2020-01-06T00:14:05Z</Time>
            <Position>
              <LatitudeDegrees>25.425646</LatitudeDegrees>
              <LongitudeDegrees>111.857188</LongitudeDegrees>
            </Position>
            <AltitudeMeters>38.52</AltitudeMeters>
            <DistanceMeters>2535.0</DistanceMeters>
            <Extensions>
              <ns3:TPX>
                <ns3:RunCadence>83</ns3:RunCadence>
              </ns3:TPX>
            </Extensions>
            <Cadence>83</Cadence>
          </Trackpoint>
          <Trackpoint>
            <Time>2020-01-06T00:14:10Z</Time>
            <Position>
              <LatitudeDegrees>25.425715</LatitudeDegrees>
              <LongitudeDegrees>111.857316</LongitudeDegrees>
            </Position>
            <AltitudeMeters>38.57</AltitudeMeters>
            <DistanceMeters>2550.0</DistanceMeters>
            <Extensions>
              <ns3:TPX>
                <ns3:RunCadence>82</ns3:RunCadence>
              </ns3:TPX>
            </Extensions>
            <Cadence>82</Cadence>
          </Trackpoint>
          <Trackpoint>
            <Time>2020-01-06T00:14:15Z</Time>
            <Position>
              <LatitudeDegrees>25.425786</LatitudeDegrees>
              <LongitudeDegrees>111.857443</LongitudeDegrees>
            </Position>
            <AltitudeMeters>38.61</AltitudeMeters>
            <DistanceMeters>2565.0</DistanceMeters>
            <Extensions>
              <ns3:TPX>
                <ns3:RunCadence>82</ns3:RunCadence>
              </ns3:TPX>
            </Extensions>
            <Cadence>82</Cadence>
          </Trackpoint>
          <Trackpoint>
            <Time>2020-01-06T00:14:20Z</Time>
            <Position>
              <LatitudeDegrees>25.425862</LatitudeDegrees>
              <LongitudeDegrees>111.85757</LongitudeDegrees>
            </Position>
            <AltitudeMeters>38.66</AltitudeMeters>
            <DistanceMeters>2580.0</DistanceMeters>
            <Extensions>
              <ns3:TPX>
                <ns3:RunCadence>82</ns3:RunCadence>
              </ns3:TPX>
            </Extensions>
            <Cadence>82</Cadence>
          </Trackpoint>
          <Trackpoint>
            <Time>2020-01-06T00:14:25Z</Time>
            <Position>
              <LatitudeDegrees>25.425941</LatitudeDegrees>
              <LongitudeDegrees>111.857688</LongitudeDegrees>
            </Position>
            <AltitudeMeters>38.71</AltitudeMeters>
            <DistanceMeters>2595.0</DistanceMeters>
            <Extensions>
              <ns3:TPX>
                <ns3:RunCadence>82</ns3:RunCadence>
              </ns3:TPX>
            </Extensions>
            <Cadence>82</Cadence>
          </Trackpoint>
          <Trackpoint>
            <Time>2020-01-06T00:14:30Z</Time>
            <Position>
              <LatitudeDegrees>25.426023</LatitudeDegrees>
              <LongitudeDegrees>111.857806</LongitudeDegrees>
            </Position>
            <AltitudeMeters>38.76</AltitudeMeters>
            <DistanceMeters>2610.0</DistanceMeters>
            <Extensions>
              <ns3:TPX>
                <ns3:RunCadence>82</ns3:RunCadence>
              </ns3:TPX>
            </Extensions>
            <Cadence>82</Cadence>
          </Trackpoint>
          <Trackpoint>
            <Time>2020-01-06T00:14:35Z</Time>
            <Position>
              <LatitudeDegrees>25.426108</LatitudeDegrees>
              <LongitudeDegrees>111.857922</LongitudeDegrees>
            </Position>
            <AltitudeMeters>38.81</AltitudeMeters>
            <DistanceMeters>2625.0</DistanceMeters>
            <Extensions>
              <ns3:TPX>
                <ns3:RunCadence>82</ns3:RunCadence>
              </ns3:TPX>
            </Extensions>
            <Cadence>82</Cadence>
          </Trackpoint>
          <Trackpoint>
            <Time>2020-01-06T00:14:40Z</Time>
            <Position>
              <LatitudeDegrees>25.42620</LatitudeDegrees>
              <LongitudeDegrees>111.858035</LongitudeDegrees>
            </Position>
            <AltitudeMeters>38.86</AltitudeMeters>
            <DistanceMeters>2640.0</DistanceMeters>
            <Extensions>
              <ns3:TPX>
                <ns3:RunCadence>82</ns3:RunCadence>
              </ns3:TPX>
            </Extensions>
            <Cadence>82</Cadence>
          </Trackpoint>
          <Trackpoint>
            <Time>2020-01-06T00:14:45Z</Time>
            <Position>
              <LatitudeDegrees>25.426288</LatitudeDegrees>
              <LongitudeDegrees>111.858144</LongitudeDegrees>
            </Position>
            <AltitudeMeters>38.91</AltitudeMeters>
            <DistanceMeters>2655.0</DistanceMeters>
            <Extensions>
              <ns3:TPX>
                <ns3:RunCadence>81</ns3:RunCadence>
              </ns3:TPX>
            </Extensions>
            <Cadence>81</Cadence>
          </Trackpoint>
          <Trackpoint>
            <Time>2020-01-06T00:14:50Z</Time>
            <Position>
              <LatitudeDegrees>25.42638</LatitudeDegrees>
              <LongitudeDegrees>111.858250</LongitudeDegrees>
            </Position>
            <AltitudeMeters>38.97</AltitudeMeters>
            <DistanceMeters>2670.0</DistanceMeters>
            <Extensions>
              <ns3:TPX>
                <ns3:RunCadence>81</ns3:RunCadence>
              </ns3:TPX>
            </Extensions>
            <Cadence>81</Cadence>
          </Trackpoint>
          <Trackpoint>
            <Time>2020-01-06T00:14:55Z</Time>
            <Position>
              <LatitudeDegrees>25.426481</LatitudeDegrees>
              <LongitudeDegrees>111.858353</LongitudeDegrees>
            </Position>
            <AltitudeMeters>39.03</AltitudeMeters>
            <DistanceMeters>2685.0</DistanceMeters>
            <Extensions>
              <ns3:TPX>
                <ns3:RunCadence>81</ns3:RunCadence>
              </ns3:TPX>
            </Extensions>
            <Cadence>81</Cadence>
          </Trackpoint>
          <Trackpoint>
            <Time>2020-01-06T00:15:00Z</Time>
            <Position>
              <LatitudeDegrees>25.426581</LatitudeDegrees>
              <LongitudeDegrees>111.858453</LongitudeDegrees>
            </Position>
            <AltitudeMeters>39.08</AltitudeMeters>
            <DistanceMeters>2700.0</DistanceMeters>
            <Extensions>
              <ns3:TPX>
                <ns3:RunCadence>81</ns3:RunCadence>
              </ns3:TPX>
            </Extensions>
            <Cadence>81</Cadence>
          </Trackpoint>
          <Trackpoint>
            <Time>2020-01-06T00:15:05Z</Time>
            <Position>
              <LatitudeDegrees>25.426685</LatitudeDegrees>
              <LongitudeDegrees>111.858549</LongitudeDegrees>
            </Position>
            <AltitudeMeters>39.14</AltitudeMeters>
            <DistanceMeters>2715.0</DistanceMeters>
            <Extensions>
              <ns3:TPX>
                <ns3:RunCadence>81</ns3:RunCadence>
              </ns3:TPX>
            </Extensions>
            <Cadence>81</Cadence>
          </Trackpoint>
          <Trackpoint>
            <Time>2020-01-06T00:15:10Z</Time>
            <Position>
              <LatitudeDegrees>25.426790</LatitudeDegrees>
              <LongitudeDegrees>111.858642</LongitudeDegrees>
            </Position>
            <AltitudeMeters>39.20</AltitudeMeters>
            <DistanceMeters>2730.0</DistanceMeters>
            <Extensions>
              <ns3:TPX>
                <ns3:RunCadence>81</ns3:RunCadence>
              </ns3:TPX>
            </Extensions>
            <Cadence>81</Cadence>
          </Trackpoint>
          <Trackpoint>
            <Time>2020-01-06T00:15:15Z</Time>
            <Position>
              <LatitudeDegrees>25.426899</LatitudeDegrees>
              <LongitudeDegrees>111.858731</LongitudeDegrees>
            </Position>
            <AltitudeMeters>39.26</AltitudeMeters>
            <DistanceMeters>2745.0</DistanceMeters>
            <Extensions>
              <ns3:TPX>
                <ns3:RunCadence>81</ns3:RunCadence>
              </ns3:TPX>
            </Extensions>
            <Cadence>81</Cadence>
          </Trackpoint>
          <Trackpoint>
            <Time>2020-01-06T00:15:20Z</Time>
            <Position>
              <LatitudeDegrees>25.427010</LatitudeDegrees>
              <LongitudeDegrees>111.858816</LongitudeDegrees>
            </Position>
            <AltitudeMeters>39.32</AltitudeMeters>
            <DistanceMeters>2760.0</DistanceMeters>
            <Extensions>
              <ns3:TPX>
                <ns3:RunCadence>81</ns3:RunCadence>
              </ns3:TPX>
            </Extensions>
            <Cadence>81</Cadence>
          </Trackpoint>
          <Trackpoint>
            <Time>2020-01-06T00:15:25Z</Time>
            <Position>
              <LatitudeDegrees>25.427123</LatitudeDegrees>
              <LongitudeDegrees>111.858897</LongitudeDegrees>
            </Position>
            <AltitudeMeters>39.38</AltitudeMeters>
            <DistanceMeters>2775.0</DistanceMeters>
            <Extensions>
              <ns3:TPX>
                <ns3:RunCadence>81</ns3:RunCadence>
              </ns3:TPX>
            </Extensions>
            <Cadence>81</Cadence>
          </Trackpoint>
          <Trackpoint>
            <Time>2020-01-06T00:15:30Z</Time>
            <Position>
              <LatitudeDegrees>25.427238</LatitudeDegrees>
              <LongitudeDegrees>111.858975</LongitudeDegrees>
            </Position>
            <AltitudeMeters>39.44</AltitudeMeters>
            <DistanceMeters>2790.0</DistanceMeters>
            <Extensions>
              <ns3:TPX>
                <ns3:RunCadence>81</ns3:RunCadence>
              </ns3:TPX>
            </Extensions>
            <Cadence>81</Cadence>
          </Trackpoint>
          <Trackpoint>
            <Time>2020-01-06T00:15:35Z</Time>
            <Position>
              <LatitudeDegrees>25.427356</LatitudeDegrees>
              <LongitudeDegrees>111.859048</LongitudeDegrees>
            </Position>
            <AltitudeMeters>39.50</AltitudeMeters>
            <DistanceMeters>2805.0</DistanceMeters>
            <Extensions>
              <ns3:TPX>
                <ns3:RunCadence>81</ns3:RunCadence>
              </ns3:TPX>
            </Extensions>
            <Cadence>81</Cadence>
          </Trackpoint>
          <Trackpoint>
            <Time>2020-01-06T00:15:40Z</Time>
            <Position>
              <LatitudeDegrees>25.427475</LatitudeDegrees>
              <LongitudeDegrees>111.859117</LongitudeDegrees>
            </Position>
            <AltitudeMeters>39.57</AltitudeMeters>
            <DistanceMeters>2820.0</DistanceMeters>
            <Extensions>
              <ns3:TPX>
                <ns3:RunCadence>81</ns3:RunCadence>
              </ns3:TPX>
            </Extensions>
            <Cadence>81</Cadence>
          </Trackpoint>
          <Trackpoint>
            <Time>2020-01-06T00:15:45Z</Time>
            <Position>
              <LatitudeDegrees>25.427596</LatitudeDegrees>
              <LongitudeDegrees>111.859183</LongitudeDegrees>
            </Position>
            <AltitudeMeters>39.63</AltitudeMeters>
            <DistanceMeters>2835.0</DistanceMeters>
            <Extensions>
              <ns3:TPX>
                <ns3:RunCadence>81</ns3:RunCadence>
              </ns3:TPX>
            </Extensions>
            <Cadence>81</Cadence>
          </Trackpoint>
          <Trackpoint>
            <Time>2020-01-06T00:15:50Z</Time>
            <Position>
              <LatitudeDegrees>25.427720</LatitudeDegrees>
              <LongitudeDegrees>111.859244</LongitudeDegrees>
            </Position>
            <AltitudeMeters>39.69</AltitudeMeters>
            <DistanceMeters>2850.0</DistanceMeters>
            <Extensions>
              <ns3:TPX>
                <ns3:RunCadence>81</ns3:RunCadence>
              </ns3:TPX>
            </Extensions>
            <Cadence>81</Cadence>
          </Trackpoint>
          <Trackpoint>
            <Time>2020-01-06T00:15:55Z</Time>
            <Position>
              <LatitudeDegrees>25.427844</LatitudeDegrees>
              <LongitudeDegrees>111.859301</LongitudeDegrees>
            </Position>
            <AltitudeMeters>39.76</AltitudeMeters>
            <DistanceMeters>2865.0</DistanceMeters>
            <Extensions>
              <ns3:TPX>
                <ns3:RunCadence>81</ns3:RunCadence>
              </ns3:TPX>
            </Extensions>
            <Cadence>81</Cadence>
          </Trackpoint>
          <Trackpoint>
            <Time>2020-01-06T00:16:00Z</Time>
            <Position>
              <LatitudeDegrees>25.427971</LatitudeDegrees>
              <LongitudeDegrees>111.859353</LongitudeDegrees>
            </Position>
            <AltitudeMeters>39.82</AltitudeMeters>
            <DistanceMeters>2880.0</DistanceMeters>
            <Extensions>
              <ns3:TPX>
                <ns3:RunCadence>81</ns3:RunCadence>
              </ns3:TPX>
            </Extensions>
            <Cadence>81</Cadence>
          </Trackpoint>
          <Trackpoint>
            <Time>2020-01-06T00:16:05Z</Time>
            <Position>
              <LatitudeDegrees>25.428098</LatitudeDegrees>
              <LongitudeDegrees>111.859401</LongitudeDegrees>
            </Position>
            <AltitudeMeters>39.89</AltitudeMeters>
            <DistanceMeters>2895.0</DistanceMeters>
            <Extensions>
              <ns3:TPX>
                <ns3:RunCadence>81</ns3:RunCadence>
              </ns3:TPX>
            </Extensions>
            <Cadence>81</Cadence>
          </Trackpoint>
          <Trackpoint>
            <Time>2020-01-06T00:16:10Z</Time>
            <Position>
              <LatitudeDegrees>25.428227</LatitudeDegrees>
              <LongitudeDegrees>111.859445</LongitudeDegrees>
            </Position>
            <AltitudeMeters>39.95</AltitudeMeters>
            <DistanceMeters>2910.0</DistanceMeters>
            <Extensions>
              <ns3:TPX>
                <ns3:RunCadence>81</ns3:RunCadence>
              </ns3:TPX>
            </Extensions>
            <Cadence>81</Cadence>
          </Trackpoint>
          <Trackpoint>
            <Time>2020-01-06T00:16:15Z</Time>
            <Position>
              <LatitudeDegrees>25.428357</LatitudeDegrees>
              <LongitudeDegrees>111.859484</LongitudeDegrees>
            </Position>
            <AltitudeMeters>40.01</AltitudeMeters>
            <DistanceMeters>2925.0</DistanceMeters>
            <Extensions>
              <ns3:TPX>
                <ns3:RunCadence>81</ns3:RunCadence>
              </ns3:TPX>
            </Extensions>
            <Cadence>81</Cadence>
          </Trackpoint>
          <Trackpoint>
            <Time>2020-01-06T00:16:20Z</Time>
            <Position>
              <LatitudeDegrees>25.428489</LatitudeDegrees>
              <LongitudeDegrees>111.859519</LongitudeDegrees>
            </Position>
            <AltitudeMeters>40.08</AltitudeMeters>
            <DistanceMeters>2940.0</DistanceMeters>
            <Extensions>
              <ns3:TPX>
                <ns3:RunCadence>81</ns3:RunCadence>
              </ns3:TPX>
            </Extensions>
            <Cadence>81</Cadence>
          </Trackpoint>
          <Trackpoint>
            <Time>2020-01-06T00:16:25Z</Time>
            <Position>
              <LatitudeDegrees>25.428621</LatitudeDegrees>
              <LongitudeDegrees>111.859549</LongitudeDegrees>
            </Position>
            <AltitudeMeters>40.14</AltitudeMeters>
            <DistanceMeters>2955.0</DistanceMeters>
            <Extensions>
              <ns3:TPX>
                <ns3:RunCadence>82</ns3:RunCadence>
              </ns3:TPX>
            </Extensions>
            <Cadence>82</Cadence>
          </Trackpoint>
          <Trackpoint>
            <Time>2020-01-06T00:16:30Z</Time>
            <Position>
              <LatitudeDegrees>25.42875</LatitudeDegrees>
              <LongitudeDegrees>111.859575</LongitudeDegrees>
            </Position>
            <AltitudeMeters>40.21</AltitudeMeters>
            <DistanceMeters>2970.0</DistanceMeters>
            <Extensions>
              <ns3:TPX>
                <ns3:RunCadence>82</ns3:RunCadence>
              </ns3:TPX>
            </Extensions>
            <Cadence>82</Cadence>
          </Trackpoint>
          <Trackpoint>
            <Time>2020-01-06T00:16:35Z</Time>
            <Position>
              <LatitudeDegrees>25.428887</LatitudeDegrees>
              <LongitudeDegrees>111.859597</LongitudeDegrees>
            </Position>
            <AltitudeMeters>40.27</AltitudeMeters>
            <DistanceMeters>2985.0</DistanceMeters>
            <Extensions>
              <ns3:TPX>
                <ns3:RunCadence>82</ns3:RunCadence>
              </ns3:TPX>
            </Extensions>
            <Cadence>82</Cadence>
          </Trackpoint>
          <Trackpoint>
            <Time>2020-01-06T00:16:40Z</Time>
            <Position>
              <LatitudeDegrees>25.429021</LatitudeDegrees>
              <LongitudeDegrees>111.859613</LongitudeDegrees>
            </Position>
            <AltitudeMeters>40.34</AltitudeMeters>
            <DistanceMeters>3000.0</DistanceMeters>
            <Extensions>
              <ns3:TPX>
                <ns3:RunCadence>82</ns3:RunCadence>
              </ns3:TPX>
            </Extensions>
            <Cadence>82</Cadence>
          </Trackpoint>
          <Trackpoint>
            <Time>2020-01-06T00:16:45Z</Time>
            <Position>
              <LatitudeDegrees>25.429156</LatitudeDegrees>
              <LongitudeDegrees>111.859625</LongitudeDegrees>
            </Position>
            <AltitudeMeters>40.40</AltitudeMeters>
            <DistanceMeters>3015.0</DistanceMeters>
            <Extensions>
              <ns3:TPX>
                <ns3:RunCadence>82</ns3:RunCadence>
              </ns3:TPX>
            </Extensions>
            <Cadence>82</Cadence>
          </Trackpoint>
          <Trackpoint>
            <Time>2020-01-06T00:16:50Z</Time>
            <Position>
              <LatitudeDegrees>25.429290</LatitudeDegrees>
              <LongitudeDegrees>111.859633</LongitudeDegrees>
            </Position>
            <AltitudeMeters>40.46</AltitudeMeters>
            <DistanceMeters>3030.0</DistanceMeters>
            <Extensions>
              <ns3:TPX>
                <ns3:RunCadence>82</ns3:RunCadence>
              </ns3:TPX>
            </Extensions>
            <Cadence>82</Cadence>
          </Trackpoint>
          <Trackpoint>
            <Time>2020-01-06T00:16:55Z</Time>
            <Position>
              <LatitudeDegrees>25.429425</LatitudeDegrees>
              <LongitudeDegrees>111.859635</LongitudeDegrees>
            </Position>
            <AltitudeMeters>40.52</AltitudeMeters>
            <DistanceMeters>3045.0</DistanceMeters>
            <Extensions>
              <ns3:TPX>
                <ns3:RunCadence>82</ns3:RunCadence>
              </ns3:TPX>
            </Extensions>
            <Cadence>82</Cadence>
          </Trackpoint>
          <Trackpoint>
            <Time>2020-01-06T00:17:00Z</Time>
            <Position>
              <LatitudeDegrees>25.429560</LatitudeDegrees>
              <LongitudeDegrees>111.859634</LongitudeDegrees>
            </Position>
            <AltitudeMeters>40.59</AltitudeMeters>
            <DistanceMeters>3060.0</DistanceMeters>
            <Extensions>
              <ns3:TPX>
                <ns3:RunCadence>82</ns3:RunCadence>
              </ns3:TPX>
            </Extensions>
            <Cadence>82</Cadence>
          </Trackpoint>
          <Trackpoint>
            <Time>2020-01-06T00:17:05Z</Time>
            <Position>
              <LatitudeDegrees>25.429695</LatitudeDegrees>
              <LongitudeDegrees>111.859627</LongitudeDegrees>
            </Position>
            <AltitudeMeters>40.65</AltitudeMeters>
            <DistanceMeters>3075.0</DistanceMeters>
            <Extensions>
              <ns3:TPX>
                <ns3:RunCadence>83</ns3:RunCadence>
              </ns3:TPX>
            </Extensions>
            <Cadence>83</Cadence>
          </Trackpoint>
          <Trackpoint>
            <Time>2020-01-06T00:17:10Z</Time>
            <Position>
              <LatitudeDegrees>25.429829</LatitudeDegrees>
              <LongitudeDegrees>111.859616</LongitudeDegrees>
            </Position>
            <AltitudeMeters>40.71</AltitudeMeters>
            <DistanceMeters>3090.0</DistanceMeters>
            <Extensions>
              <ns3:TPX>
                <ns3:RunCadence>83</ns3:RunCadence>
              </ns3:TPX>
            </Extensions>
            <Cadence>83</Cadence>
          </Trackpoint>
          <Trackpoint>
            <Time>2020-01-06T00:17:15Z</Time>
            <Position>
              <LatitudeDegrees>25.429963</LatitudeDegrees>
              <LongitudeDegrees>111.859601</LongitudeDegrees>
            </Position>
            <AltitudeMeters>40.77</AltitudeMeters>
            <DistanceMeters>3105.0</DistanceMeters>
            <Extensions>
              <ns3:TPX>
                <ns3:RunCadence>83</ns3:RunCadence>
              </ns3:TPX>
            </Extensions>
            <Cadence>83</Cadence>
          </Trackpoint>
          <Trackpoint>
            <Time>2020-01-06T00:17:20Z</Time>
            <Position>
              <LatitudeDegrees>25.430097</LatitudeDegrees>
              <LongitudeDegrees>111.85958</LongitudeDegrees>
            </Position>
            <AltitudeMeters>40.83</AltitudeMeters>
            <DistanceMeters>3120.0</DistanceMeters>
            <Extensions>
              <ns3:TPX>
                <ns3:RunCadence>83</ns3:RunCadence>
              </ns3:TPX>
            </Extensions>
            <Cadence>83</Cadence>
          </Trackpoint>
          <Trackpoint>
            <Time>2020-01-06T00:17:25Z</Time>
            <Position>
              <LatitudeDegrees>25.430230</LatitudeDegrees>
              <LongitudeDegrees>111.859556</LongitudeDegrees>
            </Position>
            <AltitudeMeters>40.89</AltitudeMeters>
            <DistanceMeters>3135.0</DistanceMeters>
            <Extensions>
              <ns3:TPX>
                <ns3:RunCadence>83</ns3:RunCadence>
              </ns3:TPX>
            </Extensions>
            <Cadence>83</Cadence>
          </Trackpoint>
          <Trackpoint>
            <Time>2020-01-06T00:17:30Z</Time>
            <Position>
              <LatitudeDegrees>25.430362</LatitudeDegrees>
              <LongitudeDegrees>111.859526</LongitudeDegrees>
            </Position>
            <AltitudeMeters>40.94</AltitudeMeters>
            <DistanceMeters>3150.0</DistanceMeters>
            <Extensions>
              <ns3:TPX>
                <ns3:RunCadence>83</ns3:RunCadence>
              </ns3:TPX>
            </Extensions>
            <Cadence>83</Cadence>
          </Trackpoint>
          <Trackpoint>
            <Time>2020-01-06T00:17:35Z</Time>
            <Position>
              <LatitudeDegrees>25.430494</LatitudeDegrees>
              <LongitudeDegrees>111.859492</LongitudeDegrees>
            </Position>
            <AltitudeMeters>41.00</AltitudeMeters>
            <DistanceMeters>3165.0</DistanceMeters>
            <Extensions>
              <ns3:TPX>
                <ns3:RunCadence>84</ns3:RunCadence>
              </ns3:TPX>
            </Extensions>
            <Cadence>84</Cadence>
          </Trackpoint>
          <Trackpoint>
            <Time>2020-01-06T00:17:40Z</Time>
            <Position>
              <LatitudeDegrees>25.430624</LatitudeDegrees>
              <LongitudeDegrees>111.859454</LongitudeDegrees>
            </Position>
            <AltitudeMeters>41.05</AltitudeMeters>
            <DistanceMeters>3180.0</DistanceMeters>
            <Extensions>
              <ns3:TPX>
                <ns3:RunCadence>84</ns3:RunCadence>
              </ns3:TPX>
            </Extensions>
            <Cadence>84</Cadence>
          </Trackpoint>
          <Trackpoint>
            <Time>2020-01-06T00:17:45Z</Time>
            <Position>
              <LatitudeDegrees>25.430753</LatitudeDegrees>
              <LongitudeDegrees>111.859411</LongitudeDegrees>
            </Position>
            <AltitudeMeters>41.11</AltitudeMeters>
            <DistanceMeters>3195.0</DistanceMeters>
            <Extensions>
              <ns3:TPX>
                <ns3:RunCadence>84</ns3:RunCadence>
              </ns3:TPX>
            </Extensions>
            <Cadence>84</Cadence>
          </Trackpoint>
          <Trackpoint>
            <Time>2020-01-06T00:17:50Z</Time>
            <Position>
              <LatitudeDegrees>25.430881</LatitudeDegrees>
              <LongitudeDegrees>111.859364</LongitudeDegrees>
            </Position>
            <AltitudeMeters>41.16</AltitudeMeters>
            <DistanceMeters>3210.0</DistanceMeters>
            <Extensions>
              <ns3:TPX>
                <ns3:RunCadence>84</ns3:RunCadence>
              </ns3:TPX>
            </Extensions>
            <Cadence>84</Cadence>
          </Trackpoint>
          <Trackpoint>
            <Time>2020-01-06T00:17:55Z</Time>
            <Position>
              <LatitudeDegrees>25.43101</LatitudeDegrees>
              <LongitudeDegrees>111.859313</LongitudeDegrees>
            </Position>
            <AltitudeMeters>41.2</AltitudeMeters>
            <DistanceMeters>3225.0</DistanceMeters>
            <Extensions>
              <ns3:TPX>
                <ns3:RunCadence>84</ns3:RunCadence>
              </ns3:TPX>
            </Extensions>
            <Cadence>84</Cadence>
          </Trackpoint>
          <Trackpoint>
            <Time>2020-01-06T00:18:00Z</Time>
            <Position>
              <LatitudeDegrees>25.431133</LatitudeDegrees>
              <LongitudeDegrees>111.8593</LongitudeDegrees>
            </Position>
            <AltitudeMeters>41.26</AltitudeMeters>
            <DistanceMeters>3240.0</DistanceMeters>
            <Extensions>
              <ns3:TPX>
                <ns3:RunCadence>84</ns3:RunCadence>
              </ns3:TPX>
            </Extensions>
            <Cadence>84</Cadence>
          </Trackpoint>
          <Trackpoint>
            <Time>2020-01-06T00:18:05Z</Time>
            <Position>
              <LatitudeDegrees>25.431257</LatitudeDegrees>
              <LongitudeDegrees>111.859197</LongitudeDegrees>
            </Position>
            <AltitudeMeters>41.31</AltitudeMeters>
            <DistanceMeters>3255.0</DistanceMeters>
            <Extensions>
              <ns3:TPX>
                <ns3:RunCadence>85</ns3:RunCadence>
              </ns3:TPX>
            </Extensions>
            <Cadence>85</Cadence>
          </Trackpoint>
          <Trackpoint>
            <Time>2020-01-06T00:18:10Z</Time>
            <Position>
              <LatitudeDegrees>25.431378</LatitudeDegrees>
              <LongitudeDegrees>111.859132</LongitudeDegrees>
            </Position>
            <AltitudeMeters>41.36</AltitudeMeters>
            <DistanceMeters>3270.0</DistanceMeters>
            <Extensions>
              <ns3:TPX>
                <ns3:RunCadence>85</ns3:RunCadence>
              </ns3:TPX>
            </Extensions>
            <Cadence>85</Cadence>
          </Trackpoint>
          <Trackpoint>
            <Time>2020-01-06T00:18:15Z</Time>
            <Position>
              <LatitudeDegrees>25.431498</LatitudeDegrees>
              <LongitudeDegrees>111.859064</LongitudeDegrees>
            </Position>
            <AltitudeMeters>41.41</AltitudeMeters>
            <DistanceMeters>3285.0</DistanceMeters>
            <Extensions>
              <ns3:TPX>
                <ns3:RunCadence>85</ns3:RunCadence>
              </ns3:TPX>
            </Extensions>
            <Cadence>85</Cadence>
          </Trackpoint>
          <Trackpoint>
            <Time>2020-01-06T00:18:20Z</Time>
            <Position>
              <LatitudeDegrees>25.431616</LatitudeDegrees>
              <LongitudeDegrees>111.858991</LongitudeDegrees>
            </Position>
            <AltitudeMeters>41.45</AltitudeMeters>
            <DistanceMeters>3300.0</DistanceMeters>
            <Extensions>
              <ns3:TPX>
                <ns3:RunCadence>85</ns3:RunCadence>
              </ns3:TPX>
            </Extensions>
            <Cadence>85</Cadence>
          </Trackpoint>
          <Trackpoint>
            <Time>2020-01-06T00:18:25Z</Time>
            <Position>
              <LatitudeDegrees>25.431732</LatitudeDegrees>
              <LongitudeDegrees>111.858915</LongitudeDegrees>
            </Position>
            <AltitudeMeters>41.50</AltitudeMeters>
            <DistanceMeters>3315.0</DistanceMeters>
            <Extensions>
              <ns3:TPX>
                <ns3:RunCadence>85</ns3:RunCadence>
              </ns3:TPX>
            </Extensions>
            <Cadence>85</Cadence>
          </Trackpoint>
          <Trackpoint>
            <Time>2020-01-06T00:18:30Z</Time>
            <Position>
              <LatitudeDegrees>25.431846</LatitudeDegrees>
              <LongitudeDegrees>111.858834</LongitudeDegrees>
            </Position>
            <AltitudeMeters>41.54</AltitudeMeters>
            <DistanceMeters>3330.0</DistanceMeters>
            <Extensions>
              <ns3:TPX>
                <ns3:RunCadence>85</ns3:RunCadence>
              </ns3:TPX>
            </Extensions>
            <Cadence>85</Cadence>
          </Trackpoint>
          <Trackpoint>
            <Time>2020-01-06T00:18:35Z</Time>
            <Position>
              <LatitudeDegrees>25.431957</LatitudeDegrees>
              <LongitudeDegrees>111.858750</LongitudeDegrees>
            </Position>
            <AltitudeMeters>41.58</AltitudeMeters>
            <DistanceMeters>3345.0</DistanceMeters>
            <Extensions>
              <ns3:TPX>
                <ns3:RunCadence>86</ns3:RunCadence>
              </ns3:TPX>
            </Extensions>
            <Cadence>86</Cadence>
          </Trackpoint>
          <Trackpoint>
            <Time>2020-01-06T00:18:40Z</Time>
            <Position>
              <LatitudeDegrees>25.432066</LatitudeDegrees>
              <LongitudeDegrees>111.858662</LongitudeDegrees>
            </Position>
            <AltitudeMeters>41.6</AltitudeMeters>
            <DistanceMeters>3360.0</DistanceMeters>
            <Extensions>
              <ns3:TPX>
                <ns3:RunCadence>86</ns3:RunCadence>
              </ns3:TPX>
            </Extensions>
            <Cadence>86</Cadence>
          </Trackpoint>
          <Trackpoint>
            <Time>2020-01-06T00:18:45Z</Time>
            <Position>
              <LatitudeDegrees>25.432172</LatitudeDegrees>
              <LongitudeDegrees>111.858570</LongitudeDegrees>
            </Position>
            <AltitudeMeters>41.7</AltitudeMeters>
            <DistanceMeters>3375.0</DistanceMeters>
            <Extensions>
              <ns3:TPX>
                <ns3:RunCadence>86</ns3:RunCadence>
              </ns3:TPX>
            </Extensions>
            <Cadence>86</Cadence>
          </Trackpoint>
          <Trackpoint>
            <Time>2020-01-06T00:18:50Z</Time>
            <Position>
              <LatitudeDegrees>25.432276</LatitudeDegrees>
              <LongitudeDegrees>111.858475</LongitudeDegrees>
            </Position>
            <AltitudeMeters>41.69</AltitudeMeters>
            <DistanceMeters>3390.0</DistanceMeters>
            <Extensions>
              <ns3:TPX>
                <ns3:RunCadence>86</ns3:RunCadence>
              </ns3:TPX>
            </Extensions>
            <Cadence>86</Cadence>
          </Trackpoint>
          <Trackpoint>
            <Time>2020-01-06T00:18:55Z</Time>
            <Position>
              <LatitudeDegrees>25.432377</LatitudeDegrees>
              <LongitudeDegrees>111.858376</LongitudeDegrees>
            </Position>
            <AltitudeMeters>41.72</AltitudeMeters>
            <DistanceMeters>3405.0</DistanceMeters>
            <Extensions>
              <ns3:TPX>
                <ns3:RunCadence>86</ns3:RunCadence>
              </ns3:TPX>
            </Extensions>
            <Cadence>86</Cadence>
          </Trackpoint>
          <Trackpoint>
            <Time>2020-01-06T00:19:00Z</Time>
            <Position>
              <LatitudeDegrees>25.432476</LatitudeDegrees>
              <LongitudeDegrees>111.858274</LongitudeDegrees>
            </Position>
            <AltitudeMeters>41.76</AltitudeMeters>
            <DistanceMeters>3420.0</DistanceMeters>
            <Extensions>
              <ns3:TPX>
                <ns3:RunCadence>86</ns3:RunCadence>
              </ns3:TPX>
            </Extensions>
            <Cadence>86</Cadence>
          </Trackpoint>
          <Trackpoint>
            <Time>2020-01-06T00:19:05Z</Time>
            <Position>
              <LatitudeDegrees>25.432571</LatitudeDegrees>
              <LongitudeDegrees>111.858168</LongitudeDegrees>
            </Position>
            <AltitudeMeters>41.79</AltitudeMeters>
            <DistanceMeters>3435.0</DistanceMeters>
            <Extensions>
              <ns3:TPX>
                <ns3:RunCadence>86</ns3:RunCadence>
              </ns3:TPX>
            </Extensions>
            <Cadence>86</Cadence>
          </Trackpoint>
          <Trackpoint>
            <Time>2020-01-06T00:19:10Z</Time>
            <Position>
              <LatitudeDegrees>25.432663</LatitudeDegrees>
              <LongitudeDegrees>111.858059</LongitudeDegrees>
            </Position>
            <AltitudeMeters>41.81</AltitudeMeters>
            <DistanceMeters>3450.0</DistanceMeters>
            <Extensions>
              <ns3:TPX>
                <ns3:RunCadence>86</ns3:RunCadence>
              </ns3:TPX>
            </Extensions>
            <Cadence>86</Cadence>
          </Trackpoint>
          <Trackpoint>
            <Time>2020-01-06T00:19:15Z</Time>
            <Position>
              <LatitudeDegrees>25.432753</LatitudeDegrees>
              <LongitudeDegrees>111.857947</LongitudeDegrees>
            </Position>
            <AltitudeMeters>41.84</AltitudeMeters>
            <DistanceMeters>3465.0</DistanceMeters>
            <Extensions>
              <ns3:TPX>
                <ns3:RunCadence>87</ns3:RunCadence>
              </ns3:TPX>
            </Extensions>
            <Cadence>87</Cadence>
          </Trackpoint>
          <Trackpoint>
            <Time>2020-01-06T00:19:20Z</Time>
            <Position>
              <LatitudeDegrees>25.432839</LatitudeDegrees>
              <LongitudeDegrees>111.857832</LongitudeDegrees>
            </Position>
            <AltitudeMeters>41.86</AltitudeMeters>
            <DistanceMeters>3480.0</DistanceMeters>
            <Extensions>
              <ns3:TPX>
                <ns3:RunCadence>87</ns3:RunCadence>
              </ns3:TPX>
            </Extensions>
            <Cadence>87</Cadence>
          </Trackpoint>
          <Trackpoint>
            <Time>2020-01-06T00:19:25Z</Time>
            <Position>
              <LatitudeDegrees>25.432922</LatitudeDegrees>
              <LongitudeDegrees>111.857714</LongitudeDegrees>
            </Position>
            <AltitudeMeters>41.89</AltitudeMeters>
            <DistanceMeters>3495.0</DistanceMeters>
            <Extensions>
              <ns3:TPX>
                <ns3:RunCadence>87</ns3:RunCadence>
              </ns3:TPX>
            </Extensions>
            <Cadence>87</Cadence>
          </Trackpoint>
          <Trackpoint>
            <Time>2020-01-06T00:19:30Z</Time>
            <Position>
              <LatitudeDegrees>25.433001</LatitudeDegrees>
              <LongitudeDegrees>111.85759</LongitudeDegrees>
            </Position>
            <AltitudeMeters>41.91</AltitudeMeters>
            <DistanceMeters>3510.0</DistanceMeters>
            <Extensions>
              <ns3:TPX>
                <ns3:RunCadence>87</ns3:RunCadence>
              </ns3:TPX>
            </Extensions>
            <Cadence>87</Cadence>
          </Trackpoint>
          <Trackpoint>
            <Time>2020-01-06T00:19:35Z</Time>
            <Position>
              <LatitudeDegrees>25.433077</LatitudeDegrees>
              <LongitudeDegrees>111.857471</LongitudeDegrees>
            </Position>
            <AltitudeMeters>41.93</AltitudeMeters>
            <DistanceMeters>3525.0</DistanceMeters>
            <Extensions>
              <ns3:TPX>
                <ns3:RunCadence>87</ns3:RunCadence>
              </ns3:TPX>
            </Extensions>
            <Cadence>87</Cadence>
          </Trackpoint>
          <Trackpoint>
            <Time>2020-01-06T00:19:40Z</Time>
            <Position>
              <LatitudeDegrees>25.433150</LatitudeDegrees>
              <LongitudeDegrees>111.857345</LongitudeDegrees>
            </Position>
            <AltitudeMeters>41.94</AltitudeMeters>
            <DistanceMeters>3540.0</DistanceMeters>
            <Extensions>
              <ns3:TPX>
                <ns3:RunCadence>87</ns3:RunCadence>
              </ns3:TPX>
            </Extensions>
            <Cadence>87</Cadence>
          </Trackpoint>
          <Trackpoint>
            <Time>2020-01-06T00:19:45Z</Time>
            <Position>
              <LatitudeDegrees>25.43322</LatitudeDegrees>
              <LongitudeDegrees>111.857216</LongitudeDegrees>
            </Position>
            <AltitudeMeters>41.96</AltitudeMeters>
            <DistanceMeters>3555.0</DistanceMeters>
            <Extensions>
              <ns3:TPX>
                <ns3:RunCadence>87</ns3:RunCadence>
              </ns3:TPX>
            </Extensions>
            <Cadence>87</Cadence>
          </Trackpoint>
          <Trackpoint>
            <Time>2020-01-06T00:19:50Z</Time>
            <Position>
              <LatitudeDegrees>25.433285</LatitudeDegrees>
              <LongitudeDegrees>111.857086</LongitudeDegrees>
            </Position>
            <AltitudeMeters>41.97</AltitudeMeters>
            <DistanceMeters>3570.0</DistanceMeters>
            <Extensions>
              <ns3:TPX>
                <ns3:RunCadence>87</ns3:RunCadence>
              </ns3:TPX>
            </Extensions>
            <Cadence>87</Cadence>
          </Trackpoint>
          <Trackpoint>
            <Time>2020-01-06T00:19:55Z</Time>
            <Position>
              <LatitudeDegrees>25.433346</LatitudeDegrees>
              <LongitudeDegrees>111.856953</LongitudeDegrees>
            </Position>
            <AltitudeMeters>41.98</AltitudeMeters>
            <DistanceMeters>3585.0</DistanceMeters>
            <Extensions>
              <ns3:TPX>
                <ns3:RunCadence>87</ns3:RunCadence>
              </ns3:TPX>
            </Extensions>
            <Cadence>87</Cadence>
          </Trackpoint>
          <Trackpoint>
            <Time>2020-01-06T00:20:00Z</Time>
            <Position>
              <LatitudeDegrees>25.433405</LatitudeDegrees>
              <LongitudeDegrees>111.856818</LongitudeDegrees>
            </Position>
            <AltitudeMeters>41.99</AltitudeMeters>
            <DistanceMeters>3600.0</DistanceMeters>
            <Extensions>
              <ns3:TPX>
                <ns3:RunCadence>87</ns3:RunCadence>
              </ns3:TPX>
            </Extensions>
            <Cadence>87</Cadence>
          </Trackpoint>
          <Trackpoint>
            <Time>2020-01-06T00:20:05Z</Time>
            <Position>
              <LatitudeDegrees>25.433459</LatitudeDegrees>
              <LongitudeDegrees>111.856682</LongitudeDegrees>
            </Position>
            <AltitudeMeters>41.99</AltitudeMeters>
            <DistanceMeters>3615.0</DistanceMeters>
            <Extensions>
              <ns3:TPX>
                <ns3:RunCadence>87</ns3:RunCadence>
              </ns3:TPX>
            </Extensions>
            <Cadence>87</Cadence>
          </Trackpoint>
          <Trackpoint>
            <Time>2020-01-06T00:20:10Z</Time>
            <Position>
              <LatitudeDegrees>25.43351</LatitudeDegrees>
              <LongitudeDegrees>111.856543</LongitudeDegrees>
            </Position>
            <AltitudeMeters>42.00</AltitudeMeters>
            <DistanceMeters>3630.0</DistanceMeters>
            <Extensions>
              <ns3:TPX>
                <ns3:RunCadence>87</ns3:RunCadence>
              </ns3:TPX>
            </Extensions>
            <Cadence>87</Cadence>
          </Trackpoint>
          <Trackpoint>
            <Time>2020-01-06T00:20:15Z</Time>
            <Position>
              <LatitudeDegrees>25.433556</LatitudeDegrees>
              <LongitudeDegrees>111.856403</LongitudeDegrees>
            </Position>
            <AltitudeMeters>42.00</AltitudeMeters>
            <DistanceMeters>3645.0</DistanceMeters>
            <Extensions>
              <ns3:TPX>
                <ns3:RunCadence>87</ns3:RunCadence>
              </ns3:TPX>
            </Extensions>
            <Cadence>87</Cadence>
          </Trackpoint>
          <Trackpoint>
            <Time>2020-01-06T00:20:20Z</Time>
            <Position>
              <LatitudeDegrees>25.433598</LatitudeDegrees>
              <LongitudeDegrees>111.856261</LongitudeDegrees>
            </Position>
            <AltitudeMeters>42.00</AltitudeMeters>
            <DistanceMeters>3660.0</DistanceMeters>
            <Extensions>
              <ns3:TPX>
                <ns3:RunCadence>87</ns3:RunCadence>
              </ns3:TPX>
            </Extensions>
            <Cadence>87</Cadence>
          </Trackpoint>
          <Trackpoint>
            <Time>2020-01-06T00:20:25Z</Time>
            <Position>
              <LatitudeDegrees>25.433637</LatitudeDegrees>
              <LongitudeDegrees>111.856118</LongitudeDegrees>
            </Position>
            <AltitudeMeters>42.00</AltitudeMeters>
            <DistanceMeters>3675.0</DistanceMeters>
            <Extensions>
              <ns3:TPX>
                <ns3:RunCadence>87</ns3:RunCadence>
              </ns3:TPX>
            </Extensions>
            <Cadence>87</Cadence>
          </Trackpoint>
          <Trackpoint>
            <Time>2020-01-06T00:20:30Z</Time>
            <Position>
              <LatitudeDegrees>25.433672</LatitudeDegrees>
              <LongitudeDegrees>111.85597</LongitudeDegrees>
            </Position>
            <AltitudeMeters>41.99</AltitudeMeters>
            <DistanceMeters>3690.0</DistanceMeters>
            <Extensions>
              <ns3:TPX>
                <ns3:RunCadence>87</ns3:RunCadence>
              </ns3:TPX>
            </Extensions>
            <Cadence>87</Cadence>
          </Trackpoint>
          <Trackpoint>
            <Time>2020-01-06T00:20:35Z</Time>
            <Position>
              <LatitudeDegrees>25.433702</LatitudeDegrees>
              <LongitudeDegrees>111.855828</LongitudeDegrees>
            </Position>
            <AltitudeMeters>41.99</AltitudeMeters>
            <DistanceMeters>3705.0</DistanceMeters>
            <Extensions>
              <ns3:TPX>
                <ns3:RunCadence>87</ns3:RunCadence>
              </ns3:TPX>
            </Extensions>
            <Cadence>87</Cadence>
          </Trackpoint>
          <Trackpoint>
            <Time>2020-01-06T00:20:40Z</Time>
            <Position>
              <LatitudeDegrees>25.433729</LatitudeDegrees>
              <LongitudeDegrees>111.855682</LongitudeDegrees>
            </Position>
            <AltitudeMeters>41.98</AltitudeMeters>
            <DistanceMeters>3720.0</DistanceMeters>
            <Extensions>
              <ns3:TPX>
                <ns3:RunCadence>87</ns3:RunCadence>
              </ns3:TPX>
            </Extensions>
            <Cadence>87</Cadence>
          </Trackpoint>
          <Trackpoint>
            <Time>2020-01-06T00:20:45Z</Time>
            <Position>
              <LatitudeDegrees>25.433751</LatitudeDegrees>
              <LongitudeDegrees>111.85553</LongitudeDegrees>
            </Position>
            <AltitudeMeters>41.97</AltitudeMeters>
            <DistanceMeters>3735.0</DistanceMeters>
            <Extensions>
              <ns3:TPX>
                <ns3:RunCadence>87</ns3:RunCadence>
              </ns3:TPX>
            </Extensions>
            <Cadence>87</Cadence>
          </Trackpoint>
          <Trackpoint>
            <Time>2020-01-06T00:20:50Z</Time>
            <Position>
              <LatitudeDegrees>25.433769</LatitudeDegrees>
              <LongitudeDegrees>111.855386</LongitudeDegrees>
            </Position>
            <AltitudeMeters>41.96</AltitudeMeters>
            <DistanceMeters>3750.0</DistanceMeters>
            <Extensions>
              <ns3:TPX>
                <ns3:RunCadence>87</ns3:RunCadence>
              </ns3:TPX>
            </Extensions>
            <Cadence>87</Cadence>
          </Trackpoint>
          <Trackpoint>
            <Time>2020-01-06T00:20:55Z</Time>
            <Position>
              <LatitudeDegrees>25.433783</LatitudeDegrees>
              <LongitudeDegrees>111.855238</LongitudeDegrees>
            </Position>
            <AltitudeMeters>41.94</AltitudeMeters>
            <DistanceMeters>3765.0</DistanceMeters>
            <Extensions>
              <ns3:TPX>
                <ns3:RunCadence>86</ns3:RunCadence>
              </ns3:TPX>
            </Extensions>
            <Cadence>86</Cadence>
          </Trackpoint>
          <Trackpoint>
            <Time>2020-01-06T00:21:00Z</Time>
            <Position>
              <LatitudeDegrees>25.433793</LatitudeDegrees>
              <LongitudeDegrees>111.855089</LongitudeDegrees>
            </Position>
            <AltitudeMeters>41.92</AltitudeMeters>
            <DistanceMeters>3780.0</DistanceMeters>
            <Extensions>
              <ns3:TPX>
                <ns3:RunCadence>86</ns3:RunCadence>
              </ns3:TPX>
            </Extensions>
            <Cadence>86</Cadence>
          </Trackpoint>
          <Trackpoint>
            <Time>2020-01-06T00:21:05Z</Time>
            <Position>
              <LatitudeDegrees>25.433799</LatitudeDegrees>
              <LongitudeDegrees>111.854940</LongitudeDegrees>
            </Position>
            <AltitudeMeters>41.91</AltitudeMeters>
            <DistanceMeters>3795.0</DistanceMeters>
            <Extensions>
              <ns3:TPX>
                <ns3:RunCadence>86</ns3:RunCadence>
              </ns3:TPX>
            </Extensions>
            <Cadence>86</Cadence>
          </Trackpoint>
          <Trackpoint>
            <Time>2020-01-06T00:21:10Z</Time>
            <Position>
              <LatitudeDegrees>25.433801</LatitudeDegrees>
              <LongitudeDegrees>111.854790</LongitudeDegrees>
            </Position>
            <AltitudeMeters>41.89</AltitudeMeters>
            <DistanceMeters>3810.0</DistanceMeters>
            <Extensions>
              <ns3:TPX>
                <ns3:RunCadence>86</ns3:RunCadence>
              </ns3:TPX>
            </Extensions>
            <Cadence>86</Cadence>
          </Trackpoint>
          <Trackpoint>
            <Time>2020-01-06T00:21:15Z</Time>
            <Position>
              <LatitudeDegrees>25.433798</LatitudeDegrees>
              <LongitudeDegrees>111.854641</LongitudeDegrees>
            </Position>
            <AltitudeMeters>41.86</AltitudeMeters>
            <DistanceMeters>3825.0</DistanceMeters>
            <Extensions>
              <ns3:TPX>
                <ns3:RunCadence>86</ns3:RunCadence>
              </ns3:TPX>
            </Extensions>
            <Cadence>86</Cadence>
          </Trackpoint>
          <Trackpoint>
            <Time>2020-01-06T00:21:20Z</Time>
            <Position>
              <LatitudeDegrees>25.433792</LatitudeDegrees>
              <LongitudeDegrees>111.854492</LongitudeDegrees>
            </Position>
            <AltitudeMeters>41.84</AltitudeMeters>
            <DistanceMeters>3840.0</DistanceMeters>
            <Extensions>
              <ns3:TPX>
                <ns3:RunCadence>86</ns3:RunCadence>
              </ns3:TPX>
            </Extensions>
            <Cadence>86</Cadence>
          </Trackpoint>
          <Trackpoint>
            <Time>2020-01-06T00:21:25Z</Time>
            <Position>
              <LatitudeDegrees>25.433781</LatitudeDegrees>
              <LongitudeDegrees>111.854343</LongitudeDegrees>
            </Position>
            <AltitudeMeters>41.81</AltitudeMeters>
            <DistanceMeters>3855.0</DistanceMeters>
            <Extensions>
              <ns3:TPX>
                <ns3:RunCadence>86</ns3:RunCadence>
              </ns3:TPX>
            </Extensions>
            <Cadence>86</Cadence>
          </Trackpoint>
          <Trackpoint>
            <Time>2020-01-06T00:21:30Z</Time>
            <Position>
              <LatitudeDegrees>25.433766</LatitudeDegrees>
              <LongitudeDegrees>111.854195</LongitudeDegrees>
            </Position>
            <AltitudeMeters>41.78</AltitudeMeters>
            <DistanceMeters>3870.0</DistanceMeters>
            <Extensions>
              <ns3:TPX>
                <ns3:RunCadence>86</ns3:RunCadence>
              </ns3:TPX>
            </Extensions>
            <Cadence>86</Cadence>
          </Trackpoint>
          <Trackpoint>
            <Time>2020-01-06T00:21:35Z</Time>
            <Position>
              <LatitudeDegrees>25.433746</LatitudeDegrees>
              <LongitudeDegrees>111.854047</LongitudeDegrees>
            </Position>
            <AltitudeMeters>41.75</AltitudeMeters>
            <DistanceMeters>3885.0</DistanceMeters>
            <Extensions>
              <ns3:TPX>
                <ns3:RunCadence>85</ns3:RunCadence>
              </ns3:TPX>
            </Extensions>
            <Cadence>85</Cadence>
          </Trackpoint>
          <Trackpoint>
            <Time>2020-01-06T00:21:40Z</Time>
            <Position>
              <LatitudeDegrees>25.433723</LatitudeDegrees>
              <LongitudeDegrees>111.853900</LongitudeDegrees>
            </Position>
            <AltitudeMeters>41.72</AltitudeMeters>
            <DistanceMeters>3900.0</DistanceMeters>
            <Extensions>
              <ns3:TPX>
                <ns3:RunCadence>85</ns3:RunCadence>
              </ns3:TPX>
            </Extensions>
            <Cadence>85</Cadence>
          </Trackpoint>
          <Trackpoint>
            <Time>2020-01-06T00:21:45Z</Time>
            <Position>
              <LatitudeDegrees>25.43370</LatitudeDegrees>
              <LongitudeDegrees>111.853753</LongitudeDegrees>
            </Position>
            <AltitudeMeters>41.7</AltitudeMeters>
            <DistanceMeters>3915.0</DistanceMeters>
            <Extensions>
              <ns3:TPX>
                <ns3:RunCadence>85</ns3:RunCadence>
              </ns3:TPX>
            </Extensions>
            <Cadence>85</Cadence>
          </Trackpoint>
          <Trackpoint>
            <Time>2020-01-06T00:21:50Z</Time>
            <Position>
              <LatitudeDegrees>25.433664</LatitudeDegrees>
              <LongitudeDegrees>111.853608</LongitudeDegrees>
            </Position>
            <AltitudeMeters>41.65</AltitudeMeters>
            <DistanceMeters>3930.0</DistanceMeters>
            <Extensions>
              <ns3:TPX>
                <ns3:RunCadence>85</ns3:RunCadence>
              </ns3:TPX>
            </Extensions>
            <Cadence>85</Cadence>
          </Trackpoint>
          <Trackpoint>
            <Time>2020-01-06T00:21:55Z</Time>
            <Position>
              <LatitudeDegrees>25.433629</LatitudeDegrees>
              <LongitudeDegrees>111.853464</LongitudeDegrees>
            </Position>
            <AltitudeMeters>41.62</AltitudeMeters>
            <DistanceMeters>3945.0</DistanceMeters>
            <Extensions>
              <ns3:TPX>
                <ns3:RunCadence>85</ns3:RunCadence>
              </ns3:TPX>
            </Extensions>
            <Cadence>85</Cadence>
          </Trackpoint>
          <Trackpoint>
            <Time>2020-01-06T00:22:00Z</Time>
            <Position>
              <LatitudeDegrees>25.433589</LatitudeDegrees>
              <LongitudeDegrees>111.853321</LongitudeDegrees>
            </Position>
            <AltitudeMeters>41.58</AltitudeMeters>
            <DistanceMeters>3960.0</DistanceMeters>
            <Extensions>
              <ns3:TPX>
                <ns3:RunCadence>85</ns3:RunCadence>
              </ns3:TPX>
            </Extensions>
            <Cadence>85</Cadence>
          </Trackpoint>
          <Trackpoint>
            <Time>2020-01-06T00:22:05Z</Time>
            <Position>
              <LatitudeDegrees>25.433546</LatitudeDegrees>
              <LongitudeDegrees>111.85318</LongitudeDegrees>
            </Position>
            <AltitudeMeters>41.54</AltitudeMeters>
            <DistanceMeters>3975.0</DistanceMeters>
            <Extensions>
              <ns3:TPX>
                <ns3:RunCadence>84</ns3:RunCadence>
              </ns3:TPX>
            </Extensions>
            <Cadence>84</Cadence>
          </Trackpoint>
          <Trackpoint>
            <Time>2020-01-06T00:22:10Z</Time>
            <Position>
              <LatitudeDegrees>25.433498</LatitudeDegrees>
              <LongitudeDegrees>111.853040</LongitudeDegrees>
            </Position>
            <AltitudeMeters>41.49</AltitudeMeters>
            <DistanceMeters>3990.0</DistanceMeters>
            <Extensions>
              <ns3:TPX>
                <ns3:RunCadence>84</ns3:RunCadence>
              </ns3:TPX>
            </Extensions>
            <Cadence>84</Cadence>
          </Trackpoint>
          <Trackpoint>
            <Time>2020-01-06T00:22:15Z</Time>
            <Position>
              <LatitudeDegrees>25.433447</LatitudeDegrees>
              <LongitudeDegrees>111.85290</LongitudeDegrees>
            </Position>
            <AltitudeMeters>41.45</AltitudeMeters>
            <DistanceMeters>4005.0</DistanceMeters>
            <Extensions>
              <ns3:TPX>
                <ns3:RunCadence>84</ns3:RunCadence>
              </ns3:TPX>
            </Extensions>
            <Cadence>84</Cadence>
          </Trackpoint>
          <Trackpoint>
            <Time>2020-01-06T00:22:20Z</Time>
            <Position>
              <LatitudeDegrees>25.433392</LatitudeDegrees>
              <LongitudeDegrees>111.85277</LongitudeDegrees>
            </Position>
            <AltitudeMeters>41.41</AltitudeMeters>
            <DistanceMeters>4020.0</DistanceMeters>
            <Extensions>
              <ns3:TPX>
                <ns3:RunCadence>84</ns3:RunCadence>
              </ns3:TPX>
            </Extensions>
            <Cadence>84</Cadence>
          </Trackpoint>
          <Trackpoint>
            <Time>2020-01-06T00:22:25Z</Time>
            <Position>
              <LatitudeDegrees>25.433333</LatitudeDegrees>
              <LongitudeDegrees>111.852631</LongitudeDegrees>
            </Position>
            <AltitudeMeters>41.36</AltitudeMeters>
            <DistanceMeters>4035.0</DistanceMeters>
            <Extensions>
              <ns3:TPX>
                <ns3:RunCadence>84</ns3:RunCadence>
              </ns3:TPX>
            </Extensions>
            <Cadence>84</Cadence>
          </Trackpoint>
          <Trackpoint>
            <Time>2020-01-06T00:22:30Z</Time>
            <Position>
              <LatitudeDegrees>25.433270</LatitudeDegrees>
              <LongitudeDegrees>111.85250</LongitudeDegrees>
            </Position>
            <AltitudeMeters>41.31</AltitudeMeters>
            <DistanceMeters>4050.0</DistanceMeters>
            <Extensions>
              <ns3:TPX>
                <ns3:RunCadence>83</ns3:RunCadence>
              </ns3:TPX>
            </Extensions>
            <Cadence>83</Cadence>
          </Trackpoint>
          <Trackpoint>
            <Time>2020-01-06T00:22:35Z</Time>
            <Position>
              <LatitudeDegrees>25.433204</LatitudeDegrees>
              <LongitudeDegrees>111.852369</LongitudeDegrees>
            </Position>
            <AltitudeMeters>41.26</AltitudeMeters>
            <DistanceMeters>4065.0</DistanceMeters>
            <Extensions>
              <ns3:TPX>
                <ns3:RunCadence>83</ns3:RunCadence>
              </ns3:TPX>
            </Extensions>
            <Cadence>83</Cadence>
          </Trackpoint>
          <Trackpoint>
            <Time>2020-01-06T00:22:40Z</Time>
            <Position>
              <LatitudeDegrees>25.433134</LatitudeDegrees>
              <LongitudeDegrees>111.852241</LongitudeDegrees>
            </Position>
            <AltitudeMeters>41.21</AltitudeMeters>
            <DistanceMeters>4080.0</DistanceMeters>
            <Extensions>
              <ns3:TPX>
                <ns3:RunCadence>83</ns3:RunCadence>
              </ns3:TPX>
            </Extensions>
            <Cadence>83</Cadence>
          </Trackpoint>
          <Trackpoint>
            <Time>2020-01-06T00:22:45Z</Time>
            <Position>
              <LatitudeDegrees>25.433061</LatitudeDegrees>
              <LongitudeDegrees>111.852116</LongitudeDegrees>
            </Position>
            <AltitudeMeters>41.16</AltitudeMeters>
            <DistanceMeters>4095.0</DistanceMeters>
            <Extensions>
              <ns3:TPX>
                <ns3:RunCadence>83</ns3:RunCadence>
              </ns3:TPX>
            </Extensions>
            <Cadence>83</Cadence>
          </Trackpoint>
          <Trackpoint>
            <Time>2020-01-06T00:22:50Z</Time>
            <Position>
              <LatitudeDegrees>25.432984</LatitudeDegrees>
              <LongitudeDegrees>111.851993</LongitudeDegrees>
            </Position>
            <AltitudeMeters>41.11</AltitudeMeters>
            <DistanceMeters>4110.0</DistanceMeters>
            <Extensions>
              <ns3:TPX>
                <ns3:RunCadence>83</ns3:RunCadence>
              </ns3:TPX>
            </Extensions>
            <Cadence>83</Cadence>
          </Trackpoint>
          <Trackpoint>
            <Time>2020-01-06T00:22:55Z</Time>
            <Position>
              <LatitudeDegrees>25.432904</LatitudeDegrees>
              <LongitudeDegrees>111.851873</LongitudeDegrees>
            </Position>
            <AltitudeMeters>41.05</AltitudeMeters>
            <DistanceMeters>4125.0</DistanceMeters>
            <Extensions>
              <ns3:TPX>
                <ns3:RunCadence>83</ns3:RunCadence>
              </ns3:TPX>
            </Extensions>
            <Cadence>83</Cadence>
          </Trackpoint>
          <Trackpoint>
            <Time>2020-01-06T00:23:00Z</Time>
            <Position>
              <LatitudeDegrees>25.432820</LatitudeDegrees>
              <LongitudeDegrees>111.851756</LongitudeDegrees>
            </Position>
            <AltitudeMeters>41.00</AltitudeMeters>
            <DistanceMeters>4140.0</DistanceMeters>
            <Extensions>
              <ns3:TPX>
                <ns3:RunCadence>82</ns3:RunCadence>
              </ns3:TPX>
            </Extensions>
            <Cadence>82</Cadence>
          </Trackpoint>
          <Trackpoint>
            <Time>2020-01-06T00:23:05Z</Time>
            <Position>
              <LatitudeDegrees>25.432733</LatitudeDegrees>
              <LongitudeDegrees>111.851642</LongitudeDegrees>
            </Position>
            <AltitudeMeters>40.94</AltitudeMeters>
            <DistanceMeters>4155.0</DistanceMeters>
            <Extensions>
              <ns3:TPX>
                <ns3:RunCadence>82</ns3:RunCadence>
              </ns3:TPX>
            </Extensions>
            <Cadence>82</Cadence>
          </Trackpoint>
          <Trackpoint>
            <Time>2020-01-06T00:23:10Z</Time>
            <Position>
              <LatitudeDegrees>25.432643</LatitudeDegrees>
              <LongitudeDegrees>111.851530</LongitudeDegrees>
            </Position>
            <AltitudeMeters>40.88</AltitudeMeters>
            <DistanceMeters>4170.0</DistanceMeters>
            <Extensions>
              <ns3:TPX>
                <ns3:RunCadence>82</ns3:RunCadence>
              </ns3:TPX>
            </Extensions>
            <Cadence>82</Cadence>
          </Trackpoint>
          <Trackpoint>
            <Time>2020-01-06T00:23:15Z</Time>
            <Position>
              <LatitudeDegrees>25.432550</LatitudeDegrees>
              <LongitudeDegrees>111.851422</LongitudeDegrees>
            </Position>
            <AltitudeMeters>40.8</AltitudeMeters>
            <DistanceMeters>4185.0</DistanceMeters>
            <Extensions>
              <ns3:TPX>
                <ns3:RunCadence>82</ns3:RunCadence>
              </ns3:TPX>
            </Extensions>
            <Cadence>82</Cadence>
          </Trackpoint>
          <Trackpoint>
            <Time>2020-01-06T00:23:20Z</Time>
            <Position>
              <LatitudeDegrees>25.432454</LatitudeDegrees>
              <LongitudeDegrees>111.851317</LongitudeDegrees>
            </Position>
            <AltitudeMeters>40.77</AltitudeMeters>
            <DistanceMeters>4200.0</DistanceMeters>
            <Extensions>
              <ns3:TPX>
                <ns3:RunCadence>82</ns3:RunCadence>
              </ns3:TPX>
            </Extensions>
            <Cadence>82</Cadence>
          </Trackpoint>
          <Trackpoint>
            <Time>2020-01-06T00:23:25Z</Time>
            <Position>
              <LatitudeDegrees>25.432355</LatitudeDegrees>
              <LongitudeDegrees>111.851216</LongitudeDegrees>
            </Position>
            <AltitudeMeters>40.71</AltitudeMeters>
            <DistanceMeters>4215.0</DistanceMeters>
            <Extensions>
              <ns3:TPX>
                <ns3:RunCadence>82</ns3:RunCadence>
              </ns3:TPX>
            </Extensions>
            <Cadence>82</Cadence>
          </Trackpoint>
          <Trackpoint>
            <Time>2020-01-06T00:23:30Z</Time>
            <Position>
              <LatitudeDegrees>25.432253</LatitudeDegrees>
              <LongitudeDegrees>111.851118</LongitudeDegrees>
            </Position>
            <AltitudeMeters>40.64</AltitudeMeters>
            <DistanceMeters>4230.0</DistanceMeters>
            <Extensions>
              <ns3:TPX>
                <ns3:RunCadence>82</ns3:RunCadence>
              </ns3:TPX>
            </Extensions>
            <Cadence>82</Cadence>
          </Trackpoint>
          <Trackpoint>
            <Time>2020-01-06T00:23:35Z</Time>
            <Position>
              <LatitudeDegrees>25.432149</LatitudeDegrees>
              <LongitudeDegrees>111.851023</LongitudeDegrees>
            </Position>
            <AltitudeMeters>40.58</AltitudeMeters>
            <DistanceMeters>4245.0</DistanceMeters>
            <Extensions>
              <ns3:TPX>
                <ns3:RunCadence>82</ns3:RunCadence>
              </ns3:TPX>
            </Extensions>
            <Cadence>82</Cadence>
          </Trackpoint>
          <Trackpoint>
            <Time>2020-01-06T00:23:40Z</Time>
            <Position>
              <LatitudeDegrees>25.432042</LatitudeDegrees>
              <LongitudeDegrees>111.850932</LongitudeDegrees>
            </Position>
            <AltitudeMeters>40.52</AltitudeMeters>
            <DistanceMeters>4260.0</DistanceMeters>
            <Extensions>
              <ns3:TPX>
                <ns3:RunCadence>81</ns3:RunCadence>
              </ns3:TPX>
            </Extensions>
            <Cadence>81</Cadence>
          </Trackpoint>
          <Trackpoint>
            <Time>2020-01-06T00:23:45Z</Time>
            <Position>
              <LatitudeDegrees>25.43193</LatitudeDegrees>
              <LongitudeDegrees>111.850845</LongitudeDegrees>
            </Position>
            <AltitudeMeters>40.5</AltitudeMeters>
            <DistanceMeters>4275.0</DistanceMeters>
            <Extensions>
              <ns3:TPX>
                <ns3:RunCadence>81</ns3:RunCadence>
              </ns3:TPX>
            </Extensions>
            <Cadence>81</Cadence>
          </Trackpoint>
          <Trackpoint>
            <Time>2020-01-06T00:23:50Z</Time>
            <Position>
              <LatitudeDegrees>25.431821</LatitudeDegrees>
              <LongitudeDegrees>111.850761</LongitudeDegrees>
            </Position>
            <AltitudeMeters>40.40</AltitudeMeters>
            <DistanceMeters>4290.0</DistanceMeters>
            <Extensions>
              <ns3:TPX>
                <ns3:RunCadence>81</ns3:RunCadence>
              </ns3:TPX>
            </Extensions>
            <Cadence>81</Cadence>
          </Trackpoint>
          <Trackpoint>
            <Time>2020-01-06T00:23:55Z</Time>
            <Position>
              <LatitudeDegrees>25.431706</LatitudeDegrees>
              <LongitudeDegrees>111.850682</LongitudeDegrees>
            </Position>
            <AltitudeMeters>40.33</AltitudeMeters>
            <DistanceMeters>4305.0</DistanceMeters>
            <Extensions>
              <ns3:TPX>
                <ns3:RunCadence>81</ns3:RunCadence>
              </ns3:TPX>
            </Extensions>
            <Cadence>81</Cadence>
          </Trackpoint>
          <Trackpoint>
            <Time>2020-01-06T00:24:00Z</Time>
            <Position>
              <LatitudeDegrees>25.431590</LatitudeDegrees>
              <LongitudeDegrees>111.850606</LongitudeDegrees>
            </Position>
            <AltitudeMeters>40.27</AltitudeMeters>
            <DistanceMeters>4320.0</DistanceMeters>
            <Extensions>
              <ns3:TPX>
                <ns3:RunCadence>81</ns3:RunCadence>
              </ns3:TPX>
            </Extensions>
            <Cadence>81</Cadence>
          </Trackpoint>
          <Trackpoint>
            <Time>2020-01-06T00:24:05Z</Time>
            <Position>
              <LatitudeDegrees>25.431472</LatitudeDegrees>
              <LongitudeDegrees>111.850534</LongitudeDegrees>
            </Position>
            <AltitudeMeters>40.20</AltitudeMeters>
            <DistanceMeters>4335.0</DistanceMeters>
            <Extensions>
              <ns3:TPX>
                <ns3:RunCadence>81</ns3:RunCadence>
              </ns3:TPX>
            </Extensions>
            <Cadence>81</Cadence>
          </Trackpoint>
          <Trackpoint>
            <Time>2020-01-06T00:24:10Z</Time>
            <Position>
              <LatitudeDegrees>25.431351</LatitudeDegrees>
              <LongitudeDegrees>111.85047</LongitudeDegrees>
            </Position>
            <AltitudeMeters>40.14</AltitudeMeters>
            <DistanceMeters>4350.0</DistanceMeters>
            <Extensions>
              <ns3:TPX>
                <ns3:RunCadence>81</ns3:RunCadence>
              </ns3:TPX>
            </Extensions>
            <Cadence>81</Cadence>
          </Trackpoint>
          <Trackpoint>
            <Time>2020-01-06T00:24:15Z</Time>
            <Position>
              <LatitudeDegrees>25.431229</LatitudeDegrees>
              <LongitudeDegrees>111.85040</LongitudeDegrees>
            </Position>
            <AltitudeMeters>40.08</AltitudeMeters>
            <DistanceMeters>4365.0</DistanceMeters>
            <Extensions>
              <ns3:TPX>
                <ns3:RunCadence>81</ns3:RunCadence>
              </ns3:TPX>
            </Extensions>
            <Cadence>81</Cadence>
          </Trackpoint>
          <Trackpoint>
            <Time>2020-01-06T00:24:20Z</Time>
            <Position>
              <LatitudeDegrees>25.431105</LatitudeDegrees>
              <LongitudeDegrees>111.850344</LongitudeDegrees>
            </Position>
            <AltitudeMeters>40.01</AltitudeMeters>
            <DistanceMeters>4380.0</DistanceMeters>
            <Extensions>
              <ns3:TPX>
                <ns3:RunCadence>81</ns3:RunCadence>
              </ns3:TPX>
            </Extensions>
            <Cadence>81</Cadence>
          </Trackpoint>
          <Trackpoint>
            <Time>2020-01-06T00:24:25Z</Time>
            <Position>
              <LatitudeDegrees>25.43098</LatitudeDegrees>
              <LongitudeDegrees>111.850289</LongitudeDegrees>
            </Position>
            <AltitudeMeters>39.95</AltitudeMeters>
            <DistanceMeters>4395.0</DistanceMeters>
            <Extensions>
              <ns3:TPX>
                <ns3:RunCadence>81</ns3:RunCadence>
              </ns3:TPX>
            </Extensions>
            <Cadence>81</Cadence>
          </Trackpoint>
          <Trackpoint>
            <Time>2020-01-06T00:24:30Z</Time>
            <Position>
              <LatitudeDegrees>25.430853</LatitudeDegrees>
              <LongitudeDegrees>111.850239</LongitudeDegrees>
            </Position>
            <AltitudeMeters>39.88</AltitudeMeters>
            <DistanceMeters>4410.0</DistanceMeters>
            <Extensions>
              <ns3:TPX>
                <ns3:RunCadence>81</ns3:RunCadence>
              </ns3:TPX>
            </Extensions>
            <Cadence>81</Cadence>
          </Trackpoint>
          <Trackpoint>
            <Time>2020-01-06T00:24:35Z</Time>
            <Position>
              <LatitudeDegrees>25.430725</LatitudeDegrees>
              <LongitudeDegrees>111.850193</LongitudeDegrees>
            </Position>
            <AltitudeMeters>39.82</AltitudeMeters>
            <DistanceMeters>4425.0</DistanceMeters>
            <Extensions>
              <ns3:TPX>
                <ns3:RunCadence>81</ns3:RunCadence>
              </ns3:TPX>
            </Extensions>
            <Cadence>81</Cadence>
          </Trackpoint>
          <Trackpoint>
            <Time>2020-01-06T00:24:40Z</Time>
            <Position>
              <LatitudeDegrees>25.430595</LatitudeDegrees>
              <LongitudeDegrees>111.850151</LongitudeDegrees>
            </Position>
            <AltitudeMeters>39.75</AltitudeMeters>
            <DistanceMeters>4440.0</DistanceMeters>
            <Extensions>
              <ns3:TPX>
                <ns3:RunCadence>81</ns3:RunCadence>
              </ns3:TPX>
            </Extensions>
            <Cadence>81</Cadence>
          </Trackpoint>
          <Trackpoint>
            <Time>2020-01-06T00:24:45Z</Time>
            <Position>
              <LatitudeDegrees>25.430465</LatitudeDegrees>
              <LongitudeDegrees>111.850114</LongitudeDegrees>
            </Position>
            <AltitudeMeters>39.7</AltitudeMeters>
            <DistanceMeters>4455.0</DistanceMeters>
            <Extensions>
              <ns3:TPX>
                <ns3:RunCadence>81</ns3:RunCadence>
              </ns3:TPX>
            </Extensions>
            <Cadence>81</Cadence>
          </Trackpoint>
          <Trackpoint>
            <Time>2020-01-06T00:24:50Z</Time>
            <Position>
              <LatitudeDegrees>25.43033</LatitudeDegrees>
              <LongitudeDegrees>111.850081</LongitudeDegrees>
            </Position>
            <AltitudeMeters>39.63</AltitudeMeters>
            <DistanceMeters>4470.0</DistanceMeters>
            <Extensions>
              <ns3:TPX>
                <ns3:RunCadence>81</ns3:RunCadence>
              </ns3:TPX>
            </Extensions>
            <Cadence>81</Cadence>
          </Trackpoint>
          <Trackpoint>
            <Time>2020-01-06T00:24:55Z</Time>
            <Position>
              <LatitudeDegrees>25.430201</LatitudeDegrees>
              <LongitudeDegrees>111.850052</LongitudeDegrees>
            </Position>
            <AltitudeMeters>39.56</AltitudeMeters>
            <DistanceMeters>4485.0</DistanceMeters>
            <Extensions>
              <ns3:TPX>
                <ns3:RunCadence>81</ns3:RunCadence>
              </ns3:TPX>
            </Extensions>
            <Cadence>81</Cadence>
          </Trackpoint>
          <Trackpoint>
            <Time>2020-01-06T00:25:00Z</Time>
            <Position>
              <LatitudeDegrees>25.430067</LatitudeDegrees>
              <LongitudeDegrees>111.850029</LongitudeDegrees>
            </Position>
            <AltitudeMeters>39.50</AltitudeMeters>
            <DistanceMeters>4500.0</DistanceMeters>
            <Extensions>
              <ns3:TPX>
                <ns3:RunCadence>81</ns3:RunCadence>
              </ns3:TPX>
            </Extensions>
            <Cadence>81</Cadence>
          </Trackpoint>
          <Trackpoint>
            <Time>2020-01-06T00:25:05Z</Time>
            <Position>
              <LatitudeDegrees>25.429934</LatitudeDegrees>
              <LongitudeDegrees>111.850009</LongitudeDegrees>
            </Position>
            <AltitudeMeters>39.44</AltitudeMeters>
            <DistanceMeters>4515.0</DistanceMeters>
            <Extensions>
              <ns3:TPX>
                <ns3:RunCadence>81</ns3:RunCadence>
              </ns3:TPX>
            </Extensions>
            <Cadence>81</Cadence>
          </Trackpoint>
          <Trackpoint>
            <Time>2020-01-06T00:25:10Z</Time>
            <Position>
              <LatitudeDegrees>25.429799</LatitudeDegrees>
              <LongitudeDegrees>111.849995</LongitudeDegrees>
            </Position>
            <AltitudeMeters>39.38</AltitudeMeters>
            <DistanceMeters>4530.0</DistanceMeters>
            <Extensions>
              <ns3:TPX>
                <ns3:RunCadence>81</ns3:RunCadence>
              </ns3:TPX>
            </Extensions>
            <Cadence>81</Cadence>
          </Trackpoint>
          <Trackpoint>
            <Time>2020-01-06T00:25:15Z</Time>
            <Position>
              <LatitudeDegrees>25.429665</LatitudeDegrees>
              <LongitudeDegrees>111.849985</LongitudeDegrees>
            </Position>
            <AltitudeMeters>39.32</AltitudeMeters>
            <DistanceMeters>4545.0</DistanceMeters>
            <Extensions>
              <ns3:TPX>
                <ns3:RunCadence>81</ns3:RunCadence>
              </ns3:TPX>
            </Extensions>
            <Cadence>81</Cadence>
          </Trackpoint>
          <Trackpoint>
            <Time>2020-01-06T00:25:20Z</Time>
            <Position>
              <LatitudeDegrees>25.429530</LatitudeDegrees>
              <LongitudeDegrees>111.849979</LongitudeDegrees>
            </Position>
            <AltitudeMeters>39.3</AltitudeMeters>
            <DistanceMeters>4560.0</DistanceMeters>
            <Extensions>
              <ns3:TPX>
                <ns3:RunCadence>82</ns3:RunCadence>
              </ns3:TPX>
            </Extensions>
            <Cadence>82</Cadence>
          </Trackpoint>
          <Trackpoint>
            <Time>2020-01-06T00:25:25Z</Time>
            <Position>
              <LatitudeDegrees>25.42940</LatitudeDegrees>
              <LongitudeDegrees>111.849979</LongitudeDegrees>
            </Position>
            <AltitudeMeters>39.20</AltitudeMeters>
            <DistanceMeters>4575.0</DistanceMeters>
            <Extensions>
              <ns3:TPX>
                <ns3:RunCadence>82</ns3:RunCadence>
              </ns3:TPX>
            </Extensions>
            <Cadence>82</Cadence>
          </Trackpoint>
          <Trackpoint>
            <Time>2020-01-06T00:25:30Z</Time>
            <Position>
              <LatitudeDegrees>25.429260</LatitudeDegrees>
              <LongitudeDegrees>111.849982</LongitudeDegrees>
            </Position>
            <AltitudeMeters>39.1</AltitudeMeters>
            <DistanceMeters>4590.0</DistanceMeters>
            <Extensions>
              <ns3:TPX>
                <ns3:RunCadence>82</ns3:RunCadence>
              </ns3:TPX>
            </Extensions>
            <Cadence>82</Cadence>
          </Trackpoint>
          <Trackpoint>
            <Time>2020-01-06T00:25:35Z</Time>
            <Position>
              <LatitudeDegrees>25.429126</LatitudeDegrees>
              <LongitudeDegrees>111.849991</LongitudeDegrees>
            </Position>
            <AltitudeMeters>39.08</AltitudeMeters>
            <DistanceMeters>4605.0</DistanceMeters>
            <Extensions>
              <ns3:TPX>
                <ns3:RunCadence>82</ns3:RunCadence>
              </ns3:TPX>
            </Extensions>
            <Cadence>82</Cadence>
          </Trackpoint>
          <Trackpoint>
            <Time>2020-01-06T00:25:40Z</Time>
            <Position>
              <LatitudeDegrees>25.428991</LatitudeDegrees>
              <LongitudeDegrees>111.850004</LongitudeDegrees>
            </Position>
            <AltitudeMeters>39.02</AltitudeMeters>
            <DistanceMeters>4620.0</DistanceMeters>
            <Extensions>
              <ns3:TPX>
                <ns3:RunCadence>82</ns3:RunCadence>
              </ns3:TPX>
            </Extensions>
            <Cadence>82</Cadence>
          </Trackpoint>
          <Trackpoint>
            <Time>2020-01-06T00:25:45Z</Time>
            <Position>
              <LatitudeDegrees>25.428857</LatitudeDegrees>
              <LongitudeDegrees>111.850022</LongitudeDegrees>
            </Position>
            <AltitudeMeters>38.97</AltitudeMeters>
            <DistanceMeters>4635.0</DistanceMeters>
            <Extensions>
              <ns3:TPX>
                <ns3:RunCadence>82</ns3:RunCadence>
              </ns3:TPX>
            </Extensions>
            <Cadence>82</Cadence>
          </Trackpoint>
          <Trackpoint>
            <Time>2020-01-06T00:25:50Z</Time>
            <Position>
              <LatitudeDegrees>25.428724</LatitudeDegrees>
              <LongitudeDegrees>111.850044</LongitudeDegrees>
            </Position>
            <AltitudeMeters>38.91</AltitudeMeters>
            <DistanceMeters>4650.0</DistanceMeters>
            <Extensions>
              <ns3:TPX>
                <ns3:RunCadence>82</ns3:RunCadence>
              </ns3:TPX>
            </Extensions>
            <Cadence>82</Cadence>
          </Trackpoint>
          <Trackpoint>
            <Time>2020-01-06T00:25:55Z</Time>
            <Position>
              <LatitudeDegrees>25.428591</LatitudeDegrees>
              <LongitudeDegrees>111.85007</LongitudeDegrees>
            </Position>
            <AltitudeMeters>38.86</AltitudeMeters>
            <DistanceMeters>4665.0</DistanceMeters>
            <Extensions>
              <ns3:TPX>
                <ns3:RunCadence>82</ns3:RunCadence>
              </ns3:TPX>
            </Extensions>
            <Cadence>82</Cadence>
          </Trackpoint>
          <Trackpoint>
            <Time>2020-01-06T00:26:00Z</Time>
            <Position>
              <LatitudeDegrees>25.428459</LatitudeDegrees>
              <LongitudeDegrees>111.850102</LongitudeDegrees>
            </Position>
            <AltitudeMeters>38.81</AltitudeMeters>
            <DistanceMeters>4680.0</DistanceMeters>
            <Extensions>
              <ns3:TPX>
                <ns3:RunCadence>83</ns3:RunCadence>
              </ns3:TPX>
            </Extensions>
            <Cadence>83</Cadence>
          </Trackpoint>
          <Trackpoint>
            <Time>2020-01-06T00:26:05Z</Time>
            <Position>
              <LatitudeDegrees>25.428328</LatitudeDegrees>
              <LongitudeDegrees>111.850138</LongitudeDegrees>
            </Position>
            <AltitudeMeters>38.75</AltitudeMeters>
            <DistanceMeters>4695.0</DistanceMeters>
            <Extensions>
              <ns3:TPX>
                <ns3:RunCadence>83</ns3:RunCadence>
              </ns3:TPX>
            </Extensions>
            <Cadence>83</Cadence>
          </Trackpoint>
          <Trackpoint>
            <Time>2020-01-06T00:26:10Z</Time>
            <Position>
              <LatitudeDegrees>25.428199</LatitudeDegrees>
              <LongitudeDegrees>111.850178</LongitudeDegrees>
            </Position>
            <AltitudeMeters>38.71</AltitudeMeters>
            <DistanceMeters>4710.0</DistanceMeters>
            <Extensions>
              <ns3:TPX>
                <ns3:RunCadence>83</ns3:RunCadence>
              </ns3:TPX>
            </Extensions>
            <Cadence>83</Cadence>
          </Trackpoint>
          <Trackpoint>
            <Time>2020-01-06T00:26:15Z</Time>
            <Position>
              <LatitudeDegrees>25.428070</LatitudeDegrees>
              <LongitudeDegrees>111.85022</LongitudeDegrees>
            </Position>
            <AltitudeMeters>38.66</AltitudeMeters>
            <DistanceMeters>4725.0</DistanceMeters>
            <Extensions>
              <ns3:TPX>
                <ns3:RunCadence>83</ns3:RunCadence>
              </ns3:TPX>
            </Extensions>
            <Cadence>83</Cadence>
          </Trackpoint>
          <Trackpoint>
            <Time>2020-01-06T00:26:20Z</Time>
            <Position>
              <LatitudeDegrees>25.427942</LatitudeDegrees>
              <LongitudeDegrees>111.850272</LongitudeDegrees>
            </Position>
            <AltitudeMeters>38.61</AltitudeMeters>
            <DistanceMeters>4740.0</DistanceMeters>
            <Extensions>
              <ns3:TPX>
                <ns3:RunCadence>83</ns3:RunCadence>
              </ns3:TPX>
            </Extensions>
            <Cadence>83</Cadence>
          </Trackpoint>
          <Trackpoint>
            <Time>2020-01-06T00:26:25Z</Time>
            <Position>
              <LatitudeDegrees>25.427816</LatitudeDegrees>
              <LongitudeDegrees>111.850326</LongitudeDegrees>
            </Position>
            <AltitudeMeters>38.56</AltitudeMeters>
            <DistanceMeters>4755.0</DistanceMeters>
          </Trackpoint>
          <Trackpoint>
            <Time>2020-01-06T00:26:30Z</Time>
            <Position>
              <LatitudeDegrees>25.427692</LatitudeDegrees>
              <LongitudeDegrees>111.850383</LongitudeDegrees>
            </Position>
            <AltitudeMeters>38.52</AltitudeMeters>
            <DistanceMeters>4770.0</DistanceMeters>
            <Extensions>
              <ns3:TPX>
                <ns3:RunCadence>84</ns3:RunCadence>
              </ns3:TPX>
            </Extensions>
            <Cadence>84</Cadence>
          </Trackpoint>
          <Trackpoint>
            <Time>2020-01-06T00:26:35Z</Time>
            <Position>
              <LatitudeDegrees>25.427569</LatitudeDegrees>
              <LongitudeDegrees>111.850445</LongitudeDegrees>
            </Position>
            <AltitudeMeters>38.48</AltitudeMeters>
            <DistanceMeters>4785.0</DistanceMeters>
            <Extensions>
              <ns3:TPX>
                <ns3:RunCadence>84</ns3:RunCadence>
              </ns3:TPX>
            </Extensions>
            <Cadence>84</Cadence>
          </Trackpoint>
          <Trackpoint>
            <Time>2020-01-06T00:26:40Z</Time>
            <Position>
              <LatitudeDegrees>25.427448</LatitudeDegrees>
              <LongitudeDegrees>111.850511</LongitudeDegrees>
            </Position>
            <AltitudeMeters>38.44</AltitudeMeters>
            <DistanceMeters>4800.0</DistanceMeters>
            <Extensions>
              <ns3:TPX>
                <ns3:RunCadence>84</ns3:RunCadence>
              </ns3:TPX>
            </Extensions>
            <Cadence>84</Cadence>
          </Trackpoint>
          <Trackpoint>
            <Time>2020-01-06T00:26:45Z</Time>
            <Position>
              <LatitudeDegrees>25.427329</LatitudeDegrees>
              <LongitudeDegrees>111.850582</LongitudeDegrees>
            </Position>
            <AltitudeMeters>38.40</AltitudeMeters>
            <DistanceMeters>4815.0</DistanceMeters>
            <Extensions>
              <ns3:TPX>
                <ns3:RunCadence>84</ns3:RunCadence>
              </ns3:TPX>
            </Extensions>
            <Cadence>84</Cadence>
          </Trackpoint>
          <Trackpoint>
            <Time>2020-01-06T00:26:50Z</Time>
            <Position>
              <LatitudeDegrees>25.427212</LatitudeDegrees>
              <LongitudeDegrees>111.850656</LongitudeDegrees>
            </Position>
            <AltitudeMeters>38.36</AltitudeMeters>
            <DistanceMeters>4830.0</DistanceMeters>
            <Extensions>
              <ns3:TPX>
                <ns3:RunCadence>84</ns3:RunCadence>
              </ns3:TPX>
            </Extensions>
            <Cadence>84</Cadence>
          </Trackpoint>
          <Trackpoint>
            <Time>2020-01-06T00:26:55Z</Time>
            <Position>
              <LatitudeDegrees>25.427097</LatitudeDegrees>
              <LongitudeDegrees>111.850734</LongitudeDegrees>
            </Position>
            <AltitudeMeters>38.32</AltitudeMeters>
            <DistanceMeters>4845.0</DistanceMeters>
            <Extensions>
              <ns3:TPX>
                <ns3:RunCadence>84</ns3:RunCadence>
              </ns3:TPX>
            </Extensions>
            <Cadence>84</Cadence>
          </Trackpoint>
          <Trackpoint>
            <Time>2020-01-06T00:27:00Z</Time>
            <Position>
              <LatitudeDegrees>25.426985</LatitudeDegrees>
              <LongitudeDegrees>111.850817</LongitudeDegrees>
            </Position>
            <AltitudeMeters>38.29</AltitudeMeters>
            <DistanceMeters>4860.0</DistanceMeters>
            <Extensions>
              <ns3:TPX>
                <ns3:RunCadence>85</ns3:RunCadence>
              </ns3:TPX>
            </Extensions>
            <Cadence>85</Cadence>
          </Trackpoint>
          <Trackpoint>
            <Time>2020-01-06T00:27:05Z</Time>
            <Position>
              <LatitudeDegrees>25.426875</LatitudeDegrees>
              <LongitudeDegrees>111.85090</LongitudeDegrees>
            </Position>
            <AltitudeMeters>38.3</AltitudeMeters>
            <DistanceMeters>4875.0</DistanceMeters>
            <Extensions>
              <ns3:TPX>
                <ns3:RunCadence>85</ns3:RunCadence>
              </ns3:TPX>
            </Extensions>
            <Cadence>85</Cadence>
          </Trackpoint>
          <Trackpoint>
            <Time>2020-01-06T00:27:10Z</Time>
            <Position>
              <LatitudeDegrees>25.426767</LatitudeDegrees>
              <LongitudeDegrees>111.850992</LongitudeDegrees>
            </Position>
            <AltitudeMeters>38.23</AltitudeMeters>
            <DistanceMeters>4890.0</DistanceMeters>
            <Extensions>
              <ns3:TPX>
                <ns3:RunCadence>85</ns3:RunCadence>
              </ns3:TPX>
            </Extensions>
            <Cadence>85</Cadence>
          </Trackpoint>
          <Trackpoint>
            <Time>2020-01-06T00:27:15Z</Time>
            <Position>
              <LatitudeDegrees>25.426661</LatitudeDegrees>
              <LongitudeDegrees>111.85109</LongitudeDegrees>
            </Position>
            <AltitudeMeters>38.20</AltitudeMeters>
            <DistanceMeters>4905.0</DistanceMeters>
            <Extensions>
              <ns3:TPX>
                <ns3:RunCadence>85</ns3:RunCadence>
              </ns3:TPX>
            </Extensions>
            <Cadence>85</Cadence>
          </Trackpoint>
          <Trackpoint>
            <Time>2020-01-06T00:27:20Z</Time>
            <Position>
              <LatitudeDegrees>25.426559</LatitudeDegrees>
              <LongitudeDegrees>111.85118</LongitudeDegrees>
            </Position>
            <AltitudeMeters>38.17</AltitudeMeters>
            <DistanceMeters>4920.0</DistanceMeters>
            <Extensions>
              <ns3:TPX>
                <ns3:RunCadence>85</ns3:RunCadence>
              </ns3:TPX>
            </Extensions>
            <Cadence>85</Cadence>
          </Trackpoint>
          <Trackpoint>
            <Time>2020-01-06T00:27:25Z</Time>
            <Position>
              <LatitudeDegrees>25.426459</LatitudeDegrees>
              <LongitudeDegrees>111.851283</LongitudeDegrees>
            </Position>
            <AltitudeMeters>38.14</AltitudeMeters>
            <DistanceMeters>4935.0</DistanceMeters>
            <Extensions>
              <ns3:TPX>
                <ns3:RunCadence>85</ns3:RunCadence>
              </ns3:TPX>
            </Extensions>
            <Cadence>85</Cadence>
          </Trackpoint>
          <Trackpoint>
            <Time>2020-01-06T00:27:30Z</Time>
            <Position>
              <LatitudeDegrees>25.426362</LatitudeDegrees>
              <LongitudeDegrees>111.851387</LongitudeDegrees>
            </Position>
            <AltitudeMeters>38.12</AltitudeMeters>
            <DistanceMeters>4950.0</DistanceMeters>
            <Extensions>
              <ns3:TPX>
                <ns3:RunCadence>86</ns3:RunCadence>
              </ns3:TPX>
            </Extensions>
            <Cadence>86</Cadence>
          </Trackpoint>
          <Trackpoint>
            <Time>2020-01-06T00:27:35Z</Time>
            <Position>
              <LatitudeDegrees>25.426268</LatitudeDegrees>
              <LongitudeDegrees>111.85149</LongitudeDegrees>
            </Position>
            <AltitudeMeters>38.10</AltitudeMeters>
            <DistanceMeters>4965.0</DistanceMeters>
            <Extensions>
              <ns3:TPX>
                <ns3:RunCadence>86</ns3:RunCadence>
              </ns3:TPX>
            </Extensions>
            <Cadence>86</Cadence>
          </Trackpoint>
          <Trackpoint>
            <Time>2020-01-06T00:27:40Z</Time>
            <Position>
              <LatitudeDegrees>25.426177</LatitudeDegrees>
              <LongitudeDegrees>111.851604</LongitudeDegrees>
            </Position>
            <AltitudeMeters>38.08</AltitudeMeters>
            <DistanceMeters>4980.0</DistanceMeters>
            <Extensions>
              <ns3:TPX>
                <ns3:RunCadence>86</ns3:RunCadence>
              </ns3:TPX>
            </Extensions>
            <Cadence>86</Cadence>
          </Trackpoint>
          <Trackpoint>
            <Time>2020-01-06T00:27:45Z</Time>
            <Position>
              <LatitudeDegrees>25.426089</LatitudeDegrees>
              <LongitudeDegrees>111.851717</LongitudeDegrees>
            </Position>
            <AltitudeMeters>38.06</AltitudeMeters>
            <DistanceMeters>4995.0</DistanceMeters>
            <Extensions>
              <ns3:TPX>
                <ns3:RunCadence>86</ns3:RunCadence>
              </ns3:TPX>
            </Extensions>
            <Cadence>86</Cadence>
          </Trackpoint>
          <Trackpoint>
            <Time>2020-01-06T00:27:50Z</Time>
            <Position>
              <LatitudeDegrees>25.426004</LatitudeDegrees>
              <LongitudeDegrees>111.851834</LongitudeDegrees>
            </Position>
            <AltitudeMeters>38.05</AltitudeMeters>
            <DistanceMeters>5010.0</DistanceMeters>
            <Extensions>
              <ns3:TPX>
                <ns3:RunCadence>86</ns3:RunCadence>
              </ns3:TPX>
            </Extensions>
            <Cadence>86</Cadence>
          </Trackpoint>
          <Trackpoint>
            <Time>2020-01-06T00:27:55Z</Time>
            <Position>
              <LatitudeDegrees>25.425923</LatitudeDegrees>
              <LongitudeDegrees>111.851953</LongitudeDegrees>
            </Position>
            <AltitudeMeters>38.04</AltitudeMeters>
            <DistanceMeters>5025.0</DistanceMeters>
            <Extensions>
              <ns3:TPX>
                <ns3:RunCadence>86</ns3:RunCadence>
              </ns3:TPX>
            </Extensions>
            <Cadence>86</Cadence>
          </Trackpoint>
          <Trackpoint>
            <Time>2020-01-06T00:28:00Z</Time>
            <Position>
              <LatitudeDegrees>25.42584</LatitudeDegrees>
              <LongitudeDegrees>111.85207</LongitudeDegrees>
            </Position>
            <AltitudeMeters>38.02</AltitudeMeters>
            <DistanceMeters>5040.0</DistanceMeters>
            <Extensions>
              <ns3:TPX>
                <ns3:RunCadence>86</ns3:RunCadence>
              </ns3:TPX>
            </Extensions>
            <Cadence>86</Cadence>
          </Trackpoint>
          <Trackpoint>
            <Time>2020-01-06T00:28:05Z</Time>
            <Position>
              <LatitudeDegrees>25.425770</LatitudeDegrees>
              <LongitudeDegrees>111.852199</LongitudeDegrees>
            </Position>
            <AltitudeMeters>38.02</AltitudeMeters>
            <DistanceMeters>5055.0</DistanceMeters>
            <Extensions>
              <ns3:TPX>
                <ns3:RunCadence>86</ns3:RunCadence>
              </ns3:TPX>
            </Extensions>
            <Cadence>86</Cadence>
          </Trackpoint>
          <Trackpoint>
            <Time>2020-01-06T00:28:10Z</Time>
            <Position>
              <LatitudeDegrees>25.425699</LatitudeDegrees>
              <LongitudeDegrees>111.85233</LongitudeDegrees>
            </Position>
            <AltitudeMeters>38.01</AltitudeMeters>
            <DistanceMeters>5070.0</DistanceMeters>
            <Extensions>
              <ns3:TPX>
                <ns3:RunCadence>87</ns3:RunCadence>
              </ns3:TPX>
            </Extensions>
            <Cadence>87</Cadence>
          </Trackpoint>
          <Trackpoint>
            <Time>2020-01-06T00:28:15Z</Time>
            <Position>
              <LatitudeDegrees>25.425632</LatitudeDegrees>
              <LongitudeDegrees>111.852455</LongitudeDegrees>
            </Position>
            <AltitudeMeters>38.00</AltitudeMeters>
            <DistanceMeters>5085.0</DistanceMeters>
            <Extensions>
              <ns3:TPX>
                <ns3:RunCadence>87</ns3:RunCadence>
              </ns3:TPX>
            </Extensions>
            <Cadence>87</Cadence>
          </Trackpoint>
          <Trackpoint>
            <Time>2020-01-06T00:28:20Z</Time>
            <Position>
              <LatitudeDegrees>25.425568</LatitudeDegrees>
              <LongitudeDegrees>111.852587</LongitudeDegrees>
            </Position>
            <AltitudeMeters>38.00</AltitudeMeters>
            <DistanceMeters>5100.0</DistanceMeters>
            <Extensions>
              <ns3:TPX>
                <ns3:RunCadence>87</ns3:RunCadence>
              </ns3:TPX>
            </Extensions>
            <Cadence>87</Cadence>
          </Trackpoint>
          <Trackpoint>
            <Time>2020-01-06T00:28:25Z</Time>
            <Position>
              <LatitudeDegrees>25.425508</LatitudeDegrees>
              <LongitudeDegrees>111.852720</LongitudeDegrees>
            </Position>
            <AltitudeMeters>38.00</AltitudeMeters>
            <DistanceMeters>5115.0</DistanceMeters>
            <Extensions>
              <ns3:TPX>
                <ns3:RunCadence>87</ns3:RunCadence>
              </ns3:TPX>
            </Extensions>
            <Cadence>87</Cadence>
          </Trackpoint>
          <Trackpoint>
            <Time>2020-01-06T00:28:30Z</Time>
            <Position>
              <LatitudeDegrees>25.425451</LatitudeDegrees>
              <LongitudeDegrees>111.852856</LongitudeDegrees>
            </Position>
            <AltitudeMeters>38.00</AltitudeMeters>
            <DistanceMeters>5130.0</DistanceMeters>
            <Extensions>
              <ns3:TPX>
                <ns3:RunCadence>87</ns3:RunCadence>
              </ns3:TPX>
            </Extensions>
            <Cadence>87</Cadence>
          </Trackpoint>
          <Trackpoint>
            <Time>2020-01-06T00:28:35Z</Time>
            <Position>
              <LatitudeDegrees>25.425399</LatitudeDegrees>
              <LongitudeDegrees>111.852994</LongitudeDegrees>
            </Position>
            <AltitudeMeters>38.00</AltitudeMeters>
            <DistanceMeters>5145.0</DistanceMeters>
            <Extensions>
              <ns3:TPX>
                <ns3:RunCadence>87</ns3:RunCadence>
              </ns3:TPX>
            </Extensions>
            <Cadence>87</Cadence>
          </Trackpoint>
          <Trackpoint>
            <Time>2020-01-06T00:28:40Z</Time>
            <Position>
              <LatitudeDegrees>25.425350</LatitudeDegrees>
              <LongitudeDegrees>111.853133</LongitudeDegrees>
            </Position>
            <AltitudeMeters>38.01</AltitudeMeters>
            <DistanceMeters>5160.0</DistanceMeters>
            <Extensions>
              <ns3:TPX>
                <ns3:RunCadence>87</ns3:RunCadence>
              </ns3:TPX>
            </Extensions>
            <Cadence>87</Cadence>
          </Trackpoint>
          <Trackpoint>
            <Time>2020-01-06T00:28:45Z</Time>
            <Position>
              <LatitudeDegrees>25.425305</LatitudeDegrees>
              <LongitudeDegrees>111.853274</LongitudeDegrees>
            </Position>
            <AltitudeMeters>38.02</AltitudeMeters>
            <DistanceMeters>5175.0</DistanceMeters>
            <Extensions>
              <ns3:TPX>
                <ns3:RunCadence>87</ns3:RunCadence>
              </ns3:TPX>
            </Extensions>
            <Cadence>87</Cadence>
          </Trackpoint>
          <Trackpoint>
            <Time>2020-01-06T00:28:50Z</Time>
            <Position>
              <LatitudeDegrees>25.425264</LatitudeDegrees>
              <LongitudeDegrees>111.85342</LongitudeDegrees>
            </Position>
            <AltitudeMeters>38.03</AltitudeMeters>
            <DistanceMeters>5190.0</DistanceMeters>
            <Extensions>
              <ns3:TPX>
                <ns3:RunCadence>87</ns3:RunCadence>
              </ns3:TPX>
            </Extensions>
            <Cadence>87</Cadence>
          </Trackpoint>
          <Trackpoint>
            <Time>2020-01-06T00:28:55Z</Time>
            <Position>
              <LatitudeDegrees>25.42523</LatitudeDegrees>
              <LongitudeDegrees>111.85356</LongitudeDegrees>
            </Position>
            <AltitudeMeters>38.04</AltitudeMeters>
            <DistanceMeters>5205.0</DistanceMeters>
            <Extensions>
              <ns3:TPX>
                <ns3:RunCadence>87</ns3:RunCadence>
              </ns3:TPX>
            </Extensions>
            <Cadence>87</Cadence>
          </Trackpoint>
          <Trackpoint>
            <Time>2020-01-06T00:29:00Z</Time>
            <Position>
              <LatitudeDegrees>25.425195</LatitudeDegrees>
              <LongitudeDegrees>111.853705</LongitudeDegrees>
            </Position>
            <AltitudeMeters>38.05</AltitudeMeters>
            <DistanceMeters>5220.0</DistanceMeters>
            <Extensions>
              <ns3:TPX>
                <ns3:RunCadence>87</ns3:RunCadence>
              </ns3:TPX>
            </Extensions>
            <Cadence>87</Cadence>
          </Trackpoint>
          <Trackpoint>
            <Time>2020-01-06T00:29:05Z</Time>
            <Position>
              <LatitudeDegrees>25.425166</LatitudeDegrees>
              <LongitudeDegrees>111.853851</LongitudeDegrees>
            </Position>
            <AltitudeMeters>38.07</AltitudeMeters>
            <DistanceMeters>5235.0</DistanceMeters>
            <Extensions>
              <ns3:TPX>
                <ns3:RunCadence>87</ns3:RunCadence>
              </ns3:TPX>
            </Extensions>
            <Cadence>87</Cadence>
          </Trackpoint>
          <Trackpoint>
            <Time>2020-01-06T00:29:10Z</Time>
            <Position>
              <LatitudeDegrees>25.425141</LatitudeDegrees>
              <LongitudeDegrees>111.853998</LongitudeDegrees>
            </Position>
            <AltitudeMeters>38.09</AltitudeMeters>
            <DistanceMeters>5250.0</DistanceMeters>
            <Extensions>
              <ns3:TPX>
                <ns3:RunCadence>87</ns3:RunCadence>
              </ns3:TPX>
            </Extensions>
            <Cadence>87</Cadence>
          </Trackpoint>
          <Trackpoint>
            <Time>2020-01-06T00:29:15Z</Time>
            <Position>
              <LatitudeDegrees>25.425121</LatitudeDegrees>
              <LongitudeDegrees>111.854145</LongitudeDegrees>
            </Position>
            <AltitudeMeters>38.11</AltitudeMeters>
            <DistanceMeters>5265.0</DistanceMeters>
            <Extensions>
              <ns3:TPX>
                <ns3:RunCadence>87</ns3:RunCadence>
              </ns3:TPX>
            </Extensions>
            <Cadence>87</Cadence>
          </Trackpoint>
          <Trackpoint>
            <Time>2020-01-06T00:29:20Z</Time>
            <Position>
              <LatitudeDegrees>25.425104</LatitudeDegrees>
              <LongitudeDegrees>111.854293</LongitudeDegrees>
            </Position>
            <AltitudeMeters>38.13</AltitudeMeters>
            <DistanceMeters>5280.0</DistanceMeters>
            <Extensions>
              <ns3:TPX>
                <ns3:RunCadence>87</ns3:RunCadence>
              </ns3:TPX>
            </Extensions>
            <Cadence>87</Cadence>
          </Trackpoint>
          <Trackpoint>
            <Time>2020-01-06T00:29:25Z</Time>
            <Position>
              <LatitudeDegrees>25.425092</LatitudeDegrees>
              <LongitudeDegrees>111.854442</LongitudeDegrees>
            </Position>
            <AltitudeMeters>38.2</AltitudeMeters>
            <DistanceMeters>5295.0</DistanceMeters>
            <Extensions>
              <ns3:TPX>
                <ns3:RunCadence>87</ns3:RunCadence>
              </ns3:TPX>
            </Extensions>
            <Cadence>87</Cadence>
          </Trackpoint>
          <Trackpoint>
            <Time>2020-01-06T00:29:30Z</Time>
            <Position>
              <LatitudeDegrees>25.425084</LatitudeDegrees>
              <LongitudeDegrees>111.854591</LongitudeDegrees>
            </Position>
            <AltitudeMeters>38.18</AltitudeMeters>
            <DistanceMeters>5310.0</DistanceMeters>
            <Extensions>
              <ns3:TPX>
                <ns3:RunCadence>87</ns3:RunCadence>
              </ns3:TPX>
            </Extensions>
            <Cadence>87</Cadence>
          </Trackpoint>
          <Trackpoint>
            <Time>2020-01-06T00:29:35Z</Time>
            <Position>
              <LatitudeDegrees>25.425080</LatitudeDegrees>
              <LongitudeDegrees>111.854741</LongitudeDegrees>
            </Position>
            <AltitudeMeters>38.20</AltitudeMeters>
            <DistanceMeters>5325.0</DistanceMeters>
            <Extensions>
              <ns3:TPX>
                <ns3:RunCadence>87</ns3:RunCadence>
              </ns3:TPX>
            </Extensions>
            <Cadence>87</Cadence>
          </Trackpoint>
          <Trackpoint>
            <Time>2020-01-06T00:29:40Z</Time>
            <Position>
              <LatitudeDegrees>25.425080</LatitudeDegrees>
              <LongitudeDegrees>111.854890</LongitudeDegrees>
            </Position>
            <AltitudeMeters>38.23</AltitudeMeters>
            <DistanceMeters>5340.0</DistanceMeters>
            <Extensions>
              <ns3:TPX>
                <ns3:RunCadence>87</ns3:RunCadence>
              </ns3:TPX>
            </Extensions>
            <Cadence>87</Cadence>
          </Trackpoint>
          <Trackpoint>
            <Time>2020-01-06T00:29:45Z</Time>
            <Position>
              <LatitudeDegrees>25.425084</LatitudeDegrees>
              <LongitudeDegrees>111.855039</LongitudeDegrees>
            </Position>
            <AltitudeMeters>38.26</AltitudeMeters>
            <DistanceMeters>5355.0</DistanceMeters>
            <Extensions>
              <ns3:TPX>
                <ns3:RunCadence>87</ns3:RunCadence>
              </ns3:TPX>
            </Extensions>
            <Cadence>87</Cadence>
          </Trackpoint>
          <Trackpoint>
            <Time>2020-01-06T00:29:50Z</Time>
            <Position>
              <LatitudeDegrees>25.425093</LatitudeDegrees>
              <LongitudeDegrees>111.85519</LongitudeDegrees>
            </Position>
            <AltitudeMeters>38.30</AltitudeMeters>
            <DistanceMeters>5370.0</DistanceMeters>
            <Extensions>
              <ns3:TPX>
                <ns3:RunCadence>86</ns3:RunCadence>
              </ns3:TPX>
            </Extensions>
            <Cadence>86</Cadence>
          </Trackpoint>
          <Trackpoint>
            <Time>2020-01-06T00:29:55Z</Time>
            <Position>
              <LatitudeDegrees>25.425106</LatitudeDegrees>
              <LongitudeDegrees>111.855337</LongitudeDegrees>
            </Position>
            <AltitudeMeters>38.33</AltitudeMeters>
            <DistanceMeters>5385.0</DistanceMeters>
            <Extensions>
              <ns3:TPX>
                <ns3:RunCadence>86</ns3:RunCadence>
              </ns3:TPX>
            </Extensions>
            <Cadence>86</Cadence>
          </Trackpoint>
          <Trackpoint>
            <Time>2020-01-06T00:30:00Z</Time>
            <Position>
              <LatitudeDegrees>25.425123</LatitudeDegrees>
              <LongitudeDegrees>111.855485</LongitudeDegrees>
            </Position>
            <AltitudeMeters>38.37</AltitudeMeters>
            <DistanceMeters>5400.0</DistanceMeters>
            <Extensions>
              <ns3:TPX>
                <ns3:RunCadence>86</ns3:RunCadence>
              </ns3:TPX>
            </Extensions>
            <Cadence>86</Cadence>
          </Trackpoint>
          <Trackpoint>
            <Time>2020-01-06T00:30:05Z</Time>
            <Position>
              <LatitudeDegrees>25.425144</LatitudeDegrees>
              <LongitudeDegrees>111.85563</LongitudeDegrees>
            </Position>
            <AltitudeMeters>38.41</AltitudeMeters>
            <DistanceMeters>5415.0</DistanceMeters>
            <Extensions>
              <ns3:TPX>
                <ns3:RunCadence>86</ns3:RunCadence>
              </ns3:TPX>
            </Extensions>
            <Cadence>86</Cadence>
          </Trackpoint>
          <Trackpoint>
            <Time>2020-01-06T00:30:10Z</Time>
            <Position>
              <LatitudeDegrees>25.425169</LatitudeDegrees>
              <LongitudeDegrees>111.855779</LongitudeDegrees>
            </Position>
            <AltitudeMeters>38.45</AltitudeMeters>
            <DistanceMeters>5430.0</DistanceMeters>
            <Extensions>
              <ns3:TPX>
                <ns3:RunCadence>86</ns3:RunCadence>
              </ns3:TPX>
            </Extensions>
            <Cadence>86</Cadence>
          </Trackpoint>
          <Trackpoint>
            <Time>2020-01-06T00:30:15Z</Time>
            <Position>
              <LatitudeDegrees>25.425198</LatitudeDegrees>
              <LongitudeDegrees>111.855925</LongitudeDegrees>
            </Position>
            <AltitudeMeters>38.49</AltitudeMeters>
            <DistanceMeters>5445.0</DistanceMeters>
            <Extensions>
              <ns3:TPX>
                <ns3:RunCadence>86</ns3:RunCadence>
              </ns3:TPX>
            </Extensions>
            <Cadence>86</Cadence>
          </Trackpoint>
          <Trackpoint>
            <Time>2020-01-06T00:30:20Z</Time>
            <Position>
              <LatitudeDegrees>25.425231</LatitudeDegrees>
              <LongitudeDegrees>111.856070</LongitudeDegrees>
            </Position>
            <AltitudeMeters>38.53</AltitudeMeters>
            <DistanceMeters>5460.0</DistanceMeters>
            <Extensions>
              <ns3:TPX>
                <ns3:RunCadence>86</ns3:RunCadence>
              </ns3:TPX>
            </Extensions>
            <Cadence>86</Cadence>
          </Trackpoint>
          <Trackpoint>
            <Time>2020-01-06T00:30:25Z</Time>
            <Position>
              <LatitudeDegrees>25.425269</LatitudeDegrees>
              <LongitudeDegrees>111.856214</LongitudeDegrees>
            </Position>
            <AltitudeMeters>38.58</AltitudeMeters>
            <DistanceMeters>5475.0</DistanceMeters>
            <Extensions>
              <ns3:TPX>
                <ns3:RunCadence>85</ns3:RunCadence>
              </ns3:TPX>
            </Extensions>
            <Cadence>85</Cadence>
          </Trackpoint>
          <Trackpoint>
            <Time>2020-01-06T00:30:30Z</Time>
            <Position>
              <LatitudeDegrees>25.425310</LatitudeDegrees>
              <LongitudeDegrees>111.856356</LongitudeDegrees>
            </Position>
            <AltitudeMeters>38.62</AltitudeMeters>
            <DistanceMeters>5490.0</DistanceMeters>
            <Extensions>
              <ns3:TPX>
                <ns3:RunCadence>85</ns3:RunCadence>
              </ns3:TPX>
            </Extensions>
            <Cadence>85</Cadence>
          </Trackpoint>
          <Trackpoint>
            <Time>2020-01-06T00:30:35Z</Time>
            <Position>
              <LatitudeDegrees>25.425355</LatitudeDegrees>
              <LongitudeDegrees>111.85650</LongitudeDegrees>
            </Position>
            <AltitudeMeters>38.67</AltitudeMeters>
            <DistanceMeters>5505.0</DistanceMeters>
            <Extensions>
              <ns3:TPX>
                <ns3:RunCadence>85</ns3:RunCadence>
              </ns3:TPX>
            </Extensions>
            <Cadence>85</Cadence>
          </Trackpoint>
          <Trackpoint>
            <Time>2020-01-06T00:30:40Z</Time>
            <Position>
              <LatitudeDegrees>25.4254</LatitudeDegrees>
              <LongitudeDegrees>111.856636</LongitudeDegrees>
            </Position>
            <AltitudeMeters>38.72</AltitudeMeters>
            <DistanceMeters>5520.0</DistanceMeters>
            <Extensions>
              <ns3:TPX>
                <ns3:RunCadence>85</ns3:RunCadence>
              </ns3:TPX>
            </Extensions>
            <Cadence>85</Cadence>
          </Trackpoint>
          <Trackpoint>
            <Time>2020-01-06T00:30:45Z</Time>
            <Position>
              <LatitudeDegrees>25.425457</LatitudeDegrees>
              <LongitudeDegrees>111.856773</LongitudeDegrees>
            </Position>
            <AltitudeMeters>38.77</AltitudeMeters>
            <DistanceMeters>5535.0</DistanceMeters>
            <Extensions>
              <ns3:TPX>
                <ns3:RunCadence>85</ns3:RunCadence>
              </ns3:TPX>
            </Extensions>
            <Cadence>85</Cadence>
          </Trackpoint>
          <Trackpoint>
            <Time>2020-01-06T00:30:50Z</Time>
            <Position>
              <LatitudeDegrees>25.425514</LatitudeDegrees>
              <LongitudeDegrees>111.856908</LongitudeDegrees>
            </Position>
            <AltitudeMeters>38.8</AltitudeMeters>
            <DistanceMeters>5550.0</DistanceMeters>
            <Extensions>
              <ns3:TPX>
                <ns3:RunCadence>85</ns3:RunCadence>
              </ns3:TPX>
            </Extensions>
            <Cadence>85</Cadence>
          </Trackpoint>
          <Trackpoint>
            <Time>2020-01-06T00:30:55Z</Time>
            <Position>
              <LatitudeDegrees>25.425575</LatitudeDegrees>
              <LongitudeDegrees>111.857042</LongitudeDegrees>
            </Position>
            <AltitudeMeters>38.87</AltitudeMeters>
            <DistanceMeters>5565.0</DistanceMeters>
            <Extensions>
              <ns3:TPX>
                <ns3:RunCadence>85</ns3:RunCadence>
              </ns3:TPX>
            </Extensions>
            <Cadence>85</Cadence>
          </Trackpoint>
          <Trackpoint>
            <Time>2020-01-06T00:31:00Z</Time>
            <Position>
              <LatitudeDegrees>25.425639</LatitudeDegrees>
              <LongitudeDegrees>111.857173</LongitudeDegrees>
            </Position>
            <AltitudeMeters>38.93</AltitudeMeters>
            <DistanceMeters>5580.0</DistanceMeters>
            <Extensions>
              <ns3:TPX>
                <ns3:RunCadence>84</ns3:RunCadence>
              </ns3:TPX>
            </Extensions>
            <Cadence>84</Cadence>
          </Trackpoint>
          <Trackpoint>
            <Time>2020-01-06T00:31:05Z</Time>
            <Position>
              <LatitudeDegrees>25.425707</LatitudeDegrees>
              <LongitudeDegrees>111.857302</LongitudeDegrees>
            </Position>
            <AltitudeMeters>38.98</AltitudeMeters>
            <DistanceMeters>5595.0</DistanceMeters>
            <Extensions>
              <ns3:TPX>
                <ns3:RunCadence>84</ns3:RunCadence>
              </ns3:TPX>
            </Extensions>
            <Cadence>84</Cadence>
          </Trackpoint>
          <Trackpoint>
            <Time>2020-01-06T00:31:10Z</Time>
            <Position>
              <LatitudeDegrees>25.425778</LatitudeDegrees>
              <LongitudeDegrees>111.857429</LongitudeDegrees>
            </Position>
            <AltitudeMeters>39.04</AltitudeMeters>
            <DistanceMeters>5610.0</DistanceMeters>
            <Extensions>
              <ns3:TPX>
                <ns3:RunCadence>84</ns3:RunCadence>
              </ns3:TPX>
            </Extensions>
            <Cadence>84</Cadence>
          </Trackpoint>
          <Trackpoint>
            <Time>2020-01-06T00:31:15Z</Time>
            <Position>
              <LatitudeDegrees>25.425853</LatitudeDegrees>
              <LongitudeDegrees>111.85755</LongitudeDegrees>
            </Position>
            <AltitudeMeters>39.1</AltitudeMeters>
            <DistanceMeters>5625.0</DistanceMeters>
            <Extensions>
              <ns3:TPX>
                <ns3:RunCadence>84</ns3:RunCadence>
              </ns3:TPX>
            </Extensions>
            <Cadence>84</Cadence>
          </Trackpoint>
          <Trackpoint>
            <Time>2020-01-06T00:31:20Z</Time>
            <Position>
              <LatitudeDegrees>25.42593</LatitudeDegrees>
              <LongitudeDegrees>111.85767</LongitudeDegrees>
            </Position>
            <AltitudeMeters>39.15</AltitudeMeters>
            <DistanceMeters>5640.0</DistanceMeters>
            <Extensions>
              <ns3:TPX>
                <ns3:RunCadence>84</ns3:RunCadence>
              </ns3:TPX>
            </Extensions>
            <Cadence>84</Cadence>
          </Trackpoint>
          <Trackpoint>
            <Time>2020-01-06T00:31:25Z</Time>
            <Position>
              <LatitudeDegrees>25.42601</LatitudeDegrees>
              <LongitudeDegrees>111.857793</LongitudeDegrees>
            </Position>
            <AltitudeMeters>39.21</AltitudeMeters>
            <DistanceMeters>5655.0</DistanceMeters>
            <Extensions>
              <ns3:TPX>
                <ns3:RunCadence>83</ns3:RunCadence>
              </ns3:TPX>
            </Extensions>
            <Cadence>83</Cadence>
          </Trackpoint>
          <Trackpoint>
            <Time>2020-01-06T00:31:30Z</Time>
            <Position>
              <LatitudeDegrees>25.426099</LatitudeDegrees>
              <LongitudeDegrees>111.857909</LongitudeDegrees>
            </Position>
            <AltitudeMeters>39.27</AltitudeMeters>
            <DistanceMeters>5670.0</DistanceMeters>
            <Extensions>
              <ns3:TPX>
                <ns3:RunCadence>83</ns3:RunCadence>
              </ns3:TPX>
            </Extensions>
            <Cadence>83</Cadence>
          </Trackpoint>
          <Trackpoint>
            <Time>2020-01-06T00:31:35Z</Time>
            <Position>
              <LatitudeDegrees>25.426187</LatitudeDegrees>
              <LongitudeDegrees>111.858022</LongitudeDegrees>
            </Position>
            <AltitudeMeters>39.3</AltitudeMeters>
            <DistanceMeters>5685.0</DistanceMeters>
            <Extensions>
              <ns3:TPX>
                <ns3:RunCadence>83</ns3:RunCadence>
              </ns3:TPX>
            </Extensions>
            <Cadence>83</Cadence>
          </Trackpoint>
          <Trackpoint>
            <Time>2020-01-06T00:31:40Z</Time>
            <Position>
              <LatitudeDegrees>25.426278</LatitudeDegrees>
              <LongitudeDegrees>111.85813</LongitudeDegrees>
            </Position>
            <AltitudeMeters>39.39</AltitudeMeters>
            <DistanceMeters>5700.0</DistanceMeters>
            <Extensions>
              <ns3:TPX>
                <ns3:RunCadence>83</ns3:RunCadence>
              </ns3:TPX>
            </Extensions>
            <Cadence>83</Cadence>
          </Trackpoint>
          <Trackpoint>
            <Time>2020-01-06T00:31:45Z</Time>
            <Position>
              <LatitudeDegrees>25.426373</LatitudeDegrees>
              <LongitudeDegrees>111.858239</LongitudeDegrees>
            </Position>
            <AltitudeMeters>39.45</AltitudeMeters>
            <DistanceMeters>5715.0</DistanceMeters>
            <Extensions>
              <ns3:TPX>
                <ns3:RunCadence>83</ns3:RunCadence>
              </ns3:TPX>
            </Extensions>
            <Cadence>83</Cadence>
          </Trackpoint>
          <Trackpoint>
            <Time>2020-01-06T00:31:50Z</Time>
            <Position>
              <LatitudeDegrees>25.426470</LatitudeDegrees>
              <LongitudeDegrees>111.858342</LongitudeDegrees>
            </Position>
            <AltitudeMeters>39.52</AltitudeMeters>
            <DistanceMeters>5730.0</DistanceMeters>
            <Extensions>
              <ns3:TPX>
                <ns3:RunCadence>83</ns3:RunCadence>
              </ns3:TPX>
            </Extensions>
            <Cadence>83</Cadence>
          </Trackpoint>
          <Trackpoint>
            <Time>2020-01-06T00:31:55Z</Time>
            <Position>
              <LatitudeDegrees>25.426570</LatitudeDegrees>
              <LongitudeDegrees>111.858442</LongitudeDegrees>
            </Position>
            <AltitudeMeters>39.58</AltitudeMeters>
            <DistanceMeters>5745.0</DistanceMeters>
            <Extensions>
              <ns3:TPX>
                <ns3:RunCadence>82</ns3:RunCadence>
              </ns3:TPX>
            </Extensions>
            <Cadence>82</Cadence>
          </Trackpoint>
          <Trackpoint>
            <Time>2020-01-06T00:32:00Z</Time>
            <Position>
              <LatitudeDegrees>25.426673</LatitudeDegrees>
              <LongitudeDegrees>111.858539</LongitudeDegrees>
            </Position>
            <AltitudeMeters>39.64</AltitudeMeters>
            <DistanceMeters>5760.0</DistanceMeters>
            <Extensions>
              <ns3:TPX>
                <ns3:RunCadence>82</ns3:RunCadence>
              </ns3:TPX>
            </Extensions>
            <Cadence>82</Cadence>
          </Trackpoint>
          <Trackpoint>
            <Time>2020-01-06T00:32:05Z</Time>
            <Position>
              <LatitudeDegrees>25.426779</LatitudeDegrees>
              <LongitudeDegrees>111.858632</LongitudeDegrees>
            </Position>
            <AltitudeMeters>39.71</AltitudeMeters>
            <DistanceMeters>5775.0</DistanceMeters>
            <Extensions>
              <ns3:TPX>
                <ns3:RunCadence>82</ns3:RunCadence>
              </ns3:TPX>
            </Extensions>
            <Cadence>82</Cadence>
          </Trackpoint>
          <Trackpoint>
            <Time>2020-01-06T00:32:10Z</Time>
            <Position>
              <LatitudeDegrees>25.426887</LatitudeDegrees>
              <LongitudeDegrees>111.858721</LongitudeDegrees>
            </Position>
            <AltitudeMeters>39.8</AltitudeMeters>
            <DistanceMeters>5790.0</DistanceMeters>
            <Extensions>
              <ns3:TPX>
                <ns3:RunCadence>82</ns3:RunCadence>
              </ns3:TPX>
            </Extensions>
            <Cadence>82</Cadence>
          </Trackpoint>
          <Trackpoint>
            <Time>2020-01-06T00:32:15Z</Time>
            <Position>
              <LatitudeDegrees>25.42700</LatitudeDegrees>
              <LongitudeDegrees>111.858807</LongitudeDegrees>
            </Position>
            <AltitudeMeters>39.84</AltitudeMeters>
            <DistanceMeters>5805.0</DistanceMeters>
            <Extensions>
              <ns3:TPX>
                <ns3:RunCadence>82</ns3:RunCadence>
              </ns3:TPX>
            </Extensions>
            <Cadence>82</Cadence>
          </Trackpoint>
          <Trackpoint>
            <Time>2020-01-06T00:32:20Z</Time>
            <Position>
              <LatitudeDegrees>25.427110</LatitudeDegrees>
              <LongitudeDegrees>111.858888</LongitudeDegrees>
            </Position>
            <AltitudeMeters>39.90</AltitudeMeters>
            <DistanceMeters>5820.0</DistanceMeters>
            <Extensions>
              <ns3:TPX>
                <ns3:RunCadence>82</ns3:RunCadence>
              </ns3:TPX>
            </Extensions>
            <Cadence>82</Cadence>
          </Trackpoint>
          <Trackpoint>
            <Time>2020-01-06T00:32:25Z</Time>
            <Position>
              <LatitudeDegrees>25.42723</LatitudeDegrees>
              <LongitudeDegrees>111.858966</LongitudeDegrees>
            </Position>
            <AltitudeMeters>39.96</AltitudeMeters>
            <DistanceMeters>5835.0</DistanceMeters>
            <Extensions>
              <ns3:TPX>
                <ns3:RunCadence>82</ns3:RunCadence>
              </ns3:TPX>
            </Extensions>
            <Cadence>82</Cadence>
          </Trackpoint>
          <Trackpoint>
            <Time>2020-01-06T00:32:30Z</Time>
            <Position>
              <LatitudeDegrees>25.42734</LatitudeDegrees>
              <LongitudeDegrees>111.859040</LongitudeDegrees>
            </Position>
            <AltitudeMeters>40.03</AltitudeMeters>
            <DistanceMeters>5850.0</DistanceMeters>
            <Extensions>
              <ns3:TPX>
                <ns3:RunCadence>82</ns3:RunCadence>
              </ns3:TPX>
            </Extensions>
            <Cadence>82</Cadence>
          </Trackpoint>
          <Trackpoint>
            <Time>2020-01-06T00:32:35Z</Time>
            <Position>
              <LatitudeDegrees>25.427462</LatitudeDegrees>
              <LongitudeDegrees>111.859110</LongitudeDegrees>
            </Position>
            <AltitudeMeters>40.09</AltitudeMeters>
            <DistanceMeters>5865.0</DistanceMeters>
            <Extensions>
              <ns3:TPX>
                <ns3:RunCadence>81</ns3:RunCadence>
              </ns3:TPX>
            </Extensions>
            <Cadence>81</Cadence>
          </Trackpoint>
          <Trackpoint>
            <Time>2020-01-06T00:32:40Z</Time>
            <Position>
              <LatitudeDegrees>25.427583</LatitudeDegrees>
              <LongitudeDegrees>111.859176</LongitudeDegrees>
            </Position>
            <AltitudeMeters>40.2</AltitudeMeters>
            <DistanceMeters>5880.0</DistanceMeters>
            <Extensions>
              <ns3:TPX>
                <ns3:RunCadence>81</ns3:RunCadence>
              </ns3:TPX>
            </Extensions>
            <Cadence>81</Cadence>
          </Trackpoint>
          <Trackpoint>
            <Time>2020-01-06T00:32:45Z</Time>
            <Position>
              <LatitudeDegrees>25.427706</LatitudeDegrees>
              <LongitudeDegrees>111.859237</LongitudeDegrees>
            </Position>
            <AltitudeMeters>40.22</AltitudeMeters>
            <DistanceMeters>5895.0</DistanceMeters>
            <Extensions>
              <ns3:TPX>
                <ns3:RunCadence>81</ns3:RunCadence>
              </ns3:TPX>
            </Extensions>
            <Cadence>81</Cadence>
          </Trackpoint>
          <Trackpoint>
            <Time>2020-01-06T00:32:50Z</Time>
            <Position>
              <LatitudeDegrees>25.427830</LatitudeDegrees>
              <LongitudeDegrees>111.859294</LongitudeDegrees>
            </Position>
            <AltitudeMeters>40.29</AltitudeMeters>
            <DistanceMeters>5910.0</DistanceMeters>
            <Extensions>
              <ns3:TPX>
                <ns3:RunCadence>81</ns3:RunCadence>
              </ns3:TPX>
            </Extensions>
            <Cadence>81</Cadence>
          </Trackpoint>
          <Trackpoint>
            <Time>2020-01-06T00:32:55Z</Time>
            <Position>
              <LatitudeDegrees>25.427956</LatitudeDegrees>
              <LongitudeDegrees>111.859347</LongitudeDegrees>
            </Position>
            <AltitudeMeters>40.35</AltitudeMeters>
            <DistanceMeters>5925.0</DistanceMeters>
            <Extensions>
              <ns3:TPX>
                <ns3:RunCadence>81</ns3:RunCadence>
              </ns3:TPX>
            </Extensions>
            <Cadence>81</Cadence>
          </Trackpoint>
          <Trackpoint>
            <Time>2020-01-06T00:33:00Z</Time>
            <Position>
              <LatitudeDegrees>25.42808</LatitudeDegrees>
              <LongitudeDegrees>111.859396</LongitudeDegrees>
            </Position>
            <AltitudeMeters>40.41</AltitudeMeters>
            <DistanceMeters>5940.0</DistanceMeters>
            <Extensions>
              <ns3:TPX>
                <ns3:RunCadence>81</ns3:RunCadence>
              </ns3:TPX>
            </Extensions>
            <Cadence>81</Cadence>
          </Trackpoint>
          <Trackpoint>
            <Time>2020-01-06T00:33:05Z</Time>
            <Position>
              <LatitudeDegrees>25.428213</LatitudeDegrees>
              <LongitudeDegrees>111.859440</LongitudeDegrees>
            </Position>
            <AltitudeMeters>40.48</AltitudeMeters>
            <DistanceMeters>5955.0</DistanceMeters>
            <Extensions>
              <ns3:TPX>
                <ns3:RunCadence>81</ns3:RunCadence>
              </ns3:TPX>
            </Extensions>
            <Cadence>81</Cadence>
          </Trackpoint>
          <Trackpoint>
            <Time>2020-01-06T00:33:10Z</Time>
            <Position>
              <LatitudeDegrees>25.428343</LatitudeDegrees>
              <LongitudeDegrees>111.859480</LongitudeDegrees>
            </Position>
            <AltitudeMeters>40.54</AltitudeMeters>
            <DistanceMeters>5970.0</DistanceMeters>
            <Extensions>
              <ns3:TPX>
                <ns3:RunCadence>81</ns3:RunCadence>
              </ns3:TPX>
            </Extensions>
            <Cadence>81</Cadence>
          </Trackpoint>
          <Trackpoint>
            <Time>2020-01-06T00:33:15Z</Time>
            <Position>
              <LatitudeDegrees>25.428474</LatitudeDegrees>
              <LongitudeDegrees>111.859515</LongitudeDegrees>
            </Position>
            <AltitudeMeters>40.6</AltitudeMeters>
            <DistanceMeters>5985.0</DistanceMeters>
            <Extensions>
              <ns3:TPX>
                <ns3:RunCadence>81</ns3:RunCadence>
              </ns3:TPX>
            </Extensions>
            <Cadence>81</Cadence>
          </Trackpoint>
          <Trackpoint>
            <Time>2020-01-06T00:33:20Z</Time>
            <Position>
              <LatitudeDegrees>25.428606</LatitudeDegrees>
              <LongitudeDegrees>111.859546</LongitudeDegrees>
            </Position>
            <AltitudeMeters>40.66</AltitudeMeters>
            <DistanceMeters>6000.0</DistanceMeters>
            <Extensions>
              <ns3:TPX>
                <ns3:RunCadence>81</ns3:RunCadence>
              </ns3:TPX>
            </Extensions>
            <Cadence>81</Cadence>
          </Trackpoint>
          <Trackpoint>
            <Time>2020-01-06T00:33:25Z</Time>
            <Position>
              <LatitudeDegrees>25.428739</LatitudeDegrees>
              <LongitudeDegrees>111.85957</LongitudeDegrees>
            </Position>
            <AltitudeMeters>40.72</AltitudeMeters>
            <DistanceMeters>6015.0</DistanceMeters>
            <Extensions>
              <ns3:TPX>
                <ns3:RunCadence>81</ns3:RunCadence>
              </ns3:TPX>
            </Extensions>
            <Cadence>81</Cadence>
          </Trackpoint>
          <Trackpoint>
            <Time>2020-01-06T00:33:30Z</Time>
            <Position>
              <LatitudeDegrees>25.428872</LatitudeDegrees>
              <LongitudeDegrees>111.859594</LongitudeDegrees>
            </Position>
            <AltitudeMeters>40.78</AltitudeMeters>
            <DistanceMeters>6030.0</DistanceMeters>
            <Extensions>
              <ns3:TPX>
                <ns3:RunCadence>81</ns3:RunCadence>
              </ns3:TPX>
            </Extensions>
            <Cadence>81</Cadence>
          </Trackpoint>
          <Trackpoint>
            <Time>2020-01-06T00:33:35Z</Time>
            <Position>
              <LatitudeDegrees>25.429006</LatitudeDegrees>
              <LongitudeDegrees>111.859612</LongitudeDegrees>
            </Position>
            <AltitudeMeters>40.84</AltitudeMeters>
            <DistanceMeters>6045.0</DistanceMeters>
            <Extensions>
              <ns3:TPX>
                <ns3:RunCadence>81</ns3:RunCadence>
              </ns3:TPX>
            </Extensions>
            <Cadence>81</Cadence>
          </Trackpoint>
          <Trackpoint>
            <Time>2020-01-06T00:33:40Z</Time>
            <Position>
              <LatitudeDegrees>25.429141</LatitudeDegrees>
              <LongitudeDegrees>111.859624</LongitudeDegrees>
            </Position>
            <AltitudeMeters>40.90</AltitudeMeters>
            <DistanceMeters>6060.0</DistanceMeters>
            <Extensions>
              <ns3:TPX>
                <ns3:RunCadence>81</ns3:RunCadence>
              </ns3:TPX>
            </Extensions>
            <Cadence>81</Cadence>
          </Trackpoint>
          <Trackpoint>
            <Time>2020-01-06T00:33:45Z</Time>
            <Position>
              <LatitudeDegrees>25.429275</LatitudeDegrees>
              <LongitudeDegrees>111.859632</LongitudeDegrees>
            </Position>
            <AltitudeMeters>40.96</AltitudeMeters>
            <DistanceMeters>6075.0</DistanceMeters>
            <Extensions>
              <ns3:TPX>
                <ns3:RunCadence>81</ns3:RunCadence>
              </ns3:TPX>
            </Extensions>
            <Cadence>81</Cadence>
          </Trackpoint>
          <Trackpoint>
            <Time>2020-01-06T00:33:50Z</Time>
            <Position>
              <LatitudeDegrees>25.429410</LatitudeDegrees>
              <LongitudeDegrees>111.859635</LongitudeDegrees>
            </Position>
            <AltitudeMeters>41.01</AltitudeMeters>
            <DistanceMeters>6090.0</DistanceMeters>
            <Extensions>
              <ns3:TPX>
                <ns3:RunCadence>81</ns3:RunCadence>
              </ns3:TPX>
            </Extensions>
            <Cadence>81</Cadence>
          </Trackpoint>
          <Trackpoint>
            <Time>2020-01-06T00:33:55Z</Time>
            <Position>
              <LatitudeDegrees>25.429545</LatitudeDegrees>
              <LongitudeDegrees>111.859634</LongitudeDegrees>
            </Position>
            <AltitudeMeters>41.07</AltitudeMeters>
            <DistanceMeters>6105.0</DistanceMeters>
            <Extensions>
              <ns3:TPX>
                <ns3:RunCadence>81</ns3:RunCadence>
              </ns3:TPX>
            </Extensions>
            <Cadence>81</Cadence>
          </Trackpoint>
          <Trackpoint>
            <Time>2020-01-06T00:34:00Z</Time>
            <Position>
              <LatitudeDegrees>25.429680</LatitudeDegrees>
              <LongitudeDegrees>111.859628</LongitudeDegrees>
            </Position>
            <AltitudeMeters>41.12</AltitudeMeters>
            <DistanceMeters>6120.0</DistanceMeters>
            <Extensions>
              <ns3:TPX>
                <ns3:RunCadence>81</ns3:RunCadence>
              </ns3:TPX>
            </Extensions>
            <Cadence>81</Cadence>
          </Trackpoint>
          <Trackpoint>
            <Time>2020-01-06T00:34:05Z</Time>
            <Position>
              <LatitudeDegrees>25.429814</LatitudeDegrees>
              <LongitudeDegrees>111.859618</LongitudeDegrees>
            </Position>
            <AltitudeMeters>41.17</AltitudeMeters>
            <DistanceMeters>6135.0</DistanceMeters>
            <Extensions>
              <ns3:TPX>
                <ns3:RunCadence>81</ns3:RunCadence>
              </ns3:TPX>
            </Extensions>
            <Cadence>81</Cadence>
          </Trackpoint>
          <Trackpoint>
            <Time>2020-01-06T00:34:10Z</Time>
            <Position>
              <LatitudeDegrees>25.429949</LatitudeDegrees>
              <LongitudeDegrees>111.859603</LongitudeDegrees>
            </Position>
            <AltitudeMeters>41.23</AltitudeMeters>
            <DistanceMeters>6150.0</DistanceMeters>
            <Extensions>
              <ns3:TPX>
                <ns3:RunCadence>81</ns3:RunCadence>
              </ns3:TPX>
            </Extensions>
            <Cadence>81</Cadence>
          </Trackpoint>
          <Trackpoint>
            <Time>2020-01-06T00:34:15Z</Time>
            <Position>
              <LatitudeDegrees>25.430082</LatitudeDegrees>
              <LongitudeDegrees>111.859583</LongitudeDegrees>
            </Position>
            <AltitudeMeters>41.28</AltitudeMeters>
            <DistanceMeters>6165.0</DistanceMeters>
            <Extensions>
              <ns3:TPX>
                <ns3:RunCadence>82</ns3:RunCadence>
              </ns3:TPX>
            </Extensions>
            <Cadence>82</Cadence>
          </Trackpoint>
          <Trackpoint>
            <Time>2020-01-06T00:34:20Z</Time>
            <Position>
              <LatitudeDegrees>25.430215</LatitudeDegrees>
              <LongitudeDegrees>111.859559</LongitudeDegrees>
            </Position>
            <AltitudeMeters>41.32</AltitudeMeters>
            <DistanceMeters>6180.0</DistanceMeters>
            <Extensions>
              <ns3:TPX>
                <ns3:RunCadence>82</ns3:RunCadence>
              </ns3:TPX>
            </Extensions>
            <Cadence>82</Cadence>
          </Trackpoint>
          <Trackpoint>
            <Time>2020-01-06T00:34:25Z</Time>
            <Position>
              <LatitudeDegrees>25.430348</LatitudeDegrees>
              <LongitudeDegrees>111.859530</LongitudeDegrees>
            </Position>
            <AltitudeMeters>41.37</AltitudeMeters>
            <DistanceMeters>6195.0</DistanceMeters>
            <Extensions>
              <ns3:TPX>
                <ns3:RunCadence>82</ns3:RunCadence>
              </ns3:TPX>
            </Extensions>
            <Cadence>82</Cadence>
          </Trackpoint>
          <Trackpoint>
            <Time>2020-01-06T00:34:30Z</Time>
            <Position>
              <LatitudeDegrees>25.430479</LatitudeDegrees>
              <LongitudeDegrees>111.859496</LongitudeDegrees>
            </Position>
            <AltitudeMeters>41.4</AltitudeMeters>
            <DistanceMeters>6210.0</DistanceMeters>
            <Extensions>
              <ns3:TPX>
                <ns3:RunCadence>82</ns3:RunCadence>
              </ns3:TPX>
            </Extensions>
            <Cadence>82</Cadence>
          </Trackpoint>
          <Trackpoint>
            <Time>2020-01-06T00:34:35Z</Time>
            <Position>
              <LatitudeDegrees>25.430610</LatitudeDegrees>
              <LongitudeDegrees>111.859459</LongitudeDegrees>
            </Position>
            <AltitudeMeters>41.46</AltitudeMeters>
            <DistanceMeters>6225.0</DistanceMeters>
            <Extensions>
              <ns3:TPX>
                <ns3:RunCadence>82</ns3:RunCadence>
              </ns3:TPX>
            </Extensions>
            <Cadence>82</Cadence>
          </Trackpoint>
          <Trackpoint>
            <Time>2020-01-06T00:34:40Z</Time>
            <Position>
              <LatitudeDegrees>25.43074</LatitudeDegrees>
              <LongitudeDegrees>111.859416</LongitudeDegrees>
            </Position>
            <AltitudeMeters>41.51</AltitudeMeters>
            <DistanceMeters>6240.0</DistanceMeters>
            <Extensions>
              <ns3:TPX>
                <ns3:RunCadence>82</ns3:RunCadence>
              </ns3:TPX>
            </Extensions>
            <Cadence>82</Cadence>
          </Trackpoint>
          <Trackpoint>
            <Time>2020-01-06T00:34:45Z</Time>
            <Position>
              <LatitudeDegrees>25.430867</LatitudeDegrees>
              <LongitudeDegrees>111.859370</LongitudeDegrees>
            </Position>
            <AltitudeMeters>41.55</AltitudeMeters>
            <DistanceMeters>6255.0</DistanceMeters>
            <Extensions>
              <ns3:TPX>
                <ns3:RunCadence>82</ns3:RunCadence>
              </ns3:TPX>
            </Extensions>
            <Cadence>82</Cadence>
          </Trackpoint>
          <Trackpoint>
            <Time>2020-01-06T00:34:50Z</Time>
            <Position>
              <LatitudeDegrees>25.430994</LatitudeDegrees>
              <LongitudeDegrees>111.85932</LongitudeDegrees>
            </Position>
            <AltitudeMeters>41.59</AltitudeMeters>
            <DistanceMeters>6270.0</DistanceMeters>
            <Extensions>
              <ns3:TPX>
                <ns3:RunCadence>82</ns3:RunCadence>
              </ns3:TPX>
            </Extensions>
            <Cadence>82</Cadence>
          </Trackpoint>
          <Trackpoint>
            <Time>2020-01-06T00:34:55Z</Time>
            <Position>
              <LatitudeDegrees>25.431119</LatitudeDegrees>
              <LongitudeDegrees>111.859263</LongitudeDegrees>
            </Position>
            <AltitudeMeters>41.63</AltitudeMeters>
            <DistanceMeters>6285.0</DistanceMeters>
            <Extensions>
              <ns3:TPX>
                <ns3:RunCadence>83</ns3:RunCadence>
              </ns3:TPX>
            </Extensions>
            <Cadence>83</Cadence>
          </Trackpoint>
          <Trackpoint>
            <Time>2020-01-06T00:35:00Z</Time>
            <Position>
              <LatitudeDegrees>25.431243</LatitudeDegrees>
              <LongitudeDegrees>111.85920</LongitudeDegrees>
            </Position>
            <AltitudeMeters>41.66</AltitudeMeters>
            <DistanceMeters>6300.0</DistanceMeters>
            <Extensions>
              <ns3:TPX>
                <ns3:RunCadence>83</ns3:RunCadence>
              </ns3:TPX>
            </Extensions>
            <Cadence>83</Cadence>
          </Trackpoint>
          <Trackpoint>
            <Time>2020-01-06T00:35:05Z</Time>
            <Position>
              <LatitudeDegrees>25.431365</LatitudeDegrees>
              <LongitudeDegrees>111.859140</LongitudeDegrees>
            </Position>
            <AltitudeMeters>41.70</AltitudeMeters>
            <DistanceMeters>6315.0</DistanceMeters>
            <Extensions>
              <ns3:TPX>
                <ns3:RunCadence>83</ns3:RunCadence>
              </ns3:TPX>
            </Extensions>
            <Cadence>83</Cadence>
          </Trackpoint>
          <Trackpoint>
            <Time>2020-01-06T00:35:10Z</Time>
            <Position>
              <LatitudeDegrees>25.4315</LatitudeDegrees>
              <LongitudeDegrees>111.859072</LongitudeDegrees>
            </Position>
            <AltitudeMeters>41.73</AltitudeMeters>
            <DistanceMeters>6330.0</DistanceMeters>
            <Extensions>
              <ns3:TPX>
                <ns3:RunCadence>83</ns3:RunCadence>
              </ns3:TPX>
            </Extensions>
            <Cadence>83</Cadence>
          </Trackpoint>
          <Trackpoint>
            <Time>2020-01-06T00:35:15Z</Time>
            <Position>
              <LatitudeDegrees>25.431603</LatitudeDegrees>
              <LongitudeDegrees>111.859000</LongitudeDegrees>
            </Position>
            <AltitudeMeters>41.76</AltitudeMeters>
            <DistanceMeters>6345.0</DistanceMeters>
            <Extensions>
              <ns3:TPX>
                <ns3:RunCadence>83</ns3:RunCadence>
              </ns3:TPX>
            </Extensions>
            <Cadence>83</Cadence>
          </Trackpoint>
          <Trackpoint>
            <Time>2020-01-06T00:35:20Z</Time>
            <Position>
              <LatitudeDegrees>25.431719</LatitudeDegrees>
              <LongitudeDegrees>111.858924</LongitudeDegrees>
            </Position>
            <AltitudeMeters>41.79</AltitudeMeters>
            <DistanceMeters>6360.0</DistanceMeters>
            <Extensions>
              <ns3:TPX>
                <ns3:RunCadence>83</ns3:RunCadence>
              </ns3:TPX>
            </Extensions>
            <Cadence>83</Cadence>
          </Trackpoint>
          <Trackpoint>
            <Time>2020-01-06T00:35:25Z</Time>
            <Position>
              <LatitudeDegrees>25.431833</LatitudeDegrees>
              <LongitudeDegrees>111.858844</LongitudeDegrees>
            </Position>
            <AltitudeMeters>41.82</AltitudeMeters>
            <DistanceMeters>6375.0</DistanceMeters>
            <Extensions>
              <ns3:TPX>
                <ns3:RunCadence>84</ns3:RunCadence>
              </ns3:TPX>
            </Extensions>
            <Cadence>84</Cadence>
          </Trackpoint>
          <Trackpoint>
            <Time>2020-01-06T00:35:30Z</Time>
            <Position>
              <LatitudeDegrees>25.43194</LatitudeDegrees>
              <LongitudeDegrees>111.858760</LongitudeDegrees>
            </Position>
            <AltitudeMeters>41.85</AltitudeMeters>
            <DistanceMeters>6390.0</DistanceMeters>
            <Extensions>
              <ns3:TPX>
                <ns3:RunCadence>84</ns3:RunCadence>
              </ns3:TPX>
            </Extensions>
            <Cadence>84</Cadence>
          </Trackpoint>
          <Trackpoint>
            <Time>2020-01-06T00:35:35Z</Time>
            <Position>
              <LatitudeDegrees>25.432054</LatitudeDegrees>
              <LongitudeDegrees>111.858672</LongitudeDegrees>
            </Position>
            <AltitudeMeters>41.87</AltitudeMeters>
            <DistanceMeters>6405.0</DistanceMeters>
            <Extensions>
              <ns3:TPX>
                <ns3:RunCadence>84</ns3:RunCadence>
              </ns3:TPX>
            </Extensions>
            <Cadence>84</Cadence>
          </Trackpoint>
          <Trackpoint>
            <Time>2020-01-06T00:35:40Z</Time>
            <Position>
              <LatitudeDegrees>25.432161</LatitudeDegrees>
              <LongitudeDegrees>111.858581</LongitudeDegrees>
            </Position>
            <AltitudeMeters>41.89</AltitudeMeters>
            <DistanceMeters>6420.0</DistanceMeters>
            <Extensions>
              <ns3:TPX>
                <ns3:RunCadence>84</ns3:RunCadence>
              </ns3:TPX>
            </Extensions>
            <Cadence>84</Cadence>
          </Trackpoint>
          <Trackpoint>
            <Time>2020-01-06T00:35:45Z</Time>
            <Position>
              <LatitudeDegrees>25.432265</LatitudeDegrees>
              <LongitudeDegrees>111.858486</LongitudeDegrees>
            </Position>
            <AltitudeMeters>41.91</AltitudeMeters>
            <DistanceMeters>6435.0</DistanceMeters>
            <Extensions>
              <ns3:TPX>
                <ns3:RunCadence>84</ns3:RunCadence>
              </ns3:TPX>
            </Extensions>
            <Cadence>84</Cadence>
          </Trackpoint>
          <Trackpoint>
            <Time>2020-01-06T00:35:50Z</Time>
            <Position>
              <LatitudeDegrees>25.43237</LatitudeDegrees>
              <LongitudeDegrees>111.858387</LongitudeDegrees>
            </Position>
            <AltitudeMeters>41.93</AltitudeMeters>
            <DistanceMeters>6450.0</DistanceMeters>
            <Extensions>
              <ns3:TPX>
                <ns3:RunCadence>84</ns3:RunCadence>
              </ns3:TPX>
            </Extensions>
            <Cadence>84</Cadence>
          </Trackpoint>
          <Trackpoint>
            <Time>2020-01-06T00:35:55Z</Time>
            <Position>
              <LatitudeDegrees>25.432465</LatitudeDegrees>
              <LongitudeDegrees>111.8583</LongitudeDegrees>
            </Position>
            <AltitudeMeters>41.95</AltitudeMeters>
            <DistanceMeters>6465.0</DistanceMeters>
            <Extensions>
              <ns3:TPX>
                <ns3:RunCadence>85</ns3:RunCadence>
              </ns3:TPX>
            </Extensions>
            <Cadence>85</Cadence>
          </Trackpoint>
          <Trackpoint>
            <Time>2020-01-06T00:36:00Z</Time>
            <Position>
              <LatitudeDegrees>25.432560</LatitudeDegrees>
              <LongitudeDegrees>111.858180</LongitudeDegrees>
            </Position>
            <AltitudeMeters>41.96</AltitudeMeters>
            <DistanceMeters>6480.0</DistanceMeters>
            <Extensions>
              <ns3:TPX>
                <ns3:RunCadence>85</ns3:RunCadence>
              </ns3:TPX>
            </Extensions>
            <Cadence>85</Cadence>
          </Trackpoint>
          <Trackpoint>
            <Time>2020-01-06T00:36:05Z</Time>
            <Position>
              <LatitudeDegrees>25.432653</LatitudeDegrees>
              <LongitudeDegrees>111.858071</LongitudeDegrees>
            </Position>
            <AltitudeMeters>41.97</AltitudeMeters>
            <DistanceMeters>6495.0</DistanceMeters>
            <Extensions>
              <ns3:TPX>
                <ns3:RunCadence>85</ns3:RunCadence>
              </ns3:TPX>
            </Extensions>
            <Cadence>85</Cadence>
          </Trackpoint>
          <Trackpoint>
            <Time>2020-01-06T00:36:10Z</Time>
            <Position>
              <LatitudeDegrees>25.432743</LatitudeDegrees>
              <LongitudeDegrees>111.857960</LongitudeDegrees>
            </Position>
            <AltitudeMeters>41.98</AltitudeMeters>
            <DistanceMeters>6510.0</DistanceMeters>
            <Extensions>
              <ns3:TPX>
                <ns3:RunCadence>85</ns3:RunCadence>
              </ns3:TPX>
            </Extensions>
            <Cadence>85</Cadence>
          </Trackpoint>
          <Trackpoint>
            <Time>2020-01-06T00:36:15Z</Time>
            <Position>
              <LatitudeDegrees>25.432829</LatitudeDegrees>
              <LongitudeDegrees>111.857845</LongitudeDegrees>
            </Position>
            <AltitudeMeters>41.99</AltitudeMeters>
            <DistanceMeters>6525.0</DistanceMeters>
            <Extensions>
              <ns3:TPX>
                <ns3:RunCadence>85</ns3:RunCadence>
              </ns3:TPX>
            </Extensions>
            <Cadence>85</Cadence>
          </Trackpoint>
          <Trackpoint>
            <Time>2020-01-06T00:36:20Z</Time>
            <Position>
              <LatitudeDegrees>25.432913</LatitudeDegrees>
              <LongitudeDegrees>111.857728</LongitudeDegrees>
            </Position>
            <AltitudeMeters>41.99</AltitudeMeters>
            <DistanceMeters>6540.0</DistanceMeters>
            <Extensions>
              <ns3:TPX>
                <ns3:RunCadence>85</ns3:RunCadence>
              </ns3:TPX>
            </Extensions>
            <Cadence>85</Cadence>
          </Trackpoint>
          <Trackpoint>
            <Time>2020-01-06T00:36:25Z</Time>
            <Position>
              <LatitudeDegrees>25.432993</LatitudeDegrees>
              <LongitudeDegrees>111.857607</LongitudeDegrees>
            </Position>
            <AltitudeMeters>42.00</AltitudeMeters>
            <DistanceMeters>6555.0</DistanceMeters>
            <Extensions>
              <ns3:TPX>
                <ns3:RunCadence>86</ns3:RunCadence>
              </ns3:TPX>
            </Extensions>
            <Cadence>86</Cadence>
          </Trackpoint>
          <Trackpoint>
            <Time>2020-01-06T00:36:30Z</Time>
            <Position>
              <LatitudeDegrees>25.433069</LatitudeDegrees>
              <LongitudeDegrees>111.857484</LongitudeDegrees>
            </Position>
            <AltitudeMeters>42.00</AltitudeMeters>
            <DistanceMeters>6570.0</DistanceMeters>
            <Extensions>
              <ns3:TPX>
                <ns3:RunCadence>86</ns3:RunCadence>
              </ns3:TPX>
            </Extensions>
            <Cadence>86</Cadence>
          </Trackpoint>
          <Trackpoint>
            <Time>2020-01-06T00:36:35Z</Time>
            <Position>
              <LatitudeDegrees>25.43314</LatitudeDegrees>
              <LongitudeDegrees>111.857359</LongitudeDegrees>
            </Position>
            <AltitudeMeters>42.0</AltitudeMeters>
            <DistanceMeters>6585.0</DistanceMeters>
            <Extensions>
              <ns3:TPX>
                <ns3:RunCadence>86</ns3:RunCadence>
              </ns3:TPX>
            </Extensions>
            <Cadence>86</Cadence>
          </Trackpoint>
          <Trackpoint>
            <Time>2020-01-06T00:36:40Z</Time>
            <Position>
              <LatitudeDegrees>25.433212</LatitudeDegrees>
              <LongitudeDegrees>111.857231</LongitudeDegrees>
            </Position>
            <AltitudeMeters>42.00</AltitudeMeters>
            <DistanceMeters>6600.0</DistanceMeters>
            <Extensions>
              <ns3:TPX>
                <ns3:RunCadence>86</ns3:RunCadence>
              </ns3:TPX>
            </Extensions>
            <Cadence>86</Cadence>
          </Trackpoint>
          <Trackpoint>
            <Time>2020-01-06T00:36:45Z</Time>
            <Position>
              <LatitudeDegrees>25.433278</LatitudeDegrees>
              <LongitudeDegrees>111.85710</LongitudeDegrees>
            </Position>
            <AltitudeMeters>41.99</AltitudeMeters>
            <DistanceMeters>6615.0</DistanceMeters>
            <Extensions>
              <ns3:TPX>
                <ns3:RunCadence>86</ns3:RunCadence>
              </ns3:TPX>
            </Extensions>
            <Cadence>86</Cadence>
          </Trackpoint>
          <Trackpoint>
            <Time>2020-01-06T00:36:50Z</Time>
            <Position>
              <LatitudeDegrees>25.433340</LatitudeDegrees>
              <LongitudeDegrees>111.856968</LongitudeDegrees>
            </Position>
            <AltitudeMeters>41.99</AltitudeMeters>
            <DistanceMeters>6630.0</DistanceMeters>
            <Extensions>
              <ns3:TPX>
                <ns3:RunCadence>86</ns3:RunCadence>
              </ns3:TPX>
            </Extensions>
            <Cadence>86</Cadence>
          </Trackpoint>
          <Trackpoint>
            <Time>2020-01-06T00:36:55Z</Time>
            <Position>
              <LatitudeDegrees>25.433398</LatitudeDegrees>
              <LongitudeDegrees>111.856833</LongitudeDegrees>
            </Position>
            <AltitudeMeters>41.98</AltitudeMeters>
            <DistanceMeters>6645.0</DistanceMeters>
            <Extensions>
              <ns3:TPX>
                <ns3:RunCadence>86</ns3:RunCadence>
              </ns3:TPX>
            </Extensions>
            <Cadence>86</Cadence>
          </Trackpoint>
          <Trackpoint>
            <Time>2020-01-06T00:37:00Z</Time>
            <Position>
              <LatitudeDegrees>25.433453</LatitudeDegrees>
              <LongitudeDegrees>111.856697</LongitudeDegrees>
            </Position>
            <AltitudeMeters>41.97</AltitudeMeters>
            <DistanceMeters>6660.0</DistanceMeters>
            <Extensions>
              <ns3:TPX>
                <ns3:RunCadence>86</ns3:RunCadence>
              </ns3:TPX>
            </Extensions>
            <Cadence>86</Cadence>
          </Trackpoint>
          <Trackpoint>
            <Time>2020-01-06T00:37:05Z</Time>
            <Position>
              <LatitudeDegrees>25.433504</LatitudeDegrees>
              <LongitudeDegrees>111.856559</LongitudeDegrees>
            </Position>
            <AltitudeMeters>41.95</AltitudeMeters>
            <DistanceMeters>6675.0</DistanceMeters>
            <Extensions>
              <ns3:TPX>
                <ns3:RunCadence>87</ns3:RunCadence>
              </ns3:TPX>
            </Extensions>
            <Cadence>87</Cadence>
          </Trackpoint>
          <Trackpoint>
            <Time>2020-01-06T00:37:10Z</Time>
            <Position>
              <LatitudeDegrees>25.433551</LatitudeDegrees>
              <LongitudeDegrees>111.856419</LongitudeDegrees>
            </Position>
            <AltitudeMeters>41.94</AltitudeMeters>
            <DistanceMeters>6690.0</DistanceMeters>
            <Extensions>
              <ns3:TPX>
                <ns3:RunCadence>87</ns3:RunCadence>
              </ns3:TPX>
            </Extensions>
            <Cadence>87</Cadence>
          </Trackpoint>
          <Trackpoint>
            <Time>2020-01-06T00:37:15Z</Time>
            <Position>
              <LatitudeDegrees>25.433594</LatitudeDegrees>
              <LongitudeDegrees>111.856277</LongitudeDegrees>
            </Position>
            <AltitudeMeters>41.9</AltitudeMeters>
            <DistanceMeters>6705.0</DistanceMeters>
            <Extensions>
              <ns3:TPX>
                <ns3:RunCadence>87</ns3:RunCadence>
              </ns3:TPX>
            </Extensions>
            <Cadence>87</Cadence>
          </Trackpoint>
          <Trackpoint>
            <Time>2020-01-06T00:37:20Z</Time>
            <Position>
              <LatitudeDegrees>25.433633</LatitudeDegrees>
              <LongitudeDegrees>111.856134</LongitudeDegrees>
            </Position>
            <AltitudeMeters>41.90</AltitudeMeters>
            <DistanceMeters>6720.0</DistanceMeters>
            <Extensions>
              <ns3:TPX>
                <ns3:RunCadence>87</ns3:RunCadence>
              </ns3:TPX>
            </Extensions>
            <Cadence>87</Cadence>
          </Trackpoint>
          <Trackpoint>
            <Time>2020-01-06T00:37:25Z</Time>
            <Position>
              <LatitudeDegrees>25.43367</LatitudeDegrees>
              <LongitudeDegrees>111.855990</LongitudeDegrees>
            </Position>
            <AltitudeMeters>41.88</AltitudeMeters>
            <DistanceMeters>6735.0</DistanceMeters>
            <Extensions>
              <ns3:TPX>
                <ns3:RunCadence>87</ns3:RunCadence>
              </ns3:TPX>
            </Extensions>
            <Cadence>87</Cadence>
          </Trackpoint>
          <Trackpoint>
            <Time>2020-01-06T00:37:30Z</Time>
            <Position>
              <LatitudeDegrees>25.433699</LatitudeDegrees>
              <LongitudeDegrees>111.855844</LongitudeDegrees>
            </Position>
            <AltitudeMeters>41.86</AltitudeMeters>
            <DistanceMeters>6750.0</DistanceMeters>
            <Extensions>
              <ns3:TPX>
                <ns3:RunCadence>87</ns3:RunCadence>
              </ns3:TPX>
            </Extensions>
            <Cadence>87</Cadence>
          </Trackpoint>
          <Trackpoint>
            <Time>2020-01-06T00:37:35Z</Time>
            <Position>
              <LatitudeDegrees>25.433726</LatitudeDegrees>
              <LongitudeDegrees>111.855698</LongitudeDegrees>
            </Position>
            <AltitudeMeters>41.83</AltitudeMeters>
            <DistanceMeters>6765.0</DistanceMeters>
            <Extensions>
              <ns3:TPX>
                <ns3:RunCadence>87</ns3:RunCadence>
              </ns3:TPX>
            </Extensions>
            <Cadence>87</Cadence>
          </Trackpoint>
          <Trackpoint>
            <Time>2020-01-06T00:37:40Z</Time>
            <Position>
              <LatitudeDegrees>25.433749</LatitudeDegrees>
              <LongitudeDegrees>111.855551</LongitudeDegrees>
            </Position>
            <AltitudeMeters>41.81</AltitudeMeters>
            <DistanceMeters>6780.0</DistanceMeters>
            <Extensions>
              <ns3:TPX>
                <ns3:RunCadence>87</ns3:RunCadence>
              </ns3:TPX>
            </Extensions>
            <Cadence>87</Cadence>
          </Trackpoint>
          <Trackpoint>
            <Time>2020-01-06T00:37:45Z</Time>
            <Position>
              <LatitudeDegrees>25.433768</LatitudeDegrees>
              <LongitudeDegrees>111.855403</LongitudeDegrees>
            </Position>
            <AltitudeMeters>41.78</AltitudeMeters>
            <DistanceMeters>6795.0</DistanceMeters>
            <Extensions>
              <ns3:TPX>
                <ns3:RunCadence>87</ns3:RunCadence>
              </ns3:TPX>
            </Extensions>
            <Cadence>87</Cadence>
          </Trackpoint>
          <Trackpoint>
            <Time>2020-01-06T00:37:50Z</Time>
            <Position>
              <LatitudeDegrees>25.433782</LatitudeDegrees>
              <LongitudeDegrees>111.855254</LongitudeDegrees>
            </Position>
            <AltitudeMeters>41.75</AltitudeMeters>
            <DistanceMeters>6810.0</DistanceMeters>
            <Extensions>
              <ns3:TPX>
                <ns3:RunCadence>87</ns3:RunCadence>
              </ns3:TPX>
            </Extensions>
            <Cadence>87</Cadence>
          </Trackpoint>
          <Trackpoint>
            <Time>2020-01-06T00:37:55Z</Time>
            <Position>
              <LatitudeDegrees>25.433793</LatitudeDegrees>
              <LongitudeDegrees>111.855106</LongitudeDegrees>
            </Position>
            <AltitudeMeters>41.72</AltitudeMeters>
            <DistanceMeters>6825.0</DistanceMeters>
            <Extensions>
              <ns3:TPX>
                <ns3:RunCadence>87</ns3:RunCadence>
              </ns3:TPX>
            </Extensions>
            <Cadence>87</Cadence>
          </Trackpoint>
          <Trackpoint>
            <Time>2020-01-06T00:38:00Z</Time>
            <Position>
              <LatitudeDegrees>25.433799</LatitudeDegrees>
              <LongitudeDegrees>111.854956</LongitudeDegrees>
            </Position>
            <AltitudeMeters>41.68</AltitudeMeters>
            <DistanceMeters>6840.0</DistanceMeters>
            <Extensions>
              <ns3:TPX>
                <ns3:RunCadence>87</ns3:RunCadence>
              </ns3:TPX>
            </Extensions>
            <Cadence>87</Cadence>
          </Trackpoint>
          <Trackpoint>
            <Time>2020-01-06T00:38:05Z</Time>
            <Position>
              <LatitudeDegrees>25.433801</LatitudeDegrees>
              <LongitudeDegrees>111.854807</LongitudeDegrees>
            </Position>
            <AltitudeMeters>41.65</AltitudeMeters>
            <DistanceMeters>6855.0</DistanceMeters>
            <Extensions>
              <ns3:TPX>
                <ns3:RunCadence>87</ns3:RunCadence>
              </ns3:TPX>
            </Extensions>
            <Cadence>87</Cadence>
          </Trackpoint>
          <Trackpoint>
            <Time>2020-01-06T00:38:10Z</Time>
            <Position>
              <LatitudeDegrees>25.433799</LatitudeDegrees>
              <LongitudeDegrees>111.854658</LongitudeDegrees>
            </Position>
            <AltitudeMeters>41.61</AltitudeMeters>
            <DistanceMeters>6870.0</DistanceMeters>
            <Extensions>
              <ns3:TPX>
                <ns3:RunCadence>87</ns3:RunCadence>
              </ns3:TPX>
            </Extensions>
            <Cadence>87</Cadence>
          </Trackpoint>
          <Trackpoint>
            <Time>2020-01-06T00:38:15Z</Time>
            <Position>
              <LatitudeDegrees>25.433793</LatitudeDegrees>
              <LongitudeDegrees>111.85451</LongitudeDegrees>
            </Position>
            <AltitudeMeters>41.57</AltitudeMeters>
            <DistanceMeters>6885.0</DistanceMeters>
            <Extensions>
              <ns3:TPX>
                <ns3:RunCadence>87</ns3:RunCadence>
              </ns3:TPX>
            </Extensions>
            <Cadence>87</Cadence>
          </Trackpoint>
          <Trackpoint>
            <Time>2020-01-06T00:38:20Z</Time>
            <Position>
              <LatitudeDegrees>25.433782</LatitudeDegrees>
              <LongitudeDegrees>111.854360</LongitudeDegrees>
            </Position>
            <AltitudeMeters>41.53</AltitudeMeters>
            <DistanceMeters>6900.0</DistanceMeters>
            <Extensions>
              <ns3:TPX>
                <ns3:RunCadence>87</ns3:RunCadence>
              </ns3:TPX>
            </Extensions>
            <Cadence>87</Cadence>
          </Trackpoint>
          <Trackpoint>
            <Time>2020-01-06T00:38:25Z</Time>
            <Position>
              <LatitudeDegrees>25.433768</LatitudeDegrees>
              <LongitudeDegrees>111.854211</LongitudeDegrees>
            </Position>
            <AltitudeMeters>41.49</AltitudeMeters>
            <DistanceMeters>6915.0</DistanceMeters>
            <Extensions>
              <ns3:TPX>
                <ns3:RunCadence>87</ns3:RunCadence>
              </ns3:TPX>
            </Extensions>
            <Cadence>87</Cadence>
          </Trackpoint>
          <Trackpoint>
            <Time>2020-01-06T00:38:30Z</Time>
            <Position>
              <LatitudeDegrees>25.433749</LatitudeDegrees>
              <LongitudeDegrees>111.854063</LongitudeDegrees>
            </Position>
            <AltitudeMeters>41.4</AltitudeMeters>
            <DistanceMeters>6930.0</DistanceMeters>
            <Extensions>
              <ns3:TPX>
                <ns3:RunCadence>87</ns3:RunCadence>
              </ns3:TPX>
            </Extensions>
            <Cadence>87</Cadence>
          </Trackpoint>
          <Trackpoint>
            <Time>2020-01-06T00:38:35Z</Time>
            <Position>
              <LatitudeDegrees>25.433726</LatitudeDegrees>
              <LongitudeDegrees>111.853916</LongitudeDegrees>
            </Position>
            <AltitudeMeters>41.40</AltitudeMeters>
            <DistanceMeters>6945.0</DistanceMeters>
            <Extensions>
              <ns3:TPX>
                <ns3:RunCadence>87</ns3:RunCadence>
              </ns3:TPX>
            </Extensions>
            <Cadence>87</Cadence>
          </Trackpoint>
          <Trackpoint>
            <Time>2020-01-06T00:38:40Z</Time>
            <Position>
              <LatitudeDegrees>25.433699</LatitudeDegrees>
              <LongitudeDegrees>111.853770</LongitudeDegrees>
            </Position>
            <AltitudeMeters>41.35</AltitudeMeters>
            <DistanceMeters>6960.0</DistanceMeters>
            <Extensions>
              <ns3:TPX>
                <ns3:RunCadence>86</ns3:RunCadence>
              </ns3:TPX>
            </Extensions>
            <Cadence>86</Cadence>
          </Trackpoint>
          <Trackpoint>
            <Time>2020-01-06T00:38:45Z</Time>
            <Position>
              <LatitudeDegrees>25.433668</LatitudeDegrees>
              <LongitudeDegrees>111.85362</LongitudeDegrees>
            </Position>
            <AltitudeMeters>41.30</AltitudeMeters>
            <DistanceMeters>6975.0</DistanceMeters>
            <Extensions>
              <ns3:TPX>
                <ns3:RunCadence>86</ns3:RunCadence>
              </ns3:TPX>
            </Extensions>
            <Cadence>86</Cadence>
          </Trackpoint>
          <Trackpoint>
            <Time>2020-01-06T00:38:50Z</Time>
            <Position>
              <LatitudeDegrees>25.433633</LatitudeDegrees>
              <LongitudeDegrees>111.853480</LongitudeDegrees>
            </Position>
            <AltitudeMeters>41.3</AltitudeMeters>
            <DistanceMeters>6990.0</DistanceMeters>
            <Extensions>
              <ns3:TPX>
                <ns3:RunCadence>86</ns3:RunCadence>
              </ns3:TPX>
            </Extensions>
            <Cadence>86</Cadence>
          </Trackpoint>
          <Trackpoint>
            <Time>2020-01-06T00:38:55Z</Time>
            <Position>
              <LatitudeDegrees>25.433594</LatitudeDegrees>
              <LongitudeDegrees>111.853337</LongitudeDegrees>
            </Position>
            <AltitudeMeters>41.20</AltitudeMeters>
            <DistanceMeters>7005.0</DistanceMeters>
            <Extensions>
              <ns3:TPX>
                <ns3:RunCadence>86</ns3:RunCadence>
              </ns3:TPX>
            </Extensions>
            <Cadence>86</Cadence>
          </Trackpoint>
          <Trackpoint>
            <Time>2020-01-06T00:39:00Z</Time>
            <Position>
              <LatitudeDegrees>25.433551</LatitudeDegrees>
              <LongitudeDegrees>111.853195</LongitudeDegrees>
            </Position>
            <AltitudeMeters>41.15</AltitudeMeters>
            <DistanceMeters>7020.0</DistanceMeters>
            <Extensions>
              <ns3:TPX>
                <ns3:RunCadence>86</ns3:RunCadence>
              </ns3:TPX>
            </Extensions>
            <Cadence>86</Cadence>
          </Trackpoint>
          <Trackpoint>
            <Time>2020-01-06T00:39:05Z</Time>
            <Position>
              <LatitudeDegrees>25.433504</LatitudeDegrees>
              <LongitudeDegrees>111.853055</LongitudeDegrees>
            </Position>
            <AltitudeMeters>41.09</AltitudeMeters>
            <DistanceMeters>7035.0</DistanceMeters>
            <Extensions>
              <ns3:TPX>
                <ns3:RunCadence>86</ns3:RunCadence>
              </ns3:TPX>
            </Extensions>
            <Cadence>86</Cadence>
          </Trackpoint>
          <Trackpoint>
            <Time>2020-01-06T00:39:10Z</Time>
            <Position>
              <LatitudeDegrees>25.433453</LatitudeDegrees>
              <LongitudeDegrees>111.852917</LongitudeDegrees>
            </Position>
            <AltitudeMeters>41.04</AltitudeMeters>
            <DistanceMeters>7050.0</DistanceMeters>
            <Extensions>
              <ns3:TPX>
                <ns3:RunCadence>86</ns3:RunCadence>
              </ns3:TPX>
            </Extensions>
            <Cadence>86</Cadence>
          </Trackpoint>
          <Trackpoint>
            <Time>2020-01-06T00:39:15Z</Time>
            <Position>
              <LatitudeDegrees>25.433398</LatitudeDegrees>
              <LongitudeDegrees>111.852781</LongitudeDegrees>
            </Position>
            <AltitudeMeters>40.98</AltitudeMeters>
            <DistanceMeters>7065.0</DistanceMeters>
            <Extensions>
              <ns3:TPX>
                <ns3:RunCadence>86</ns3:RunCadence>
              </ns3:TPX>
            </Extensions>
            <Cadence>86</Cadence>
          </Trackpoint>
          <Trackpoint>
            <Time>2020-01-06T00:39:20Z</Time>
            <Position>
              <LatitudeDegrees>25.433340</LatitudeDegrees>
              <LongitudeDegrees>111.852646</LongitudeDegrees>
            </Position>
            <AltitudeMeters>40.93</AltitudeMeters>
            <DistanceMeters>7080.0</DistanceMeters>
            <Extensions>
              <ns3:TPX>
                <ns3:RunCadence>85</ns3:RunCadence>
              </ns3:TPX>
            </Extensions>
            <Cadence>85</Cadence>
          </Trackpoint>
          <Trackpoint>
            <Time>2020-01-06T00:39:25Z</Time>
            <Position>
              <LatitudeDegrees>25.433278</LatitudeDegrees>
              <LongitudeDegrees>111.852513</LongitudeDegrees>
            </Position>
            <AltitudeMeters>40.87</AltitudeMeters>
            <DistanceMeters>7095.0</DistanceMeters>
            <Extensions>
              <ns3:TPX>
                <ns3:RunCadence>85</ns3:RunCadence>
              </ns3:TPX>
            </Extensions>
            <Cadence>85</Cadence>
          </Trackpoint>
          <Trackpoint>
            <Time>2020-01-06T00:39:30Z</Time>
            <Position>
              <LatitudeDegrees>25.433212</LatitudeDegrees>
              <LongitudeDegrees>111.852383</LongitudeDegrees>
            </Position>
            <AltitudeMeters>40.81</AltitudeMeters>
            <DistanceMeters>7110.0</DistanceMeters>
            <Extensions>
              <ns3:TPX>
                <ns3:RunCadence>85</ns3:RunCadence>
              </ns3:TPX>
            </Extensions>
            <Cadence>85</Cadence>
          </Trackpoint>
          <Trackpoint>
            <Time>2020-01-06T00:39:35Z</Time>
            <Position>
              <LatitudeDegrees>25.433142</LatitudeDegrees>
              <LongitudeDegrees>111.852255</LongitudeDegrees>
            </Position>
            <AltitudeMeters>40.75</AltitudeMeters>
            <DistanceMeters>7125.0</DistanceMeters>
            <Extensions>
              <ns3:TPX>
                <ns3:RunCadence>85</ns3:RunCadence>
              </ns3:TPX>
            </Extensions>
            <Cadence>85</Cadence>
          </Trackpoint>
          <Trackpoint>
            <Time>2020-01-06T00:39:40Z</Time>
            <Position>
              <LatitudeDegrees>25.433069</LatitudeDegrees>
              <LongitudeDegrees>111.85213</LongitudeDegrees>
            </Position>
            <AltitudeMeters>40.69</AltitudeMeters>
            <DistanceMeters>7140.0</DistanceMeters>
            <Extensions>
              <ns3:TPX>
                <ns3:RunCadence>85</ns3:RunCadence>
              </ns3:TPX>
            </Extensions>
            <Cadence>85</Cadence>
          </Trackpoint>
          <Trackpoint>
            <Time>2020-01-06T00:39:45Z</Time>
            <Position>
              <LatitudeDegrees>25.432993</LatitudeDegrees>
              <LongitudeDegrees>111.852007</LongitudeDegrees>
            </Position>
            <AltitudeMeters>40.63</AltitudeMeters>
            <DistanceMeters>7155.0</DistanceMeters>
            <Extensions>
              <ns3:TPX>
                <ns3:RunCadence>85</ns3:RunCadence>
              </ns3:TPX>
            </Extensions>
            <Cadence>85</Cadence>
          </Trackpoint>
          <Trackpoint>
            <Time>2020-01-06T00:39:50Z</Time>
            <Position>
              <LatitudeDegrees>25.432913</LatitudeDegrees>
              <LongitudeDegrees>111.851886</LongitudeDegrees>
            </Position>
            <AltitudeMeters>40.57</AltitudeMeters>
            <DistanceMeters>7170.0</DistanceMeters>
            <Extensions>
              <ns3:TPX>
                <ns3:RunCadence>84</ns3:RunCadence>
              </ns3:TPX>
            </Extensions>
            <Cadence>84</Cadence>
          </Trackpoint>
          <Trackpoint>
            <Time>2020-01-06T00:39:55Z</Time>
            <Position>
              <LatitudeDegrees>25.432829</LatitudeDegrees>
              <LongitudeDegrees>111.851769</LongitudeDegrees>
            </Position>
            <AltitudeMeters>40.51</AltitudeMeters>
            <DistanceMeters>7185.0</DistanceMeters>
            <Extensions>
              <ns3:TPX>
                <ns3:RunCadence>84</ns3:RunCadence>
              </ns3:TPX>
            </Extensions>
            <Cadence>84</Cadence>
          </Trackpoint>
          <Trackpoint>
            <Time>2020-01-06T00:40:00Z</Time>
            <Position>
              <LatitudeDegrees>25.432743</LatitudeDegrees>
              <LongitudeDegrees>111.851654</LongitudeDegrees>
            </Position>
            <AltitudeMeters>40.44</AltitudeMeters>
            <DistanceMeters>7200.0</DistanceMeters>
            <Extensions>
              <ns3:TPX>
                <ns3:RunCadence>84</ns3:RunCadence>
              </ns3:TPX>
            </Extensions>
            <Cadence>84</Cadence>
          </Trackpoint>
          <Trackpoint>
            <Time>2020-01-06T00:40:05Z</Time>
            <Position>
              <LatitudeDegrees>25.432653</LatitudeDegrees>
              <LongitudeDegrees>111.851542</LongitudeDegrees>
            </Position>
            <AltitudeMeters>40.38</AltitudeMeters>
            <DistanceMeters>7215.0</DistanceMeters>
            <Extensions>
              <ns3:TPX>
                <ns3:RunCadence>84</ns3:RunCadence>
              </ns3:TPX>
            </Extensions>
            <Cadence>84</Cadence>
          </Trackpoint>
          <Trackpoint>
            <Time>2020-01-06T00:40:10Z</Time>
            <Position>
              <LatitudeDegrees>25.43256</LatitudeDegrees>
              <LongitudeDegrees>111.851434</LongitudeDegrees>
            </Position>
            <AltitudeMeters>40.32</AltitudeMeters>
            <DistanceMeters>7230.0</DistanceMeters>
            <Extensions>
              <ns3:TPX>
                <ns3:RunCadence>84</ns3:RunCadence>
              </ns3:TPX>
            </Extensions>
            <Cadence>84</Cadence>
          </Trackpoint>
          <Trackpoint>
            <Time>2020-01-06T00:40:15Z</Time>
            <Position>
              <LatitudeDegrees>25.432465</LatitudeDegrees>
              <LongitudeDegrees>111.851329</LongitudeDegrees>
            </Position>
            <AltitudeMeters>40.25</AltitudeMeters>
            <DistanceMeters>7245.0</DistanceMeters>
            <Extensions>
              <ns3:TPX>
                <ns3:RunCadence>84</ns3:RunCadence>
              </ns3:TPX>
            </Extensions>
            <Cadence>84</Cadence>
          </Trackpoint>
          <Trackpoint>
            <Time>2020-01-06T00:40:20Z</Time>
            <Position>
              <LatitudeDegrees>25.432366</LatitudeDegrees>
              <LongitudeDegrees>111.851227</LongitudeDegrees>
            </Position>
            <AltitudeMeters>40.19</AltitudeMeters>
            <DistanceMeters>7260.0</DistanceMeters>
            <Extensions>
              <ns3:TPX>
                <ns3:RunCadence>83</ns3:RunCadence>
              </ns3:TPX>
            </Extensions>
            <Cadence>83</Cadence>
          </Trackpoint>
          <Trackpoint>
            <Time>2020-01-06T00:40:25Z</Time>
            <Position>
              <LatitudeDegrees>25.432265</LatitudeDegrees>
              <LongitudeDegrees>111.851128</LongitudeDegrees>
            </Position>
            <AltitudeMeters>40.13</AltitudeMeters>
            <DistanceMeters>7275.0</DistanceMeters>
            <Extensions>
              <ns3:TPX>
                <ns3:RunCadence>83</ns3:RunCadence>
              </ns3:TPX>
            </Extensions>
            <Cadence>83</Cadence>
          </Trackpoint>
          <Trackpoint>
            <Time>2020-01-06T00:40:30Z</Time>
            <Position>
              <LatitudeDegrees>25.43216</LatitudeDegrees>
              <LongitudeDegrees>111.851033</LongitudeDegrees>
            </Position>
            <AltitudeMeters>40.06</AltitudeMeters>
            <DistanceMeters>7290.0</DistanceMeters>
            <Extensions>
              <ns3:TPX>
                <ns3:RunCadence>83</ns3:RunCadence>
              </ns3:TPX>
            </Extensions>
            <Cadence>83</Cadence>
          </Trackpoint>
          <Trackpoint>
            <Time>2020-01-06T00:40:35Z</Time>
            <Position>
              <LatitudeDegrees>25.432054</LatitudeDegrees>
              <LongitudeDegrees>111.850942</LongitudeDegrees>
            </Position>
            <AltitudeMeters>40.00</AltitudeMeters>
            <DistanceMeters>7305.0</DistanceMeters>
            <Extensions>
              <ns3:TPX>
                <ns3:RunCadence>83</ns3:RunCadence>
              </ns3:TPX>
            </Extensions>
            <Cadence>83</Cadence>
          </Trackpoint>
          <Trackpoint>
            <Time>2020-01-06T00:40:40Z</Time>
            <Position>
              <LatitudeDegrees>25.431945</LatitudeDegrees>
              <LongitudeDegrees>111.850854</LongitudeDegrees>
            </Position>
            <AltitudeMeters>39.93</AltitudeMeters>
            <DistanceMeters>7320.0</DistanceMeters>
            <Extensions>
              <ns3:TPX>
                <ns3:RunCadence>83</ns3:RunCadence>
              </ns3:TPX>
            </Extensions>
            <Cadence>83</Cadence>
          </Trackpoint>
          <Trackpoint>
            <Time>2020-01-06T00:40:45Z</Time>
            <Position>
              <LatitudeDegrees>25.43183</LatitudeDegrees>
              <LongitudeDegrees>111.850770</LongitudeDegrees>
            </Position>
            <AltitudeMeters>39.87</AltitudeMeters>
            <DistanceMeters>7335.0</DistanceMeters>
            <Extensions>
              <ns3:TPX>
                <ns3:RunCadence>83</ns3:RunCadence>
              </ns3:TPX>
            </Extensions>
            <Cadence>83</Cadence>
          </Trackpoint>
          <Trackpoint>
            <Time>2020-01-06T00:40:50Z</Time>
            <Position>
              <LatitudeDegrees>25.431719</LatitudeDegrees>
              <LongitudeDegrees>111.850690</LongitudeDegrees>
            </Position>
            <AltitudeMeters>39.80</AltitudeMeters>
            <DistanceMeters>7350.0</DistanceMeters>
            <Extensions>
              <ns3:TPX>
                <ns3:RunCadence>82</ns3:RunCadence>
              </ns3:TPX>
            </Extensions>
            <Cadence>82</Cadence>
          </Trackpoint>
          <Trackpoint>
            <Time>2020-01-06T00:40:55Z</Time>
            <Position>
              <LatitudeDegrees>25.431603</LatitudeDegrees>
              <LongitudeDegrees>111.850614</LongitudeDegrees>
            </Position>
            <AltitudeMeters>39.7</AltitudeMeters>
            <DistanceMeters>7365.0</DistanceMeters>
            <Extensions>
              <ns3:TPX>
                <ns3:RunCadence>82</ns3:RunCadence>
              </ns3:TPX>
            </Extensions>
            <Cadence>82</Cadence>
          </Trackpoint>
          <Trackpoint>
            <Time>2020-01-06T00:41:00Z</Time>
            <Position>
              <LatitudeDegrees>25.431485</LatitudeDegrees>
              <LongitudeDegrees>111.850542</LongitudeDegrees>
            </Position>
            <AltitudeMeters>39.68</AltitudeMeters>
            <DistanceMeters>7380.0</DistanceMeters>
            <Extensions>
              <ns3:TPX>
                <ns3:RunCadence>82</ns3:RunCadence>
              </ns3:TPX>
            </Extensions>
            <Cadence>82</Cadence>
          </Trackpoint>
          <Trackpoint>
            <Time>2020-01-06T00:41:05Z</Time>
            <Position>
              <LatitudeDegrees>25.431365</LatitudeDegrees>
              <LongitudeDegrees>111.850474</LongitudeDegrees>
            </Position>
            <AltitudeMeters>39.61</AltitudeMeters>
            <DistanceMeters>7395.0</DistanceMeters>
            <Extensions>
              <ns3:TPX>
                <ns3:RunCadence>82</ns3:RunCadence>
              </ns3:TPX>
            </Extensions>
            <Cadence>82</Cadence>
          </Trackpoint>
          <Trackpoint>
            <Time>2020-01-06T00:41:10Z</Time>
            <Position>
              <LatitudeDegrees>25.431243</LatitudeDegrees>
              <LongitudeDegrees>111.850410</LongitudeDegrees>
            </Position>
            <AltitudeMeters>39.55</AltitudeMeters>
            <DistanceMeters>7410.0</DistanceMeters>
            <Extensions>
              <ns3:TPX>
                <ns3:RunCadence>82</ns3:RunCadence>
              </ns3:TPX>
            </Extensions>
            <Cadence>82</Cadence>
          </Trackpoint>
          <Trackpoint>
            <Time>2020-01-06T00:41:15Z</Time>
            <Position>
              <LatitudeDegrees>25.431119</LatitudeDegrees>
              <LongitudeDegrees>111.850351</LongitudeDegrees>
            </Position>
            <AltitudeMeters>39.49</AltitudeMeters>
            <DistanceMeters>7425.0</DistanceMeters>
            <Extensions>
              <ns3:TPX>
                <ns3:RunCadence>82</ns3:RunCadence>
              </ns3:TPX>
            </Extensions>
            <Cadence>82</Cadence>
          </Trackpoint>
          <Trackpoint>
            <Time>2020-01-06T00:41:20Z</Time>
            <Position>
              <LatitudeDegrees>25.430994</LatitudeDegrees>
              <LongitudeDegrees>111.85030</LongitudeDegrees>
            </Position>
            <AltitudeMeters>39.42</AltitudeMeters>
            <DistanceMeters>7440.0</DistanceMeters>
            <Extensions>
              <ns3:TPX>
                <ns3:RunCadence>82</ns3:RunCadence>
              </ns3:TPX>
            </Extensions>
            <Cadence>82</Cadence>
          </Trackpoint>
          <Trackpoint>
            <Time>2020-01-06T00:41:25Z</Time>
            <Position>
              <LatitudeDegrees>25.430867</LatitudeDegrees>
              <LongitudeDegrees>111.850244</LongitudeDegrees>
            </Position>
            <AltitudeMeters>39.36</AltitudeMeters>
            <DistanceMeters>7455.0</DistanceMeters>
            <Extensions>
              <ns3:TPX>
                <ns3:RunCadence>82</ns3:RunCadence>
              </ns3:TPX>
            </Extensions>
            <Cadence>82</Cadence>
          </Trackpoint>
          <Trackpoint>
            <Time>2020-01-06T00:41:30Z</Time>
            <Position>
              <LatitudeDegrees>25.430739</LatitudeDegrees>
              <LongitudeDegrees>111.850198</LongitudeDegrees>
            </Position>
            <AltitudeMeters>39.30</AltitudeMeters>
            <DistanceMeters>7470.0</DistanceMeters>
            <Extensions>
              <ns3:TPX>
                <ns3:RunCadence>81</ns3:RunCadence>
              </ns3:TPX>
            </Extensions>
            <Cadence>81</Cadence>
          </Trackpoint>
          <Trackpoint>
            <Time>2020-01-06T00:41:35Z</Time>
            <Position>
              <LatitudeDegrees>25.430610</LatitudeDegrees>
              <LongitudeDegrees>111.850155</LongitudeDegrees>
            </Position>
            <AltitudeMeters>39.24</AltitudeMeters>
            <DistanceMeters>7485.0</DistanceMeters>
            <Extensions>
              <ns3:TPX>
                <ns3:RunCadence>81</ns3:RunCadence>
              </ns3:TPX>
            </Extensions>
            <Cadence>81</Cadence>
          </Trackpoint>
          <Trackpoint>
            <Time>2020-01-06T00:41:40Z</Time>
            <Position>
              <LatitudeDegrees>25.430479</LatitudeDegrees>
              <LongitudeDegrees>111.850117</LongitudeDegrees>
            </Position>
            <AltitudeMeters>39.2</AltitudeMeters>
            <DistanceMeters>7500.0</DistanceMeters>
            <Extensions>
              <ns3:TPX>
                <ns3:RunCadence>81</ns3:RunCadence>
              </ns3:TPX>
            </Extensions>
            <Cadence>81</Cadence>
          </Trackpoint>
          <Trackpoint>
            <Time>2020-01-06T00:41:45Z</Time>
            <Position>
              <LatitudeDegrees>25.430348</LatitudeDegrees>
              <LongitudeDegrees>111.850084</LongitudeDegrees>
            </Position>
            <AltitudeMeters>39.12</AltitudeMeters>
            <DistanceMeters>7515.0</DistanceMeters>
            <Extensions>
              <ns3:TPX>
                <ns3:RunCadence>81</ns3:RunCadence>
              </ns3:TPX>
            </Extensions>
            <Cadence>81</Cadence>
          </Trackpoint>
          <Trackpoint>
            <Time>2020-01-06T00:41:50Z</Time>
            <Position>
              <LatitudeDegrees>25.430215</LatitudeDegrees>
              <LongitudeDegrees>111.85006</LongitudeDegrees>
            </Position>
            <AltitudeMeters>39.07</AltitudeMeters>
            <DistanceMeters>7530.0</DistanceMeters>
            <Extensions>
              <ns3:TPX>
                <ns3:RunCadence>81</ns3:RunCadence>
              </ns3:TPX>
            </Extensions>
            <Cadence>81</Cadence>
          </Trackpoint>
          <Trackpoint>
            <Time>2020-01-06T00:41:55Z</Time>
            <Position>
              <LatitudeDegrees>25.430082</LatitudeDegrees>
              <LongitudeDegrees>111.850031</LongitudeDegrees>
            </Position>
            <AltitudeMeters>39.01</AltitudeMeters>
            <DistanceMeters>7545.0</DistanceMeters>
            <Extensions>
              <ns3:TPX>
                <ns3:RunCadence>81</ns3:RunCadence>
              </ns3:TPX>
            </Extensions>
            <Cadence>81</Cadence>
          </Trackpoint>
          <Trackpoint>
            <Time>2020-01-06T00:42:00Z</Time>
            <Position>
              <LatitudeDegrees>25.43</LatitudeDegrees>
              <LongitudeDegrees>111.850011</LongitudeDegrees>
            </Position>
            <AltitudeMeters>38.95</AltitudeMeters>
            <DistanceMeters>7560.0</DistanceMeters>
            <Extensions>
              <ns3:TPX>
                <ns3:RunCadence>81</ns3:RunCadence>
              </ns3:TPX>
            </Extensions>
            <Cadence>81</Cadence>
          </Trackpoint>
          <Trackpoint>
            <Time>2020-01-06T00:42:05Z</Time>
            <Position>
              <LatitudeDegrees>25.429814</LatitudeDegrees>
              <LongitudeDegrees>111.849996</LongitudeDegrees>
            </Position>
            <AltitudeMeters>38.90</AltitudeMeters>
            <DistanceMeters>7575.0</DistanceMeters>
            <Extensions>
              <ns3:TPX>
                <ns3:RunCadence>81</ns3:RunCadence>
              </ns3:TPX>
            </Extensions>
            <Cadence>81</Cadence>
          </Trackpoint>
          <Trackpoint>
            <Time>2020-01-06T00:42:10Z</Time>
            <Position>
              <LatitudeDegrees>25.429680</LatitudeDegrees>
              <LongitudeDegrees>111.849986</LongitudeDegrees>
            </Position>
            <AltitudeMeters>38.8</AltitudeMeters>
            <DistanceMeters>7590.0</DistanceMeters>
            <Extensions>
              <ns3:TPX>
                <ns3:RunCadence>81</ns3:RunCadence>
              </ns3:TPX>
            </Extensions>
            <Cadence>81</Cadence>
          </Trackpoint>
          <Trackpoint>
            <Time>2020-01-06T00:42:15Z</Time>
            <Position>
              <LatitudeDegrees>25.429545</LatitudeDegrees>
              <LongitudeDegrees>111.84998</LongitudeDegrees>
            </Position>
            <AltitudeMeters>38.79</AltitudeMeters>
            <DistanceMeters>7605.0</DistanceMeters>
            <Extensions>
              <ns3:TPX>
                <ns3:RunCadence>81</ns3:RunCadence>
              </ns3:TPX>
            </Extensions>
            <Cadence>81</Cadence>
          </Trackpoint>
          <Trackpoint>
            <Time>2020-01-06T00:42:20Z</Time>
            <Position>
              <LatitudeDegrees>25.429410</LatitudeDegrees>
              <LongitudeDegrees>111.849979</LongitudeDegrees>
            </Position>
            <AltitudeMeters>38.74</AltitudeMeters>
            <DistanceMeters>7620.0</DistanceMeters>
            <Extensions>
              <ns3:TPX>
                <ns3:RunCadence>81</ns3:RunCadence>
              </ns3:TPX>
            </Extensions>
            <Cadence>81</Cadence>
          </Trackpoint>
          <Trackpoint>
            <Time>2020-01-06T00:42:25Z</Time>
            <Position>
              <LatitudeDegrees>25.429275</LatitudeDegrees>
              <LongitudeDegrees>111.849982</LongitudeDegrees>
            </Position>
            <AltitudeMeters>38.69</AltitudeMeters>
            <DistanceMeters>7635.0</DistanceMeters>
            <Extensions>
              <ns3:TPX>
                <ns3:RunCadence>81</ns3:RunCadence>
              </ns3:TPX>
            </Extensions>
            <Cadence>81</Cadence>
          </Trackpoint>
          <Trackpoint>
            <Time>2020-01-06T00:42:30Z</Time>
            <Position>
              <LatitudeDegrees>25.429141</LatitudeDegrees>
              <LongitudeDegrees>111.849990</LongitudeDegrees>
            </Position>
            <AltitudeMeters>38.65</AltitudeMeters>
            <DistanceMeters>7650.0</DistanceMeters>
            <Extensions>
              <ns3:TPX>
                <ns3:RunCadence>81</ns3:RunCadence>
              </ns3:TPX>
            </Extensions>
            <Cadence>81</Cadence>
          </Trackpoint>
          <Trackpoint>
            <Time>2020-01-06T00:42:35Z</Time>
            <Position>
              <LatitudeDegrees>25.429006</LatitudeDegrees>
              <LongitudeDegrees>111.850002</LongitudeDegrees>
            </Position>
            <AltitudeMeters>38.6</AltitudeMeters>
            <DistanceMeters>7665.0</DistanceMeters>
            <Extensions>
              <ns3:TPX>
                <ns3:RunCadence>81</ns3:RunCadence>
              </ns3:TPX>
            </Extensions>
            <Cadence>81</Cadence>
          </Trackpoint>
          <Trackpoint>
            <Time>2020-01-06T00:42:40Z</Time>
            <Position>
              <LatitudeDegrees>25.428872</LatitudeDegrees>
              <LongitudeDegrees>111.850020</LongitudeDegrees>
            </Position>
            <AltitudeMeters>38.55</AltitudeMeters>
            <DistanceMeters>7680.0</DistanceMeters>
            <Extensions>
              <ns3:TPX>
                <ns3:RunCadence>81</ns3:RunCadence>
              </ns3:TPX>
            </Extensions>
            <Cadence>81</Cadence>
          </Trackpoint>
          <Trackpoint>
            <Time>2020-01-06T00:42:45Z</Time>
            <Position>
              <LatitudeDegrees>25.428739</LatitudeDegrees>
              <LongitudeDegrees>111.850041</LongitudeDegrees>
            </Position>
            <AltitudeMeters>38.51</AltitudeMeters>
            <DistanceMeters>7695.0</DistanceMeters>
            <Extensions>
              <ns3:TPX>
                <ns3:RunCadence>81</ns3:RunCadence>
              </ns3:TPX>
            </Extensions>
            <Cadence>81</Cadence>
          </Trackpoint>
          <Trackpoint>
            <Time>2020-01-06T00:42:50Z</Time>
            <Position>
              <LatitudeDegrees>25.42861</LatitudeDegrees>
              <LongitudeDegrees>111.850068</LongitudeDegrees>
            </Position>
            <AltitudeMeters>38.47</AltitudeMeters>
            <DistanceMeters>7710.0</DistanceMeters>
            <Extensions>
              <ns3:TPX>
                <ns3:RunCadence>81</ns3:RunCadence>
              </ns3:TPX>
            </Extensions>
            <Cadence>81</Cadence>
          </Trackpoint>
          <Trackpoint>
            <Time>2020-01-06T00:42:55Z</Time>
            <Position>
              <LatitudeDegrees>25.428474</LatitudeDegrees>
              <LongitudeDegrees>111.850098</LongitudeDegrees>
            </Position>
            <AltitudeMeters>38.43</AltitudeMeters>
            <DistanceMeters>7725.0</DistanceMeters>
            <Extensions>
              <ns3:TPX>
                <ns3:RunCadence>81</ns3:RunCadence>
              </ns3:TPX>
            </Extensions>
            <Cadence>81</Cadence>
          </Trackpoint>
          <Trackpoint>
            <Time>2020-01-06T00:43:00Z</Time>
            <Position>
              <LatitudeDegrees>25.428343</LatitudeDegrees>
              <LongitudeDegrees>111.850134</LongitudeDegrees>
            </Position>
            <AltitudeMeters>38.39</AltitudeMeters>
            <DistanceMeters>7740.0</DistanceMeters>
            <Extensions>
              <ns3:TPX>
                <ns3:RunCadence>81</ns3:RunCadence>
              </ns3:TPX>
            </Extensions>
            <Cadence>81</Cadence>
          </Trackpoint>
          <Trackpoint>
            <Time>2020-01-06T00:43:05Z</Time>
            <Position>
              <LatitudeDegrees>25.428213</LatitudeDegrees>
              <LongitudeDegrees>111.85017</LongitudeDegrees>
            </Position>
            <AltitudeMeters>38.35</AltitudeMeters>
            <DistanceMeters>7755.0</DistanceMeters>
            <Extensions>
              <ns3:TPX>
                <ns3:RunCadence>81</ns3:RunCadence>
              </ns3:TPX>
            </Extensions>
            <Cadence>81</Cadence>
          </Trackpoint>
          <Trackpoint>
            <Time>2020-01-06T00:43:10Z</Time>
            <Position>
              <LatitudeDegrees>25.428084</LatitudeDegrees>
              <LongitudeDegrees>111.850218</LongitudeDegrees>
            </Position>
            <AltitudeMeters>38.32</AltitudeMeters>
            <DistanceMeters>7770.0</DistanceMeters>
            <Extensions>
              <ns3:TPX>
                <ns3:RunCadence>82</ns3:RunCadence>
              </ns3:TPX>
            </Extensions>
            <Cadence>82</Cadence>
          </Trackpoint>
          <Trackpoint>
            <Time>2020-01-06T00:43:15Z</Time>
            <Position>
              <LatitudeDegrees>25.427957</LatitudeDegrees>
              <LongitudeDegrees>111.850266</LongitudeDegrees>
            </Position>
            <AltitudeMeters>38.28</AltitudeMeters>
            <DistanceMeters>7785.0</DistanceMeters>
            <Extensions>
              <ns3:TPX>
                <ns3:RunCadence>82</ns3:RunCadence>
              </ns3:TPX>
            </Extensions>
            <Cadence>82</Cadence>
          </Trackpoint>
          <Trackpoint>
            <Time>2020-01-06T00:43:20Z</Time>
            <Position>
              <LatitudeDegrees>25.427830</LatitudeDegrees>
              <LongitudeDegrees>111.850319</LongitudeDegrees>
            </Position>
            <AltitudeMeters>38.25</AltitudeMeters>
            <DistanceMeters>7800.0</DistanceMeters>
            <Extensions>
              <ns3:TPX>
                <ns3:RunCadence>82</ns3:RunCadence>
              </ns3:TPX>
            </Extensions>
            <Cadence>82</Cadence>
          </Trackpoint>
          <Trackpoint>
            <Time>2020-01-06T00:43:25Z</Time>
            <Position>
              <LatitudeDegrees>25.427706</LatitudeDegrees>
              <LongitudeDegrees>111.850377</LongitudeDegrees>
            </Position>
            <AltitudeMeters>38.22</AltitudeMeters>
            <DistanceMeters>7815.0</DistanceMeters>
            <Extensions>
              <ns3:TPX>
                <ns3:RunCadence>82</ns3:RunCadence>
              </ns3:TPX>
            </Extensions>
            <Cadence>82</Cadence>
          </Trackpoint>
          <Trackpoint>
            <Time>2020-01-06T00:43:30Z</Time>
            <Position>
              <LatitudeDegrees>25.427583</LatitudeDegrees>
              <LongitudeDegrees>111.850438</LongitudeDegrees>
            </Position>
            <AltitudeMeters>38.2</AltitudeMeters>
            <DistanceMeters>7830.0</DistanceMeters>
            <Extensions>
              <ns3:TPX>
                <ns3:RunCadence>82</ns3:RunCadence>
              </ns3:TPX>
            </Extensions>
            <Cadence>82</Cadence>
          </Trackpoint>
          <Trackpoint>
            <Time>2020-01-06T00:43:35Z</Time>
            <Position>
              <LatitudeDegrees>25.427462</LatitudeDegrees>
              <LongitudeDegrees>111.850504</LongitudeDegrees>
            </Position>
            <AltitudeMeters>38.16</AltitudeMeters>
            <DistanceMeters>7845.0</DistanceMeters>
            <Extensions>
              <ns3:TPX>
                <ns3:RunCadence>82</ns3:RunCadence>
              </ns3:TPX>
            </Extensions>
            <Cadence>82</Cadence>
          </Trackpoint>
          <Trackpoint>
            <Time>2020-01-06T00:43:40Z</Time>
            <Position>
              <LatitudeDegrees>25.427343</LatitudeDegrees>
              <LongitudeDegrees>111.850574</LongitudeDegrees>
            </Position>
            <AltitudeMeters>38.1</AltitudeMeters>
            <DistanceMeters>7860.0</DistanceMeters>
            <Extensions>
              <ns3:TPX>
                <ns3:RunCadence>82</ns3:RunCadence>
              </ns3:TPX>
            </Extensions>
            <Cadence>82</Cadence>
          </Trackpoint>
          <Trackpoint>
            <Time>2020-01-06T00:43:45Z</Time>
            <Position>
              <LatitudeDegrees>25.427225</LatitudeDegrees>
              <LongitudeDegrees>111.850648</LongitudeDegrees>
            </Position>
            <AltitudeMeters>38.12</AltitudeMeters>
            <DistanceMeters>7875.0</DistanceMeters>
            <Extensions>
              <ns3:TPX>
                <ns3:RunCadence>82</ns3:RunCadence>
              </ns3:TPX>
            </Extensions>
            <Cadence>82</Cadence>
          </Trackpoint>
          <Trackpoint>
            <Time>2020-01-06T00:43:50Z</Time>
            <Position>
              <LatitudeDegrees>25.427110</LatitudeDegrees>
              <LongitudeDegrees>111.850725</LongitudeDegrees>
            </Position>
            <AltitudeMeters>38.10</AltitudeMeters>
            <DistanceMeters>7890.0</DistanceMeters>
            <Extensions>
              <ns3:TPX>
                <ns3:RunCadence>83</ns3:RunCadence>
              </ns3:TPX>
            </Extensions>
            <Cadence>83</Cadence>
          </Trackpoint>
          <Trackpoint>
            <Time>2020-01-06T00:43:55Z</Time>
            <Position>
              <LatitudeDegrees>25.426997</LatitudeDegrees>
              <LongitudeDegrees>111.850807</LongitudeDegrees>
            </Position>
            <AltitudeMeters>38.08</AltitudeMeters>
            <DistanceMeters>7905.0</DistanceMeters>
            <Extensions>
              <ns3:TPX>
                <ns3:RunCadence>83</ns3:RunCadence>
              </ns3:TPX>
            </Extensions>
            <Cadence>83</Cadence>
          </Trackpoint>
          <Trackpoint>
            <Time>2020-01-06T00:44:00Z</Time>
            <Position>
              <LatitudeDegrees>25.426887</LatitudeDegrees>
              <LongitudeDegrees>111.850893</LongitudeDegrees>
            </Position>
            <AltitudeMeters>38.06</AltitudeMeters>
            <DistanceMeters>7920.0</DistanceMeters>
            <Extensions>
              <ns3:TPX>
                <ns3:RunCadence>83</ns3:RunCadence>
              </ns3:TPX>
            </Extensions>
            <Cadence>83</Cadence>
          </Trackpoint>
          <Trackpoint>
            <Time>2020-01-06T00:44:05Z</Time>
            <Position>
              <LatitudeDegrees>25.426779</LatitudeDegrees>
              <LongitudeDegrees>111.850982</LongitudeDegrees>
            </Position>
            <AltitudeMeters>38.05</AltitudeMeters>
            <DistanceMeters>7935.0</DistanceMeters>
            <Extensions>
              <ns3:TPX>
                <ns3:RunCadence>83</ns3:RunCadence>
              </ns3:TPX>
            </Extensions>
            <Cadence>83</Cadence>
          </Trackpoint>
          <Trackpoint>
            <Time>2020-01-06T00:44:10Z</Time>
            <Position>
              <LatitudeDegrees>25.42667</LatitudeDegrees>
              <LongitudeDegrees>111.851075</LongitudeDegrees>
            </Position>
            <AltitudeMeters>38.0</AltitudeMeters>
            <DistanceMeters>7950.0</DistanceMeters>
            <Extensions>
              <ns3:TPX>
                <ns3:RunCadence>83</ns3:RunCadence>
              </ns3:TPX>
            </Extensions>
            <Cadence>83</Cadence>
          </Trackpoint>
          <Trackpoint>
            <Time>2020-01-06T00:44:15Z</Time>
            <Position>
              <LatitudeDegrees>25.426570</LatitudeDegrees>
              <LongitudeDegrees>111.851172</LongitudeDegrees>
            </Position>
            <AltitudeMeters>38.02</AltitudeMeters>
            <DistanceMeters>7965.0</DistanceMeters>
            <Extensions>
              <ns3:TPX>
                <ns3:RunCadence>83</ns3:RunCadence>
              </ns3:TPX>
            </Extensions>
            <Cadence>83</Cadence>
          </Trackpoint>
          <Trackpoint>
            <Time>2020-01-06T00:44:20Z</Time>
            <Position>
              <LatitudeDegrees>25.426470</LatitudeDegrees>
              <LongitudeDegrees>111.85127</LongitudeDegrees>
            </Position>
            <AltitudeMeters>38.01</AltitudeMeters>
            <DistanceMeters>7980.0</DistanceMeters>
            <Extensions>
              <ns3:TPX>
                <ns3:RunCadence>84</ns3:RunCadence>
              </ns3:TPX>
            </Extensions>
            <Cadence>84</Cadence>
          </Trackpoint>
          <Trackpoint>
            <Time>2020-01-06T00:44:25Z</Time>
            <Position>
              <LatitudeDegrees>25.426373</LatitudeDegrees>
              <LongitudeDegrees>111.85138</LongitudeDegrees>
            </Position>
            <AltitudeMeters>38.01</AltitudeMeters>
            <DistanceMeters>7995.0</DistanceMeters>
            <Extensions>
              <ns3:TPX>
                <ns3:RunCadence>84</ns3:RunCadence>
              </ns3:TPX>
            </Extensions>
            <Cadence>84</Cadence>
          </Trackpoint>
          <Trackpoint>
            <Time>2020-01-06T00:44:30Z</Time>
            <Position>
              <LatitudeDegrees>25.426278</LatitudeDegrees>
              <LongitudeDegrees>111.851482</LongitudeDegrees>
            </Position>
            <AltitudeMeters>38.00</AltitudeMeters>
            <DistanceMeters>8010.0</DistanceMeters>
            <Extensions>
              <ns3:TPX>
                <ns3:RunCadence>84</ns3:RunCadence>
              </ns3:TPX>
            </Extensions>
            <Cadence>84</Cadence>
          </Trackpoint>
          <Trackpoint>
            <Time>2020-01-06T00:44:35Z</Time>
            <Position>
              <LatitudeDegrees>25.426187</LatitudeDegrees>
              <LongitudeDegrees>111.851592</LongitudeDegrees>
            </Position>
            <AltitudeMeters>38.0</AltitudeMeters>
            <DistanceMeters>8025.0</DistanceMeters>
            <Extensions>
              <ns3:TPX>
                <ns3:RunCadence>84</ns3:RunCadence>
              </ns3:TPX>
            </Extensions>
            <Cadence>84</Cadence>
          </Trackpoint>
          <Trackpoint>
            <Time>2020-01-06T00:44:40Z</Time>
            <Position>
              <LatitudeDegrees>25.426099</LatitudeDegrees>
              <LongitudeDegrees>111.851705</LongitudeDegrees>
            </Position>
            <AltitudeMeters>38.00</AltitudeMeters>
            <DistanceMeters>8040.0</DistanceMeters>
            <Extensions>
              <ns3:TPX>
                <ns3:RunCadence>84</ns3:RunCadence>
              </ns3:TPX>
            </Extensions>
            <Cadence>84</Cadence>
          </Trackpoint>
          <Trackpoint>
            <Time>2020-01-06T00:44:45Z</Time>
            <Position>
              <LatitudeDegrees>25.426013</LatitudeDegrees>
              <LongitudeDegrees>111.851821</LongitudeDegrees>
            </Position>
            <AltitudeMeters>38.00</AltitudeMeters>
            <DistanceMeters>8055.0</DistanceMeters>
            <Extensions>
              <ns3:TPX>
                <ns3:RunCadence>85</ns3:RunCadence>
              </ns3:TPX>
            </Extensions>
            <Cadence>85</Cadence>
          </Trackpoint>
          <Trackpoint>
            <Time>2020-01-06T00:44:50Z</Time>
            <Position>
              <LatitudeDegrees>25.425932</LatitudeDegrees>
              <LongitudeDegrees>111.851939</LongitudeDegrees>
            </Position>
            <AltitudeMeters>38.01</AltitudeMeters>
            <DistanceMeters>8070.0</DistanceMeters>
            <Extensions>
              <ns3:TPX>
                <ns3:RunCadence>85</ns3:RunCadence>
              </ns3:TPX>
            </Extensions>
            <Cadence>85</Cadence>
          </Trackpoint>
          <Trackpoint>
            <Time>2020-01-06T00:44:55Z</Time>
            <Position>
              <LatitudeDegrees>25.425853</LatitudeDegrees>
              <LongitudeDegrees>111.852061</LongitudeDegrees>
            </Position>
            <AltitudeMeters>38.01</AltitudeMeters>
            <DistanceMeters>8085.0</DistanceMeters>
            <Extensions>
              <ns3:TPX>
                <ns3:RunCadence>85</ns3:RunCadence>
              </ns3:TPX>
            </Extensions>
            <Cadence>85</Cadence>
          </Trackpoint>
          <Trackpoint>
            <Time>2020-01-06T00:45:00Z</Time>
            <Position>
              <LatitudeDegrees>25.425778</LatitudeDegrees>
              <LongitudeDegrees>111.852185</LongitudeDegrees>
            </Position>
            <AltitudeMeters>38.0</AltitudeMeters>
            <DistanceMeters>8100.0</DistanceMeters>
            <Extensions>
              <ns3:TPX>
                <ns3:RunCadence>85</ns3:RunCadence>
              </ns3:TPX>
            </Extensions>
            <Cadence>85</Cadence>
          </Trackpoint>
          <Trackpoint>
            <Time>2020-01-06T00:45:05Z</Time>
            <Position>
              <LatitudeDegrees>25.425707</LatitudeDegrees>
              <LongitudeDegrees>111.85231</LongitudeDegrees>
            </Position>
            <AltitudeMeters>38.03</AltitudeMeters>
            <DistanceMeters>8115.0</DistanceMeters>
            <Extensions>
              <ns3:TPX>
                <ns3:RunCadence>85</ns3:RunCadence>
              </ns3:TPX>
            </Extensions>
            <Cadence>85</Cadence>
          </Trackpoint>
          <Trackpoint>
            <Time>2020-01-06T00:45:10Z</Time>
            <Position>
              <LatitudeDegrees>25.425639</LatitudeDegrees>
              <LongitudeDegrees>111.852441</LongitudeDegrees>
            </Position>
            <AltitudeMeters>38.04</AltitudeMeters>
            <DistanceMeters>8130.0</DistanceMeters>
            <Extensions>
              <ns3:TPX>
                <ns3:RunCadence>85</ns3:RunCadence>
              </ns3:TPX>
            </Extensions>
            <Cadence>85</Cadence>
          </Trackpoint>
          <Trackpoint>
            <Time>2020-01-06T00:45:15Z</Time>
            <Position>
              <LatitudeDegrees>25.425575</LatitudeDegrees>
              <LongitudeDegrees>111.852572</LongitudeDegrees>
            </Position>
            <AltitudeMeters>38.06</AltitudeMeters>
            <DistanceMeters>8145.0</DistanceMeters>
            <Extensions>
              <ns3:TPX>
                <ns3:RunCadence>86</ns3:RunCadence>
              </ns3:TPX>
            </Extensions>
            <Cadence>86</Cadence>
          </Trackpoint>
          <Trackpoint>
            <Time>2020-01-06T00:45:20Z</Time>
            <Position>
              <LatitudeDegrees>25.425514</LatitudeDegrees>
              <LongitudeDegrees>111.852705</LongitudeDegrees>
            </Position>
            <AltitudeMeters>38.07</AltitudeMeters>
            <DistanceMeters>8160.0</DistanceMeters>
            <Extensions>
              <ns3:TPX>
                <ns3:RunCadence>86</ns3:RunCadence>
              </ns3:TPX>
            </Extensions>
            <Cadence>86</Cadence>
          </Trackpoint>
          <Trackpoint>
            <Time>2020-01-06T00:45:25Z</Time>
            <Position>
              <LatitudeDegrees>25.425457</LatitudeDegrees>
              <LongitudeDegrees>111.852841</LongitudeDegrees>
            </Position>
            <AltitudeMeters>38.1</AltitudeMeters>
            <DistanceMeters>8175.0</DistanceMeters>
            <Extensions>
              <ns3:TPX>
                <ns3:RunCadence>86</ns3:RunCadence>
              </ns3:TPX>
            </Extensions>
            <Cadence>86</Cadence>
          </Trackpoint>
          <Trackpoint>
            <Time>2020-01-06T00:45:30Z</Time>
            <Position>
              <LatitudeDegrees>25.425404</LatitudeDegrees>
              <LongitudeDegrees>111.8530</LongitudeDegrees>
            </Position>
            <AltitudeMeters>38.11</AltitudeMeters>
            <DistanceMeters>8190.0</DistanceMeters>
            <Extensions>
              <ns3:TPX>
                <ns3:RunCadence>86</ns3:RunCadence>
              </ns3:TPX>
            </Extensions>
            <Cadence>86</Cadence>
          </Trackpoint>
          <Trackpoint>
            <Time>2020-01-06T00:45:35Z</Time>
            <Position>
              <LatitudeDegrees>25.425355</LatitudeDegrees>
              <LongitudeDegrees>111.853117</LongitudeDegrees>
            </Position>
            <AltitudeMeters>38.13</AltitudeMeters>
            <DistanceMeters>8205.0</DistanceMeters>
            <Extensions>
              <ns3:TPX>
                <ns3:RunCadence>86</ns3:RunCadence>
              </ns3:TPX>
            </Extensions>
            <Cadence>86</Cadence>
          </Trackpoint>
          <Trackpoint>
            <Time>2020-01-06T00:45:40Z</Time>
            <Position>
              <LatitudeDegrees>25.42531</LatitudeDegrees>
              <LongitudeDegrees>111.853258</LongitudeDegrees>
            </Position>
            <AltitudeMeters>38.16</AltitudeMeters>
            <DistanceMeters>8220.0</DistanceMeters>
            <Extensions>
              <ns3:TPX>
                <ns3:RunCadence>86</ns3:RunCadence>
              </ns3:TPX>
            </Extensions>
            <Cadence>86</Cadence>
          </Trackpoint>
          <Trackpoint>
            <Time>2020-01-06T00:45:45Z</Time>
            <Position>
              <LatitudeDegrees>25.425269</LatitudeDegrees>
              <LongitudeDegrees>111.853400</LongitudeDegrees>
            </Position>
            <AltitudeMeters>38.18</AltitudeMeters>
            <DistanceMeters>8235.0</DistanceMeters>
            <Extensions>
              <ns3:TPX>
                <ns3:RunCadence>86</ns3:RunCadence>
              </ns3:TPX>
            </Extensions>
            <Cadence>86</Cadence>
          </Trackpoint>
          <Trackpoint>
            <Time>2020-01-06T00:45:50Z</Time>
            <Position>
              <LatitudeDegrees>25.425231</LatitudeDegrees>
              <LongitudeDegrees>111.853544</LongitudeDegrees>
            </Position>
            <AltitudeMeters>38.21</AltitudeMeters>
            <DistanceMeters>8250.0</DistanceMeters>
            <Extensions>
              <ns3:TPX>
                <ns3:RunCadence>86</ns3:RunCadence>
              </ns3:TPX>
            </Extensions>
            <Cadence>86</Cadence>
          </Trackpoint>
          <Trackpoint>
            <Time>2020-01-06T00:45:55Z</Time>
            <Position>
              <LatitudeDegrees>25.425198</LatitudeDegrees>
              <LongitudeDegrees>111.853689</LongitudeDegrees>
            </Position>
            <AltitudeMeters>38.24</AltitudeMeters>
            <DistanceMeters>8265.0</DistanceMeters>
            <Extensions>
              <ns3:TPX>
                <ns3:RunCadence>87</ns3:RunCadence>
              </ns3:TPX>
            </Extensions>
            <Cadence>87</Cadence>
          </Trackpoint>
          <Trackpoint>
            <Time>2020-01-06T00:46:00Z</Time>
            <Position>
              <LatitudeDegrees>25.425169</LatitudeDegrees>
              <LongitudeDegrees>111.853834</LongitudeDegrees>
            </Position>
            <AltitudeMeters>38.27</AltitudeMeters>
            <DistanceMeters>8280.0</DistanceMeters>
            <Extensions>
              <ns3:TPX>
                <ns3:RunCadence>87</ns3:RunCadence>
              </ns3:TPX>
            </Extensions>
            <Cadence>87</Cadence>
          </Trackpoint>
          <Trackpoint>
            <Time>2020-01-06T00:46:05Z</Time>
            <Position>
              <LatitudeDegrees>25.425144</LatitudeDegrees>
              <LongitudeDegrees>111.853981</LongitudeDegrees>
            </Position>
            <AltitudeMeters>38.3</AltitudeMeters>
            <DistanceMeters>8295.0</DistanceMeters>
            <Extensions>
              <ns3:TPX>
                <ns3:RunCadence>87</ns3:RunCadence>
              </ns3:TPX>
            </Extensions>
            <Cadence>87</Cadence>
          </Trackpoint>
          <Trackpoint>
            <Time>2020-01-06T00:46:10Z</Time>
            <Position>
              <LatitudeDegrees>25.425123</LatitudeDegrees>
              <LongitudeDegrees>111.854129</LongitudeDegrees>
            </Position>
            <AltitudeMeters>38.34</AltitudeMeters>
            <DistanceMeters>8310.0</DistanceMeters>
            <Extensions>
              <ns3:TPX>
                <ns3:RunCadence>87</ns3:RunCadence>
              </ns3:TPX>
            </Extensions>
            <Cadence>87</Cadence>
          </Trackpoint>
          <Trackpoint>
            <Time>2020-01-06T00:46:15Z</Time>
            <Position>
              <LatitudeDegrees>25.425106</LatitudeDegrees>
              <LongitudeDegrees>111.854277</LongitudeDegrees>
            </Position>
            <AltitudeMeters>38.38</AltitudeMeters>
            <DistanceMeters>8325.0</DistanceMeters>
            <Extensions>
              <ns3:TPX>
                <ns3:RunCadence>87</ns3:RunCadence>
              </ns3:TPX>
            </Extensions>
            <Cadence>87</Cadence>
          </Trackpoint>
          <Trackpoint>
            <Time>2020-01-06T00:46:20Z</Time>
            <Position>
              <LatitudeDegrees>25.425093</LatitudeDegrees>
              <LongitudeDegrees>111.85443</LongitudeDegrees>
            </Position>
            <AltitudeMeters>38.42</AltitudeMeters>
            <DistanceMeters>8340.0</DistanceMeters>
            <Extensions>
              <ns3:TPX>
                <ns3:RunCadence>87</ns3:RunCadence>
              </ns3:TPX>
            </Extensions>
            <Cadence>87</Cadence>
          </Trackpoint>
          <Trackpoint>
            <Time>2020-01-06T00:46:25Z</Time>
            <Position>
              <LatitudeDegrees>25.425084</LatitudeDegrees>
              <LongitudeDegrees>111.854575</LongitudeDegrees>
            </Position>
            <AltitudeMeters>38.46</AltitudeMeters>
            <DistanceMeters>8355.0</DistanceMeters>
            <Extensions>
              <ns3:TPX>
                <ns3:RunCadence>87</ns3:RunCadence>
              </ns3:TPX>
            </Extensions>
            <Cadence>87</Cadence>
          </Trackpoint>
          <Trackpoint>
            <Time>2020-01-06T00:46:30Z</Time>
            <Position>
              <LatitudeDegrees>25.425080</LatitudeDegrees>
              <LongitudeDegrees>111.854724</LongitudeDegrees>
            </Position>
            <AltitudeMeters>38.50</AltitudeMeters>
            <DistanceMeters>8370.0</DistanceMeters>
            <Extensions>
              <ns3:TPX>
                <ns3:RunCadence>87</ns3:RunCadence>
              </ns3:TPX>
            </Extensions>
            <Cadence>87</Cadence>
          </Trackpoint>
          <Trackpoint>
            <Time>2020-01-06T00:46:35Z</Time>
            <Position>
              <LatitudeDegrees>25.425080</LatitudeDegrees>
              <LongitudeDegrees>111.854873</LongitudeDegrees>
            </Position>
            <AltitudeMeters>38.54</AltitudeMeters>
            <DistanceMeters>8385.0</DistanceMeters>
            <Extensions>
              <ns3:TPX>
                <ns3:RunCadence>87</ns3:RunCadence>
              </ns3:TPX>
            </Extensions>
            <Cadence>87</Cadence>
          </Trackpoint>
          <Trackpoint>
            <Time>2020-01-06T00:46:40Z</Time>
            <Position>
              <LatitudeDegrees>25.425084</LatitudeDegrees>
              <LongitudeDegrees>111.855023</LongitudeDegrees>
            </Position>
            <AltitudeMeters>38.59</AltitudeMeters>
            <DistanceMeters>8400.0</DistanceMeters>
            <Extensions>
              <ns3:TPX>
                <ns3:RunCadence>87</ns3:RunCadence>
              </ns3:TPX>
            </Extensions>
            <Cadence>87</Cadence>
          </Trackpoint>
          <Trackpoint>
            <Time>2020-01-06T00:46:45Z</Time>
            <Position>
              <LatitudeDegrees>25.425092</LatitudeDegrees>
              <LongitudeDegrees>111.85517</LongitudeDegrees>
            </Position>
            <AltitudeMeters>38.63</AltitudeMeters>
            <DistanceMeters>8415.0</DistanceMeters>
            <Extensions>
              <ns3:TPX>
                <ns3:RunCadence>87</ns3:RunCadence>
              </ns3:TPX>
            </Extensions>
            <Cadence>87</Cadence>
          </Trackpoint>
          <Trackpoint>
            <Time>2020-01-06T00:46:50Z</Time>
            <Position>
              <LatitudeDegrees>25.425104</LatitudeDegrees>
              <LongitudeDegrees>111.855320</LongitudeDegrees>
            </Position>
            <AltitudeMeters>38.68</AltitudeMeters>
            <DistanceMeters>8430.0</DistanceMeters>
            <Extensions>
              <ns3:TPX>
                <ns3:RunCadence>87</ns3:RunCadence>
              </ns3:TPX>
            </Extensions>
            <Cadence>87</Cadence>
          </Trackpoint>
          <Trackpoint>
            <Time>2020-01-06T00:46:55Z</Time>
            <Position>
              <LatitudeDegrees>25.425121</LatitudeDegrees>
              <LongitudeDegrees>111.855469</LongitudeDegrees>
            </Position>
            <AltitudeMeters>38.73</AltitudeMeters>
            <DistanceMeters>8445.0</DistanceMeters>
            <Extensions>
              <ns3:TPX>
                <ns3:RunCadence>87</ns3:RunCadence>
              </ns3:TPX>
            </Extensions>
            <Cadence>87</Cadence>
          </Trackpoint>
          <Trackpoint>
            <Time>2020-01-06T00:47:00Z</Time>
            <Position>
              <LatitudeDegrees>25.42514</LatitudeDegrees>
              <LongitudeDegrees>111.855616</LongitudeDegrees>
            </Position>
            <AltitudeMeters>38.78</AltitudeMeters>
            <DistanceMeters>8460.0</DistanceMeters>
            <Extensions>
              <ns3:TPX>
                <ns3:RunCadence>87</ns3:RunCadence>
              </ns3:TPX>
            </Extensions>
            <Cadence>87</Cadence>
          </Trackpoint>
          <Trackpoint>
            <Time>2020-01-06T00:47:05Z</Time>
            <Position>
              <LatitudeDegrees>25.42517</LatitudeDegrees>
              <LongitudeDegrees>111.855763</LongitudeDegrees>
            </Position>
            <AltitudeMeters>38.83</AltitudeMeters>
            <DistanceMeters>8475.0</DistanceMeters>
            <Extensions>
              <ns3:TPX>
                <ns3:RunCadence>87</ns3:RunCadence>
              </ns3:TPX>
            </Extensions>
            <Cadence>87</Cadence>
          </Trackpoint>
          <Trackpoint>
            <Time>2020-01-06T00:47:10Z</Time>
            <Position>
              <LatitudeDegrees>25.425194</LatitudeDegrees>
              <LongitudeDegrees>111.855909</LongitudeDegrees>
            </Position>
            <AltitudeMeters>38.88</AltitudeMeters>
            <DistanceMeters>8490.0</DistanceMeters>
            <Extensions>
              <ns3:TPX>
                <ns3:RunCadence>87</ns3:RunCadence>
              </ns3:TPX>
            </Extensions>
            <Cadence>87</Cadence>
          </Trackpoint>
          <Trackpoint>
            <Time>2020-01-06T00:47:15Z</Time>
            <Position>
              <LatitudeDegrees>25.425227</LatitudeDegrees>
              <LongitudeDegrees>111.856054</LongitudeDegrees>
            </Position>
            <AltitudeMeters>38.94</AltitudeMeters>
            <DistanceMeters>8505.0</DistanceMeters>
            <Extensions>
              <ns3:TPX>
                <ns3:RunCadence>87</ns3:RunCadence>
              </ns3:TPX>
            </Extensions>
            <Cadence>87</Cadence>
          </Trackpoint>
          <Trackpoint>
            <Time>2020-01-06T00:47:20Z</Time>
            <Position>
              <LatitudeDegrees>25.425264</LatitudeDegrees>
              <LongitudeDegrees>111.856198</LongitudeDegrees>
            </Position>
            <AltitudeMeters>38.99</AltitudeMeters>
            <DistanceMeters>8520.0</DistanceMeters>
            <Extensions>
              <ns3:TPX>
                <ns3:RunCadence>87</ns3:RunCadence>
              </ns3:TPX>
            </Extensions>
            <Cadence>87</Cadence>
          </Trackpoint>
          <Trackpoint>
            <Time>2020-01-06T00:47:25Z</Time>
            <Position>
              <LatitudeDegrees>25.425305</LatitudeDegrees>
              <LongitudeDegrees>111.856340</LongitudeDegrees>
            </Position>
            <AltitudeMeters>39.05</AltitudeMeters>
            <DistanceMeters>8535.0</DistanceMeters>
            <Extensions>
              <ns3:TPX>
                <ns3:RunCadence>87</ns3:RunCadence>
              </ns3:TPX>
            </Extensions>
            <Cadence>87</Cadence>
          </Trackpoint>
          <Trackpoint>
            <Time>2020-01-06T00:47:30Z</Time>
            <Position>
              <LatitudeDegrees>25.425350</LatitudeDegrees>
              <LongitudeDegrees>111.856481</LongitudeDegrees>
            </Position>
            <AltitudeMeters>39.1</AltitudeMeters>
            <DistanceMeters>8550.0</DistanceMeters>
            <Extensions>
              <ns3:TPX>
                <ns3:RunCadence>87</ns3:RunCadence>
              </ns3:TPX>
            </Extensions>
            <Cadence>87</Cadence>
          </Trackpoint>
          <Trackpoint>
            <Time>2020-01-06T00:47:35Z</Time>
            <Position>
              <LatitudeDegrees>25.425399</LatitudeDegrees>
              <LongitudeDegrees>111.856620</LongitudeDegrees>
            </Position>
            <AltitudeMeters>39.17</AltitudeMeters>
            <DistanceMeters>8565.0</DistanceMeters>
            <Extensions>
              <ns3:TPX>
                <ns3:RunCadence>86</ns3:RunCadence>
              </ns3:TPX>
            </Extensions>
            <Cadence>86</Cadence>
          </Trackpoint>
          <Trackpoint>
            <Time>2020-01-06T00:47:40Z</Time>
            <Position>
              <LatitudeDegrees>25.425451</LatitudeDegrees>
              <LongitudeDegrees>111.856758</LongitudeDegrees>
            </Position>
            <AltitudeMeters>39.22</AltitudeMeters>
            <DistanceMeters>8580.0</DistanceMeters>
            <Extensions>
              <ns3:TPX>
                <ns3:RunCadence>86</ns3:RunCadence>
              </ns3:TPX>
            </Extensions>
            <Cadence>86</Cadence>
          </Trackpoint>
          <Trackpoint>
            <Time>2020-01-06T00:47:45Z</Time>
            <Position>
              <LatitudeDegrees>25.425507</LatitudeDegrees>
              <LongitudeDegrees>111.856893</LongitudeDegrees>
            </Position>
            <AltitudeMeters>39.28</AltitudeMeters>
            <DistanceMeters>8595.0</DistanceMeters>
            <Extensions>
              <ns3:TPX>
                <ns3:RunCadence>86</ns3:RunCadence>
              </ns3:TPX>
            </Extensions>
            <Cadence>86</Cadence>
          </Trackpoint>
          <Trackpoint>
            <Time>2020-01-06T00:47:50Z</Time>
            <Position>
              <LatitudeDegrees>25.425568</LatitudeDegrees>
              <LongitudeDegrees>111.85703</LongitudeDegrees>
            </Position>
            <AltitudeMeters>39.35</AltitudeMeters>
            <DistanceMeters>8610.0</DistanceMeters>
            <Extensions>
              <ns3:TPX>
                <ns3:RunCadence>86</ns3:RunCadence>
              </ns3:TPX>
            </Extensions>
            <Cadence>86</Cadence>
          </Trackpoint>
          <Trackpoint>
            <Time>2020-01-06T00:47:55Z</Time>
            <Position>
              <LatitudeDegrees>25.42563</LatitudeDegrees>
              <LongitudeDegrees>111.857159</LongitudeDegrees>
            </Position>
            <AltitudeMeters>39.4</AltitudeMeters>
            <DistanceMeters>8625.0</DistanceMeters>
            <Extensions>
              <ns3:TPX>
                <ns3:RunCadence>86</ns3:RunCadence>
              </ns3:TPX>
            </Extensions>
            <Cadence>86</Cadence>
          </Trackpoint>
          <Trackpoint>
            <Time>2020-01-06T00:48:00Z</Time>
            <Position>
              <LatitudeDegrees>25.425699</LatitudeDegrees>
              <LongitudeDegrees>111.857288</LongitudeDegrees>
            </Position>
            <AltitudeMeters>39.47</AltitudeMeters>
            <DistanceMeters>8640.0</DistanceMeters>
            <Extensions>
              <ns3:TPX>
                <ns3:RunCadence>86</ns3:RunCadence>
              </ns3:TPX>
            </Extensions>
            <Cadence>86</Cadence>
          </Trackpoint>
          <Trackpoint>
            <Time>2020-01-06T00:48:05Z</Time>
            <Position>
              <LatitudeDegrees>25.4258</LatitudeDegrees>
              <LongitudeDegrees>111.857415</LongitudeDegrees>
            </Position>
            <AltitudeMeters>39.53</AltitudeMeters>
            <DistanceMeters>8655.0</DistanceMeters>
            <Extensions>
              <ns3:TPX>
                <ns3:RunCadence>86</ns3:RunCadence>
              </ns3:TPX>
            </Extensions>
            <Cadence>86</Cadence>
          </Trackpoint>
          <Trackpoint>
            <Time>2020-01-06T00:48:10Z</Time>
            <Position>
              <LatitudeDegrees>25.42584</LatitudeDegrees>
              <LongitudeDegrees>111.857539</LongitudeDegrees>
            </Position>
            <AltitudeMeters>39.59</AltitudeMeters>
            <DistanceMeters>8670.0</DistanceMeters>
            <Extensions>
              <ns3:TPX>
                <ns3:RunCadence>86</ns3:RunCadence>
              </ns3:TPX>
            </Extensions>
            <Cadence>86</Cadence>
          </Trackpoint>
          <Trackpoint>
            <Time>2020-01-06T00:48:15Z</Time>
            <Position>
              <LatitudeDegrees>25.42592</LatitudeDegrees>
              <LongitudeDegrees>111.857661</LongitudeDegrees>
            </Position>
            <AltitudeMeters>39.66</AltitudeMeters>
            <DistanceMeters>8685.0</DistanceMeters>
            <Extensions>
              <ns3:TPX>
                <ns3:RunCadence>85</ns3:RunCadence>
              </ns3:TPX>
            </Extensions>
            <Cadence>85</Cadence>
          </Trackpoint>
          <Trackpoint>
            <Time>2020-01-06T00:48:20Z</Time>
            <Position>
              <LatitudeDegrees>25.426004</LatitudeDegrees>
              <LongitudeDegrees>111.857780</LongitudeDegrees>
            </Position>
            <AltitudeMeters>39.72</AltitudeMeters>
            <DistanceMeters>8700.0</DistanceMeters>
            <Extensions>
              <ns3:TPX>
                <ns3:RunCadence>85</ns3:RunCadence>
              </ns3:TPX>
            </Extensions>
            <Cadence>85</Cadence>
          </Trackpoint>
          <Trackpoint>
            <Time>2020-01-06T00:48:25Z</Time>
            <Position>
              <LatitudeDegrees>25.426089</LatitudeDegrees>
              <LongitudeDegrees>111.857896</LongitudeDegrees>
            </Position>
            <AltitudeMeters>39.8</AltitudeMeters>
            <DistanceMeters>8715.0</DistanceMeters>
            <Extensions>
              <ns3:TPX>
                <ns3:RunCadence>85</ns3:RunCadence>
              </ns3:TPX>
            </Extensions>
            <Cadence>85</Cadence>
          </Trackpoint>
          <Trackpoint>
            <Time>2020-01-06T00:48:30Z</Time>
            <Position>
              <LatitudeDegrees>25.42618</LatitudeDegrees>
              <LongitudeDegrees>111.858010</LongitudeDegrees>
            </Position>
            <AltitudeMeters>39.85</AltitudeMeters>
            <DistanceMeters>8730.0</DistanceMeters>
            <Extensions>
              <ns3:TPX>
                <ns3:RunCadence>85</ns3:RunCadence>
              </ns3:TPX>
            </Extensions>
            <Cadence>85</Cadence>
          </Trackpoint>
          <Trackpoint>
            <Time>2020-01-06T00:48:35Z</Time>
            <Position>
              <LatitudeDegrees>25.426268</LatitudeDegrees>
              <LongitudeDegrees>111.858120</LongitudeDegrees>
            </Position>
            <AltitudeMeters>39.91</AltitudeMeters>
            <DistanceMeters>8745.0</DistanceMeters>
            <Extensions>
              <ns3:TPX>
                <ns3:RunCadence>85</ns3:RunCadence>
              </ns3:TPX>
            </Extensions>
            <Cadence>85</Cadence>
          </Trackpoint>
          <Trackpoint>
            <Time>2020-01-06T00:48:40Z</Time>
            <Position>
              <LatitudeDegrees>25.426362</LatitudeDegrees>
              <LongitudeDegrees>111.858227</LongitudeDegrees>
            </Position>
            <AltitudeMeters>39.98</AltitudeMeters>
            <DistanceMeters>8760.0</DistanceMeters>
            <Extensions>
              <ns3:TPX>
                <ns3:RunCadence>85</ns3:RunCadence>
              </ns3:TPX>
            </Extensions>
            <Cadence>85</Cadence>
          </Trackpoint>
          <Trackpoint>
            <Time>2020-01-06T00:48:45Z</Time>
            <Position>
              <LatitudeDegrees>25.426459</LatitudeDegrees>
              <LongitudeDegrees>111.858331</LongitudeDegrees>
            </Position>
            <AltitudeMeters>40.04</AltitudeMeters>
            <DistanceMeters>8775.0</DistanceMeters>
            <Extensions>
              <ns3:TPX>
                <ns3:RunCadence>84</ns3:RunCadence>
              </ns3:TPX>
            </Extensions>
            <Cadence>84</Cadence>
          </Trackpoint>
          <Trackpoint>
            <Time>2020-01-06T00:48:50Z</Time>
            <Position>
              <LatitudeDegrees>25.426559</LatitudeDegrees>
              <LongitudeDegrees>111.858431</LongitudeDegrees>
            </Position>
            <AltitudeMeters>40.11</AltitudeMeters>
            <DistanceMeters>8790.0</DistanceMeters>
            <Extensions>
              <ns3:TPX>
                <ns3:RunCadence>84</ns3:RunCadence>
              </ns3:TPX>
            </Extensions>
            <Cadence>84</Cadence>
          </Trackpoint>
          <Trackpoint>
            <Time>2020-01-06T00:48:55Z</Time>
            <Position>
              <LatitudeDegrees>25.426661</LatitudeDegrees>
              <LongitudeDegrees>111.858528</LongitudeDegrees>
            </Position>
            <AltitudeMeters>40.17</AltitudeMeters>
            <DistanceMeters>8805.0</DistanceMeters>
            <Extensions>
              <ns3:TPX>
                <ns3:RunCadence>84</ns3:RunCadence>
              </ns3:TPX>
            </Extensions>
            <Cadence>84</Cadence>
          </Trackpoint>
          <Trackpoint>
            <Time>2020-01-06T00:49:00Z</Time>
            <Position>
              <LatitudeDegrees>25.42677</LatitudeDegrees>
              <LongitudeDegrees>111.858622</LongitudeDegrees>
            </Position>
            <AltitudeMeters>40.24</AltitudeMeters>
            <DistanceMeters>8820.0</DistanceMeters>
            <Extensions>
              <ns3:TPX>
                <ns3:RunCadence>84</ns3:RunCadence>
              </ns3:TPX>
            </Extensions>
            <Cadence>84</Cadence>
          </Trackpoint>
          <Trackpoint>
            <Time>2020-01-06T00:49:05Z</Time>
            <Position>
              <LatitudeDegrees>25.426874</LatitudeDegrees>
              <LongitudeDegrees>111.8587</LongitudeDegrees>
            </Position>
            <AltitudeMeters>40.30</AltitudeMeters>
            <DistanceMeters>8835.0</DistanceMeters>
            <Extensions>
              <ns3:TPX>
                <ns3:RunCadence>84</ns3:RunCadence>
              </ns3:TPX>
            </Extensions>
            <Cadence>84</Cadence>
          </Trackpoint>
          <Trackpoint>
            <Time>2020-01-06T00:49:10Z</Time>
            <Position>
              <LatitudeDegrees>25.426985</LatitudeDegrees>
              <LongitudeDegrees>111.858797</LongitudeDegrees>
            </Position>
            <AltitudeMeters>40.36</AltitudeMeters>
            <DistanceMeters>8850.0</DistanceMeters>
            <Extensions>
              <ns3:TPX>
                <ns3:RunCadence>84</ns3:RunCadence>
              </ns3:TPX>
            </Extensions>
            <Cadence>84</Cadence>
          </Trackpoint>
          <Trackpoint>
            <Time>2020-01-06T00:49:15Z</Time>
            <Position>
              <LatitudeDegrees>25.427097</LatitudeDegrees>
              <LongitudeDegrees>111.858880</LongitudeDegrees>
            </Position>
            <AltitudeMeters>40.43</AltitudeMeters>
            <DistanceMeters>8865.0</DistanceMeters>
            <Extensions>
              <ns3:TPX>
                <ns3:RunCadence>83</ns3:RunCadence>
              </ns3:TPX>
            </Extensions>
            <Cadence>83</Cadence>
          </Trackpoint>
          <Trackpoint>
            <Time>2020-01-06T00:49:20Z</Time>
            <Position>
              <LatitudeDegrees>25.427212</LatitudeDegrees>
              <LongitudeDegrees>111.858958</LongitudeDegrees>
            </Position>
            <AltitudeMeters>40.49</AltitudeMeters>
            <DistanceMeters>8880.0</DistanceMeters>
            <Extensions>
              <ns3:TPX>
                <ns3:RunCadence>83</ns3:RunCadence>
              </ns3:TPX>
            </Extensions>
            <Cadence>83</Cadence>
          </Trackpoint>
          <Trackpoint>
            <Time>2020-01-06T00:49:25Z</Time>
            <Position>
              <LatitudeDegrees>25.427329</LatitudeDegrees>
              <LongitudeDegrees>111.85903</LongitudeDegrees>
            </Position>
            <AltitudeMeters>40.6</AltitudeMeters>
            <DistanceMeters>8895.0</DistanceMeters>
            <Extensions>
              <ns3:TPX>
                <ns3:RunCadence>83</ns3:RunCadence>
              </ns3:TPX>
            </Extensions>
            <Cadence>83</Cadence>
          </Trackpoint>
          <Trackpoint>
            <Time>2020-01-06T00:49:30Z</Time>
            <Position>
              <LatitudeDegrees>25.427448</LatitudeDegrees>
              <LongitudeDegrees>111.859102</LongitudeDegrees>
            </Position>
            <AltitudeMeters>40.61</AltitudeMeters>
            <DistanceMeters>8910.0</DistanceMeters>
            <Extensions>
              <ns3:TPX>
                <ns3:RunCadence>83</ns3:RunCadence>
              </ns3:TPX>
            </Extensions>
            <Cadence>83</Cadence>
          </Trackpoint>
          <Trackpoint>
            <Time>2020-01-06T00:49:35Z</Time>
            <Position>
              <LatitudeDegrees>25.427569</LatitudeDegrees>
              <LongitudeDegrees>111.859169</LongitudeDegrees>
            </Position>
            <AltitudeMeters>40.67</AltitudeMeters>
            <DistanceMeters>8925.0</DistanceMeters>
            <Extensions>
              <ns3:TPX>
                <ns3:RunCadence>83</ns3:RunCadence>
              </ns3:TPX>
            </Extensions>
            <Cadence>83</Cadence>
          </Trackpoint>
          <Trackpoint>
            <Time>2020-01-06T00:49:40Z</Time>
            <Position>
              <LatitudeDegrees>25.427692</LatitudeDegrees>
              <LongitudeDegrees>111.859231</LongitudeDegrees>
            </Position>
            <AltitudeMeters>40.73</AltitudeMeters>
            <DistanceMeters>8940.0</DistanceMeters>
            <Extensions>
              <ns3:TPX>
                <ns3:RunCadence>83</ns3:RunCadence>
              </ns3:TPX>
            </Extensions>
            <Cadence>83</Cadence>
          </Trackpoint>
          <Trackpoint>
            <Time>2020-01-06T00:49:45Z</Time>
            <Position>
              <LatitudeDegrees>25.427816</LatitudeDegrees>
              <LongitudeDegrees>111.859288</LongitudeDegrees>
            </Position>
            <AltitudeMeters>40.79</AltitudeMeters>
            <DistanceMeters>8955.0</DistanceMeters>
            <Extensions>
              <ns3:TPX>
                <ns3:RunCadence>82</ns3:RunCadence>
              </ns3:TPX>
            </Extensions>
            <Cadence>82</Cadence>
          </Trackpoint>
          <Trackpoint>
            <Time>2020-01-06T00:49:50Z</Time>
            <Position>
              <LatitudeDegrees>25.427942</LatitudeDegrees>
              <LongitudeDegrees>111.859342</LongitudeDegrees>
            </Position>
            <AltitudeMeters>40.85</AltitudeMeters>
            <DistanceMeters>8970.0</DistanceMeters>
            <Extensions>
              <ns3:TPX>
                <ns3:RunCadence>82</ns3:RunCadence>
              </ns3:TPX>
            </Extensions>
            <Cadence>82</Cadence>
          </Trackpoint>
          <Trackpoint>
            <Time>2020-01-06T00:49:55Z</Time>
            <Position>
              <LatitudeDegrees>25.428070</LatitudeDegrees>
              <LongitudeDegrees>111.859391</LongitudeDegrees>
            </Position>
            <AltitudeMeters>40.91</AltitudeMeters>
            <DistanceMeters>8985.0</DistanceMeters>
            <Extensions>
              <ns3:TPX>
                <ns3:RunCadence>82</ns3:RunCadence>
              </ns3:TPX>
            </Extensions>
            <Cadence>82</Cadence>
          </Trackpoint>
          <Trackpoint>
            <Time>2020-01-06T00:50:00Z</Time>
            <Position>
              <LatitudeDegrees>25.42820</LatitudeDegrees>
              <LongitudeDegrees>111.859436</LongitudeDegrees>
            </Position>
            <AltitudeMeters>40.97</AltitudeMeters>
            <DistanceMeters>9000.0</DistanceMeters>
            <Extensions>
              <ns3:TPX>
                <ns3:RunCadence>82</ns3:RunCadence>
              </ns3:TPX>
            </Extensions>
            <Cadence>82</Cadence>
          </Trackpoint>
          <Trackpoint>
            <Time>2020-01-06T00:50:05Z</Time>
            <Position>
              <LatitudeDegrees>25.428328</LatitudeDegrees>
              <LongitudeDegrees>111.859476</LongitudeDegrees>
            </Position>
            <AltitudeMeters>41.02</AltitudeMeters>
            <DistanceMeters>9015.0</DistanceMeters>
            <Extensions>
              <ns3:TPX>
                <ns3:RunCadence>82</ns3:RunCadence>
              </ns3:TPX>
            </Extensions>
            <Cadence>82</Cadence>
          </Trackpoint>
          <Trackpoint>
            <Time>2020-01-06T00:50:10Z</Time>
            <Position>
              <LatitudeDegrees>25.428459</LatitudeDegrees>
              <LongitudeDegrees>111.859512</LongitudeDegrees>
            </Position>
            <AltitudeMeters>41.08</AltitudeMeters>
            <DistanceMeters>9030.0</DistanceMeters>
            <Extensions>
              <ns3:TPX>
                <ns3:RunCadence>82</ns3:RunCadence>
              </ns3:TPX>
            </Extensions>
            <Cadence>82</Cadence>
          </Trackpoint>
          <Trackpoint>
            <Time>2020-01-06T00:50:15Z</Time>
            <Position>
              <LatitudeDegrees>25.428591</LatitudeDegrees>
              <LongitudeDegrees>111.859543</LongitudeDegrees>
            </Position>
            <AltitudeMeters>41.13</AltitudeMeters>
            <DistanceMeters>9045.0</DistanceMeters>
            <Extensions>
              <ns3:TPX>
                <ns3:RunCadence>82</ns3:RunCadence>
              </ns3:TPX>
            </Extensions>
            <Cadence>82</Cadence>
          </Trackpoint>
          <Trackpoint>
            <Time>2020-01-06T00:50:20Z</Time>
            <Position>
              <LatitudeDegrees>25.428724</LatitudeDegrees>
              <LongitudeDegrees>111.859570</LongitudeDegrees>
            </Position>
            <AltitudeMeters>41.19</AltitudeMeters>
            <DistanceMeters>9060.0</DistanceMeters>
            <Extensions>
              <ns3:TPX>
                <ns3:RunCadence>82</ns3:RunCadence>
              </ns3:TPX>
            </Extensions>
            <Cadence>82</Cadence>
          </Trackpoint>
          <Trackpoint>
            <Time>2020-01-06T00:50:25Z</Time>
            <Position>
              <LatitudeDegrees>25.428857</LatitudeDegrees>
              <LongitudeDegrees>111.85959</LongitudeDegrees>
            </Position>
            <AltitudeMeters>41.24</AltitudeMeters>
            <DistanceMeters>9075.0</DistanceMeters>
            <Extensions>
              <ns3:TPX>
                <ns3:RunCadence>81</ns3:RunCadence>
              </ns3:TPX>
            </Extensions>
            <Cadence>81</Cadence>
          </Trackpoint>
          <Trackpoint>
            <Time>2020-01-06T00:50:30Z</Time>
            <Position>
              <LatitudeDegrees>25.428991</LatitudeDegrees>
              <LongitudeDegrees>111.859610</LongitudeDegrees>
            </Position>
            <AltitudeMeters>41.29</AltitudeMeters>
            <DistanceMeters>9090.0</DistanceMeters>
            <Extensions>
              <ns3:TPX>
                <ns3:RunCadence>81</ns3:RunCadence>
              </ns3:TPX>
            </Extensions>
            <Cadence>81</Cadence>
          </Trackpoint>
          <Trackpoint>
            <Time>2020-01-06T00:50:35Z</Time>
            <Position>
              <LatitudeDegrees>25.429126</LatitudeDegrees>
              <LongitudeDegrees>111.859623</LongitudeDegrees>
            </Position>
            <AltitudeMeters>41.34</AltitudeMeters>
            <DistanceMeters>9105.0</DistanceMeters>
            <Extensions>
              <ns3:TPX>
                <ns3:RunCadence>81</ns3:RunCadence>
              </ns3:TPX>
            </Extensions>
            <Cadence>81</Cadence>
          </Trackpoint>
          <Trackpoint>
            <Time>2020-01-06T00:50:40Z</Time>
            <Position>
              <LatitudeDegrees>25.429260</LatitudeDegrees>
              <LongitudeDegrees>111.859631</LongitudeDegrees>
            </Position>
            <AltitudeMeters>41.38</AltitudeMeters>
            <DistanceMeters>9120.0</DistanceMeters>
            <Extensions>
              <ns3:TPX>
                <ns3:RunCadence>81</ns3:RunCadence>
              </ns3:TPX>
            </Extensions>
            <Cadence>81</Cadence>
          </Trackpoint>
          <Trackpoint>
            <Time>2020-01-06T00:50:45Z</Time>
            <Position>
              <LatitudeDegrees>25.429395</LatitudeDegrees>
              <LongitudeDegrees>111.859635</LongitudeDegrees>
            </Position>
            <AltitudeMeters>41.43</AltitudeMeters>
            <DistanceMeters>9135.0</DistanceMeters>
            <Extensions>
              <ns3:TPX>
                <ns3:RunCadence>81</ns3:RunCadence>
              </ns3:TPX>
            </Extensions>
            <Cadence>81</Cadence>
          </Trackpoint>
          <Trackpoint>
            <Time>2020-01-06T00:50:50Z</Time>
            <Position>
              <LatitudeDegrees>25.429530</LatitudeDegrees>
              <LongitudeDegrees>111.859634</LongitudeDegrees>
            </Position>
            <AltitudeMeters>41.47</AltitudeMeters>
            <DistanceMeters>9150.0</DistanceMeters>
            <Extensions>
              <ns3:TPX>
                <ns3:RunCadence>81</ns3:RunCadence>
              </ns3:TPX>
            </Extensions>
            <Cadence>81</Cadence>
          </Trackpoint>
          <Trackpoint>
            <Time>2020-01-06T00:50:55Z</Time>
            <Position>
              <LatitudeDegrees>25.429665</LatitudeDegrees>
              <LongitudeDegrees>111.859629</LongitudeDegrees>
            </Position>
            <AltitudeMeters>41.52</AltitudeMeters>
            <DistanceMeters>9165.0</DistanceMeters>
            <Extensions>
              <ns3:TPX>
                <ns3:RunCadence>81</ns3:RunCadence>
              </ns3:TPX>
            </Extensions>
            <Cadence>81</Cadence>
          </Trackpoint>
          <Trackpoint>
            <Time>2020-01-06T00:51:00Z</Time>
            <Position>
              <LatitudeDegrees>25.429799</LatitudeDegrees>
              <LongitudeDegrees>111.859619</LongitudeDegrees>
            </Position>
            <AltitudeMeters>41.56</AltitudeMeters>
            <DistanceMeters>9180.0</DistanceMeters>
            <Extensions>
              <ns3:TPX>
                <ns3:RunCadence>81</ns3:RunCadence>
              </ns3:TPX>
            </Extensions>
            <Cadence>81</Cadence>
          </Trackpoint>
          <Trackpoint>
            <Time>2020-01-06T00:51:05Z</Time>
            <Position>
              <LatitudeDegrees>25.429934</LatitudeDegrees>
              <LongitudeDegrees>111.85960</LongitudeDegrees>
            </Position>
            <AltitudeMeters>41.60</AltitudeMeters>
            <DistanceMeters>9195.0</DistanceMeters>
            <Extensions>
              <ns3:TPX>
                <ns3:RunCadence>81</ns3:RunCadence>
              </ns3:TPX>
            </Extensions>
            <Cadence>81</Cadence>
          </Trackpoint>
          <Trackpoint>
            <Time>2020-01-06T00:51:10Z</Time>
            <Position>
              <LatitudeDegrees>25.430067</LatitudeDegrees>
              <LongitudeDegrees>111.859585</LongitudeDegrees>
            </Position>
            <AltitudeMeters>41.63</AltitudeMeters>
            <DistanceMeters>9210.0</DistanceMeters>
            <Extensions>
              <ns3:TPX>
                <ns3:RunCadence>81</ns3:RunCadence>
              </ns3:TPX>
            </Extensions>
            <Cadence>81</Cadence>
          </Trackpoint>
          <Trackpoint>
            <Time>2020-01-06T00:51:15Z</Time>
            <Position>
              <LatitudeDegrees>25.430201</LatitudeDegrees>
              <LongitudeDegrees>111.85956</LongitudeDegrees>
            </Position>
            <AltitudeMeters>41.67</AltitudeMeters>
            <DistanceMeters>9225.0</DistanceMeters>
            <Extensions>
              <ns3:TPX>
                <ns3:RunCadence>81</ns3:RunCadence>
              </ns3:TPX>
            </Extensions>
            <Cadence>81</Cadence>
          </Trackpoint>
          <Trackpoint>
            <Time>2020-01-06T00:51:20Z</Time>
            <Position>
              <LatitudeDegrees>25.430333</LatitudeDegrees>
              <LongitudeDegrees>111.859533</LongitudeDegrees>
            </Position>
            <AltitudeMeters>41.71</AltitudeMeters>
            <DistanceMeters>9240.0</DistanceMeters>
            <Extensions>
              <ns3:TPX>
                <ns3:RunCadence>81</ns3:RunCadence>
              </ns3:TPX>
            </Extensions>
            <Cadence>81</Cadence>
          </Trackpoint>
          <Trackpoint>
            <Time>2020-01-06T00:51:25Z</Time>
            <Position>
              <LatitudeDegrees>25.430465</LatitudeDegrees>
              <LongitudeDegrees>111.859500</LongitudeDegrees>
            </Position>
            <AltitudeMeters>41.74</AltitudeMeters>
            <DistanceMeters>9255.0</DistanceMeters>
            <Extensions>
              <ns3:TPX>
                <ns3:RunCadence>81</ns3:RunCadence>
              </ns3:TPX>
            </Extensions>
            <Cadence>81</Cadence>
          </Trackpoint>
          <Trackpoint>
            <Time>2020-01-06T00:51:30Z</Time>
            <Position>
              <LatitudeDegrees>25.430595</LatitudeDegrees>
              <LongitudeDegrees>111.859463</LongitudeDegrees>
            </Position>
            <AltitudeMeters>41.77</AltitudeMeters>
            <DistanceMeters>9270.0</DistanceMeters>
            <Extensions>
              <ns3:TPX>
                <ns3:RunCadence>81</ns3:RunCadence>
              </ns3:TPX>
            </Extensions>
            <Cadence>81</Cadence>
          </Trackpoint>
          <Trackpoint>
            <Time>2020-01-06T00:51:35Z</Time>
            <Position>
              <LatitudeDegrees>25.430725</LatitudeDegrees>
              <LongitudeDegrees>111.85942</LongitudeDegrees>
            </Position>
            <AltitudeMeters>41.80</AltitudeMeters>
            <DistanceMeters>9285.0</DistanceMeters>
            <Extensions>
              <ns3:TPX>
                <ns3:RunCadence>81</ns3:RunCadence>
              </ns3:TPX>
            </Extensions>
            <Cadence>81</Cadence>
          </Trackpoint>
          <Trackpoint>
            <Time>2020-01-06T00:51:40Z</Time>
            <Position>
              <LatitudeDegrees>25.430853</LatitudeDegrees>
              <LongitudeDegrees>111.859375</LongitudeDegrees>
            </Position>
            <AltitudeMeters>41.83</AltitudeMeters>
            <DistanceMeters>9300.0</DistanceMeters>
            <Extensions>
              <ns3:TPX>
                <ns3:RunCadence>81</ns3:RunCadence>
              </ns3:TPX>
            </Extensions>
            <Cadence>81</Cadence>
          </Trackpoint>
          <Trackpoint>
            <Time>2020-01-06T00:51:45Z</Time>
            <Position>
              <LatitudeDegrees>25.43098</LatitudeDegrees>
              <LongitudeDegrees>111.85932</LongitudeDegrees>
            </Position>
            <AltitudeMeters>41.85</AltitudeMeters>
            <DistanceMeters>9315.0</DistanceMeters>
            <Extensions>
              <ns3:TPX>
                <ns3:RunCadence>81</ns3:RunCadence>
              </ns3:TPX>
            </Extensions>
            <Cadence>81</Cadence>
          </Trackpoint>
          <Trackpoint>
            <Time>2020-01-06T00:51:50Z</Time>
            <Position>
              <LatitudeDegrees>25.431105</LatitudeDegrees>
              <LongitudeDegrees>111.859270</LongitudeDegrees>
            </Position>
            <AltitudeMeters>41.87</AltitudeMeters>
            <DistanceMeters>9330.0</DistanceMeters>
            <Extensions>
              <ns3:TPX>
                <ns3:RunCadence>81</ns3:RunCadence>
              </ns3:TPX>
            </Extensions>
            <Cadence>81</Cadence>
          </Trackpoint>
          <Trackpoint>
            <Time>2020-01-06T00:51:55Z</Time>
            <Position>
              <LatitudeDegrees>25.43123</LatitudeDegrees>
              <LongitudeDegrees>111.859210</LongitudeDegrees>
            </Position>
            <AltitudeMeters>41.90</AltitudeMeters>
            <DistanceMeters>9345.0</DistanceMeters>
            <Extensions>
              <ns3:TPX>
                <ns3:RunCadence>81</ns3:RunCadence>
              </ns3:TPX>
            </Extensions>
            <Cadence>81</Cadence>
          </Trackpoint>
          <Trackpoint>
            <Time>2020-01-06T00:52:00Z</Time>
            <Position>
              <LatitudeDegrees>25.431351</LatitudeDegrees>
              <LongitudeDegrees>111.859147</LongitudeDegrees>
            </Position>
            <AltitudeMeters>41.92</AltitudeMeters>
            <DistanceMeters>9360.0</DistanceMeters>
            <Extensions>
              <ns3:TPX>
                <ns3:RunCadence>81</ns3:RunCadence>
              </ns3:TPX>
            </Extensions>
            <Cadence>81</Cadence>
          </Trackpoint>
          <Trackpoint>
            <Time>2020-01-06T00:52:05Z</Time>
            <Position>
              <LatitudeDegrees>25.431472</LatitudeDegrees>
              <LongitudeDegrees>111.85908</LongitudeDegrees>
            </Position>
            <AltitudeMeters>41.93</AltitudeMeters>
            <DistanceMeters>9375.0</DistanceMeters>
            <Extensions>
              <ns3:TPX>
                <ns3:RunCadence>82</ns3:RunCadence>
              </ns3:TPX>
            </Extensions>
            <Cadence>82</Cadence>
          </Trackpoint>
          <Trackpoint>
            <Time>2020-01-06T00:52:10Z</Time>
            <Position>
              <LatitudeDegrees>25.431590</LatitudeDegrees>
              <LongitudeDegrees>111.8590</LongitudeDegrees>
            </Position>
            <AltitudeMeters>41.95</AltitudeMeters>
            <DistanceMeters>9390.0</DistanceMeters>
            <Extensions>
              <ns3:TPX>
                <ns3:RunCadence>82</ns3:RunCadence>
              </ns3:TPX>
            </Extensions>
            <Cadence>82</Cadence>
          </Trackpoint>
          <Trackpoint>
            <Time>2020-01-06T00:52:15Z</Time>
            <Position>
              <LatitudeDegrees>25.4317</LatitudeDegrees>
              <LongitudeDegrees>111.858932</LongitudeDegrees>
            </Position>
            <AltitudeMeters>42.0</AltitudeMeters>
            <DistanceMeters>9405.0</DistanceMeters>
            <Extensions>
              <ns3:TPX>
                <ns3:RunCadence>82</ns3:RunCadence>
              </ns3:TPX>
            </Extensions>
            <Cadence>82</Cadence>
          </Trackpoint>
          <Trackpoint>
            <Time>2020-01-06T00:52:20Z</Time>
            <Position>
              <LatitudeDegrees>25.431821</LatitudeDegrees>
              <LongitudeDegrees>111.858853</LongitudeDegrees>
            </Position>
            <AltitudeMeters>41.97</AltitudeMeters>
            <DistanceMeters>9420.0</DistanceMeters>
            <Extensions>
              <ns3:TPX>
                <ns3:RunCadence>82</ns3:RunCadence>
              </ns3:TPX>
            </Extensions>
            <Cadence>82</Cadence>
          </Trackpoint>
          <Trackpoint>
            <Time>2020-01-06T00:52:25Z</Time>
            <Position>
              <LatitudeDegrees>25.431932</LatitudeDegrees>
              <LongitudeDegrees>111.858769</LongitudeDegrees>
            </Position>
            <AltitudeMeters>41.98</AltitudeMeters>
            <DistanceMeters>9435.0</DistanceMeters>
            <Extensions>
              <ns3:TPX>
                <ns3:RunCadence>82</ns3:RunCadence>
              </ns3:TPX>
            </Extensions>
            <Cadence>82</Cadence>
          </Trackpoint>
          <Trackpoint>
            <Time>2020-01-06T00:52:30Z</Time>
            <Position>
              <LatitudeDegrees>25.432042</LatitudeDegrees>
              <LongitudeDegrees>111.858682</LongitudeDegrees>
            </Position>
            <AltitudeMeters>41.99</AltitudeMeters>
            <DistanceMeters>9450.0</DistanceMeters>
            <Extensions>
              <ns3:TPX>
                <ns3:RunCadence>82</ns3:RunCadence>
              </ns3:TPX>
            </Extensions>
            <Cadence>82</Cadence>
          </Trackpoint>
          <Trackpoint>
            <Time>2020-01-06T00:52:35Z</Time>
            <Position>
              <LatitudeDegrees>25.432149</LatitudeDegrees>
              <LongitudeDegrees>111.858591</LongitudeDegrees>
            </Position>
            <AltitudeMeters>42.00</AltitudeMeters>
            <DistanceMeters>9465.0</DistanceMeters>
            <Extensions>
              <ns3:TPX>
                <ns3:RunCadence>82</ns3:RunCadence>
              </ns3:TPX>
            </Extensions>
            <Cadence>82</Cadence>
          </Trackpoint>
          <Trackpoint>
            <Time>2020-01-06T00:52:40Z</Time>
            <Position>
              <LatitudeDegrees>25.432253</LatitudeDegrees>
              <LongitudeDegrees>111.858496</LongitudeDegrees>
            </Position>
            <AltitudeMeters>42.00</AltitudeMeters>
            <DistanceMeters>9480.0</DistanceMeters>
            <Extensions>
              <ns3:TPX>
                <ns3:RunCadence>83</ns3:RunCadence>
              </ns3:TPX>
            </Extensions>
            <Cadence>83</Cadence>
          </Trackpoint>
          <Trackpoint>
            <Time>2020-01-06T00:52:45Z</Time>
            <Position>
              <LatitudeDegrees>25.432355</LatitudeDegrees>
              <LongitudeDegrees>111.858398</LongitudeDegrees>
            </Position>
            <AltitudeMeters>42.00</AltitudeMeters>
            <DistanceMeters>9495.0</DistanceMeters>
            <Extensions>
              <ns3:TPX>
                <ns3:RunCadence>83</ns3:RunCadence>
              </ns3:TPX>
            </Extensions>
            <Cadence>83</Cadence>
          </Trackpoint>
          <Trackpoint>
            <Time>2020-01-06T00:52:50Z</Time>
            <Position>
              <LatitudeDegrees>25.432454</LatitudeDegrees>
              <LongitudeDegrees>111.858297</LongitudeDegrees>
            </Position>
            <AltitudeMeters>42.00</AltitudeMeters>
            <DistanceMeters>9510.0</DistanceMeters>
            <Extensions>
              <ns3:TPX>
                <ns3:RunCadence>83</ns3:RunCadence>
              </ns3:TPX>
            </Extensions>
            <Cadence>83</Cadence>
          </Trackpoint>
          <Trackpoint>
            <Time>2020-01-06T00:52:55Z</Time>
            <Position>
              <LatitudeDegrees>25.432550</LatitudeDegrees>
              <LongitudeDegrees>111.858192</LongitudeDegrees>
            </Position>
            <AltitudeMeters>42.00</AltitudeMeters>
            <DistanceMeters>9525.0</DistanceMeters>
            <Extensions>
              <ns3:TPX>
                <ns3:RunCadence>83</ns3:RunCadence>
              </ns3:TPX>
            </Extensions>
            <Cadence>83</Cadence>
          </Trackpoint>
          <Trackpoint>
            <Time>2020-01-06T00:53:00Z</Time>
            <Position>
              <LatitudeDegrees>25.432643</LatitudeDegrees>
              <LongitudeDegrees>111.858084</LongitudeDegrees>
            </Position>
            <AltitudeMeters>41.99</AltitudeMeters>
            <DistanceMeters>9540.0</DistanceMeters>
            <Extensions>
              <ns3:TPX>
                <ns3:RunCadence>83</ns3:RunCadence>
              </ns3:TPX>
            </Extensions>
            <Cadence>83</Cadence>
          </Trackpoint>
          <Trackpoint>
            <Time>2020-01-06T00:53:05Z</Time>
            <Position>
              <LatitudeDegrees>25.432733</LatitudeDegrees>
              <LongitudeDegrees>111.857972</LongitudeDegrees>
            </Position>
            <AltitudeMeters>41.98</AltitudeMeters>
            <DistanceMeters>9555.0</DistanceMeters>
            <Extensions>
              <ns3:TPX>
                <ns3:RunCadence>83</ns3:RunCadence>
              </ns3:TPX>
            </Extensions>
            <Cadence>83</Cadence>
          </Trackpoint>
          <Trackpoint>
            <Time>2020-01-06T00:53:10Z</Time>
            <Position>
              <LatitudeDegrees>25.432820</LatitudeDegrees>
              <LongitudeDegrees>111.857858</LongitudeDegrees>
            </Position>
            <AltitudeMeters>41.97</AltitudeMeters>
            <DistanceMeters>9570.0</DistanceMeters>
            <Extensions>
              <ns3:TPX>
                <ns3:RunCadence>83</ns3:RunCadence>
              </ns3:TPX>
            </Extensions>
            <Cadence>83</Cadence>
          </Trackpoint>
          <Trackpoint>
            <Time>2020-01-06T00:53:15Z</Time>
            <Position>
              <LatitudeDegrees>25.432903</LatitudeDegrees>
              <LongitudeDegrees>111.857741</LongitudeDegrees>
            </Position>
            <AltitudeMeters>42.0</AltitudeMeters>
            <DistanceMeters>9585.0</DistanceMeters>
            <Extensions>
              <ns3:TPX>
                <ns3:RunCadence>84</ns3:RunCadence>
              </ns3:TPX>
            </Extensions>
            <Cadence>84</Cadence>
          </Trackpoint>
          <Trackpoint>
            <Time>2020-01-06T00:53:20Z</Time>
            <Position>
              <LatitudeDegrees>25.432984</LatitudeDegrees>
              <LongitudeDegrees>111.857621</LongitudeDegrees>
            </Position>
            <AltitudeMeters>41.9</AltitudeMeters>
            <DistanceMeters>9600.0</DistanceMeters>
            <Extensions>
              <ns3:TPX>
                <ns3:RunCadence>84</ns3:RunCadence>
              </ns3:TPX>
            </Extensions>
            <Cadence>84</Cadence>
          </Trackpoint>
          <Trackpoint>
            <Time>2020-01-06T00:53:25Z</Time>
            <Position>
              <LatitudeDegrees>25.433061</LatitudeDegrees>
              <LongitudeDegrees>111.857498</LongitudeDegrees>
            </Position>
            <AltitudeMeters>41.93</AltitudeMeters>
            <DistanceMeters>9615.0</DistanceMeters>
            <Extensions>
              <ns3:TPX>
                <ns3:RunCadence>84</ns3:RunCadence>
              </ns3:TPX>
            </Extensions>
            <Cadence>84</Cadence>
          </Trackpoint>
          <Trackpoint>
            <Time>2020-01-06T00:53:30Z</Time>
            <Position>
              <LatitudeDegrees>25.433134</LatitudeDegrees>
              <LongitudeDegrees>111.857373</LongitudeDegrees>
            </Position>
            <AltitudeMeters>41.92</AltitudeMeters>
            <DistanceMeters>9630.0</DistanceMeters>
            <Extensions>
              <ns3:TPX>
                <ns3:RunCadence>84</ns3:RunCadence>
              </ns3:TPX>
            </Extensions>
            <Cadence>84</Cadence>
          </Trackpoint>
          <Trackpoint>
            <Time>2020-01-06T00:53:35Z</Time>
            <Position>
              <LatitudeDegrees>25.433204</LatitudeDegrees>
              <LongitudeDegrees>111.857245</LongitudeDegrees>
            </Position>
            <AltitudeMeters>41.90</AltitudeMeters>
            <DistanceMeters>9645.0</DistanceMeters>
            <Extensions>
              <ns3:TPX>
                <ns3:RunCadence>84</ns3:RunCadence>
              </ns3:TPX>
            </Extensions>
            <Cadence>84</Cadence>
          </Trackpoint>
          <Trackpoint>
            <Time>2020-01-06T00:53:40Z</Time>
            <Position>
              <LatitudeDegrees>25.433270</LatitudeDegrees>
              <LongitudeDegrees>111.857115</LongitudeDegrees>
            </Position>
            <AltitudeMeters>41.9</AltitudeMeters>
            <DistanceMeters>9660.0</DistanceMeters>
            <Extensions>
              <ns3:TPX>
                <ns3:RunCadence>85</ns3:RunCadence>
              </ns3:TPX>
            </Extensions>
            <Cadence>85</Cadence>
          </Trackpoint>
          <Trackpoint>
            <Time>2020-01-06T00:53:45Z</Time>
            <Position>
              <LatitudeDegrees>25.433333</LatitudeDegrees>
              <LongitudeDegrees>111.856983</LongitudeDegrees>
            </Position>
            <AltitudeMeters>41.85</AltitudeMeters>
            <DistanceMeters>9675.0</DistanceMeters>
            <Extensions>
              <ns3:TPX>
                <ns3:RunCadence>85</ns3:RunCadence>
              </ns3:TPX>
            </Extensions>
            <Cadence>85</Cadence>
          </Trackpoint>
          <Trackpoint>
            <Time>2020-01-06T00:53:50Z</Time>
            <Position>
              <LatitudeDegrees>25.433392</LatitudeDegrees>
              <LongitudeDegrees>111.856848</LongitudeDegrees>
            </Position>
            <AltitudeMeters>41.83</AltitudeMeters>
            <DistanceMeters>9690.0</DistanceMeters>
            <Extensions>
              <ns3:TPX>
                <ns3:RunCadence>85</ns3:RunCadence>
              </ns3:TPX>
            </Extensions>
            <Cadence>85</Cadence>
          </Trackpoint>
          <Trackpoint>
            <Time>2020-01-06T00:53:55Z</Time>
            <Position>
              <LatitudeDegrees>25.433447</LatitudeDegrees>
              <LongitudeDegrees>111.85671</LongitudeDegrees>
            </Position>
            <AltitudeMeters>41.80</AltitudeMeters>
            <DistanceMeters>9705.0</DistanceMeters>
            <Extensions>
              <ns3:TPX>
                <ns3:RunCadence>85</ns3:RunCadence>
              </ns3:TPX>
            </Extensions>
            <Cadence>85</Cadence>
          </Trackpoint>
          <Trackpoint>
            <Time>2020-01-06T00:54:00Z</Time>
            <Position>
              <LatitudeDegrees>25.433498</LatitudeDegrees>
              <LongitudeDegrees>111.856574</LongitudeDegrees>
            </Position>
            <AltitudeMeters>41.77</AltitudeMeters>
            <DistanceMeters>9720.0</DistanceMeters>
            <Extensions>
              <ns3:TPX>
                <ns3:RunCadence>85</ns3:RunCadence>
              </ns3:TPX>
            </Extensions>
            <Cadence>85</Cadence>
          </Trackpoint>
          <Trackpoint>
            <Time>2020-01-06T00:54:05Z</Time>
            <Position>
              <LatitudeDegrees>25.433546</LatitudeDegrees>
              <LongitudeDegrees>111.856434</LongitudeDegrees>
            </Position>
            <AltitudeMeters>41.74</AltitudeMeters>
            <DistanceMeters>9735.0</DistanceMeters>
            <Extensions>
              <ns3:TPX>
                <ns3:RunCadence>85</ns3:RunCadence>
              </ns3:TPX>
            </Extensions>
            <Cadence>85</Cadence>
          </Trackpoint>
          <Trackpoint>
            <Time>2020-01-06T00:54:10Z</Time>
            <Position>
              <LatitudeDegrees>25.43359</LatitudeDegrees>
              <LongitudeDegrees>111.856293</LongitudeDegrees>
            </Position>
            <AltitudeMeters>41.71</AltitudeMeters>
            <DistanceMeters>9750.0</DistanceMeters>
            <Extensions>
              <ns3:TPX>
                <ns3:RunCadence>86</ns3:RunCadence>
              </ns3:TPX>
            </Extensions>
            <Cadence>86</Cadence>
          </Trackpoint>
          <Trackpoint>
            <Time>2020-01-06T00:54:15Z</Time>
            <Position>
              <LatitudeDegrees>25.433629</LatitudeDegrees>
              <LongitudeDegrees>111.856150</LongitudeDegrees>
            </Position>
            <AltitudeMeters>41.67</AltitudeMeters>
            <DistanceMeters>9765.0</DistanceMeters>
            <Extensions>
              <ns3:TPX>
                <ns3:RunCadence>86</ns3:RunCadence>
              </ns3:TPX>
            </Extensions>
            <Cadence>86</Cadence>
          </Trackpoint>
          <Trackpoint>
            <Time>2020-01-06T00:54:20Z</Time>
            <Position>
              <LatitudeDegrees>25.433664</LatitudeDegrees>
              <LongitudeDegrees>111.856006</LongitudeDegrees>
            </Position>
            <AltitudeMeters>41.64</AltitudeMeters>
            <DistanceMeters>9780.0</DistanceMeters>
            <Extensions>
              <ns3:TPX>
                <ns3:RunCadence>86</ns3:RunCadence>
              </ns3:TPX>
            </Extensions>
            <Cadence>86</Cadence>
          </Trackpoint>
          <Trackpoint>
            <Time>2020-01-06T00:54:25Z</Time>
            <Position>
              <LatitudeDegrees>25.433696</LatitudeDegrees>
              <LongitudeDegrees>111.855861</LongitudeDegrees>
            </Position>
            <AltitudeMeters>41.60</AltitudeMeters>
            <DistanceMeters>9795.0</DistanceMeters>
            <Extensions>
              <ns3:TPX>
                <ns3:RunCadence>86</ns3:RunCadence>
              </ns3:TPX>
            </Extensions>
            <Cadence>86</Cadence>
          </Trackpoint>
          <Trackpoint>
            <Time>2020-01-06T00:54:30Z</Time>
            <Position>
              <LatitudeDegrees>25.433723</LatitudeDegrees>
              <LongitudeDegrees>111.855714</LongitudeDegrees>
            </Position>
            <AltitudeMeters>41.56</AltitudeMeters>
            <DistanceMeters>9810.0</DistanceMeters>
            <Extensions>
              <ns3:TPX>
                <ns3:RunCadence>86</ns3:RunCadence>
              </ns3:TPX>
            </Extensions>
            <Cadence>86</Cadence>
          </Trackpoint>
          <Trackpoint>
            <Time>2020-01-06T00:54:35Z</Time>
            <Position>
              <LatitudeDegrees>25.433746</LatitudeDegrees>
              <LongitudeDegrees>111.855567</LongitudeDegrees>
            </Position>
            <AltitudeMeters>41.52</AltitudeMeters>
            <DistanceMeters>9825.0</DistanceMeters>
            <Extensions>
              <ns3:TPX>
                <ns3:RunCadence>86</ns3:RunCadence>
              </ns3:TPX>
            </Extensions>
            <Cadence>86</Cadence>
          </Trackpoint>
          <Trackpoint>
            <Time>2020-01-06T00:54:40Z</Time>
            <Position>
              <LatitudeDegrees>25.43377</LatitudeDegrees>
              <LongitudeDegrees>111.855419</LongitudeDegrees>
            </Position>
            <AltitudeMeters>41.48</AltitudeMeters>
            <DistanceMeters>9840.0</DistanceMeters>
            <Extensions>
              <ns3:TPX>
                <ns3:RunCadence>86</ns3:RunCadence>
              </ns3:TPX>
            </Extensions>
            <Cadence>86</Cadence>
          </Trackpoint>
          <Trackpoint>
            <Time>2020-01-06T00:54:45Z</Time>
            <Position>
              <LatitudeDegrees>25.433781</LatitudeDegrees>
              <LongitudeDegrees>111.85527</LongitudeDegrees>
            </Position>
            <AltitudeMeters>41.43</AltitudeMeters>
            <DistanceMeters>9855.0</DistanceMeters>
            <Extensions>
              <ns3:TPX>
                <ns3:RunCadence>86</ns3:RunCadence>
              </ns3:TPX>
            </Extensions>
            <Cadence>86</Cadence>
          </Trackpoint>
          <Trackpoint>
            <Time>2020-01-06T00:54:50Z</Time>
            <Position>
              <LatitudeDegrees>25.433792</LatitudeDegrees>
              <LongitudeDegrees>111.855122</LongitudeDegrees>
            </Position>
            <AltitudeMeters>41.39</AltitudeMeters>
            <DistanceMeters>9870.0</DistanceMeters>
            <Extensions>
              <ns3:TPX>
                <ns3:RunCadence>87</ns3:RunCadence>
              </ns3:TPX>
            </Extensions>
            <Cadence>87</Cadence>
          </Trackpoint>
          <Trackpoint>
            <Time>2020-01-06T00:54:55Z</Time>
            <Position>
              <LatitudeDegrees>25.43380</LatitudeDegrees>
              <LongitudeDegrees>111.854973</LongitudeDegrees>
            </Position>
            <AltitudeMeters>41.34</AltitudeMeters>
            <DistanceMeters>9885.0</DistanceMeters>
            <Extensions>
              <ns3:TPX>
                <ns3:RunCadence>87</ns3:RunCadence>
              </ns3:TPX>
            </Extensions>
            <Cadence>87</Cadence>
          </Trackpoint>
          <Trackpoint>
            <Time>2020-01-06T00:55:00Z</Time>
            <Position>
              <LatitudeDegrees>25.433801</LatitudeDegrees>
              <LongitudeDegrees>111.854824</LongitudeDegrees>
            </Position>
            <AltitudeMeters>41.29</AltitudeMeters>
            <DistanceMeters>9900.0</DistanceMeters>
            <Extensions>
              <ns3:TPX>
                <ns3:RunCadence>87</ns3:RunCadence>
              </ns3:TPX>
            </Extensions>
            <Cadence>87</Cadence>
          </Trackpoint>
          <Trackpoint>
            <Time>2020-01-06T00:55:05Z</Time>
            <Position>
              <LatitudeDegrees>25.433799</LatitudeDegrees>
              <LongitudeDegrees>111.854674</LongitudeDegrees>
            </Position>
            <AltitudeMeters>41.24</AltitudeMeters>
            <DistanceMeters>9915.0</DistanceMeters>
            <Extensions>
              <ns3:TPX>
                <ns3:RunCadence>87</ns3:RunCadence>
              </ns3:TPX>
            </Extensions>
            <Cadence>87</Cadence>
          </Trackpoint>
          <Trackpoint>
            <Time>2020-01-06T00:55:10Z</Time>
            <Position>
              <LatitudeDegrees>25.433793</LatitudeDegrees>
              <LongitudeDegrees>111.854525</LongitudeDegrees>
            </Position>
            <AltitudeMeters>41.19</AltitudeMeters>
            <DistanceMeters>9930.0</DistanceMeters>
            <Extensions>
              <ns3:TPX>
                <ns3:RunCadence>87</ns3:RunCadence>
              </ns3:TPX>
            </Extensions>
            <Cadence>87</Cadence>
          </Trackpoint>
          <Trackpoint>
            <Time>2020-01-06T00:55:15Z</Time>
            <Position>
              <LatitudeDegrees>25.433783</LatitudeDegrees>
              <LongitudeDegrees>111.854376</LongitudeDegrees>
            </Position>
            <AltitudeMeters>41.14</AltitudeMeters>
            <DistanceMeters>9945.0</DistanceMeters>
            <Extensions>
              <ns3:TPX>
                <ns3:RunCadence>87</ns3:RunCadence>
              </ns3:TPX>
            </Extensions>
            <Cadence>87</Cadence>
          </Trackpoint>
          <Trackpoint>
            <Time>2020-01-06T00:55:20Z</Time>
            <Position>
              <LatitudeDegrees>25.433769</LatitudeDegrees>
              <LongitudeDegrees>111.854228</LongitudeDegrees>
            </Position>
            <AltitudeMeters>41.08</AltitudeMeters>
            <DistanceMeters>9960.0</DistanceMeters>
            <Extensions>
              <ns3:TPX>
                <ns3:RunCadence>87</ns3:RunCadence>
              </ns3:TPX>
            </Extensions>
            <Cadence>87</Cadence>
          </Trackpoint>
          <Trackpoint>
            <Time>2020-01-06T00:55:25Z</Time>
            <Position>
              <LatitudeDegrees>25.433751</LatitudeDegrees>
              <LongitudeDegrees>111.854080</LongitudeDegrees>
            </Position>
            <AltitudeMeters>41.0</AltitudeMeters>
            <DistanceMeters>9975.0</DistanceMeters>
            <Extensions>
              <ns3:TPX>
                <ns3:RunCadence>87</ns3:RunCadence>
              </ns3:TPX>
            </Extensions>
            <Cadence>87</Cadence>
          </Trackpoint>
          <Trackpoint>
            <Time>2020-01-06T00:55:30Z</Time>
            <Position>
              <LatitudeDegrees>25.433729</LatitudeDegrees>
              <LongitudeDegrees>111.853932</LongitudeDegrees>
            </Position>
            <AltitudeMeters>40.97</AltitudeMeters>
            <DistanceMeters>9990.0</DistanceMeters>
            <Extensions>
              <ns3:TPX>
                <ns3:RunCadence>87</ns3:RunCadence>
              </ns3:TPX>
            </Extensions>
            <Cadence>87</Cadence>
          </Trackpoint>
          <Trackpoint>
            <Time>2020-01-06T00:55:35Z</Time>
            <Position>
              <LatitudeDegrees>25.433702</LatitudeDegrees>
              <LongitudeDegrees>111.853786</LongitudeDegrees>
            </Position>
            <AltitudeMeters>40.91</AltitudeMeters>
            <DistanceMeters>10005.0</DistanceMeters>
            <Extensions>
              <ns3:TPX>
                <ns3:RunCadence>87</ns3:RunCadence>
              </ns3:TPX>
            </Extensions>
            <Cadence>87</Cadence>
          </Trackpoint>
          <Trackpoint>
            <Time>2020-01-06T00:55:40Z</Time>
            <Position>
              <LatitudeDegrees>25.433672</LatitudeDegrees>
              <LongitudeDegrees>111.853640</LongitudeDegrees>
            </Position>
            <AltitudeMeters>40.86</AltitudeMeters>
            <DistanceMeters>10020.0</DistanceMeters>
            <Extensions>
              <ns3:TPX>
                <ns3:RunCadence>87</ns3:RunCadence>
              </ns3:TPX>
            </Extensions>
            <Cadence>87</Cadence>
          </Trackpoint>
          <Trackpoint>
            <Time>2020-01-06T00:55:45Z</Time>
            <Position>
              <LatitudeDegrees>25.433637</LatitudeDegrees>
              <LongitudeDegrees>111.853496</LongitudeDegrees>
            </Position>
            <AltitudeMeters>40.80</AltitudeMeters>
            <DistanceMeters>10035.0</DistanceMeters>
            <Extensions>
              <ns3:TPX>
                <ns3:RunCadence>87</ns3:RunCadence>
              </ns3:TPX>
            </Extensions>
            <Cadence>87</Cadence>
          </Trackpoint>
          <Trackpoint>
            <Time>2020-01-06T00:55:50Z</Time>
            <Position>
              <LatitudeDegrees>25.433598</LatitudeDegrees>
              <LongitudeDegrees>111.853353</LongitudeDegrees>
            </Position>
            <AltitudeMeters>40.74</AltitudeMeters>
            <DistanceMeters>10050.0</DistanceMeters>
            <Extensions>
              <ns3:TPX>
                <ns3:RunCadence>87</ns3:RunCadence>
              </ns3:TPX>
            </Extensions>
            <Cadence>87</Cadence>
          </Trackpoint>
          <Trackpoint>
            <Time>2020-01-06T00:55:55Z</Time>
            <Position>
              <LatitudeDegrees>25.433556</LatitudeDegrees>
              <LongitudeDegrees>111.85321</LongitudeDegrees>
            </Position>
            <AltitudeMeters>40.68</AltitudeMeters>
            <DistanceMeters>10065.0</DistanceMeters>
            <Extensions>
              <ns3:TPX>
                <ns3:RunCadence>87</ns3:RunCadence>
              </ns3:TPX>
            </Extensions>
            <Cadence>87</Cadence>
          </Trackpoint>
          <Trackpoint>
            <Time>2020-01-06T00:56:00Z</Time>
            <Position>
              <LatitudeDegrees>25.433509</LatitudeDegrees>
              <LongitudeDegrees>111.853071</LongitudeDegrees>
            </Position>
            <AltitudeMeters>40.62</AltitudeMeters>
            <DistanceMeters>10080.0</DistanceMeters>
            <Extensions>
              <ns3:TPX>
                <ns3:RunCadence>87</ns3:RunCadence>
              </ns3:TPX>
            </Extensions>
            <Cadence>87</Cadence>
          </Trackpoint>
          <Trackpoint>
            <Time>2020-01-06T00:56:05Z</Time>
            <Position>
              <LatitudeDegrees>25.433459</LatitudeDegrees>
              <LongitudeDegrees>111.852932</LongitudeDegrees>
            </Position>
            <AltitudeMeters>40.56</AltitudeMeters>
            <DistanceMeters>10095.0</DistanceMeters>
            <Extensions>
              <ns3:TPX>
                <ns3:RunCadence>87</ns3:RunCadence>
              </ns3:TPX>
            </Extensions>
            <Cadence>87</Cadence>
          </Trackpoint>
          <Trackpoint>
            <Time>2020-01-06T00:56:10Z</Time>
            <Position>
              <LatitudeDegrees>25.433405</LatitudeDegrees>
              <LongitudeDegrees>111.852796</LongitudeDegrees>
            </Position>
            <AltitudeMeters>40.49</AltitudeMeters>
            <DistanceMeters>10110.0</DistanceMeters>
            <Extensions>
              <ns3:TPX>
                <ns3:RunCadence>87</ns3:RunCadence>
              </ns3:TPX>
            </Extensions>
            <Cadence>87</Cadence>
          </Trackpoint>
          <Trackpoint>
            <Time>2020-01-06T00:56:15Z</Time>
            <Position>
              <LatitudeDegrees>25.433346</LatitudeDegrees>
              <LongitudeDegrees>111.852661</LongitudeDegrees>
            </Position>
            <AltitudeMeters>40.43</AltitudeMeters>
            <DistanceMeters>10125.0</DistanceMeters>
            <Extensions>
              <ns3:TPX>
                <ns3:RunCadence>87</ns3:RunCadence>
              </ns3:TPX>
            </Extensions>
            <Cadence>87</Cadence>
          </Trackpoint>
          <Trackpoint>
            <Time>2020-01-06T00:56:20Z</Time>
            <Position>
              <LatitudeDegrees>25.433285</LatitudeDegrees>
              <LongitudeDegrees>111.85253</LongitudeDegrees>
            </Position>
            <AltitudeMeters>40.37</AltitudeMeters>
            <DistanceMeters>10140.0</DistanceMeters>
            <Extensions>
              <ns3:TPX>
                <ns3:RunCadence>87</ns3:RunCadence>
              </ns3:TPX>
            </Extensions>
            <Cadence>87</Cadence>
          </Trackpoint>
          <Trackpoint>
            <Time>2020-01-06T00:56:25Z</Time>
            <Position>
              <LatitudeDegrees>25.433219</LatitudeDegrees>
              <LongitudeDegrees>111.852398</LongitudeDegrees>
            </Position>
            <AltitudeMeters>40.30</AltitudeMeters>
            <DistanceMeters>10155.0</DistanceMeters>
            <Extensions>
              <ns3:TPX>
                <ns3:RunCadence>87</ns3:RunCadence>
              </ns3:TPX>
            </Extensions>
            <Cadence>87</Cadence>
          </Trackpoint>
          <Trackpoint>
            <Time>2020-01-06T00:56:30Z</Time>
            <Position>
              <LatitudeDegrees>25.433150</LatitudeDegrees>
              <LongitudeDegrees>111.852269</LongitudeDegrees>
            </Position>
            <AltitudeMeters>40.24</AltitudeMeters>
            <DistanceMeters>10170.0</DistanceMeters>
            <Extensions>
              <ns3:TPX>
                <ns3:RunCadence>86</ns3:RunCadence>
              </ns3:TPX>
            </Extensions>
            <Cadence>86</Cadence>
          </Trackpoint>
          <Trackpoint>
            <Time>2020-01-06T00:56:35Z</Time>
            <Position>
              <LatitudeDegrees>25.433077</LatitudeDegrees>
              <LongitudeDegrees>111.852143</LongitudeDegrees>
            </Position>
            <AltitudeMeters>40.18</AltitudeMeters>
            <DistanceMeters>10185.0</DistanceMeters>
            <Extensions>
              <ns3:TPX>
                <ns3:RunCadence>86</ns3:RunCadence>
              </ns3:TPX>
            </Extensions>
            <Cadence>86</Cadence>
          </Trackpoint>
          <Trackpoint>
            <Time>2020-01-06T00:56:40Z</Time>
            <Position>
              <LatitudeDegrees>25.433001</LatitudeDegrees>
              <LongitudeDegrees>111.8520</LongitudeDegrees>
            </Position>
            <AltitudeMeters>40.11</AltitudeMeters>
            <DistanceMeters>10200.0</DistanceMeters>
            <Extensions>
              <ns3:TPX>
                <ns3:RunCadence>86</ns3:RunCadence>
              </ns3:TPX>
            </Extensions>
            <Cadence>86</Cadence>
          </Trackpoint>
          <Trackpoint>
            <Time>2020-01-06T00:56:45Z</Time>
            <Position>
              <LatitudeDegrees>25.432922</LatitudeDegrees>
              <LongitudeDegrees>111.851899</LongitudeDegrees>
            </Position>
            <AltitudeMeters>40.0</AltitudeMeters>
            <DistanceMeters>10215.0</DistanceMeters>
            <Extensions>
              <ns3:TPX>
                <ns3:RunCadence>86</ns3:RunCadence>
              </ns3:TPX>
            </Extensions>
            <Cadence>86</Cadence>
          </Trackpoint>
          <Trackpoint>
            <Time>2020-01-06T00:56:50Z</Time>
            <Position>
              <LatitudeDegrees>25.432839</LatitudeDegrees>
              <LongitudeDegrees>111.851782</LongitudeDegrees>
            </Position>
            <AltitudeMeters>39.98</AltitudeMeters>
            <DistanceMeters>10230.0</DistanceMeters>
            <Extensions>
              <ns3:TPX>
                <ns3:RunCadence>86</ns3:RunCadence>
              </ns3:TPX>
            </Extensions>
            <Cadence>86</Cadence>
          </Trackpoint>
          <Trackpoint>
            <Time>2020-01-06T00:56:55Z</Time>
            <Position>
              <LatitudeDegrees>25.432753</LatitudeDegrees>
              <LongitudeDegrees>111.851667</LongitudeDegrees>
            </Position>
            <AltitudeMeters>39.92</AltitudeMeters>
            <DistanceMeters>10245.0</DistanceMeters>
            <Extensions>
              <ns3:TPX>
                <ns3:RunCadence>86</ns3:RunCadence>
              </ns3:TPX>
            </Extensions>
            <Cadence>86</Cadence>
          </Trackpoint>
          <Trackpoint>
            <Time>2020-01-06T00:57:00Z</Time>
            <Position>
              <LatitudeDegrees>25.432663</LatitudeDegrees>
              <LongitudeDegrees>111.851555</LongitudeDegrees>
            </Position>
            <AltitudeMeters>39.85</AltitudeMeters>
            <DistanceMeters>10260.0</DistanceMeters>
            <Extensions>
              <ns3:TPX>
                <ns3:RunCadence>86</ns3:RunCadence>
              </ns3:TPX>
            </Extensions>
            <Cadence>86</Cadence>
          </Trackpoint>
          <Trackpoint>
            <Time>2020-01-06T00:57:05Z</Time>
            <Position>
              <LatitudeDegrees>25.432571</LatitudeDegrees>
              <LongitudeDegrees>111.851446</LongitudeDegrees>
            </Position>
            <AltitudeMeters>39.79</AltitudeMeters>
            <DistanceMeters>10275.0</DistanceMeters>
            <Extensions>
              <ns3:TPX>
                <ns3:RunCadence>86</ns3:RunCadence>
              </ns3:TPX>
            </Extensions>
            <Cadence>86</Cadence>
          </Trackpoint>
          <Trackpoint>
            <Time>2020-01-06T00:57:10Z</Time>
            <Position>
              <LatitudeDegrees>25.432476</LatitudeDegrees>
              <LongitudeDegrees>111.851340</LongitudeDegrees>
            </Position>
            <AltitudeMeters>39.73</AltitudeMeters>
            <DistanceMeters>10290.0</DistanceMeters>
            <Extensions>
              <ns3:TPX>
                <ns3:RunCadence>85</ns3:RunCadence>
              </ns3:TPX>
            </Extensions>
            <Cadence>85</Cadence>
          </Trackpoint>
          <Trackpoint>
            <Time>2020-01-06T00:57:15Z</Time>
            <Position>
              <LatitudeDegrees>25.432377</LatitudeDegrees>
              <LongitudeDegrees>111.851238</LongitudeDegrees>
            </Position>
            <AltitudeMeters>39.66</AltitudeMeters>
            <DistanceMeters>10305.0</DistanceMeters>
            <Extensions>
              <ns3:TPX>
                <ns3:RunCadence>85</ns3:RunCadence>
              </ns3:TPX>
            </Extensions>
            <Cadence>85</Cadence>
          </Trackpoint>
          <Trackpoint>
            <Time>2020-01-06T00:57:20Z</Time>
            <Position>
              <LatitudeDegrees>25.432276</LatitudeDegrees>
              <LongitudeDegrees>111.851139</LongitudeDegrees>
            </Position>
            <AltitudeMeters>39.60</AltitudeMeters>
            <DistanceMeters>10320.0</DistanceMeters>
            <Extensions>
              <ns3:TPX>
                <ns3:RunCadence>85</ns3:RunCadence>
              </ns3:TPX>
            </Extensions>
            <Cadence>85</Cadence>
          </Trackpoint>
          <Trackpoint>
            <Time>2020-01-06T00:57:25Z</Time>
            <Position>
              <LatitudeDegrees>25.432172</LatitudeDegrees>
              <LongitudeDegrees>111.851044</LongitudeDegrees>
            </Position>
            <AltitudeMeters>39.53</AltitudeMeters>
            <DistanceMeters>10335.0</DistanceMeters>
            <Extensions>
              <ns3:TPX>
                <ns3:RunCadence>85</ns3:RunCadence>
              </ns3:TPX>
            </Extensions>
            <Cadence>85</Cadence>
          </Trackpoint>
          <Trackpoint>
            <Time>2020-01-06T00:57:30Z</Time>
            <Position>
              <LatitudeDegrees>25.432066</LatitudeDegrees>
              <LongitudeDegrees>111.850952</LongitudeDegrees>
            </Position>
            <AltitudeMeters>39.47</AltitudeMeters>
            <DistanceMeters>10350.0</DistanceMeters>
            <Extensions>
              <ns3:TPX>
                <ns3:RunCadence>85</ns3:RunCadence>
              </ns3:TPX>
            </Extensions>
            <Cadence>85</Cadence>
          </Trackpoint>
          <Trackpoint>
            <Time>2020-01-06T00:57:35Z</Time>
            <Position>
              <LatitudeDegrees>25.431957</LatitudeDegrees>
              <LongitudeDegrees>111.850864</LongitudeDegrees>
            </Position>
            <AltitudeMeters>39.4</AltitudeMeters>
            <DistanceMeters>10365.0</DistanceMeters>
            <Extensions>
              <ns3:TPX>
                <ns3:RunCadence>85</ns3:RunCadence>
              </ns3:TPX>
            </Extensions>
            <Cadence>85</Cadence>
          </Trackpoint>
          <Trackpoint>
            <Time>2020-01-06T00:57:40Z</Time>
            <Position>
              <LatitudeDegrees>25.431846</LatitudeDegrees>
              <LongitudeDegrees>111.850780</LongitudeDegrees>
            </Position>
            <AltitudeMeters>39.3</AltitudeMeters>
            <DistanceMeters>10380.0</DistanceMeters>
            <Extensions>
              <ns3:TPX>
                <ns3:RunCadence>84</ns3:RunCadence>
              </ns3:TPX>
            </Extensions>
            <Cadence>84</Cadence>
          </Trackpoint>
          <Trackpoint>
            <Time>2020-01-06T00:57:45Z</Time>
            <Position>
              <LatitudeDegrees>25.431732</LatitudeDegrees>
              <LongitudeDegrees>111.850699</LongitudeDegrees>
            </Position>
            <AltitudeMeters>39.29</AltitudeMeters>
            <DistanceMeters>10395.0</DistanceMeters>
            <Extensions>
              <ns3:TPX>
                <ns3:RunCadence>84</ns3:RunCadence>
              </ns3:TPX>
            </Extensions>
            <Cadence>84</Cadence>
          </Trackpoint>
          <Trackpoint>
            <Time>2020-01-06T00:57:50Z</Time>
            <Position>
              <LatitudeDegrees>25.431616</LatitudeDegrees>
              <LongitudeDegrees>111.850623</LongitudeDegrees>
            </Position>
            <AltitudeMeters>39.23</AltitudeMeters>
            <DistanceMeters>10410.0</DistanceMeters>
            <Extensions>
              <ns3:TPX>
                <ns3:RunCadence>84</ns3:RunCadence>
              </ns3:TPX>
            </Extensions>
            <Cadence>84</Cadence>
          </Trackpoint>
          <Trackpoint>
            <Time>2020-01-06T00:57:55Z</Time>
            <Position>
              <LatitudeDegrees>25.431498</LatitudeDegrees>
              <LongitudeDegrees>111.850550</LongitudeDegrees>
            </Position>
            <AltitudeMeters>39.17</AltitudeMeters>
            <DistanceMeters>10425.0</DistanceMeters>
            <Extensions>
              <ns3:TPX>
                <ns3:RunCadence>84</ns3:RunCadence>
              </ns3:TPX>
            </Extensions>
            <Cadence>84</Cadence>
          </Trackpoint>
          <Trackpoint>
            <Time>2020-01-06T00:58:00Z</Time>
            <Position>
              <LatitudeDegrees>25.431378</LatitudeDegrees>
              <LongitudeDegrees>111.850482</LongitudeDegrees>
            </Position>
            <AltitudeMeters>39.11</AltitudeMeters>
            <DistanceMeters>10440.0</DistanceMeters>
            <Extensions>
              <ns3:TPX>
                <ns3:RunCadence>84</ns3:RunCadence>
              </ns3:TPX>
            </Extensions>
            <Cadence>84</Cadence>
          </Trackpoint>
          <Trackpoint>
            <Time>2020-01-06T00:58:05Z</Time>
            <Position>
              <LatitudeDegrees>25.431257</LatitudeDegrees>
              <LongitudeDegrees>111.850417</LongitudeDegrees>
            </Position>
            <AltitudeMeters>39.05</AltitudeMeters>
            <DistanceMeters>10455.0</DistanceMeters>
            <Extensions>
              <ns3:TPX>
                <ns3:RunCadence>84</ns3:RunCadence>
              </ns3:TPX>
            </Extensions>
            <Cadence>84</Cadence>
          </Trackpoint>
          <Trackpoint>
            <Time>2020-01-06T00:58:10Z</Time>
            <Position>
              <LatitudeDegrees>25.431133</LatitudeDegrees>
              <LongitudeDegrees>111.850357</LongitudeDegrees>
            </Position>
            <AltitudeMeters>39.0</AltitudeMeters>
            <DistanceMeters>10470.0</DistanceMeters>
            <Extensions>
              <ns3:TPX>
                <ns3:RunCadence>83</ns3:RunCadence>
              </ns3:TPX>
            </Extensions>
            <Cadence>83</Cadence>
          </Trackpoint>
          <Trackpoint>
            <Time>2020-01-06T00:58:15Z</Time>
            <Position>
              <LatitudeDegrees>25.431008</LatitudeDegrees>
              <LongitudeDegrees>111.850301</LongitudeDegrees>
            </Position>
            <AltitudeMeters>38.94</AltitudeMeters>
            <DistanceMeters>10485.0</DistanceMeters>
            <Extensions>
              <ns3:TPX>
                <ns3:RunCadence>83</ns3:RunCadence>
              </ns3:TPX>
            </Extensions>
            <Cadence>83</Cadence>
          </Trackpoint>
          <Trackpoint>
            <Time>2020-01-06T00:58:20Z</Time>
            <Position>
              <LatitudeDegrees>25.43088</LatitudeDegrees>
              <LongitudeDegrees>111.850250</LongitudeDegrees>
            </Position>
            <AltitudeMeters>38.89</AltitudeMeters>
            <DistanceMeters>10500.0</DistanceMeters>
            <Extensions>
              <ns3:TPX>
                <ns3:RunCadence>83</ns3:RunCadence>
              </ns3:TPX>
            </Extensions>
            <Cadence>83</Cadence>
          </Trackpoint>
          <Trackpoint>
            <Time>2020-01-06T00:58:25Z</Time>
            <Position>
              <LatitudeDegrees>25.430753</LatitudeDegrees>
              <LongitudeDegrees>111.850203</LongitudeDegrees>
            </Position>
            <AltitudeMeters>38.84</AltitudeMeters>
            <DistanceMeters>10515.0</DistanceMeters>
            <Extensions>
              <ns3:TPX>
                <ns3:RunCadence>83</ns3:RunCadence>
              </ns3:TPX>
            </Extensions>
            <Cadence>83</Cadence>
          </Trackpoint>
          <Trackpoint>
            <Time>2020-01-06T00:58:30Z</Time>
            <Position>
              <LatitudeDegrees>25.430624</LatitudeDegrees>
              <LongitudeDegrees>111.850160</LongitudeDegrees>
            </Position>
            <AltitudeMeters>38.78</AltitudeMeters>
            <DistanceMeters>10530.0</DistanceMeters>
            <Extensions>
              <ns3:TPX>
                <ns3:RunCadence>83</ns3:RunCadence>
              </ns3:TPX>
            </Extensions>
            <Cadence>83</Cadence>
          </Trackpoint>
          <Trackpoint>
            <Time>2020-01-06T00:58:35Z</Time>
            <Position>
              <LatitudeDegrees>25.430494</LatitudeDegrees>
              <LongitudeDegrees>111.850121</LongitudeDegrees>
            </Position>
            <AltitudeMeters>38.73</AltitudeMeters>
            <DistanceMeters>10545.0</DistanceMeters>
            <Extensions>
              <ns3:TPX>
                <ns3:RunCadence>83</ns3:RunCadence>
              </ns3:TPX>
            </Extensions>
            <Cadence>83</Cadence>
          </Trackpoint>
          <Trackpoint>
            <Time>2020-01-06T00:58:40Z</Time>
            <Position>
              <LatitudeDegrees>25.430362</LatitudeDegrees>
              <LongitudeDegrees>111.850088</LongitudeDegrees>
            </Position>
            <AltitudeMeters>38.68</AltitudeMeters>
            <DistanceMeters>10560.0</DistanceMeters>
            <Extensions>
              <ns3:TPX>
                <ns3:RunCadence>82</ns3:RunCadence>
              </ns3:TPX>
            </Extensions>
            <Cadence>82</Cadence>
          </Trackpoint>
          <Trackpoint>
            <Time>2020-01-06T00:58:45Z</Time>
            <Position>
              <LatitudeDegrees>25.430230</LatitudeDegrees>
              <LongitudeDegrees>111.850058</LongitudeDegrees>
            </Position>
            <AltitudeMeters>38.64</AltitudeMeters>
            <DistanceMeters>10575.0</DistanceMeters>
            <Extensions>
              <ns3:TPX>
                <ns3:RunCadence>82</ns3:RunCadence>
              </ns3:TPX>
            </Extensions>
            <Cadence>82</Cadence>
          </Trackpoint>
          <Trackpoint>
            <Time>2020-01-06T00:58:50Z</Time>
            <Position>
              <LatitudeDegrees>25.430097</LatitudeDegrees>
              <LongitudeDegrees>111.850034</LongitudeDegrees>
            </Position>
            <AltitudeMeters>38.6</AltitudeMeters>
            <DistanceMeters>10590.0</DistanceMeters>
            <Extensions>
              <ns3:TPX>
                <ns3:RunCadence>82</ns3:RunCadence>
              </ns3:TPX>
            </Extensions>
            <Cadence>82</Cadence>
          </Trackpoint>
          <Trackpoint>
            <Time>2020-01-06T00:58:55Z</Time>
            <Position>
              <LatitudeDegrees>25.429964</LatitudeDegrees>
              <LongitudeDegrees>111.850013</LongitudeDegrees>
            </Position>
            <AltitudeMeters>38.54</AltitudeMeters>
            <DistanceMeters>10605.0</DistanceMeters>
            <Extensions>
              <ns3:TPX>
                <ns3:RunCadence>82</ns3:RunCadence>
              </ns3:TPX>
            </Extensions>
            <Cadence>82</Cadence>
          </Trackpoint>
          <Trackpoint>
            <Time>2020-01-06T00:59:00Z</Time>
            <Position>
              <LatitudeDegrees>25.429829</LatitudeDegrees>
              <LongitudeDegrees>111.849998</LongitudeDegrees>
            </Position>
            <AltitudeMeters>38.50</AltitudeMeters>
            <DistanceMeters>10620.0</DistanceMeters>
            <Extensions>
              <ns3:TPX>
                <ns3:RunCadence>82</ns3:RunCadence>
              </ns3:TPX>
            </Extensions>
            <Cadence>82</Cadence>
          </Trackpoint>
          <Trackpoint>
            <Time>2020-01-06T00:59:05Z</Time>
            <Position>
              <LatitudeDegrees>25.429695</LatitudeDegrees>
              <LongitudeDegrees>111.849987</LongitudeDegrees>
            </Position>
            <AltitudeMeters>38.5</AltitudeMeters>
            <DistanceMeters>10635.0</DistanceMeters>
            <Extensions>
              <ns3:TPX>
                <ns3:RunCadence>82</ns3:RunCadence>
              </ns3:TPX>
            </Extensions>
            <Cadence>82</Cadence>
          </Trackpoint>
          <Trackpoint>
            <Time>2020-01-06T00:59:10Z</Time>
            <Position>
              <LatitudeDegrees>25.42956</LatitudeDegrees>
              <LongitudeDegrees>111.849980</LongitudeDegrees>
            </Position>
            <AltitudeMeters>38.42</AltitudeMeters>
            <DistanceMeters>10650.0</DistanceMeters>
            <Extensions>
              <ns3:TPX>
                <ns3:RunCadence>82</ns3:RunCadence>
              </ns3:TPX>
            </Extensions>
            <Cadence>82</Cadence>
          </Trackpoint>
          <Trackpoint>
            <Time>2020-01-06T00:59:15Z</Time>
            <Position>
              <LatitudeDegrees>25.429425</LatitudeDegrees>
              <LongitudeDegrees>111.849978</LongitudeDegrees>
            </Position>
            <AltitudeMeters>38.38</AltitudeMeters>
            <DistanceMeters>10665.0</DistanceMeters>
            <Extensions>
              <ns3:TPX>
                <ns3:RunCadence>82</ns3:RunCadence>
              </ns3:TPX>
            </Extensions>
            <Cadence>82</Cadence>
          </Trackpoint>
          <Trackpoint>
            <Time>2020-01-06T00:59:20Z</Time>
            <Position>
              <LatitudeDegrees>25.429290</LatitudeDegrees>
              <LongitudeDegrees>111.849981</LongitudeDegrees>
            </Position>
            <AltitudeMeters>38.34</AltitudeMeters>
            <DistanceMeters>10680.0</DistanceMeters>
            <Extensions>
              <ns3:TPX>
                <ns3:RunCadence>81</ns3:RunCadence>
              </ns3:TPX>
            </Extensions>
            <Cadence>81</Cadence>
          </Trackpoint>
          <Trackpoint>
            <Time>2020-01-06T00:59:25Z</Time>
            <Position>
              <LatitudeDegrees>25.429156</LatitudeDegrees>
              <LongitudeDegrees>111.849989</LongitudeDegrees>
            </Position>
            <AltitudeMeters>38.31</AltitudeMeters>
            <DistanceMeters>10695.0</DistanceMeters>
            <Extensions>
              <ns3:TPX>
                <ns3:RunCadence>81</ns3:RunCadence>
              </ns3:TPX>
            </Extensions>
            <Cadence>81</Cadence>
          </Trackpoint>
          <Trackpoint>
            <Time>2020-01-06T00:59:30Z</Time>
            <Position>
              <LatitudeDegrees>25.429021</LatitudeDegrees>
              <LongitudeDegrees>111.850001</LongitudeDegrees>
            </Position>
            <AltitudeMeters>38.27</AltitudeMeters>
            <DistanceMeters>10710.0</DistanceMeters>
            <Extensions>
              <ns3:TPX>
                <ns3:RunCadence>81</ns3:RunCadence>
              </ns3:TPX>
            </Extensions>
            <Cadence>81</Cadence>
          </Trackpoint>
          <Trackpoint>
            <Time>2020-01-06T00:59:35Z</Time>
            <Position>
              <LatitudeDegrees>25.428887</LatitudeDegrees>
              <LongitudeDegrees>111.8500</LongitudeDegrees>
            </Position>
            <AltitudeMeters>38.24</AltitudeMeters>
            <DistanceMeters>10725.0</DistanceMeters>
            <Extensions>
              <ns3:TPX>
                <ns3:RunCadence>81</ns3:RunCadence>
              </ns3:TPX>
            </Extensions>
            <Cadence>81</Cadence>
          </Trackpoint>
          <Trackpoint>
            <Time>2020-01-06T00:59:40Z</Time>
            <Position>
              <LatitudeDegrees>25.428754</LatitudeDegrees>
              <LongitudeDegrees>111.850039</LongitudeDegrees>
            </Position>
            <AltitudeMeters>38.21</AltitudeMeters>
            <DistanceMeters>10740.0</DistanceMeters>
            <Extensions>
              <ns3:TPX>
                <ns3:RunCadence>81</ns3:RunCadence>
              </ns3:TPX>
            </Extensions>
            <Cadence>81</Cadence>
          </Trackpoint>
          <Trackpoint>
            <Time>2020-01-06T00:59:45Z</Time>
            <Position>
              <LatitudeDegrees>25.428621</LatitudeDegrees>
              <LongitudeDegrees>111.850064</LongitudeDegrees>
            </Position>
            <AltitudeMeters>38.18</AltitudeMeters>
            <DistanceMeters>10755.0</DistanceMeters>
            <Extensions>
              <ns3:TPX>
                <ns3:RunCadence>81</ns3:RunCadence>
              </ns3:TPX>
            </Extensions>
            <Cadence>81</Cadence>
          </Trackpoint>
          <Trackpoint>
            <Time>2020-01-06T00:59:50Z</Time>
            <Position>
              <LatitudeDegrees>25.428489</LatitudeDegrees>
              <LongitudeDegrees>111.850095</LongitudeDegrees>
            </Position>
            <AltitudeMeters>38.2</AltitudeMeters>
            <DistanceMeters>10770.0</DistanceMeters>
            <Extensions>
              <ns3:TPX>
                <ns3:RunCadence>81</ns3:RunCadence>
              </ns3:TPX>
            </Extensions>
            <Cadence>81</Cadence>
          </Trackpoint>
          <Trackpoint>
            <Time>2020-01-06T00:59:55Z</Time>
            <Position>
              <LatitudeDegrees>25.428357</LatitudeDegrees>
              <LongitudeDegrees>111.850130</LongitudeDegrees>
            </Position>
            <AltitudeMeters>38.13</AltitudeMeters>
            <DistanceMeters>10785.0</DistanceMeters>
            <Extensions>
              <ns3:TPX>
                <ns3:RunCadence>81</ns3:RunCadence>
              </ns3:TPX>
            </Extensions>
            <Cadence>81</Cadence>
          </Trackpoint>
          <Trackpoint>
            <Time>2020-01-06T01:00:00Z</Time>
            <Position>
              <LatitudeDegrees>25.42823</LatitudeDegrees>
              <LongitudeDegrees>111.850169</LongitudeDegrees>
            </Position>
            <AltitudeMeters>38.11</AltitudeMeters>
            <DistanceMeters>10800.0</DistanceMeters>
            <Extensions>
              <ns3:TPX>
                <ns3:RunCadence>81</ns3:RunCadence>
              </ns3:TPX>
            </Extensions>
            <Cadence>81</Cadence>
          </Trackpoint>
          <Trackpoint>
            <Time>2020-01-06T01:00:05Z</Time>
            <Position>
              <LatitudeDegrees>25.428098</LatitudeDegrees>
              <LongitudeDegrees>111.850213</LongitudeDegrees>
            </Position>
            <AltitudeMeters>38.09</AltitudeMeters>
            <DistanceMeters>10815.0</DistanceMeters>
            <Extensions>
              <ns3:TPX>
                <ns3:RunCadence>81</ns3:RunCadence>
              </ns3:TPX>
            </Extensions>
            <Cadence>81</Cadence>
          </Trackpoint>
          <Trackpoint>
            <Time>2020-01-06T01:00:10Z</Time>
            <Position>
              <LatitudeDegrees>25.427971</LatitudeDegrees>
              <LongitudeDegrees>111.850261</LongitudeDegrees>
            </Position>
            <AltitudeMeters>38.07</AltitudeMeters>
            <DistanceMeters>10830.0</DistanceMeters>
            <Extensions>
              <ns3:TPX>
                <ns3:RunCadence>81</ns3:RunCadence>
              </ns3:TPX>
            </Extensions>
            <Cadence>81</Cadence>
          </Trackpoint>
          <Trackpoint>
            <Time>2020-01-06T01:00:15Z</Time>
            <Position>
              <LatitudeDegrees>25.427844</LatitudeDegrees>
              <LongitudeDegrees>111.850313</LongitudeDegrees>
            </Position>
            <AltitudeMeters>38.06</AltitudeMeters>
            <DistanceMeters>10845.0</DistanceMeters>
            <Extensions>
              <ns3:TPX>
                <ns3:RunCadence>81</ns3:RunCadence>
              </ns3:TPX>
            </Extensions>
            <Cadence>81</Cadence>
          </Trackpoint>
          <Trackpoint>
            <Time>2020-01-06T01:00:20Z</Time>
            <Position>
              <LatitudeDegrees>25.427720</LatitudeDegrees>
              <LongitudeDegrees>111.850370</LongitudeDegrees>
            </Position>
            <AltitudeMeters>38.04</AltitudeMeters>
            <DistanceMeters>10860.0</DistanceMeters>
            <Extensions>
              <ns3:TPX>
                <ns3:RunCadence>81</ns3:RunCadence>
              </ns3:TPX>
            </Extensions>
            <Cadence>81</Cadence>
          </Trackpoint>
          <Trackpoint>
            <Time>2020-01-06T01:00:25Z</Time>
            <Position>
              <LatitudeDegrees>25.427596</LatitudeDegrees>
              <LongitudeDegrees>111.850431</LongitudeDegrees>
            </Position>
            <AltitudeMeters>38.03</AltitudeMeters>
            <DistanceMeters>10875.0</DistanceMeters>
            <Extensions>
              <ns3:TPX>
                <ns3:RunCadence>81</ns3:RunCadence>
              </ns3:TPX>
            </Extensions>
            <Cadence>81</Cadence>
          </Trackpoint>
          <Trackpoint>
            <Time>2020-01-06T01:00:30Z</Time>
            <Position>
              <LatitudeDegrees>25.427475</LatitudeDegrees>
              <LongitudeDegrees>111.850496</LongitudeDegrees>
            </Position>
            <AltitudeMeters>38.02</AltitudeMeters>
            <DistanceMeters>10890.0</DistanceMeters>
            <Extensions>
              <ns3:TPX>
                <ns3:RunCadence>81</ns3:RunCadence>
              </ns3:TPX>
            </Extensions>
            <Cadence>81</Cadence>
          </Trackpoint>
          <Trackpoint>
            <Time>2020-01-06T01:00:35Z</Time>
            <Position>
              <LatitudeDegrees>25.427356</LatitudeDegrees>
              <LongitudeDegrees>111.85057</LongitudeDegrees>
            </Position>
            <AltitudeMeters>38.01</AltitudeMeters>
            <DistanceMeters>10905.0</DistanceMeters>
            <Extensions>
              <ns3:TPX>
                <ns3:RunCadence>81</ns3:RunCadence>
              </ns3:TPX>
            </Extensions>
            <Cadence>81</Cadence>
          </Trackpoint>
          <Trackpoint>
            <Time>2020-01-06T01:00:40Z</Time>
            <Position>
              <LatitudeDegrees>25.427238</LatitudeDegrees>
              <LongitudeDegrees>111.850639</LongitudeDegrees>
            </Position>
            <AltitudeMeters>38.01</AltitudeMeters>
            <DistanceMeters>10920.0</DistanceMeters>
            <Extensions>
              <ns3:TPX>
                <ns3:RunCadence>81</ns3:RunCadence>
              </ns3:TPX>
            </Extensions>
            <Cadence>81</Cadence>
          </Trackpoint>
          <Trackpoint>
            <Time>2020-01-06T01:00:45Z</Time>
            <Position>
              <LatitudeDegrees>25.427123</LatitudeDegrees>
              <LongitudeDegrees>111.850717</LongitudeDegrees>
            </Position>
            <AltitudeMeters>38.00</AltitudeMeters>
            <DistanceMeters>10935.0</DistanceMeters>
            <Extensions>
              <ns3:TPX>
                <ns3:RunCadence>81</ns3:RunCadence>
              </ns3:TPX>
            </Extensions>
            <Cadence>81</Cadence>
          </Trackpoint>
          <Trackpoint>
            <Time>2020-01-06T01:00:50Z</Time>
            <Position>
              <LatitudeDegrees>25.427010</LatitudeDegrees>
              <LongitudeDegrees>111.850798</LongitudeDegrees>
            </Position>
            <AltitudeMeters>38.00</AltitudeMeters>
            <DistanceMeters>10950.0</DistanceMeters>
            <Extensions>
              <ns3:TPX>
                <ns3:RunCadence>81</ns3:RunCadence>
              </ns3:TPX>
            </Extensions>
            <Cadence>81</Cadence>
          </Trackpoint>
          <Trackpoint>
            <Time>2020-01-06T01:00:55Z</Time>
            <Position>
              <LatitudeDegrees>25.426899</LatitudeDegrees>
              <LongitudeDegrees>111.850883</LongitudeDegrees>
            </Position>
            <AltitudeMeters>38.00</AltitudeMeters>
            <DistanceMeters>10965.0</DistanceMeters>
            <Extensions>
              <ns3:TPX>
                <ns3:RunCadence>82</ns3:RunCadence>
              </ns3:TPX>
            </Extensions>
            <Cadence>82</Cadence>
          </Trackpoint>
          <Trackpoint>
            <Time>2020-01-06T01:01:00Z</Time>
            <Position>
              <LatitudeDegrees>25.426790</LatitudeDegrees>
              <LongitudeDegrees>111.850972</LongitudeDegrees>
            </Position>
            <AltitudeMeters>38.00</AltitudeMeters>
            <DistanceMeters>10980.0</DistanceMeters>
            <Extensions>
              <ns3:TPX>
                <ns3:RunCadence>82</ns3:RunCadence>
              </ns3:TPX>
            </Extensions>
            <Cadence>82</Cadence>
          </Trackpoint>
          <Trackpoint>
            <Time>2020-01-06T01:01:05Z</Time>
            <Position>
              <LatitudeDegrees>25.426685</LatitudeDegrees>
              <LongitudeDegrees>111.851065</LongitudeDegrees>
            </Position>
            <AltitudeMeters>38.0</AltitudeMeters>
            <DistanceMeters>10995.0</DistanceMeters>
            <Extensions>
              <ns3:TPX>
                <ns3:RunCadence>82</ns3:RunCadence>
              </ns3:TPX>
            </Extensions>
            <Cadence>82</Cadence>
          </Trackpoint>
          <Trackpoint>
            <Time>2020-01-06T01:01:10Z</Time>
            <Position>
              <LatitudeDegrees>25.426581</LatitudeDegrees>
              <LongitudeDegrees>111.8512</LongitudeDegrees>
            </Position>
            <AltitudeMeters>38.01</AltitudeMeters>
            <DistanceMeters>11010.0</DistanceMeters>
            <Extensions>
              <ns3:TPX>
                <ns3:RunCadence>82</ns3:RunCadence>
              </ns3:TPX>
            </Extensions>
            <Cadence>82</Cadence>
          </Trackpoint>
          <Trackpoint>
            <Time>2020-01-06T01:01:15Z</Time>
            <Position>
              <LatitudeDegrees>25.426481</LatitudeDegrees>
              <LongitudeDegrees>111.851260</LongitudeDegrees>
            </Position>
            <AltitudeMeters>38.02</AltitudeMeters>
            <DistanceMeters>11025.0</DistanceMeters>
            <Extensions>
              <ns3:TPX>
                <ns3:RunCadence>82</ns3:RunCadence>
              </ns3:TPX>
            </Extensions>
            <Cadence>82</Cadence>
          </Trackpoint>
          <Trackpoint>
            <Time>2020-01-06T01:01:20Z</Time>
            <Position>
              <LatitudeDegrees>25.426383</LatitudeDegrees>
              <LongitudeDegrees>111.851363</LongitudeDegrees>
            </Position>
            <AltitudeMeters>38.03</AltitudeMeters>
            <DistanceMeters>11040.0</DistanceMeters>
            <Extensions>
              <ns3:TPX>
                <ns3:RunCadence>82</ns3:RunCadence>
              </ns3:TPX>
            </Extensions>
            <Cadence>82</Cadence>
          </Trackpoint>
          <Trackpoint>
            <Time>2020-01-06T01:01:25Z</Time>
            <Position>
              <LatitudeDegrees>25.426289</LatitudeDegrees>
              <LongitudeDegrees>111.851470</LongitudeDegrees>
            </Position>
            <AltitudeMeters>38.04</AltitudeMeters>
            <DistanceMeters>11055.0</DistanceMeters>
            <Extensions>
              <ns3:TPX>
                <ns3:RunCadence>82</ns3:RunCadence>
              </ns3:TPX>
            </Extensions>
            <Cadence>82</Cadence>
          </Trackpoint>
          <Trackpoint>
            <Time>2020-01-06T01:01:30Z</Time>
            <Position>
              <LatitudeDegrees>25.426197</LatitudeDegrees>
              <LongitudeDegrees>111.851579</LongitudeDegrees>
            </Position>
            <AltitudeMeters>38.06</AltitudeMeters>
            <DistanceMeters>11070.0</DistanceMeters>
            <Extensions>
              <ns3:TPX>
                <ns3:RunCadence>82</ns3:RunCadence>
              </ns3:TPX>
            </Extensions>
            <Cadence>82</Cadence>
          </Trackpoint>
          <Trackpoint>
            <Time>2020-01-06T01:01:35Z</Time>
            <Position>
              <LatitudeDegrees>25.42611</LatitudeDegrees>
              <LongitudeDegrees>111.851692</LongitudeDegrees>
            </Position>
            <AltitudeMeters>38.08</AltitudeMeters>
            <DistanceMeters>11085.0</DistanceMeters>
            <Extensions>
              <ns3:TPX>
                <ns3:RunCadence>83</ns3:RunCadence>
              </ns3:TPX>
            </Extensions>
            <Cadence>83</Cadence>
          </Trackpoint>
          <Trackpoint>
            <Time>2020-01-06T01:01:40Z</Time>
            <Position>
              <LatitudeDegrees>25.426023</LatitudeDegrees>
              <LongitudeDegrees>111.851807</LongitudeDegrees>
            </Position>
            <AltitudeMeters>38.09</AltitudeMeters>
            <DistanceMeters>11100.0</DistanceMeters>
            <Extensions>
              <ns3:TPX>
                <ns3:RunCadence>83</ns3:RunCadence>
              </ns3:TPX>
            </Extensions>
            <Cadence>83</Cadence>
          </Trackpoint>
          <Trackpoint>
            <Time>2020-01-06T01:01:45Z</Time>
            <Position>
              <LatitudeDegrees>25.425941</LatitudeDegrees>
              <LongitudeDegrees>111.851926</LongitudeDegrees>
            </Position>
            <AltitudeMeters>38.12</AltitudeMeters>
            <DistanceMeters>11115.0</DistanceMeters>
            <Extensions>
              <ns3:TPX>
                <ns3:RunCadence>83</ns3:RunCadence>
              </ns3:TPX>
            </Extensions>
            <Cadence>83</Cadence>
          </Trackpoint>
          <Trackpoint>
            <Time>2020-01-06T01:01:50Z</Time>
            <Position>
              <LatitudeDegrees>25.42586</LatitudeDegrees>
              <LongitudeDegrees>111.852047</LongitudeDegrees>
            </Position>
            <AltitudeMeters>38.1</AltitudeMeters>
            <DistanceMeters>11130.0</DistanceMeters>
            <Extensions>
              <ns3:TPX>
                <ns3:RunCadence>83</ns3:RunCadence>
              </ns3:TPX>
            </Extensions>
            <Cadence>83</Cadence>
          </Trackpoint>
          <Trackpoint>
            <Time>2020-01-06T01:01:55Z</Time>
            <Position>
              <LatitudeDegrees>25.425786</LatitudeDegrees>
              <LongitudeDegrees>111.852171</LongitudeDegrees>
            </Position>
            <AltitudeMeters>38.16</AltitudeMeters>
            <DistanceMeters>11145.0</DistanceMeters>
            <Extensions>
              <ns3:TPX>
                <ns3:RunCadence>83</ns3:RunCadence>
              </ns3:TPX>
            </Extensions>
            <Cadence>83</Cadence>
          </Trackpoint>
          <Trackpoint>
            <Time>2020-01-06T01:02:00Z</Time>
            <Position>
              <LatitudeDegrees>25.425715</LatitudeDegrees>
              <LongitudeDegrees>111.852297</LongitudeDegrees>
            </Position>
            <AltitudeMeters>38.19</AltitudeMeters>
            <DistanceMeters>11160.0</DistanceMeters>
            <Extensions>
              <ns3:TPX>
                <ns3:RunCadence>83</ns3:RunCadence>
              </ns3:TPX>
            </Extensions>
            <Cadence>83</Cadence>
          </Trackpoint>
          <Trackpoint>
            <Time>2020-01-06T01:02:05Z</Time>
            <Position>
              <LatitudeDegrees>25.425646</LatitudeDegrees>
              <LongitudeDegrees>111.852426</LongitudeDegrees>
            </Position>
            <AltitudeMeters>38.22</AltitudeMeters>
            <DistanceMeters>11175.0</DistanceMeters>
            <Extensions>
              <ns3:TPX>
                <ns3:RunCadence>84</ns3:RunCadence>
              </ns3:TPX>
            </Extensions>
            <Cadence>84</Cadence>
          </Trackpoint>
          <Trackpoint>
            <Time>2020-01-06T01:02:10Z</Time>
            <Position>
              <LatitudeDegrees>25.425582</LatitudeDegrees>
              <LongitudeDegrees>111.852557</LongitudeDegrees>
            </Position>
            <AltitudeMeters>38.25</AltitudeMeters>
            <DistanceMeters>11190.0</DistanceMeters>
            <Extensions>
              <ns3:TPX>
                <ns3:RunCadence>84</ns3:RunCadence>
              </ns3:TPX>
            </Extensions>
            <Cadence>84</Cadence>
          </Trackpoint>
          <Trackpoint>
            <Time>2020-01-06T01:02:15Z</Time>
            <Position>
              <LatitudeDegrees>25.425521</LatitudeDegrees>
              <LongitudeDegrees>111.852691</LongitudeDegrees>
            </Position>
            <AltitudeMeters>38.28</AltitudeMeters>
            <DistanceMeters>11205.0</DistanceMeters>
            <Extensions>
              <ns3:TPX>
                <ns3:RunCadence>84</ns3:RunCadence>
              </ns3:TPX>
            </Extensions>
            <Cadence>84</Cadence>
          </Trackpoint>
          <Trackpoint>
            <Time>2020-01-06T01:02:20Z</Time>
            <Position>
              <LatitudeDegrees>25.42546</LatitudeDegrees>
              <LongitudeDegrees>111.852826</LongitudeDegrees>
            </Position>
            <AltitudeMeters>38.31</AltitudeMeters>
            <DistanceMeters>11220.0</DistanceMeters>
            <Extensions>
              <ns3:TPX>
                <ns3:RunCadence>84</ns3:RunCadence>
              </ns3:TPX>
            </Extensions>
            <Cadence>84</Cadence>
          </Trackpoint>
          <Trackpoint>
            <Time>2020-01-06T01:02:25Z</Time>
            <Position>
              <LatitudeDegrees>25.42541</LatitudeDegrees>
              <LongitudeDegrees>111.852963</LongitudeDegrees>
            </Position>
            <AltitudeMeters>38.35</AltitudeMeters>
            <DistanceMeters>11235.0</DistanceMeters>
            <Extensions>
              <ns3:TPX>
                <ns3:RunCadence>84</ns3:RunCadence>
              </ns3:TPX>
            </Extensions>
            <Cadence>84</Cadence>
          </Trackpoint>
          <Trackpoint>
            <Time>2020-01-06T01:02:30Z</Time>
            <Position>
              <LatitudeDegrees>25.425360</LatitudeDegrees>
              <LongitudeDegrees>111.853102</LongitudeDegrees>
            </Position>
            <AltitudeMeters>38.39</AltitudeMeters>
            <DistanceMeters>11250.0</DistanceMeters>
            <Extensions>
              <ns3:TPX>
                <ns3:RunCadence>84</ns3:RunCadence>
              </ns3:TPX>
            </Extensions>
            <Cadence>84</Cadence>
          </Trackpoint>
          <Trackpoint>
            <Time>2020-01-06T01:02:35Z</Time>
            <Position>
              <LatitudeDegrees>25.425315</LatitudeDegrees>
              <LongitudeDegrees>111.85324</LongitudeDegrees>
            </Position>
            <AltitudeMeters>38.42</AltitudeMeters>
            <DistanceMeters>11265.0</DistanceMeters>
            <Extensions>
              <ns3:TPX>
                <ns3:RunCadence>85</ns3:RunCadence>
              </ns3:TPX>
            </Extensions>
            <Cadence>85</Cadence>
          </Trackpoint>
          <Trackpoint>
            <Time>2020-01-06T01:02:40Z</Time>
            <Position>
              <LatitudeDegrees>25.425273</LatitudeDegrees>
              <LongitudeDegrees>111.853384</LongitudeDegrees>
            </Position>
            <AltitudeMeters>38.47</AltitudeMeters>
            <DistanceMeters>11280.0</DistanceMeters>
            <Extensions>
              <ns3:TPX>
                <ns3:RunCadence>85</ns3:RunCadence>
              </ns3:TPX>
            </Extensions>
            <Cadence>85</Cadence>
          </Trackpoint>
          <Trackpoint>
            <Time>2020-01-06T01:02:45Z</Time>
            <Position>
              <LatitudeDegrees>25.425235</LatitudeDegrees>
              <LongitudeDegrees>111.853528</LongitudeDegrees>
            </Position>
            <AltitudeMeters>38.5</AltitudeMeters>
            <DistanceMeters>11295.0</DistanceMeters>
            <Extensions>
              <ns3:TPX>
                <ns3:RunCadence>85</ns3:RunCadence>
              </ns3:TPX>
            </Extensions>
            <Cadence>85</Cadence>
          </Trackpoint>
          <Trackpoint>
            <Time>2020-01-06T01:02:50Z</Time>
            <Position>
              <LatitudeDegrees>25.425201</LatitudeDegrees>
              <LongitudeDegrees>111.853672</LongitudeDegrees>
            </Position>
            <AltitudeMeters>38.55</AltitudeMeters>
            <DistanceMeters>11310.0</DistanceMeters>
            <Extensions>
              <ns3:TPX>
                <ns3:RunCadence>85</ns3:RunCadence>
              </ns3:TPX>
            </Extensions>
            <Cadence>85</Cadence>
          </Trackpoint>
          <Trackpoint>
            <Time>2020-01-06T01:02:55Z</Time>
            <Position>
              <LatitudeDegrees>25.425172</LatitudeDegrees>
              <LongitudeDegrees>111.853818</LongitudeDegrees>
            </Position>
            <AltitudeMeters>38.60</AltitudeMeters>
            <DistanceMeters>11325.0</DistanceMeters>
            <Extensions>
              <ns3:TPX>
                <ns3:RunCadence>85</ns3:RunCadence>
              </ns3:TPX>
            </Extensions>
            <Cadence>85</Cadence>
          </Trackpoint>
          <Trackpoint>
            <Time>2020-01-06T01:03:00Z</Time>
            <Position>
              <LatitudeDegrees>25.425146</LatitudeDegrees>
              <LongitudeDegrees>111.853965</LongitudeDegrees>
            </Position>
            <AltitudeMeters>38.64</AltitudeMeters>
            <DistanceMeters>11340.0</DistanceMeters>
            <Extensions>
              <ns3:TPX>
                <ns3:RunCadence>85</ns3:RunCadence>
              </ns3:TPX>
            </Extensions>
            <Cadence>85</Cadence>
          </Trackpoint>
          <Trackpoint>
            <Time>2020-01-06T01:03:05Z</Time>
            <Position>
              <LatitudeDegrees>25.425125</LatitudeDegrees>
              <LongitudeDegrees>111.854112</LongitudeDegrees>
            </Position>
            <AltitudeMeters>38.69</AltitudeMeters>
            <DistanceMeters>11355.0</DistanceMeters>
            <Extensions>
              <ns3:TPX>
                <ns3:RunCadence>86</ns3:RunCadence>
              </ns3:TPX>
            </Extensions>
            <Cadence>86</Cadence>
          </Trackpoint>
          <Trackpoint>
            <Time>2020-01-06T01:03:10Z</Time>
            <Position>
              <LatitudeDegrees>25.425107</LatitudeDegrees>
              <LongitudeDegrees>111.854260</LongitudeDegrees>
            </Position>
            <AltitudeMeters>38.74</AltitudeMeters>
            <DistanceMeters>11370.0</DistanceMeters>
            <Extensions>
              <ns3:TPX>
                <ns3:RunCadence>86</ns3:RunCadence>
              </ns3:TPX>
            </Extensions>
            <Cadence>86</Cadence>
          </Trackpoint>
          <Trackpoint>
            <Time>2020-01-06T01:03:15Z</Time>
            <Position>
              <LatitudeDegrees>25.425094</LatitudeDegrees>
              <LongitudeDegrees>111.8544</LongitudeDegrees>
            </Position>
            <AltitudeMeters>38.79</AltitudeMeters>
            <DistanceMeters>11385.0</DistanceMeters>
            <Extensions>
              <ns3:TPX>
                <ns3:RunCadence>86</ns3:RunCadence>
              </ns3:TPX>
            </Extensions>
            <Cadence>86</Cadence>
          </Trackpoint>
          <Trackpoint>
            <Time>2020-01-06T01:03:20Z</Time>
            <Position>
              <LatitudeDegrees>25.425085</LatitudeDegrees>
              <LongitudeDegrees>111.854558</LongitudeDegrees>
            </Position>
            <AltitudeMeters>38.84</AltitudeMeters>
            <DistanceMeters>11400.0</DistanceMeters>
            <Extensions>
              <ns3:TPX>
                <ns3:RunCadence>86</ns3:RunCadence>
              </ns3:TPX>
            </Extensions>
            <Cadence>86</Cadence>
          </Trackpoint>
          <Trackpoint>
            <Time>2020-01-06T01:03:25Z</Time>
            <Position>
              <LatitudeDegrees>25.425080</LatitudeDegrees>
              <LongitudeDegrees>111.854707</LongitudeDegrees>
            </Position>
            <AltitudeMeters>38.90</AltitudeMeters>
            <DistanceMeters>11415.0</DistanceMeters>
            <Extensions>
              <ns3:TPX>
                <ns3:RunCadence>86</ns3:RunCadence>
              </ns3:TPX>
            </Extensions>
            <Cadence>86</Cadence>
          </Trackpoint>
          <Trackpoint>
            <Time>2020-01-06T01:03:30Z</Time>
            <Position>
              <LatitudeDegrees>25.425080</LatitudeDegrees>
              <LongitudeDegrees>111.854857</LongitudeDegrees>
            </Position>
            <AltitudeMeters>38.95</AltitudeMeters>
            <DistanceMeters>11430.0</DistanceMeters>
            <Extensions>
              <ns3:TPX>
                <ns3:RunCadence>86</ns3:RunCadence>
              </ns3:TPX>
            </Extensions>
            <Cadence>86</Cadence>
          </Trackpoint>
          <Trackpoint>
            <Time>2020-01-06T01:03:35Z</Time>
            <Position>
              <LatitudeDegrees>25.42508</LatitudeDegrees>
              <LongitudeDegrees>111.855006</LongitudeDegrees>
            </Position>
            <AltitudeMeters>39.01</AltitudeMeters>
            <DistanceMeters>11445.0</DistanceMeters>
            <Extensions>
              <ns3:TPX>
                <ns3:RunCadence>86</ns3:RunCadence>
              </ns3:TPX>
            </Extensions>
            <Cadence>86</Cadence>
          </Trackpoint>
          <Trackpoint>
            <Time>2020-01-06T01:03:40Z</Time>
            <Position>
              <LatitudeDegrees>25.425091</LatitudeDegrees>
              <LongitudeDegrees>111.855155</LongitudeDegrees>
            </Position>
            <AltitudeMeters>39.06</AltitudeMeters>
            <DistanceMeters>11460.0</DistanceMeters>
            <Extensions>
              <ns3:TPX>
                <ns3:RunCadence>86</ns3:RunCadence>
              </ns3:TPX>
            </Extensions>
            <Cadence>86</Cadence>
          </Trackpoint>
          <Trackpoint>
            <Time>2020-01-06T01:03:45Z</Time>
            <Position>
              <LatitudeDegrees>25.425103</LatitudeDegrees>
              <LongitudeDegrees>111.855304</LongitudeDegrees>
            </Position>
            <AltitudeMeters>39.12</AltitudeMeters>
            <DistanceMeters>11475.0</DistanceMeters>
            <Extensions>
              <ns3:TPX>
                <ns3:RunCadence>87</ns3:RunCadence>
              </ns3:TPX>
            </Extensions>
            <Cadence>87</Cadence>
          </Trackpoint>
          <Trackpoint>
            <Time>2020-01-06T01:03:50Z</Time>
            <Position>
              <LatitudeDegrees>25.425118</LatitudeDegrees>
              <LongitudeDegrees>111.85545</LongitudeDegrees>
            </Position>
            <AltitudeMeters>39.18</AltitudeMeters>
            <DistanceMeters>11490.0</DistanceMeters>
            <Extensions>
              <ns3:TPX>
                <ns3:RunCadence>87</ns3:RunCadence>
              </ns3:TPX>
            </Extensions>
            <Cadence>87</Cadence>
          </Trackpoint>
          <Trackpoint>
            <Time>2020-01-06T01:03:55Z</Time>
            <Position>
              <LatitudeDegrees>25.425139</LatitudeDegrees>
              <LongitudeDegrees>111.85560</LongitudeDegrees>
            </Position>
            <AltitudeMeters>39.24</AltitudeMeters>
            <DistanceMeters>11505.0</DistanceMeters>
            <Extensions>
              <ns3:TPX>
                <ns3:RunCadence>87</ns3:RunCadence>
              </ns3:TPX>
            </Extensions>
            <Cadence>87</Cadence>
          </Trackpoint>
          <Trackpoint>
            <Time>2020-01-06T01:04:00Z</Time>
            <Position>
              <LatitudeDegrees>25.425163</LatitudeDegrees>
              <LongitudeDegrees>111.855747</LongitudeDegrees>
            </Position>
            <AltitudeMeters>39.30</AltitudeMeters>
            <DistanceMeters>11520.0</DistanceMeters>
            <Extensions>
              <ns3:TPX>
                <ns3:RunCadence>87</ns3:RunCadence>
              </ns3:TPX>
            </Extensions>
            <Cadence>87</Cadence>
          </Trackpoint>
          <Trackpoint>
            <Time>2020-01-06T01:04:05Z</Time>
            <Position>
              <LatitudeDegrees>25.425191</LatitudeDegrees>
              <LongitudeDegrees>111.855893</LongitudeDegrees>
            </Position>
            <AltitudeMeters>39.36</AltitudeMeters>
            <DistanceMeters>11535.0</DistanceMeters>
            <Extensions>
              <ns3:TPX>
                <ns3:RunCadence>87</ns3:RunCadence>
              </ns3:TPX>
            </Extensions>
            <Cadence>87</Cadence>
          </Trackpoint>
          <Trackpoint>
            <Time>2020-01-06T01:04:10Z</Time>
            <Position>
              <LatitudeDegrees>25.425223</LatitudeDegrees>
              <LongitudeDegrees>111.856038</LongitudeDegrees>
            </Position>
            <AltitudeMeters>39.42</AltitudeMeters>
            <DistanceMeters>11550.0</DistanceMeters>
            <Extensions>
              <ns3:TPX>
                <ns3:RunCadence>87</ns3:RunCadence>
              </ns3:TPX>
            </Extensions>
            <Cadence>87</Cadence>
          </Trackpoint>
          <Trackpoint>
            <Time>2020-01-06T01:04:15Z</Time>
            <Position>
              <LatitudeDegrees>25.425260</LatitudeDegrees>
              <LongitudeDegrees>111.85618</LongitudeDegrees>
            </Position>
            <AltitudeMeters>39.48</AltitudeMeters>
            <DistanceMeters>11565.0</DistanceMeters>
            <Extensions>
              <ns3:TPX>
                <ns3:RunCadence>87</ns3:RunCadence>
              </ns3:TPX>
            </Extensions>
            <Cadence>87</Cadence>
          </Trackpoint>
          <Trackpoint>
            <Time>2020-01-06T01:04:20Z</Time>
            <Position>
              <LatitudeDegrees>25.425300</LatitudeDegrees>
              <LongitudeDegrees>111.856324</LongitudeDegrees>
            </Position>
            <AltitudeMeters>39.54</AltitudeMeters>
            <DistanceMeters>11580.0</DistanceMeters>
            <Extensions>
              <ns3:TPX>
                <ns3:RunCadence>87</ns3:RunCadence>
              </ns3:TPX>
            </Extensions>
            <Cadence>87</Cadence>
          </Trackpoint>
          <Trackpoint>
            <Time>2020-01-06T01:04:25Z</Time>
            <Position>
              <LatitudeDegrees>25.425345</LatitudeDegrees>
              <LongitudeDegrees>111.856465</LongitudeDegrees>
            </Position>
            <AltitudeMeters>39.61</AltitudeMeters>
            <DistanceMeters>11595.0</DistanceMeters>
            <Extensions>
              <ns3:TPX>
                <ns3:RunCadence>87</ns3:RunCadence>
              </ns3:TPX>
            </Extensions>
            <Cadence>87</Cadence>
          </Trackpoint>
          <Trackpoint>
            <Time>2020-01-06T01:04:30Z</Time>
            <Position>
              <LatitudeDegrees>25.425393</LatitudeDegrees>
              <LongitudeDegrees>111.856605</LongitudeDegrees>
            </Position>
            <AltitudeMeters>39.7</AltitudeMeters>
            <DistanceMeters>11610.0</DistanceMeters>
            <Extensions>
              <ns3:TPX>
                <ns3:RunCadence>87</ns3:RunCadence>
              </ns3:TPX>
            </Extensions>
            <Cadence>87</Cadence>
          </Trackpoint>
          <Trackpoint>
            <Time>2020-01-06T01:04:35Z</Time>
            <Position>
              <LatitudeDegrees>25.425445</LatitudeDegrees>
              <LongitudeDegrees>111.856742</LongitudeDegrees>
            </Position>
            <AltitudeMeters>39.7</AltitudeMeters>
            <DistanceMeters>11625.0</DistanceMeters>
            <Extensions>
              <ns3:TPX>
                <ns3:RunCadence>87</ns3:RunCadence>
              </ns3:TPX>
            </Extensions>
            <Cadence>87</Cadence>
          </Trackpoint>
          <Trackpoint>
            <Time>2020-01-06T01:04:40Z</Time>
            <Position>
              <LatitudeDegrees>25.425501</LatitudeDegrees>
              <LongitudeDegrees>111.856878</LongitudeDegrees>
            </Position>
            <AltitudeMeters>39.8</AltitudeMeters>
            <DistanceMeters>11640.0</DistanceMeters>
            <Extensions>
              <ns3:TPX>
                <ns3:RunCadence>87</ns3:RunCadence>
              </ns3:TPX>
            </Extensions>
            <Cadence>87</Cadence>
          </Trackpoint>
          <Trackpoint>
            <Time>2020-01-06T01:04:45Z</Time>
            <Position>
              <LatitudeDegrees>25.425561</LatitudeDegrees>
              <LongitudeDegrees>111.857012</LongitudeDegrees>
            </Position>
            <AltitudeMeters>39.86</AltitudeMeters>
            <DistanceMeters>11655.0</DistanceMeters>
            <Extensions>
              <ns3:TPX>
                <ns3:RunCadence>87</ns3:RunCadence>
              </ns3:TPX>
            </Extensions>
            <Cadence>87</Cadence>
          </Trackpoint>
          <Trackpoint>
            <Time>2020-01-06T01:04:50Z</Time>
            <Position>
              <LatitudeDegrees>25.425624</LatitudeDegrees>
              <LongitudeDegrees>111.857144</LongitudeDegrees>
            </Position>
            <AltitudeMeters>39.9</AltitudeMeters>
            <DistanceMeters>11670.0</DistanceMeters>
            <Extensions>
              <ns3:TPX>
                <ns3:RunCadence>87</ns3:RunCadence>
              </ns3:TPX>
            </Extensions>
            <Cadence>87</Cadence>
          </Trackpoint>
          <Trackpoint>
            <Time>2020-01-06T01:04:55Z</Time>
            <Position>
              <LatitudeDegrees>25.425691</LatitudeDegrees>
              <LongitudeDegrees>111.857274</LongitudeDegrees>
            </Position>
            <AltitudeMeters>39.99</AltitudeMeters>
            <DistanceMeters>11685.0</DistanceMeters>
            <Extensions>
              <ns3:TPX>
                <ns3:RunCadence>87</ns3:RunCadence>
              </ns3:TPX>
            </Extensions>
            <Cadence>87</Cadence>
          </Trackpoint>
          <Trackpoint>
            <Time>2020-01-06T01:05:00Z</Time>
            <Position>
              <LatitudeDegrees>25.425762</LatitudeDegrees>
              <LongitudeDegrees>111.857401</LongitudeDegrees>
            </Position>
            <AltitudeMeters>40.06</AltitudeMeters>
            <DistanceMeters>11700.0</DistanceMeters>
            <Extensions>
              <ns3:TPX>
                <ns3:RunCadence>87</ns3:RunCadence>
              </ns3:TPX>
            </Extensions>
            <Cadence>87</Cadence>
          </Trackpoint>
          <Trackpoint>
            <Time>2020-01-06T01:05:05Z</Time>
            <Position>
              <LatitudeDegrees>25.425836</LatitudeDegrees>
              <LongitudeDegrees>111.857526</LongitudeDegrees>
            </Position>
            <AltitudeMeters>40.12</AltitudeMeters>
            <DistanceMeters>11715.0</DistanceMeters>
            <Extensions>
              <ns3:TPX>
                <ns3:RunCadence>87</ns3:RunCadence>
              </ns3:TPX>
            </Extensions>
            <Cadence>87</Cadence>
          </Trackpoint>
          <Trackpoint>
            <Time>2020-01-06T01:05:10Z</Time>
            <Position>
              <LatitudeDegrees>25.425914</LatitudeDegrees>
              <LongitudeDegrees>111.857648</LongitudeDegrees>
            </Position>
            <AltitudeMeters>40.19</AltitudeMeters>
            <DistanceMeters>11730.0</DistanceMeters>
            <Extensions>
              <ns3:TPX>
                <ns3:RunCadence>87</ns3:RunCadence>
              </ns3:TPX>
            </Extensions>
            <Cadence>87</Cadence>
          </Trackpoint>
          <Trackpoint>
            <Time>2020-01-06T01:05:15Z</Time>
            <Position>
              <LatitudeDegrees>25.425995</LatitudeDegrees>
              <LongitudeDegrees>111.857767</LongitudeDegrees>
            </Position>
            <AltitudeMeters>40.25</AltitudeMeters>
            <DistanceMeters>11745.0</DistanceMeters>
            <Extensions>
              <ns3:TPX>
                <ns3:RunCadence>87</ns3:RunCadence>
              </ns3:TPX>
            </Extensions>
            <Cadence>87</Cadence>
          </Trackpoint>
          <Trackpoint>
            <Time>2020-01-06T01:05:20Z</Time>
            <Position>
              <LatitudeDegrees>25.42608</LatitudeDegrees>
              <LongitudeDegrees>111.85788</LongitudeDegrees>
            </Position>
            <AltitudeMeters>40.31</AltitudeMeters>
            <DistanceMeters>11760.0</DistanceMeters>
            <Extensions>
              <ns3:TPX>
                <ns3:RunCadence>87</ns3:RunCadence>
              </ns3:TPX>
            </Extensions>
            <Cadence>87</Cadence>
          </Trackpoint>
          <Trackpoint>
            <Time>2020-01-06T01:05:25Z</Time>
            <Position>
              <LatitudeDegrees>25.426167</LatitudeDegrees>
              <LongitudeDegrees>111.857997</LongitudeDegrees>
            </Position>
            <AltitudeMeters>40.38</AltitudeMeters>
            <DistanceMeters>11775.0</DistanceMeters>
            <Extensions>
              <ns3:TPX>
                <ns3:RunCadence>86</ns3:RunCadence>
              </ns3:TPX>
            </Extensions>
            <Cadence>86</Cadence>
          </Trackpoint>
          <Trackpoint>
            <Time>2020-01-06T01:05:30Z</Time>
            <Position>
              <LatitudeDegrees>25.426258</LatitudeDegrees>
              <LongitudeDegrees>111.858108</LongitudeDegrees>
            </Position>
            <AltitudeMeters>40.44</AltitudeMeters>
            <DistanceMeters>11790.0</DistanceMeters>
            <Extensions>
              <ns3:TPX>
                <ns3:RunCadence>86</ns3:RunCadence>
              </ns3:TPX>
            </Extensions>
            <Cadence>86</Cadence>
          </Trackpoint>
          <Trackpoint>
            <Time>2020-01-06T01:05:35Z</Time>
            <Position>
              <LatitudeDegrees>25.426351</LatitudeDegrees>
              <LongitudeDegrees>111.858215</LongitudeDegrees>
            </Position>
            <AltitudeMeters>40.50</AltitudeMeters>
            <DistanceMeters>11805.0</DistanceMeters>
            <Extensions>
              <ns3:TPX>
                <ns3:RunCadence>86</ns3:RunCadence>
              </ns3:TPX>
            </Extensions>
            <Cadence>86</Cadence>
          </Trackpoint>
          <Trackpoint>
            <Time>2020-01-06T01:05:40Z</Time>
            <Position>
              <LatitudeDegrees>25.426448</LatitudeDegrees>
              <LongitudeDegrees>111.85832</LongitudeDegrees>
            </Position>
            <AltitudeMeters>40.57</AltitudeMeters>
            <DistanceMeters>11820.0</DistanceMeters>
            <Extensions>
              <ns3:TPX>
                <ns3:RunCadence>86</ns3:RunCadence>
              </ns3:TPX>
            </Extensions>
            <Cadence>86</Cadence>
          </Trackpoint>
          <Trackpoint>
            <Time>2020-01-06T01:05:45Z</Time>
            <Position>
              <LatitudeDegrees>25.426548</LatitudeDegrees>
              <LongitudeDegrees>111.85842</LongitudeDegrees>
            </Position>
            <AltitudeMeters>40.63</AltitudeMeters>
            <DistanceMeters>11835.0</DistanceMeters>
            <Extensions>
              <ns3:TPX>
                <ns3:RunCadence>86</ns3:RunCadence>
              </ns3:TPX>
            </Extensions>
            <Cadence>86</Cadence>
          </Trackpoint>
          <Trackpoint>
            <Time>2020-01-06T01:05:50Z</Time>
            <Position>
              <LatitudeDegrees>25.426650</LatitudeDegrees>
              <LongitudeDegrees>111.858518</LongitudeDegrees>
            </Position>
            <AltitudeMeters>40.69</AltitudeMeters>
            <DistanceMeters>11850.0</DistanceMeters>
            <Extensions>
              <ns3:TPX>
                <ns3:RunCadence>86</ns3:RunCadence>
              </ns3:TPX>
            </Extensions>
            <Cadence>86</Cadence>
          </Trackpoint>
          <Trackpoint>
            <Time>2020-01-06T01:05:55Z</Time>
            <Position>
              <LatitudeDegrees>25.426755</LatitudeDegrees>
              <LongitudeDegrees>111.858611</LongitudeDegrees>
            </Position>
            <AltitudeMeters>40.7</AltitudeMeters>
            <DistanceMeters>11865.0</DistanceMeters>
            <Extensions>
              <ns3:TPX>
                <ns3:RunCadence>86</ns3:RunCadence>
              </ns3:TPX>
            </Extensions>
            <Cadence>86</Cadence>
          </Trackpoint>
          <Trackpoint>
            <Time>2020-01-06T01:06:00Z</Time>
            <Position>
              <LatitudeDegrees>25.426862</LatitudeDegrees>
              <LongitudeDegrees>111.858702</LongitudeDegrees>
            </Position>
            <AltitudeMeters>40.81</AltitudeMeters>
            <DistanceMeters>11880.0</DistanceMeters>
            <Extensions>
              <ns3:TPX>
                <ns3:RunCadence>86</ns3:RunCadence>
              </ns3:TPX>
            </Extensions>
            <Cadence>86</Cadence>
          </Trackpoint>
          <Trackpoint>
            <Time>2020-01-06T01:06:05Z</Time>
            <Position>
              <LatitudeDegrees>25.426972</LatitudeDegrees>
              <LongitudeDegrees>111.858788</LongitudeDegrees>
            </Position>
            <AltitudeMeters>40.87</AltitudeMeters>
            <DistanceMeters>11895.0</DistanceMeters>
            <Extensions>
              <ns3:TPX>
                <ns3:RunCadence>85</ns3:RunCadence>
              </ns3:TPX>
            </Extensions>
            <Cadence>85</Cadence>
          </Trackpoint>
          <Trackpoint>
            <Time>2020-01-06T01:06:10Z</Time>
            <Position>
              <LatitudeDegrees>25.427085</LatitudeDegrees>
              <LongitudeDegrees>111.858871</LongitudeDegrees>
            </Position>
            <AltitudeMeters>40.9</AltitudeMeters>
            <DistanceMeters>11910.0</DistanceMeters>
            <Extensions>
              <ns3:TPX>
                <ns3:RunCadence>85</ns3:RunCadence>
              </ns3:TPX>
            </Extensions>
            <Cadence>85</Cadence>
          </Trackpoint>
          <Trackpoint>
            <Time>2020-01-06T01:06:15Z</Time>
            <Position>
              <LatitudeDegrees>25.427199</LatitudeDegrees>
              <LongitudeDegrees>111.85895</LongitudeDegrees>
            </Position>
            <AltitudeMeters>40.98</AltitudeMeters>
            <DistanceMeters>11925.0</DistanceMeters>
            <Extensions>
              <ns3:TPX>
                <ns3:RunCadence>85</ns3:RunCadence>
              </ns3:TPX>
            </Extensions>
            <Cadence>85</Cadence>
          </Trackpoint>
          <Trackpoint>
            <Time>2020-01-06T01:06:20Z</Time>
            <Position>
              <LatitudeDegrees>25.427316</LatitudeDegrees>
              <LongitudeDegrees>111.859024</LongitudeDegrees>
            </Position>
            <AltitudeMeters>41.04</AltitudeMeters>
            <DistanceMeters>11940.0</DistanceMeters>
            <Extensions>
              <ns3:TPX>
                <ns3:RunCadence>85</ns3:RunCadence>
              </ns3:TPX>
            </Extensions>
            <Cadence>85</Cadence>
          </Trackpoint>
          <Trackpoint>
            <Time>2020-01-06T01:06:25Z</Time>
            <Position>
              <LatitudeDegrees>25.427435</LatitudeDegrees>
              <LongitudeDegrees>111.859095</LongitudeDegrees>
            </Position>
            <AltitudeMeters>41.09</AltitudeMeters>
            <DistanceMeters>11955.0</DistanceMeters>
            <Extensions>
              <ns3:TPX>
                <ns3:RunCadence>85</ns3:RunCadence>
              </ns3:TPX>
            </Extensions>
            <Cadence>85</Cadence>
          </Trackpoint>
          <Trackpoint>
            <Time>2020-01-06T01:06:30Z</Time>
            <Position>
              <LatitudeDegrees>25.427556</LatitudeDegrees>
              <LongitudeDegrees>111.859161</LongitudeDegrees>
            </Position>
            <AltitudeMeters>41.14</AltitudeMeters>
            <DistanceMeters>11970.0</DistanceMeters>
            <Extensions>
              <ns3:TPX>
                <ns3:RunCadence>85</ns3:RunCadence>
              </ns3:TPX>
            </Extensions>
            <Cadence>85</Cadence>
          </Trackpoint>
          <Trackpoint>
            <Time>2020-01-06T01:06:35Z</Time>
            <Position>
              <LatitudeDegrees>25.427678</LatitudeDegrees>
              <LongitudeDegrees>111.859224</LongitudeDegrees>
            </Position>
            <AltitudeMeters>41.20</AltitudeMeters>
            <DistanceMeters>11985.0</DistanceMeters>
            <Extensions>
              <ns3:TPX>
                <ns3:RunCadence>84</ns3:RunCadence>
              </ns3:TPX>
            </Extensions>
            <Cadence>84</Cadence>
          </Trackpoint>
          <Trackpoint>
            <Time>2020-01-06T01:06:40Z</Time>
            <Position>
              <LatitudeDegrees>25.427802</LatitudeDegrees>
              <LongitudeDegrees>111.859282</LongitudeDegrees>
            </Position>
            <AltitudeMeters>41.25</AltitudeMeters>
            <DistanceMeters>12000.0</DistanceMeters>
            <Extensions>
              <ns3:TPX>
                <ns3:RunCadence>84</ns3:RunCadence>
              </ns3:TPX>
            </Extensions>
            <Cadence>84</Cadence>
          </Trackpoint>
          <Trackpoint>
            <Time>2020-01-06T01:06:45Z</Time>
            <Position>
              <LatitudeDegrees>25.427928</LatitudeDegrees>
              <LongitudeDegrees>111.859336</LongitudeDegrees>
            </Position>
            <AltitudeMeters>41.30</AltitudeMeters>
            <DistanceMeters>12015.0</DistanceMeters>
            <Extensions>
              <ns3:TPX>
                <ns3:RunCadence>84</ns3:RunCadence>
              </ns3:TPX>
            </Extensions>
            <Cadence>84</Cadence>
          </Trackpoint>
          <Trackpoint>
            <Time>2020-01-06T01:06:50Z</Time>
            <Position>
              <LatitudeDegrees>25.428056</LatitudeDegrees>
              <LongitudeDegrees>111.859386</LongitudeDegrees>
            </Position>
            <AltitudeMeters>41.3</AltitudeMeters>
            <DistanceMeters>12030.0</DistanceMeters>
            <Extensions>
              <ns3:TPX>
                <ns3:RunCadence>84</ns3:RunCadence>
              </ns3:TPX>
            </Extensions>
            <Cadence>84</Cadence>
          </Trackpoint>
          <Trackpoint>
            <Time>2020-01-06T01:06:55Z</Time>
            <Position>
              <LatitudeDegrees>25.428184</LatitudeDegrees>
              <LongitudeDegrees>111.859431</LongitudeDegrees>
            </Position>
            <AltitudeMeters>41.39</AltitudeMeters>
            <DistanceMeters>12045.0</DistanceMeters>
            <Extensions>
              <ns3:TPX>
                <ns3:RunCadence>84</ns3:RunCadence>
              </ns3:TPX>
            </Extensions>
            <Cadence>84</Cadence>
          </Trackpoint>
          <Trackpoint>
            <Time>2020-01-06T01:07:00Z</Time>
            <Position>
              <LatitudeDegrees>25.428314</LatitudeDegrees>
              <LongitudeDegrees>111.859472</LongitudeDegrees>
            </Position>
            <AltitudeMeters>41.44</AltitudeMeters>
            <DistanceMeters>12060.0</DistanceMeters>
            <Extensions>
              <ns3:TPX>
                <ns3:RunCadence>83</ns3:RunCadence>
              </ns3:TPX>
            </Extensions>
            <Cadence>83</Cadence>
          </Trackpoint>
          <Trackpoint>
            <Time>2020-01-06T01:07:05Z</Time>
            <Position>
              <LatitudeDegrees>25.428445</LatitudeDegrees>
              <LongitudeDegrees>111.859508</LongitudeDegrees>
            </Position>
            <AltitudeMeters>41.5</AltitudeMeters>
            <DistanceMeters>12075.0</DistanceMeters>
            <Extensions>
              <ns3:TPX>
                <ns3:RunCadence>83</ns3:RunCadence>
              </ns3:TPX>
            </Extensions>
            <Cadence>83</Cadence>
          </Trackpoint>
          <Trackpoint>
            <Time>2020-01-06T01:07:10Z</Time>
            <Position>
              <LatitudeDegrees>25.428576</LatitudeDegrees>
              <LongitudeDegrees>111.859540</LongitudeDegrees>
            </Position>
            <AltitudeMeters>41.53</AltitudeMeters>
            <DistanceMeters>12090.0</DistanceMeters>
            <Extensions>
              <ns3:TPX>
                <ns3:RunCadence>83</ns3:RunCadence>
              </ns3:TPX>
            </Extensions>
            <Cadence>83</Cadence>
          </Trackpoint>
          <Trackpoint>
            <Time>2020-01-06T01:07:15Z</Time>
            <Position>
              <LatitudeDegrees>25.428709</LatitudeDegrees>
              <LongitudeDegrees>111.859567</LongitudeDegrees>
            </Position>
            <AltitudeMeters>41.6</AltitudeMeters>
            <DistanceMeters>12105.0</DistanceMeters>
            <Extensions>
              <ns3:TPX>
                <ns3:RunCadence>83</ns3:RunCadence>
              </ns3:TPX>
            </Extensions>
            <Cadence>83</Cadence>
          </Trackpoint>
          <Trackpoint>
            <Time>2020-01-06T01:07:20Z</Time>
            <Position>
              <LatitudeDegrees>25.428842</LatitudeDegrees>
              <LongitudeDegrees>111.859590</LongitudeDegrees>
            </Position>
            <AltitudeMeters>41.61</AltitudeMeters>
            <DistanceMeters>12120.0</DistanceMeters>
            <Extensions>
              <ns3:TPX>
                <ns3:RunCadence>83</ns3:RunCadence>
              </ns3:TPX>
            </Extensions>
            <Cadence>83</Cadence>
          </Trackpoint>
          <Trackpoint>
            <Time>2020-01-06T01:07:25Z</Time>
            <Position>
              <LatitudeDegrees>25.428976</LatitudeDegrees>
              <LongitudeDegrees>111.859608</LongitudeDegrees>
            </Position>
            <AltitudeMeters>41.64</AltitudeMeters>
            <DistanceMeters>12135.0</DistanceMeters>
            <Extensions>
              <ns3:TPX>
                <ns3:RunCadence>83</ns3:RunCadence>
              </ns3:TPX>
            </Extensions>
            <Cadence>83</Cadence>
          </Trackpoint>
          <Trackpoint>
            <Time>2020-01-06T01:07:30Z</Time>
            <Position>
              <LatitudeDegrees>25.429111</LatitudeDegrees>
              <LongitudeDegrees>111.859622</LongitudeDegrees>
            </Position>
            <AltitudeMeters>41.68</AltitudeMeters>
            <DistanceMeters>12150.0</DistanceMeters>
            <Extensions>
              <ns3:TPX>
                <ns3:RunCadence>83</ns3:RunCadence>
              </ns3:TPX>
            </Extensions>
            <Cadence>83</Cadence>
          </Trackpoint>
          <Trackpoint>
            <Time>2020-01-06T01:07:35Z</Time>
            <Position>
              <LatitudeDegrees>25.429245</LatitudeDegrees>
              <LongitudeDegrees>111.859631</LongitudeDegrees>
            </Position>
            <AltitudeMeters>41.71</AltitudeMeters>
            <DistanceMeters>12165.0</DistanceMeters>
            <Extensions>
              <ns3:TPX>
                <ns3:RunCadence>82</ns3:RunCadence>
              </ns3:TPX>
            </Extensions>
            <Cadence>82</Cadence>
          </Trackpoint>
          <Trackpoint>
            <Time>2020-01-06T01:07:40Z</Time>
            <Position>
              <LatitudeDegrees>25.429380</LatitudeDegrees>
              <LongitudeDegrees>111.859635</LongitudeDegrees>
            </Position>
            <AltitudeMeters>41.75</AltitudeMeters>
            <DistanceMeters>12180.0</DistanceMeters>
            <Extensions>
              <ns3:TPX>
                <ns3:RunCadence>82</ns3:RunCadence>
              </ns3:TPX>
            </Extensions>
            <Cadence>82</Cadence>
          </Trackpoint>
          <Trackpoint>
            <Time>2020-01-06T01:07:45Z</Time>
            <Position>
              <LatitudeDegrees>25.429515</LatitudeDegrees>
              <LongitudeDegrees>111.859635</LongitudeDegrees>
            </Position>
            <AltitudeMeters>41.8</AltitudeMeters>
            <DistanceMeters>12195.0</DistanceMeters>
            <Extensions>
              <ns3:TPX>
                <ns3:RunCadence>82</ns3:RunCadence>
              </ns3:TPX>
            </Extensions>
            <Cadence>82</Cadence>
          </Trackpoint>
          <Trackpoint>
            <Time>2020-01-06T01:07:50Z</Time>
            <Position>
              <LatitudeDegrees>25.429650</LatitudeDegrees>
              <LongitudeDegrees>111.859630</LongitudeDegrees>
            </Position>
            <AltitudeMeters>41.80</AltitudeMeters>
            <DistanceMeters>12210.0</DistanceMeters>
            <Extensions>
              <ns3:TPX>
                <ns3:RunCadence>82</ns3:RunCadence>
              </ns3:TPX>
            </Extensions>
            <Cadence>82</Cadence>
          </Trackpoint>
          <Trackpoint>
            <Time>2020-01-06T01:07:55Z</Time>
            <Position>
              <LatitudeDegrees>25.429784</LatitudeDegrees>
              <LongitudeDegrees>111.859620</LongitudeDegrees>
            </Position>
            <AltitudeMeters>41.83</AltitudeMeters>
            <DistanceMeters>12225.0</DistanceMeters>
            <Extensions>
              <ns3:TPX>
                <ns3:RunCadence>82</ns3:RunCadence>
              </ns3:TPX>
            </Extensions>
            <Cadence>82</Cadence>
          </Trackpoint>
          <Trackpoint>
            <Time>2020-01-06T01:08:00Z</Time>
            <Position>
              <LatitudeDegrees>25.429919</LatitudeDegrees>
              <LongitudeDegrees>111.859606</LongitudeDegrees>
            </Position>
            <AltitudeMeters>41.86</AltitudeMeters>
            <DistanceMeters>12240.0</DistanceMeters>
            <Extensions>
              <ns3:TPX>
                <ns3:RunCadence>82</ns3:RunCadence>
              </ns3:TPX>
            </Extensions>
            <Cadence>82</Cadence>
          </Trackpoint>
          <Trackpoint>
            <Time>2020-01-06T01:08:05Z</Time>
            <Position>
              <LatitudeDegrees>25.430053</LatitudeDegrees>
              <LongitudeDegrees>111.859588</LongitudeDegrees>
            </Position>
            <AltitudeMeters>41.88</AltitudeMeters>
            <DistanceMeters>12255.0</DistanceMeters>
            <Extensions>
              <ns3:TPX>
                <ns3:RunCadence>82</ns3:RunCadence>
              </ns3:TPX>
            </Extensions>
            <Cadence>82</Cadence>
          </Trackpoint>
          <Trackpoint>
            <Time>2020-01-06T01:08:10Z</Time>
            <Position>
              <LatitudeDegrees>25.430186</LatitudeDegrees>
              <LongitudeDegrees>111.859564</LongitudeDegrees>
            </Position>
            <AltitudeMeters>41.90</AltitudeMeters>
            <DistanceMeters>12270.0</DistanceMeters>
            <Extensions>
              <ns3:TPX>
                <ns3:RunCadence>81</ns3:RunCadence>
              </ns3:TPX>
            </Extensions>
            <Cadence>81</Cadence>
          </Trackpoint>
          <Trackpoint>
            <Time>2020-01-06T01:08:15Z</Time>
            <Position>
              <LatitudeDegrees>25.430318</LatitudeDegrees>
              <LongitudeDegrees>111.859537</LongitudeDegrees>
            </Position>
            <AltitudeMeters>41.92</AltitudeMeters>
            <DistanceMeters>12285.0</DistanceMeters>
            <Extensions>
              <ns3:TPX>
                <ns3:RunCadence>81</ns3:RunCadence>
              </ns3:TPX>
            </Extensions>
            <Cadence>81</Cadence>
          </Trackpoint>
          <Trackpoint>
            <Time>2020-01-06T01:08:20Z</Time>
            <Position>
              <LatitudeDegrees>25.430450</LatitudeDegrees>
              <LongitudeDegrees>111.859504</LongitudeDegrees>
            </Position>
            <AltitudeMeters>41.94</AltitudeMeters>
            <DistanceMeters>12300.0</DistanceMeters>
            <Extensions>
              <ns3:TPX>
                <ns3:RunCadence>81</ns3:RunCadence>
              </ns3:TPX>
            </Extensions>
            <Cadence>81</Cadence>
          </Trackpoint>
          <Trackpoint>
            <Time>2020-01-06T01:08:25Z</Time>
            <Position>
              <LatitudeDegrees>25.430581</LatitudeDegrees>
              <LongitudeDegrees>111.85947</LongitudeDegrees>
            </Position>
            <AltitudeMeters>41.95</AltitudeMeters>
            <DistanceMeters>12315.0</DistanceMeters>
            <Extensions>
              <ns3:TPX>
                <ns3:RunCadence>81</ns3:RunCadence>
              </ns3:TPX>
            </Extensions>
            <Cadence>81</Cadence>
          </Trackpoint>
          <Trackpoint>
            <Time>2020-01-06T01:08:30Z</Time>
            <Position>
              <LatitudeDegrees>25.430710</LatitudeDegrees>
              <LongitudeDegrees>111.859426</LongitudeDegrees>
            </Position>
            <AltitudeMeters>42.0</AltitudeMeters>
            <DistanceMeters>12330.0</DistanceMeters>
            <Extensions>
              <ns3:TPX>
                <ns3:RunCadence>81</ns3:RunCadence>
              </ns3:TPX>
            </Extensions>
            <Cadence>81</Cadence>
          </Trackpoint>
          <Trackpoint>
            <Time>2020-01-06T01:08:35Z</Time>
            <Position>
              <LatitudeDegrees>25.43084</LatitudeDegrees>
              <LongitudeDegrees>111.859380</LongitudeDegrees>
            </Position>
            <AltitudeMeters>41.98</AltitudeMeters>
            <DistanceMeters>12345.0</DistanceMeters>
            <Extensions>
              <ns3:TPX>
                <ns3:RunCadence>81</ns3:RunCadence>
              </ns3:TPX>
            </Extensions>
            <Cadence>81</Cadence>
          </Trackpoint>
          <Trackpoint>
            <Time>2020-01-06T01:08:40Z</Time>
            <Position>
              <LatitudeDegrees>25.430966</LatitudeDegrees>
              <LongitudeDegrees>111.8593</LongitudeDegrees>
            </Position>
            <AltitudeMeters>42.0</AltitudeMeters>
            <DistanceMeters>12360.0</DistanceMeters>
            <Extensions>
              <ns3:TPX>
                <ns3:RunCadence>81</ns3:RunCadence>
              </ns3:TPX>
            </Extensions>
            <Cadence>81</Cadence>
          </Trackpoint>
          <Trackpoint>
            <Time>2020-01-06T01:08:45Z</Time>
            <Position>
              <LatitudeDegrees>25.431092</LatitudeDegrees>
              <LongitudeDegrees>111.859276</LongitudeDegrees>
            </Position>
            <AltitudeMeters>41.99</AltitudeMeters>
            <DistanceMeters>12375.0</DistanceMeters>
            <Extensions>
              <ns3:TPX>
                <ns3:RunCadence>81</ns3:RunCadence>
              </ns3:TPX>
            </Extensions>
            <Cadence>81</Cadence>
          </Trackpoint>
          <Trackpoint>
            <Time>2020-01-06T01:08:50Z</Time>
            <Position>
              <LatitudeDegrees>25.43122</LatitudeDegrees>
              <LongitudeDegrees>111.85922</LongitudeDegrees>
            </Position>
            <AltitudeMeters>42.00</AltitudeMeters>
            <DistanceMeters>12390.0</DistanceMeters>
            <Extensions>
              <ns3:TPX>
                <ns3:RunCadence>81</ns3:RunCadence>
              </ns3:TPX>
            </Extensions>
            <Cadence>81</Cadence>
          </Trackpoint>
          <Trackpoint>
            <Time>2020-01-06T01:08:55Z</Time>
            <Position>
              <LatitudeDegrees>25.431338</LatitudeDegrees>
              <LongitudeDegrees>111.859154</LongitudeDegrees>
            </Position>
            <AltitudeMeters>42.00</AltitudeMeters>
            <DistanceMeters>12405.0</DistanceMeters>
            <Extensions>
              <ns3:TPX>
                <ns3:RunCadence>81</ns3:RunCadence>
              </ns3:TPX>
            </Extensions>
            <Cadence>81</Cadence>
          </Trackpoint>
          <Trackpoint>
            <Time>2020-01-06T01:09:00Z</Time>
            <Position>
              <LatitudeDegrees>25.431458</LatitudeDegrees>
              <LongitudeDegrees>111.859087</LongitudeDegrees>
            </Position>
            <AltitudeMeters>42.00</AltitudeMeters>
            <DistanceMeters>12420.0</DistanceMeters>
            <Extensions>
              <ns3:TPX>
                <ns3:RunCadence>81</ns3:RunCadence>
              </ns3:TPX>
            </Extensions>
            <Cadence>81</Cadence>
          </Trackpoint>
          <Trackpoint>
            <Time>2020-01-06T01:09:05Z</Time>
            <Position>
              <LatitudeDegrees>25.431577</LatitudeDegrees>
              <LongitudeDegrees>111.859016</LongitudeDegrees>
            </Position>
            <AltitudeMeters>42.00</AltitudeMeters>
            <DistanceMeters>12435.0</DistanceMeters>
            <Extensions>
              <ns3:TPX>
                <ns3:RunCadence>81</ns3:RunCadence>
              </ns3:TPX>
            </Extensions>
            <Cadence>81</Cadence>
          </Trackpoint>
          <Trackpoint>
            <Time>2020-01-06T01:09:10Z</Time>
            <Position>
              <LatitudeDegrees>25.431694</LatitudeDegrees>
              <LongitudeDegrees>111.858941</LongitudeDegrees>
            </Position>
            <AltitudeMeters>42.00</AltitudeMeters>
            <DistanceMeters>12450.0</DistanceMeters>
            <Extensions>
              <ns3:TPX>
                <ns3:RunCadence>81</ns3:RunCadence>
              </ns3:TPX>
            </Extensions>
            <Cadence>81</Cadence>
          </Trackpoint>
          <Trackpoint>
            <Time>2020-01-06T01:09:15Z</Time>
            <Position>
              <LatitudeDegrees>25.431808</LatitudeDegrees>
              <LongitudeDegrees>111.858862</LongitudeDegrees>
            </Position>
            <AltitudeMeters>41.99</AltitudeMeters>
            <DistanceMeters>12465.0</DistanceMeters>
            <Extensions>
              <ns3:TPX>
                <ns3:RunCadence>81</ns3:RunCadence>
              </ns3:TPX>
            </Extensions>
            <Cadence>81</Cadence>
          </Trackpoint>
          <Trackpoint>
            <Time>2020-01-06T01:09:20Z</Time>
            <Position>
              <LatitudeDegrees>25.431920</LatitudeDegrees>
              <LongitudeDegrees>111.858779</LongitudeDegrees>
            </Position>
            <AltitudeMeters>41.98</AltitudeMeters>
            <DistanceMeters>12480.0</DistanceMeters>
            <Extensions>
              <ns3:TPX>
                <ns3:RunCadence>81</ns3:RunCadence>
              </ns3:TPX>
            </Extensions>
            <Cadence>81</Cadence>
          </Trackpoint>
          <Trackpoint>
            <Time>2020-01-06T01:09:25Z</Time>
            <Position>
              <LatitudeDegrees>25.432030</LatitudeDegrees>
              <LongitudeDegrees>111.858692</LongitudeDegrees>
            </Position>
            <AltitudeMeters>41.97</AltitudeMeters>
            <DistanceMeters>12495.0</DistanceMeters>
            <Extensions>
              <ns3:TPX>
                <ns3:RunCadence>81</ns3:RunCadence>
              </ns3:TPX>
            </Extensions>
            <Cadence>81</Cadence>
          </Trackpoint>
          <Trackpoint>
            <Time>2020-01-06T01:09:30Z</Time>
            <Position>
              <LatitudeDegrees>25.432137</LatitudeDegrees>
              <LongitudeDegrees>111.858601</LongitudeDegrees>
            </Position>
            <AltitudeMeters>41.96</AltitudeMeters>
            <DistanceMeters>12510.0</DistanceMeters>
            <Extensions>
              <ns3:TPX>
                <ns3:RunCadence>81</ns3:RunCadence>
              </ns3:TPX>
            </Extensions>
            <Cadence>81</Cadence>
          </Trackpoint>
          <Trackpoint>
            <Time>2020-01-06T01:09:35Z</Time>
            <Position>
              <LatitudeDegrees>25.432242</LatitudeDegrees>
              <LongitudeDegrees>111.858507</LongitudeDegrees>
            </Position>
            <AltitudeMeters>41.95</AltitudeMeters>
            <DistanceMeters>12525.0</DistanceMeters>
            <Extensions>
              <ns3:TPX>
                <ns3:RunCadence>81</ns3:RunCadence>
              </ns3:TPX>
            </Extensions>
            <Cadence>81</Cadence>
          </Trackpoint>
          <Trackpoint>
            <Time>2020-01-06T01:09:40Z</Time>
            <Position>
              <LatitudeDegrees>25.432344</LatitudeDegrees>
              <LongitudeDegrees>111.858409</LongitudeDegrees>
            </Position>
            <AltitudeMeters>41.9</AltitudeMeters>
            <DistanceMeters>12540.0</DistanceMeters>
            <Extensions>
              <ns3:TPX>
                <ns3:RunCadence>81</ns3:RunCadence>
              </ns3:TPX>
            </Extensions>
            <Cadence>81</Cadence>
          </Trackpoint>
          <Trackpoint>
            <Time>2020-01-06T01:09:45Z</Time>
            <Position>
              <LatitudeDegrees>25.432443</LatitudeDegrees>
              <LongitudeDegrees>111.858308</LongitudeDegrees>
            </Position>
            <AltitudeMeters>41.91</AltitudeMeters>
            <DistanceMeters>12555.0</DistanceMeters>
            <Extensions>
              <ns3:TPX>
                <ns3:RunCadence>81</ns3:RunCadence>
              </ns3:TPX>
            </Extensions>
            <Cadence>81</Cadence>
          </Trackpoint>
          <Trackpoint>
            <Time>2020-01-06T01:09:50Z</Time>
            <Position>
              <LatitudeDegrees>25.432539</LatitudeDegrees>
              <LongitudeDegrees>111.858204</LongitudeDegrees>
            </Position>
            <AltitudeMeters>41.9</AltitudeMeters>
            <DistanceMeters>12570.0</DistanceMeters>
            <Extensions>
              <ns3:TPX>
                <ns3:RunCadence>82</ns3:RunCadence>
              </ns3:TPX>
            </Extensions>
            <Cadence>82</Cadence>
          </Trackpoint>
          <Trackpoint>
            <Time>2020-01-06T01:09:55Z</Time>
            <Position>
              <LatitudeDegrees>25.432633</LatitudeDegrees>
              <LongitudeDegrees>111.858096</LongitudeDegrees>
            </Position>
            <AltitudeMeters>41.87</AltitudeMeters>
            <DistanceMeters>12585.0</DistanceMeters>
            <Extensions>
              <ns3:TPX>
                <ns3:RunCadence>82</ns3:RunCadence>
              </ns3:TPX>
            </Extensions>
            <Cadence>82</Cadence>
          </Trackpoint>
          <Trackpoint>
            <Time>2020-01-06T01:10:00Z</Time>
            <Position>
              <LatitudeDegrees>25.432723</LatitudeDegrees>
              <LongitudeDegrees>111.857985</LongitudeDegrees>
            </Position>
            <AltitudeMeters>41.85</AltitudeMeters>
            <DistanceMeters>12600.0</DistanceMeters>
            <Extensions>
              <ns3:TPX>
                <ns3:RunCadence>82</ns3:RunCadence>
              </ns3:TPX>
            </Extensions>
            <Cadence>82</Cadence>
          </Trackpoint>
          <Trackpoint>
            <Time>2020-01-06T01:10:05Z</Time>
            <Position>
              <LatitudeDegrees>25.432810</LatitudeDegrees>
              <LongitudeDegrees>111.857871</LongitudeDegrees>
            </Position>
            <AltitudeMeters>41.82</AltitudeMeters>
            <DistanceMeters>12615.0</DistanceMeters>
            <Extensions>
              <ns3:TPX>
                <ns3:RunCadence>82</ns3:RunCadence>
              </ns3:TPX>
            </Extensions>
            <Cadence>82</Cadence>
          </Trackpoint>
          <Trackpoint>
            <Time>2020-01-06T01:10:10Z</Time>
            <Position>
              <LatitudeDegrees>25.432894</LatitudeDegrees>
              <LongitudeDegrees>111.85775</LongitudeDegrees>
            </Position>
            <AltitudeMeters>41.79</AltitudeMeters>
            <DistanceMeters>12630.0</DistanceMeters>
            <Extensions>
              <ns3:TPX>
                <ns3:RunCadence>82</ns3:RunCadence>
              </ns3:TPX>
            </Extensions>
            <Cadence>82</Cadence>
          </Trackpoint>
          <Trackpoint>
            <Time>2020-01-06T01:10:15Z</Time>
            <Position>
              <LatitudeDegrees>25.432975</LatitudeDegrees>
              <LongitudeDegrees>111.857634</LongitudeDegrees>
            </Position>
            <AltitudeMeters>41.76</AltitudeMeters>
            <DistanceMeters>12645.0</DistanceMeters>
            <Extensions>
              <ns3:TPX>
                <ns3:RunCadence>82</ns3:RunCadence>
              </ns3:TPX>
            </Extensions>
            <Cadence>82</Cadence>
          </Trackpoint>
          <Trackpoint>
            <Time>2020-01-06T01:10:20Z</Time>
            <Position>
              <LatitudeDegrees>25.4331</LatitudeDegrees>
              <LongitudeDegrees>111.857512</LongitudeDegrees>
            </Position>
            <AltitudeMeters>41.73</AltitudeMeters>
            <DistanceMeters>12660.0</DistanceMeters>
            <Extensions>
              <ns3:TPX>
                <ns3:RunCadence>82</ns3:RunCadence>
              </ns3:TPX>
            </Extensions>
            <Cadence>82</Cadence>
          </Trackpoint>
          <Trackpoint>
            <Time>2020-01-06T01:10:25Z</Time>
            <Position>
              <LatitudeDegrees>25.433126</LatitudeDegrees>
              <LongitudeDegrees>111.857387</LongitudeDegrees>
            </Position>
            <AltitudeMeters>41.70</AltitudeMeters>
            <DistanceMeters>12675.0</DistanceMeters>
            <Extensions>
              <ns3:TPX>
                <ns3:RunCadence>82</ns3:RunCadence>
              </ns3:TPX>
            </Extensions>
            <Cadence>82</Cadence>
          </Trackpoint>
          <Trackpoint>
            <Time>2020-01-06T01:10:30Z</Time>
            <Position>
              <LatitudeDegrees>25.433196</LatitudeDegrees>
              <LongitudeDegrees>111.857260</LongitudeDegrees>
            </Position>
            <AltitudeMeters>41.67</AltitudeMeters>
            <DistanceMeters>12690.0</DistanceMeters>
            <Extensions>
              <ns3:TPX>
                <ns3:RunCadence>83</ns3:RunCadence>
              </ns3:TPX>
            </Extensions>
            <Cadence>83</Cadence>
          </Trackpoint>
          <Trackpoint>
            <Time>2020-01-06T01:10:35Z</Time>
            <Position>
              <LatitudeDegrees>25.43326</LatitudeDegrees>
              <LongitudeDegrees>111.8571</LongitudeDegrees>
            </Position>
            <AltitudeMeters>41.6</AltitudeMeters>
            <DistanceMeters>12705.0</DistanceMeters>
            <Extensions>
              <ns3:TPX>
                <ns3:RunCadence>83</ns3:RunCadence>
              </ns3:TPX>
            </Extensions>
            <Cadence>83</Cadence>
          </Trackpoint>
          <Trackpoint>
            <Time>2020-01-06T01:10:40Z</Time>
            <Position>
              <LatitudeDegrees>25.433326</LatitudeDegrees>
              <LongitudeDegrees>111.856998</LongitudeDegrees>
            </Position>
            <AltitudeMeters>41.59</AltitudeMeters>
            <DistanceMeters>12720.0</DistanceMeters>
            <Extensions>
              <ns3:TPX>
                <ns3:RunCadence>83</ns3:RunCadence>
              </ns3:TPX>
            </Extensions>
            <Cadence>83</Cadence>
          </Trackpoint>
          <Trackpoint>
            <Time>2020-01-06T01:10:45Z</Time>
            <Position>
              <LatitudeDegrees>25.433386</LatitudeDegrees>
              <LongitudeDegrees>111.856864</LongitudeDegrees>
            </Position>
            <AltitudeMeters>41.6</AltitudeMeters>
            <DistanceMeters>12735.0</DistanceMeters>
            <Extensions>
              <ns3:TPX>
                <ns3:RunCadence>83</ns3:RunCadence>
              </ns3:TPX>
            </Extensions>
            <Cadence>83</Cadence>
          </Trackpoint>
          <Trackpoint>
            <Time>2020-01-06T01:10:50Z</Time>
            <Position>
              <LatitudeDegrees>25.433441</LatitudeDegrees>
              <LongitudeDegrees>111.856727</LongitudeDegrees>
            </Position>
            <AltitudeMeters>41.51</AltitudeMeters>
            <DistanceMeters>12750.0</DistanceMeters>
            <Extensions>
              <ns3:TPX>
                <ns3:RunCadence>83</ns3:RunCadence>
              </ns3:TPX>
            </Extensions>
            <Cadence>83</Cadence>
          </Trackpoint>
          <Trackpoint>
            <Time>2020-01-06T01:10:55Z</Time>
            <Position>
              <LatitudeDegrees>25.433493</LatitudeDegrees>
              <LongitudeDegrees>111.856589</LongitudeDegrees>
            </Position>
            <AltitudeMeters>41.5</AltitudeMeters>
            <DistanceMeters>12765.0</DistanceMeters>
            <Extensions>
              <ns3:TPX>
                <ns3:RunCadence>83</ns3:RunCadence>
              </ns3:TPX>
            </Extensions>
            <Cadence>83</Cadence>
          </Trackpoint>
          <Trackpoint>
            <Time>2020-01-06T01:11:00Z</Time>
            <Position>
              <LatitudeDegrees>25.433541</LatitudeDegrees>
              <LongitudeDegrees>111.856450</LongitudeDegrees>
            </Position>
            <AltitudeMeters>41.42</AltitudeMeters>
            <DistanceMeters>12780.0</DistanceMeters>
            <Extensions>
              <ns3:TPX>
                <ns3:RunCadence>84</ns3:RunCadence>
              </ns3:TPX>
            </Extensions>
            <Cadence>84</Cadence>
          </Trackpoint>
          <Trackpoint>
            <Time>2020-01-06T01:11:05Z</Time>
            <Position>
              <LatitudeDegrees>25.433585</LatitudeDegrees>
              <LongitudeDegrees>111.856309</LongitudeDegrees>
            </Position>
            <AltitudeMeters>41.38</AltitudeMeters>
            <DistanceMeters>12795.0</DistanceMeters>
            <Extensions>
              <ns3:TPX>
                <ns3:RunCadence>84</ns3:RunCadence>
              </ns3:TPX>
            </Extensions>
            <Cadence>84</Cadence>
          </Trackpoint>
          <Trackpoint>
            <Time>2020-01-06T01:11:10Z</Time>
            <Position>
              <LatitudeDegrees>25.433625</LatitudeDegrees>
              <LongitudeDegrees>111.8562</LongitudeDegrees>
            </Position>
            <AltitudeMeters>41.3</AltitudeMeters>
            <DistanceMeters>12810.0</DistanceMeters>
            <Extensions>
              <ns3:TPX>
                <ns3:RunCadence>84</ns3:RunCadence>
              </ns3:TPX>
            </Extensions>
            <Cadence>84</Cadence>
          </Trackpoint>
          <Trackpoint>
            <Time>2020-01-06T01:11:15Z</Time>
            <Position>
              <LatitudeDegrees>25.433661</LatitudeDegrees>
              <LongitudeDegrees>111.856022</LongitudeDegrees>
            </Position>
            <AltitudeMeters>41.28</AltitudeMeters>
            <DistanceMeters>12825.0</DistanceMeters>
            <Extensions>
              <ns3:TPX>
                <ns3:RunCadence>84</ns3:RunCadence>
              </ns3:TPX>
            </Extensions>
            <Cadence>84</Cadence>
          </Trackpoint>
          <Trackpoint>
            <Time>2020-01-06T01:11:20Z</Time>
            <Position>
              <LatitudeDegrees>25.433692</LatitudeDegrees>
              <LongitudeDegrees>111.85588</LongitudeDegrees>
            </Position>
            <AltitudeMeters>41.23</AltitudeMeters>
            <DistanceMeters>12840.0</DistanceMeters>
            <Extensions>
              <ns3:TPX>
                <ns3:RunCadence>84</ns3:RunCadence>
              </ns3:TPX>
            </Extensions>
            <Cadence>84</Cadence>
          </Trackpoint>
          <Trackpoint>
            <Time>2020-01-06T01:11:25Z</Time>
            <Position>
              <LatitudeDegrees>25.433720</LatitudeDegrees>
              <LongitudeDegrees>111.855731</LongitudeDegrees>
            </Position>
            <AltitudeMeters>41.18</AltitudeMeters>
            <DistanceMeters>12855.0</DistanceMeters>
            <Extensions>
              <ns3:TPX>
                <ns3:RunCadence>84</ns3:RunCadence>
              </ns3:TPX>
            </Extensions>
            <Cadence>84</Cadence>
          </Trackpoint>
          <Trackpoint>
            <Time>2020-01-06T01:11:30Z</Time>
            <Position>
              <LatitudeDegrees>25.433744</LatitudeDegrees>
              <LongitudeDegrees>111.855584</LongitudeDegrees>
            </Position>
            <AltitudeMeters>41.12</AltitudeMeters>
            <DistanceMeters>12870.0</DistanceMeters>
            <Extensions>
              <ns3:TPX>
                <ns3:RunCadence>85</ns3:RunCadence>
              </ns3:TPX>
            </Extensions>
            <Cadence>85</Cadence>
          </Trackpoint>
          <Trackpoint>
            <Time>2020-01-06T01:11:35Z</Time>
            <Position>
              <LatitudeDegrees>25.433764</LatitudeDegrees>
              <LongitudeDegrees>111.8554</LongitudeDegrees>
            </Position>
            <AltitudeMeters>41.07</AltitudeMeters>
            <DistanceMeters>12885.0</DistanceMeters>
            <Extensions>
              <ns3:TPX>
                <ns3:RunCadence>85</ns3:RunCadence>
              </ns3:TPX>
            </Extensions>
            <Cadence>85</Cadence>
          </Trackpoint>
          <Trackpoint>
            <Time>2020-01-06T01:11:40Z</Time>
            <Position>
              <LatitudeDegrees>25.433779</LatitudeDegrees>
              <LongitudeDegrees>111.855288</LongitudeDegrees>
            </Position>
            <AltitudeMeters>41.02</AltitudeMeters>
            <DistanceMeters>12900.0</DistanceMeters>
            <Extensions>
              <ns3:TPX>
                <ns3:RunCadence>85</ns3:RunCadence>
              </ns3:TPX>
            </Extensions>
            <Cadence>85</Cadence>
          </Trackpoint>
          <Trackpoint>
            <Time>2020-01-06T01:11:45Z</Time>
            <Position>
              <LatitudeDegrees>25.433791</LatitudeDegrees>
              <LongitudeDegrees>111.855139</LongitudeDegrees>
            </Position>
            <AltitudeMeters>40.96</AltitudeMeters>
            <DistanceMeters>12915.0</DistanceMeters>
            <Extensions>
              <ns3:TPX>
                <ns3:RunCadence>85</ns3:RunCadence>
              </ns3:TPX>
            </Extensions>
            <Cadence>85</Cadence>
          </Trackpoint>
          <Trackpoint>
            <Time>2020-01-06T01:11:50Z</Time>
            <Position>
              <LatitudeDegrees>25.433798</LatitudeDegrees>
              <LongitudeDegrees>111.854990</LongitudeDegrees>
            </Position>
            <AltitudeMeters>40.90</AltitudeMeters>
            <DistanceMeters>12930.0</DistanceMeters>
            <Extensions>
              <ns3:TPX>
                <ns3:RunCadence>85</ns3:RunCadence>
              </ns3:TPX>
            </Extensions>
            <Cadence>85</Cadence>
          </Trackpoint>
          <Trackpoint>
            <Time>2020-01-06T01:11:55Z</Time>
            <Position>
              <LatitudeDegrees>25.433801</LatitudeDegrees>
              <LongitudeDegrees>111.854840</LongitudeDegrees>
            </Position>
            <AltitudeMeters>40.84</AltitudeMeters>
            <DistanceMeters>12945.0</DistanceMeters>
            <Extensions>
              <ns3:TPX>
                <ns3:RunCadence>85</ns3:RunCadence>
              </ns3:TPX>
            </Extensions>
            <Cadence>85</Cadence>
          </Trackpoint>
          <Trackpoint>
            <Time>2020-01-06T01:12:00Z</Time>
            <Position>
              <LatitudeDegrees>25.433800</LatitudeDegrees>
              <LongitudeDegrees>111.8547</LongitudeDegrees>
            </Position>
            <AltitudeMeters>40.79</AltitudeMeters>
            <DistanceMeters>12960.0</DistanceMeters>
            <Extensions>
              <ns3:TPX>
                <ns3:RunCadence>86</ns3:RunCadence>
              </ns3:TPX>
            </Extensions>
            <Cadence>86</Cadence>
          </Trackpoint>
          <Trackpoint>
            <Time>2020-01-06T01:12:05Z</Time>
            <Position>
              <LatitudeDegrees>25.433794</LatitudeDegrees>
              <LongitudeDegrees>111.854542</LongitudeDegrees>
            </Position>
            <AltitudeMeters>40.73</AltitudeMeters>
            <DistanceMeters>12975.0</DistanceMeters>
            <Extensions>
              <ns3:TPX>
                <ns3:RunCadence>86</ns3:RunCadence>
              </ns3:TPX>
            </Extensions>
            <Cadence>86</Cadence>
          </Trackpoint>
          <Trackpoint>
            <Time>2020-01-06T01:12:10Z</Time>
            <Position>
              <LatitudeDegrees>25.433785</LatitudeDegrees>
              <LongitudeDegrees>111.854393</LongitudeDegrees>
            </Position>
            <AltitudeMeters>40.66</AltitudeMeters>
            <DistanceMeters>12990.0</DistanceMeters>
            <Extensions>
              <ns3:TPX>
                <ns3:RunCadence>86</ns3:RunCadence>
              </ns3:TPX>
            </Extensions>
            <Cadence>86</Cadence>
          </Trackpoint>
          <Trackpoint>
            <Time>2020-01-06T01:12:15Z</Time>
            <Position>
              <LatitudeDegrees>25.433771</LatitudeDegrees>
              <LongitudeDegrees>111.854244</LongitudeDegrees>
            </Position>
            <AltitudeMeters>40.60</AltitudeMeters>
            <DistanceMeters>13005.0</DistanceMeters>
            <Extensions>
              <ns3:TPX>
                <ns3:RunCadence>86</ns3:RunCadence>
              </ns3:TPX>
            </Extensions>
            <Cadence>86</Cadence>
          </Trackpoint>
          <Trackpoint>
            <Time>2020-01-06T01:12:20Z</Time>
            <Position>
              <LatitudeDegrees>25.433753</LatitudeDegrees>
              <LongitudeDegrees>111.854096</LongitudeDegrees>
            </Position>
            <AltitudeMeters>40.54</AltitudeMeters>
            <DistanceMeters>13020.0</DistanceMeters>
            <Extensions>
              <ns3:TPX>
                <ns3:RunCadence>86</ns3:RunCadence>
              </ns3:TPX>
            </Extensions>
            <Cadence>86</Cadence>
          </Trackpoint>
          <Trackpoint>
            <Time>2020-01-06T01:12:25Z</Time>
            <Position>
              <LatitudeDegrees>25.43373</LatitudeDegrees>
              <LongitudeDegrees>111.853949</LongitudeDegrees>
            </Position>
            <AltitudeMeters>40.48</AltitudeMeters>
            <DistanceMeters>13035.0</DistanceMeters>
            <Extensions>
              <ns3:TPX>
                <ns3:RunCadence>86</ns3:RunCadence>
              </ns3:TPX>
            </Extensions>
            <Cadence>86</Cadence>
          </Trackpoint>
          <Trackpoint>
            <Time>2020-01-06T01:12:30Z</Time>
            <Position>
              <LatitudeDegrees>25.433705</LatitudeDegrees>
              <LongitudeDegrees>111.853802</LongitudeDegrees>
            </Position>
            <AltitudeMeters>40.42</AltitudeMeters>
            <DistanceMeters>13050.0</DistanceMeters>
            <Extensions>
              <ns3:TPX>
                <ns3:RunCadence>86</ns3:RunCadence>
              </ns3:TPX>
            </Extensions>
            <Cadence>86</Cadence>
          </Trackpoint>
          <Trackpoint>
            <Time>2020-01-06T01:12:35Z</Time>
            <Position>
              <LatitudeDegrees>25.433675</LatitudeDegrees>
              <LongitudeDegrees>111.853656</LongitudeDegrees>
            </Position>
            <AltitudeMeters>40.35</AltitudeMeters>
            <DistanceMeters>13065.0</DistanceMeters>
            <Extensions>
              <ns3:TPX>
                <ns3:RunCadence>86</ns3:RunCadence>
              </ns3:TPX>
            </Extensions>
            <Cadence>86</Cadence>
          </Trackpoint>
          <Trackpoint>
            <Time>2020-01-06T01:12:40Z</Time>
            <Position>
              <LatitudeDegrees>25.433641</LatitudeDegrees>
              <LongitudeDegrees>111.853512</LongitudeDegrees>
            </Position>
            <AltitudeMeters>40.3</AltitudeMeters>
            <DistanceMeters>13080.0</DistanceMeters>
            <Extensions>
              <ns3:TPX>
                <ns3:RunCadence>87</ns3:RunCadence>
              </ns3:TPX>
            </Extensions>
            <Cadence>87</Cadence>
          </Trackpoint>
          <Trackpoint>
            <Time>2020-01-06T01:12:45Z</Time>
            <Position>
              <LatitudeDegrees>25.433603</LatitudeDegrees>
              <LongitudeDegrees>111.853369</LongitudeDegrees>
            </Position>
            <AltitudeMeters>40.2</AltitudeMeters>
            <DistanceMeters>13095.0</DistanceMeters>
            <Extensions>
              <ns3:TPX>
                <ns3:RunCadence>87</ns3:RunCadence>
              </ns3:TPX>
            </Extensions>
            <Cadence>87</Cadence>
          </Trackpoint>
          <Trackpoint>
            <Time>2020-01-06T01:12:50Z</Time>
            <Position>
              <LatitudeDegrees>25.433561</LatitudeDegrees>
              <LongitudeDegrees>111.853227</LongitudeDegrees>
            </Position>
            <AltitudeMeters>40.16</AltitudeMeters>
            <DistanceMeters>13110.0</DistanceMeters>
            <Extensions>
              <ns3:TPX>
                <ns3:RunCadence>87</ns3:RunCadence>
              </ns3:TPX>
            </Extensions>
            <Cadence>87</Cadence>
          </Trackpoint>
          <Trackpoint>
            <Time>2020-01-06T01:12:55Z</Time>
            <Position>
              <LatitudeDegrees>25.4335</LatitudeDegrees>
              <LongitudeDegrees>111.853086</LongitudeDegrees>
            </Position>
            <AltitudeMeters>40.1</AltitudeMeters>
            <DistanceMeters>13125.0</DistanceMeters>
            <Extensions>
              <ns3:TPX>
                <ns3:RunCadence>87</ns3:RunCadence>
              </ns3:TPX>
            </Extensions>
            <Cadence>87</Cadence>
          </Trackpoint>
          <Trackpoint>
            <Time>2020-01-06T01:13:00Z</Time>
            <Position>
              <LatitudeDegrees>25.433465</LatitudeDegrees>
              <LongitudeDegrees>111.852948</LongitudeDegrees>
            </Position>
            <AltitudeMeters>40.03</AltitudeMeters>
            <DistanceMeters>13140.0</DistanceMeters>
            <Extensions>
              <ns3:TPX>
                <ns3:RunCadence>87</ns3:RunCadence>
              </ns3:TPX>
            </Extensions>
            <Cadence>87</Cadence>
          </Trackpoint>
          <Trackpoint>
            <Time>2020-01-06T01:13:05Z</Time>
            <Position>
              <LatitudeDegrees>25.433411</LatitudeDegrees>
              <LongitudeDegrees>111.852811</LongitudeDegrees>
            </Position>
            <AltitudeMeters>39.97</AltitudeMeters>
            <DistanceMeters>13155.0</DistanceMeters>
            <Extensions>
              <ns3:TPX>
                <ns3:RunCadence>87</ns3:RunCadence>
              </ns3:TPX>
            </Extensions>
            <Cadence>87</Cadence>
          </Trackpoint>
          <Trackpoint>
            <Time>2020-01-06T01:13:10Z</Time>
            <Position>
              <LatitudeDegrees>25.433353</LatitudeDegrees>
              <LongitudeDegrees>111.852676</LongitudeDegrees>
            </Position>
            <AltitudeMeters>39.90</AltitudeMeters>
            <DistanceMeters>13170.0</DistanceMeters>
            <Extensions>
              <ns3:TPX>
                <ns3:RunCadence>87</ns3:RunCadence>
              </ns3:TPX>
            </Extensions>
            <Cadence>87</Cadence>
          </Trackpoint>
          <Trackpoint>
            <Time>2020-01-06T01:13:15Z</Time>
            <Position>
              <LatitudeDegrees>25.433292</LatitudeDegrees>
              <LongitudeDegrees>111.852543</LongitudeDegrees>
            </Position>
            <AltitudeMeters>39.84</AltitudeMeters>
            <DistanceMeters>13185.0</DistanceMeters>
            <Extensions>
              <ns3:TPX>
                <ns3:RunCadence>87</ns3:RunCadence>
              </ns3:TPX>
            </Extensions>
            <Cadence>87</Cadence>
          </Trackpoint>
          <Trackpoint>
            <Time>2020-01-06T01:13:20Z</Time>
            <Position>
              <LatitudeDegrees>25.433227</LatitudeDegrees>
              <LongitudeDegrees>111.852412</LongitudeDegrees>
            </Position>
            <AltitudeMeters>39.77</AltitudeMeters>
            <DistanceMeters>13200.0</DistanceMeters>
            <Extensions>
              <ns3:TPX>
                <ns3:RunCadence>87</ns3:RunCadence>
              </ns3:TPX>
            </Extensions>
            <Cadence>87</Cadence>
          </Trackpoint>
          <Trackpoint>
            <Time>2020-01-06T01:13:25Z</Time>
            <Position>
              <LatitudeDegrees>25.433158</LatitudeDegrees>
              <LongitudeDegrees>111.852283</LongitudeDegrees>
            </Position>
            <AltitudeMeters>39.7</AltitudeMeters>
            <DistanceMeters>13215.0</DistanceMeters>
            <Extensions>
              <ns3:TPX>
                <ns3:RunCadence>87</ns3:RunCadence>
              </ns3:TPX>
            </Extensions>
            <Cadence>87</Cadence>
          </Trackpoint>
          <Trackpoint>
            <Time>2020-01-06T01:13:30Z</Time>
            <Position>
              <LatitudeDegrees>25.433086</LatitudeDegrees>
              <LongitudeDegrees>111.852157</LongitudeDegrees>
            </Position>
            <AltitudeMeters>39.65</AltitudeMeters>
            <DistanceMeters>13230.0</DistanceMeters>
            <Extensions>
              <ns3:TPX>
                <ns3:RunCadence>87</ns3:RunCadence>
              </ns3:TPX>
            </Extensions>
            <Cadence>87</Cadence>
          </Trackpoint>
          <Trackpoint>
            <Time>2020-01-06T01:13:35Z</Time>
            <Position>
              <LatitudeDegrees>25.433010</LatitudeDegrees>
              <LongitudeDegrees>111.852034</LongitudeDegrees>
            </Position>
            <AltitudeMeters>39.58</AltitudeMeters>
            <DistanceMeters>13245.0</DistanceMeters>
            <Extensions>
              <ns3:TPX>
                <ns3:RunCadence>87</ns3:RunCadence>
              </ns3:TPX>
            </Extensions>
            <Cadence>87</Cadence>
          </Trackpoint>
          <Trackpoint>
            <Time>2020-01-06T01:13:40Z</Time>
            <Position>
              <LatitudeDegrees>25.432931</LatitudeDegrees>
              <LongitudeDegrees>111.851913</LongitudeDegrees>
            </Position>
            <AltitudeMeters>39.52</AltitudeMeters>
            <DistanceMeters>13260.0</DistanceMeters>
            <Extensions>
              <ns3:TPX>
                <ns3:RunCadence>87</ns3:RunCadence>
              </ns3:TPX>
            </Extensions>
            <Cadence>87</Cadence>
          </Trackpoint>
          <Trackpoint>
            <Time>2020-01-06T01:13:45Z</Time>
            <Position>
              <LatitudeDegrees>25.432848</LatitudeDegrees>
              <LongitudeDegrees>111.851795</LongitudeDegrees>
            </Position>
            <AltitudeMeters>39.46</AltitudeMeters>
            <DistanceMeters>13275.0</DistanceMeters>
            <Extensions>
              <ns3:TPX>
                <ns3:RunCadence>87</ns3:RunCadence>
              </ns3:TPX>
            </Extensions>
            <Cadence>87</Cadence>
          </Trackpoint>
          <Trackpoint>
            <Time>2020-01-06T01:13:50Z</Time>
            <Position>
              <LatitudeDegrees>25.432762</LatitudeDegrees>
              <LongitudeDegrees>111.851679</LongitudeDegrees>
            </Position>
            <AltitudeMeters>39.40</AltitudeMeters>
            <DistanceMeters>13290.0</DistanceMeters>
            <Extensions>
              <ns3:TPX>
                <ns3:RunCadence>87</ns3:RunCadence>
              </ns3:TPX>
            </Extensions>
            <Cadence>87</Cadence>
          </Trackpoint>
          <Trackpoint>
            <Time>2020-01-06T01:13:55Z</Time>
            <Position>
              <LatitudeDegrees>25.432673</LatitudeDegrees>
              <LongitudeDegrees>111.851567</LongitudeDegrees>
            </Position>
            <AltitudeMeters>39.34</AltitudeMeters>
            <DistanceMeters>13305.0</DistanceMeters>
            <Extensions>
              <ns3:TPX>
                <ns3:RunCadence>87</ns3:RunCadence>
              </ns3:TPX>
            </Extensions>
            <Cadence>87</Cadence>
          </Trackpoint>
          <Trackpoint>
            <Time>2020-01-06T01:14:00Z</Time>
            <Position>
              <LatitudeDegrees>25.432581</LatitudeDegrees>
              <LongitudeDegrees>111.851458</LongitudeDegrees>
            </Position>
            <AltitudeMeters>39.3</AltitudeMeters>
            <DistanceMeters>13320.0</DistanceMeters>
            <Extensions>
              <ns3:TPX>
                <ns3:RunCadence>87</ns3:RunCadence>
              </ns3:TPX>
            </Extensions>
            <Cadence>87</Cadence>
          </Trackpoint>
          <Trackpoint>
            <Time>2020-01-06T01:14:05Z</Time>
            <Position>
              <LatitudeDegrees>25.432486</LatitudeDegrees>
              <LongitudeDegrees>111.851352</LongitudeDegrees>
            </Position>
            <AltitudeMeters>39.22</AltitudeMeters>
            <DistanceMeters>13335.0</DistanceMeters>
            <Extensions>
              <ns3:TPX>
                <ns3:RunCadence>87</ns3:RunCadence>
              </ns3:TPX>
            </Extensions>
            <Cadence>87</Cadence>
          </Trackpoint>
          <Trackpoint>
            <Time>2020-01-06T01:14:10Z</Time>
            <Position>
              <LatitudeDegrees>25.43239</LatitudeDegrees>
              <LongitudeDegrees>111.851249</LongitudeDegrees>
            </Position>
            <AltitudeMeters>39.16</AltitudeMeters>
            <DistanceMeters>13350.0</DistanceMeters>
            <Extensions>
              <ns3:TPX>
                <ns3:RunCadence>87</ns3:RunCadence>
              </ns3:TPX>
            </Extensions>
            <Cadence>87</Cadence>
          </Trackpoint>
          <Trackpoint>
            <Time>2020-01-06T01:14:15Z</Time>
            <Position>
              <LatitudeDegrees>25.432288</LatitudeDegrees>
              <LongitudeDegrees>111.851150</LongitudeDegrees>
            </Position>
            <AltitudeMeters>39.10</AltitudeMeters>
            <DistanceMeters>13365.0</DistanceMeters>
            <Extensions>
              <ns3:TPX>
                <ns3:RunCadence>87</ns3:RunCadence>
              </ns3:TPX>
            </Extensions>
            <Cadence>87</Cadence>
          </Trackpoint>
          <Trackpoint>
            <Time>2020-01-06T01:14:20Z</Time>
            <Position>
              <LatitudeDegrees>25.432184</LatitudeDegrees>
              <LongitudeDegrees>111.851054</LongitudeDegrees>
            </Position>
            <AltitudeMeters>39.04</AltitudeMeters>
            <DistanceMeters>13380.0</DistanceMeters>
            <Extensions>
              <ns3:TPX>
                <ns3:RunCadence>86</ns3:RunCadence>
              </ns3:TPX>
            </Extensions>
            <Cadence>86</Cadence>
          </Trackpoint>
          <Trackpoint>
            <Time>2020-01-06T01:14:25Z</Time>
            <Position>
              <LatitudeDegrees>25.432078</LatitudeDegrees>
              <LongitudeDegrees>111.850962</LongitudeDegrees>
            </Position>
            <AltitudeMeters>38.99</AltitudeMeters>
            <DistanceMeters>13395.0</DistanceMeters>
            <Extensions>
              <ns3:TPX>
                <ns3:RunCadence>86</ns3:RunCadence>
              </ns3:TPX>
            </Extensions>
            <Cadence>86</Cadence>
          </Trackpoint>
          <Trackpoint>
            <Time>2020-01-06T01:14:30Z</Time>
            <Position>
              <LatitudeDegrees>25.431969</LatitudeDegrees>
              <LongitudeDegrees>111.850873</LongitudeDegrees>
            </Position>
            <AltitudeMeters>38.93</AltitudeMeters>
            <DistanceMeters>13410.0</DistanceMeters>
            <Extensions>
              <ns3:TPX>
                <ns3:RunCadence>86</ns3:RunCadence>
              </ns3:TPX>
            </Extensions>
            <Cadence>86</Cadence>
          </Trackpoint>
          <Trackpoint>
            <Time>2020-01-06T01:14:35Z</Time>
            <Position>
              <LatitudeDegrees>25.431858</LatitudeDegrees>
              <LongitudeDegrees>111.850789</LongitudeDegrees>
            </Position>
            <AltitudeMeters>38.88</AltitudeMeters>
            <DistanceMeters>13425.0</DistanceMeters>
            <Extensions>
              <ns3:TPX>
                <ns3:RunCadence>86</ns3:RunCadence>
              </ns3:TPX>
            </Extensions>
            <Cadence>86</Cadence>
          </Trackpoint>
          <Trackpoint>
            <Time>2020-01-06T01:14:40Z</Time>
            <Position>
              <LatitudeDegrees>25.431745</LatitudeDegrees>
              <LongitudeDegrees>111.8507</LongitudeDegrees>
            </Position>
            <AltitudeMeters>38.82</AltitudeMeters>
            <DistanceMeters>13440.0</DistanceMeters>
            <Extensions>
              <ns3:TPX>
                <ns3:RunCadence>86</ns3:RunCadence>
              </ns3:TPX>
            </Extensions>
            <Cadence>86</Cadence>
          </Trackpoint>
          <Trackpoint>
            <Time>2020-01-06T01:14:45Z</Time>
            <Position>
              <LatitudeDegrees>25.431629</LatitudeDegrees>
              <LongitudeDegrees>111.850631</LongitudeDegrees>
            </Position>
            <AltitudeMeters>38.77</AltitudeMeters>
            <DistanceMeters>13455.0</DistanceMeters>
            <Extensions>
              <ns3:TPX>
                <ns3:RunCadence>86</ns3:RunCadence>
              </ns3:TPX>
            </Extensions>
            <Cadence>86</Cadence>
          </Trackpoint>
          <Trackpoint>
            <Time>2020-01-06T01:14:50Z</Time>
            <Position>
              <LatitudeDegrees>25.431511</LatitudeDegrees>
              <LongitudeDegrees>111.850558</LongitudeDegrees>
            </Position>
            <AltitudeMeters>38.7</AltitudeMeters>
            <DistanceMeters>13470.0</DistanceMeters>
            <Extensions>
              <ns3:TPX>
                <ns3:RunCadence>86</ns3:RunCadence>
              </ns3:TPX>
            </Extensions>
            <Cadence>86</Cadence>
          </Trackpoint>
          <Trackpoint>
            <Time>2020-01-06T01:14:55Z</Time>
            <Position>
              <LatitudeDegrees>25.431392</LatitudeDegrees>
              <LongitudeDegrees>111.850489</LongitudeDegrees>
            </Position>
            <AltitudeMeters>38.67</AltitudeMeters>
            <DistanceMeters>13485.0</DistanceMeters>
            <Extensions>
              <ns3:TPX>
                <ns3:RunCadence>86</ns3:RunCadence>
              </ns3:TPX>
            </Extensions>
            <Cadence>86</Cadence>
          </Trackpoint>
          <Trackpoint>
            <Time>2020-01-06T01:15:00Z</Time>
            <Position>
              <LatitudeDegrees>25.431270</LatitudeDegrees>
              <LongitudeDegrees>111.850424</LongitudeDegrees>
            </Position>
            <AltitudeMeters>38.63</AltitudeMeters>
            <DistanceMeters>13500.0</DistanceMeters>
            <Extensions>
              <ns3:TPX>
                <ns3:RunCadence>85</ns3:RunCadence>
              </ns3:TPX>
            </Extensions>
            <Cadence>85</Cadence>
          </Trackpoint>
          <Trackpoint>
            <Time>2020-01-06T01:15:05Z</Time>
            <Position>
              <LatitudeDegrees>25.431147</LatitudeDegrees>
              <LongitudeDegrees>111.850364</LongitudeDegrees>
            </Position>
            <AltitudeMeters>38.58</AltitudeMeters>
            <DistanceMeters>13515.0</DistanceMeters>
            <Extensions>
              <ns3:TPX>
                <ns3:RunCadence>85</ns3:RunCadence>
              </ns3:TPX>
            </Extensions>
            <Cadence>85</Cadence>
          </Trackpoint>
          <Trackpoint>
            <Time>2020-01-06T01:15:10Z</Time>
            <Position>
              <LatitudeDegrees>25.431022</LatitudeDegrees>
              <LongitudeDegrees>111.85031</LongitudeDegrees>
            </Position>
            <AltitudeMeters>38.53</AltitudeMeters>
            <DistanceMeters>13530.0</DistanceMeters>
            <Extensions>
              <ns3:TPX>
                <ns3:RunCadence>85</ns3:RunCadence>
              </ns3:TPX>
            </Extensions>
            <Cadence>85</Cadence>
          </Trackpoint>
          <Trackpoint>
            <Time>2020-01-06T01:15:15Z</Time>
            <Position>
              <LatitudeDegrees>25.430896</LatitudeDegrees>
              <LongitudeDegrees>111.850255</LongitudeDegrees>
            </Position>
            <AltitudeMeters>38.49</AltitudeMeters>
            <DistanceMeters>13545.0</DistanceMeters>
            <Extensions>
              <ns3:TPX>
                <ns3:RunCadence>85</ns3:RunCadence>
              </ns3:TPX>
            </Extensions>
            <Cadence>85</Cadence>
          </Trackpoint>
          <Trackpoint>
            <Time>2020-01-06T01:15:20Z</Time>
            <Position>
              <LatitudeDegrees>25.430768</LatitudeDegrees>
              <LongitudeDegrees>111.850208</LongitudeDegrees>
            </Position>
            <AltitudeMeters>38.4</AltitudeMeters>
            <DistanceMeters>13560.0</DistanceMeters>
            <Extensions>
              <ns3:TPX>
                <ns3:RunCadence>85</ns3:RunCadence>
              </ns3:TPX>
            </Extensions>
            <Cadence>85</Cadence>
          </Trackpoint>
          <Trackpoint>
            <Time>2020-01-06T01:15:25Z</Time>
            <Position>
              <LatitudeDegrees>25.430639</LatitudeDegrees>
              <LongitudeDegrees>111.850164</LongitudeDegrees>
            </Position>
            <AltitudeMeters>38.41</AltitudeMeters>
            <DistanceMeters>13575.0</DistanceMeters>
            <Extensions>
              <ns3:TPX>
                <ns3:RunCadence>85</ns3:RunCadence>
              </ns3:TPX>
            </Extensions>
            <Cadence>85</Cadence>
          </Trackpoint>
          <Trackpoint>
            <Time>2020-01-06T01:15:30Z</Time>
            <Position>
              <LatitudeDegrees>25.430508</LatitudeDegrees>
              <LongitudeDegrees>111.850126</LongitudeDegrees>
            </Position>
            <AltitudeMeters>38.37</AltitudeMeters>
            <DistanceMeters>13590.0</DistanceMeters>
            <Extensions>
              <ns3:TPX>
                <ns3:RunCadence>84</ns3:RunCadence>
              </ns3:TPX>
            </Extensions>
            <Cadence>84</Cadence>
          </Trackpoint>
          <Trackpoint>
            <Time>2020-01-06T01:15:35Z</Time>
            <Position>
              <LatitudeDegrees>25.430377</LatitudeDegrees>
              <LongitudeDegrees>111.85009</LongitudeDegrees>
            </Position>
            <AltitudeMeters>38.3</AltitudeMeters>
            <DistanceMeters>13605.0</DistanceMeters>
            <Extensions>
              <ns3:TPX>
                <ns3:RunCadence>84</ns3:RunCadence>
              </ns3:TPX>
            </Extensions>
            <Cadence>84</Cadence>
          </Trackpoint>
          <Trackpoint>
            <Time>2020-01-06T01:15:40Z</Time>
            <Position>
              <LatitudeDegrees>25.43024</LatitudeDegrees>
              <LongitudeDegrees>111.850061</LongitudeDegrees>
            </Position>
            <AltitudeMeters>38.30</AltitudeMeters>
            <DistanceMeters>13620.0</DistanceMeters>
            <Extensions>
              <ns3:TPX>
                <ns3:RunCadence>84</ns3:RunCadence>
              </ns3:TPX>
            </Extensions>
            <Cadence>84</Cadence>
          </Trackpoint>
          <Trackpoint>
            <Time>2020-01-06T01:15:45Z</Time>
            <Position>
              <LatitudeDegrees>25.430112</LatitudeDegrees>
              <LongitudeDegrees>111.850036</LongitudeDegrees>
            </Position>
            <AltitudeMeters>38.3</AltitudeMeters>
            <DistanceMeters>13635.0</DistanceMeters>
            <Extensions>
              <ns3:TPX>
                <ns3:RunCadence>84</ns3:RunCadence>
              </ns3:TPX>
            </Extensions>
            <Cadence>84</Cadence>
          </Trackpoint>
          <Trackpoint>
            <Time>2020-01-06T01:15:50Z</Time>
            <Position>
              <LatitudeDegrees>25.429978</LatitudeDegrees>
              <LongitudeDegrees>111.850015</LongitudeDegrees>
            </Position>
            <AltitudeMeters>38.24</AltitudeMeters>
            <DistanceMeters>13650.0</DistanceMeters>
            <Extensions>
              <ns3:TPX>
                <ns3:RunCadence>84</ns3:RunCadence>
              </ns3:TPX>
            </Extensions>
            <Cadence>84</Cadence>
          </Trackpoint>
          <Trackpoint>
            <Time>2020-01-06T01:15:55Z</Time>
            <Position>
              <LatitudeDegrees>25.42984</LatitudeDegrees>
              <LongitudeDegrees>111.8500</LongitudeDegrees>
            </Position>
            <AltitudeMeters>38.21</AltitudeMeters>
            <DistanceMeters>13665.0</DistanceMeters>
            <Extensions>
              <ns3:TPX>
                <ns3:RunCadence>83</ns3:RunCadence>
              </ns3:TPX>
            </Extensions>
            <Cadence>83</Cadence>
          </Trackpoint>
          <Trackpoint>
            <Time>2020-01-06T01:16:00Z</Time>
            <Position>
              <LatitudeDegrees>25.429710</LatitudeDegrees>
              <LongitudeDegrees>111.849988</LongitudeDegrees>
            </Position>
            <AltitudeMeters>38.18</AltitudeMeters>
            <DistanceMeters>13680.0</DistanceMeters>
            <Extensions>
              <ns3:TPX>
                <ns3:RunCadence>83</ns3:RunCadence>
              </ns3:TPX>
            </Extensions>
            <Cadence>83</Cadence>
          </Trackpoint>
          <Trackpoint>
            <Time>2020-01-06T01:16:05Z</Time>
            <Position>
              <LatitudeDegrees>25.429575</LatitudeDegrees>
              <LongitudeDegrees>111.849981</LongitudeDegrees>
            </Position>
            <AltitudeMeters>38.15</AltitudeMeters>
            <DistanceMeters>13695.0</DistanceMeters>
            <Extensions>
              <ns3:TPX>
                <ns3:RunCadence>83</ns3:RunCadence>
              </ns3:TPX>
            </Extensions>
            <Cadence>83</Cadence>
          </Trackpoint>
          <Trackpoint>
            <Time>2020-01-06T01:16:10Z</Time>
            <Position>
              <LatitudeDegrees>25.429440</LatitudeDegrees>
              <LongitudeDegrees>111.849978</LongitudeDegrees>
            </Position>
            <AltitudeMeters>38.1</AltitudeMeters>
            <DistanceMeters>13710.0</DistanceMeters>
            <Extensions>
              <ns3:TPX>
                <ns3:RunCadence>83</ns3:RunCadence>
              </ns3:TPX>
            </Extensions>
            <Cadence>83</Cadence>
          </Trackpoint>
          <Trackpoint>
            <Time>2020-01-06T01:16:15Z</Time>
            <Position>
              <LatitudeDegrees>25.429305</LatitudeDegrees>
              <LongitudeDegrees>111.849981</LongitudeDegrees>
            </Position>
            <AltitudeMeters>38.11</AltitudeMeters>
            <DistanceMeters>13725.0</DistanceMeters>
            <Extensions>
              <ns3:TPX>
                <ns3:RunCadence>83</ns3:RunCadence>
              </ns3:TPX>
            </Extensions>
            <Cadence>83</Cadence>
          </Trackpoint>
          <Trackpoint>
            <Time>2020-01-06T01:16:20Z</Time>
            <Position>
              <LatitudeDegrees>25.429171</LatitudeDegrees>
              <LongitudeDegrees>111.849988</LongitudeDegrees>
            </Position>
            <AltitudeMeters>38.09</AltitudeMeters>
            <DistanceMeters>13740.0</DistanceMeters>
            <Extensions>
              <ns3:TPX>
                <ns3:RunCadence>83</ns3:RunCadence>
              </ns3:TPX>
            </Extensions>
            <Cadence>83</Cadence>
          </Trackpoint>
          <Trackpoint>
            <Time>2020-01-06T01:16:25Z</Time>
            <Position>
              <LatitudeDegrees>25.429036</LatitudeDegrees>
              <LongitudeDegrees>111.849999</LongitudeDegrees>
            </Position>
            <AltitudeMeters>38.1</AltitudeMeters>
            <DistanceMeters>13755.0</DistanceMeters>
            <Extensions>
              <ns3:TPX>
                <ns3:RunCadence>82</ns3:RunCadence>
              </ns3:TPX>
            </Extensions>
            <Cadence>82</Cadence>
          </Trackpoint>
          <Trackpoint>
            <Time>2020-01-06T01:16:30Z</Time>
            <Position>
              <LatitudeDegrees>25.428902</LatitudeDegrees>
              <LongitudeDegrees>111.850015</LongitudeDegrees>
            </Position>
            <AltitudeMeters>38.05</AltitudeMeters>
            <DistanceMeters>13770.0</DistanceMeters>
            <Extensions>
              <ns3:TPX>
                <ns3:RunCadence>82</ns3:RunCadence>
              </ns3:TPX>
            </Extensions>
            <Cadence>82</Cadence>
          </Trackpoint>
          <Trackpoint>
            <Time>2020-01-06T01:16:35Z</Time>
            <Position>
              <LatitudeDegrees>25.428768</LatitudeDegrees>
              <LongitudeDegrees>111.850036</LongitudeDegrees>
            </Position>
            <AltitudeMeters>38.04</AltitudeMeters>
            <DistanceMeters>13785.0</DistanceMeters>
            <Extensions>
              <ns3:TPX>
                <ns3:RunCadence>82</ns3:RunCadence>
              </ns3:TPX>
            </Extensions>
            <Cadence>82</Cadence>
          </Trackpoint>
          <Trackpoint>
            <Time>2020-01-06T01:16:40Z</Time>
            <Position>
              <LatitudeDegrees>25.428635</LatitudeDegrees>
              <LongitudeDegrees>111.850061</LongitudeDegrees>
            </Position>
            <AltitudeMeters>38.03</AltitudeMeters>
            <DistanceMeters>13800.0</DistanceMeters>
            <Extensions>
              <ns3:TPX>
                <ns3:RunCadence>82</ns3:RunCadence>
              </ns3:TPX>
            </Extensions>
            <Cadence>82</Cadence>
          </Trackpoint>
          <Trackpoint>
            <Time>2020-01-06T01:16:45Z</Time>
            <Position>
              <LatitudeDegrees>25.428503</LatitudeDegrees>
              <LongitudeDegrees>111.850091</LongitudeDegrees>
            </Position>
            <AltitudeMeters>38.02</AltitudeMeters>
            <DistanceMeters>13815.0</DistanceMeters>
            <Extensions>
              <ns3:TPX>
                <ns3:RunCadence>82</ns3:RunCadence>
              </ns3:TPX>
            </Extensions>
            <Cadence>82</Cadence>
          </Trackpoint>
          <Trackpoint>
            <Time>2020-01-06T01:16:50Z</Time>
            <Position>
              <LatitudeDegrees>25.428372</LatitudeDegrees>
              <LongitudeDegrees>111.85013</LongitudeDegrees>
            </Position>
            <AltitudeMeters>38.01</AltitudeMeters>
            <DistanceMeters>13830.0</DistanceMeters>
            <Extensions>
              <ns3:TPX>
                <ns3:RunCadence>82</ns3:RunCadence>
              </ns3:TPX>
            </Extensions>
            <Cadence>82</Cadence>
          </Trackpoint>
          <Trackpoint>
            <Time>2020-01-06T01:16:55Z</Time>
            <Position>
              <LatitudeDegrees>25.42824</LatitudeDegrees>
              <LongitudeDegrees>111.850164</LongitudeDegrees>
            </Position>
            <AltitudeMeters>38.01</AltitudeMeters>
            <DistanceMeters>13845.0</DistanceMeters>
            <Extensions>
              <ns3:TPX>
                <ns3:RunCadence>82</ns3:RunCadence>
              </ns3:TPX>
            </Extensions>
            <Cadence>82</Cadence>
          </Trackpoint>
          <Trackpoint>
            <Time>2020-01-06T01:17:00Z</Time>
            <Position>
              <LatitudeDegrees>25.428113</LatitudeDegrees>
              <LongitudeDegrees>111.850208</LongitudeDegrees>
            </Position>
            <AltitudeMeters>38.0</AltitudeMeters>
            <DistanceMeters>13860.0</DistanceMeters>
            <Extensions>
              <ns3:TPX>
                <ns3:RunCadence>82</ns3:RunCadence>
              </ns3:TPX>
            </Extensions>
            <Cadence>82</Cadence>
          </Trackpoint>
          <Trackpoint>
            <Time>2020-01-06T01:17:05Z</Time>
            <Position>
              <LatitudeDegrees>25.427985</LatitudeDegrees>
              <LongitudeDegrees>111.850255</LongitudeDegrees>
            </Position>
            <AltitudeMeters>38.00</AltitudeMeters>
            <DistanceMeters>13875.0</DistanceMeters>
            <Extensions>
              <ns3:TPX>
                <ns3:RunCadence>81</ns3:RunCadence>
              </ns3:TPX>
            </Extensions>
            <Cadence>81</Cadence>
          </Trackpoint>
          <Trackpoint>
            <Time>2020-01-06T01:17:10Z</Time>
            <Position>
              <LatitudeDegrees>25.42786</LatitudeDegrees>
              <LongitudeDegrees>111.850307</LongitudeDegrees>
            </Position>
            <AltitudeMeters>38.00</AltitudeMeters>
            <DistanceMeters>13890.0</DistanceMeters>
            <Extensions>
              <ns3:TPX>
                <ns3:RunCadence>81</ns3:RunCadence>
              </ns3:TPX>
            </Extensions>
            <Cadence>81</Cadence>
          </Trackpoint>
          <Trackpoint>
            <Time>2020-01-06T01:17:15Z</Time>
            <Position>
              <LatitudeDegrees>25.427733</LatitudeDegrees>
              <LongitudeDegrees>111.850364</LongitudeDegrees>
            </Position>
            <AltitudeMeters>38.00</AltitudeMeters>
            <DistanceMeters>13905.0</DistanceMeters>
            <Extensions>
              <ns3:TPX>
                <ns3:RunCadence>81</ns3:RunCadence>
              </ns3:TPX>
            </Extensions>
            <Cadence>81</Cadence>
          </Trackpoint>
          <Trackpoint>
            <Time>2020-01-06T01:17:20Z</Time>
            <Position>
              <LatitudeDegrees>25.427610</LatitudeDegrees>
              <LongitudeDegrees>111.850424</LongitudeDegrees>
            </Position>
            <AltitudeMeters>38.01</AltitudeMeters>
            <DistanceMeters>13920.0</DistanceMeters>
            <Extensions>
              <ns3:TPX>
                <ns3:RunCadence>81</ns3:RunCadence>
              </ns3:TPX>
            </Extensions>
            <Cadence>81</Cadence>
          </Trackpoint>
          <Trackpoint>
            <Time>2020-01-06T01:17:25Z</Time>
            <Position>
              <LatitudeDegrees>25.42749</LatitudeDegrees>
              <LongitudeDegrees>111.850489</LongitudeDegrees>
            </Position>
            <AltitudeMeters>38.02</AltitudeMeters>
            <DistanceMeters>13935.0</DistanceMeters>
            <Extensions>
              <ns3:TPX>
                <ns3:RunCadence>81</ns3:RunCadence>
              </ns3:TPX>
            </Extensions>
            <Cadence>81</Cadence>
          </Trackpoint>
          <Trackpoint>
            <Time>2020-01-06T01:17:30Z</Time>
            <Position>
              <LatitudeDegrees>25.427369</LatitudeDegrees>
              <LongitudeDegrees>111.85056</LongitudeDegrees>
            </Position>
            <AltitudeMeters>38.02</AltitudeMeters>
            <DistanceMeters>13950.0</DistanceMeters>
            <Extensions>
              <ns3:TPX>
                <ns3:RunCadence>81</ns3:RunCadence>
              </ns3:TPX>
            </Extensions>
            <Cadence>81</Cadence>
          </Trackpoint>
          <Trackpoint>
            <Time>2020-01-06T01:17:35Z</Time>
            <Position>
              <LatitudeDegrees>25.427251</LatitudeDegrees>
              <LongitudeDegrees>111.850631</LongitudeDegrees>
            </Position>
            <AltitudeMeters>38.03</AltitudeMeters>
            <DistanceMeters>13965.0</DistanceMeters>
            <Extensions>
              <ns3:TPX>
                <ns3:RunCadence>81</ns3:RunCadence>
              </ns3:TPX>
            </Extensions>
            <Cadence>81</Cadence>
          </Trackpoint>
          <Trackpoint>
            <Time>2020-01-06T01:17:40Z</Time>
            <Position>
              <LatitudeDegrees>25.42714</LatitudeDegrees>
              <LongitudeDegrees>111.850708</LongitudeDegrees>
            </Position>
            <AltitudeMeters>38.05</AltitudeMeters>
            <DistanceMeters>13980.0</DistanceMeters>
            <Extensions>
              <ns3:TPX>
                <ns3:RunCadence>81</ns3:RunCadence>
              </ns3:TPX>
            </Extensions>
            <Cadence>81</Cadence>
          </Trackpoint>
          <Trackpoint>
            <Time>2020-01-06T01:17:45Z</Time>
            <Position>
              <LatitudeDegrees>25.427022</LatitudeDegrees>
              <LongitudeDegrees>111.850789</LongitudeDegrees>
            </Position>
            <AltitudeMeters>38.06</AltitudeMeters>
            <DistanceMeters>13995.0</DistanceMeters>
            <Extensions>
              <ns3:TPX>
                <ns3:RunCadence>81</ns3:RunCadence>
              </ns3:TPX>
            </Extensions>
            <Cadence>81</Cadence>
          </Trackpoint>
          <Trackpoint>
            <Time>2020-01-06T01:17:50Z</Time>
            <Position>
              <LatitudeDegrees>25.426911</LatitudeDegrees>
              <LongitudeDegrees>111.85087</LongitudeDegrees>
            </Position>
            <AltitudeMeters>38.08</AltitudeMeters>
            <DistanceMeters>14010.0</DistanceMeters>
            <Extensions>
              <ns3:TPX>
                <ns3:RunCadence>81</ns3:RunCadence>
              </ns3:TPX>
            </Extensions>
            <Cadence>81</Cadence>
          </Trackpoint>
          <Trackpoint>
            <Time>2020-01-06T01:17:55Z</Time>
            <Position>
              <LatitudeDegrees>25.426802</LatitudeDegrees>
              <LongitudeDegrees>111.850962</LongitudeDegrees>
            </Position>
            <AltitudeMeters>38.1</AltitudeMeters>
            <DistanceMeters>14025.0</DistanceMeters>
            <Extensions>
              <ns3:TPX>
                <ns3:RunCadence>81</ns3:RunCadence>
              </ns3:TPX>
            </Extensions>
            <Cadence>81</Cadence>
          </Trackpoint>
          <Trackpoint>
            <Time>2020-01-06T01:18:00Z</Time>
            <Position>
              <LatitudeDegrees>25.426696</LatitudeDegrees>
              <LongitudeDegrees>111.85105</LongitudeDegrees>
            </Position>
            <AltitudeMeters>38.1</AltitudeMeters>
            <DistanceMeters>14040.0</DistanceMeters>
            <Extensions>
              <ns3:TPX>
                <ns3:RunCadence>81</ns3:RunCadence>
              </ns3:TPX>
            </Extensions>
            <Cadence>81</Cadence>
          </Trackpoint>
          <Trackpoint>
            <Time>2020-01-06T01:18:05Z</Time>
            <Position>
              <LatitudeDegrees>25.426593</LatitudeDegrees>
              <LongitudeDegrees>111.851150</LongitudeDegrees>
            </Position>
            <AltitudeMeters>38.1</AltitudeMeters>
            <DistanceMeters>14055.0</DistanceMeters>
            <Extensions>
              <ns3:TPX>
                <ns3:RunCadence>81</ns3:RunCadence>
              </ns3:TPX>
            </Extensions>
            <Cadence>81</Cadence>
          </Trackpoint>
          <Trackpoint>
            <Time>2020-01-06T01:18:10Z</Time>
            <Position>
              <LatitudeDegrees>25.426492</LatitudeDegrees>
              <LongitudeDegrees>111.851249</LongitudeDegrees>
            </Position>
            <AltitudeMeters>38.17</AltitudeMeters>
            <DistanceMeters>14070.0</DistanceMeters>
            <Extensions>
              <ns3:TPX>
                <ns3:RunCadence>81</ns3:RunCadence>
              </ns3:TPX>
            </Extensions>
            <Cadence>81</Cadence>
          </Trackpoint>
          <Trackpoint>
            <Time>2020-01-06T01:18:15Z</Time>
            <Position>
              <LatitudeDegrees>25.426394</LatitudeDegrees>
              <LongitudeDegrees>111.851352</LongitudeDegrees>
            </Position>
            <AltitudeMeters>38.19</AltitudeMeters>
            <DistanceMeters>14085.0</DistanceMeters>
            <Extensions>
              <ns3:TPX>
                <ns3:RunCadence>81</ns3:RunCadence>
              </ns3:TPX>
            </Extensions>
            <Cadence>81</Cadence>
          </Trackpoint>
          <Trackpoint>
            <Time>2020-01-06T01:18:20Z</Time>
            <Position>
              <LatitudeDegrees>25.426299</LatitudeDegrees>
              <LongitudeDegrees>111.851458</LongitudeDegrees>
            </Position>
            <AltitudeMeters>38.2</AltitudeMeters>
            <DistanceMeters>14100.0</DistanceMeters>
            <Extensions>
              <ns3:TPX>
                <ns3:RunCadence>81</ns3:RunCadence>
              </ns3:TPX>
            </Extensions>
            <Cadence>81</Cadence>
          </Trackpoint>
          <Trackpoint>
            <Time>2020-01-06T01:18:25Z</Time>
            <Position>
              <LatitudeDegrees>25.426207</LatitudeDegrees>
              <LongitudeDegrees>111.851567</LongitudeDegrees>
            </Position>
            <AltitudeMeters>38.25</AltitudeMeters>
            <DistanceMeters>14115.0</DistanceMeters>
            <Extensions>
              <ns3:TPX>
                <ns3:RunCadence>81</ns3:RunCadence>
              </ns3:TPX>
            </Extensions>
            <Cadence>81</Cadence>
          </Trackpoint>
          <Trackpoint>
            <Time>2020-01-06T01:18:30Z</Time>
            <Position>
              <LatitudeDegrees>25.426118</LatitudeDegrees>
              <LongitudeDegrees>111.851679</LongitudeDegrees>
            </Position>
            <AltitudeMeters>38.29</AltitudeMeters>
            <DistanceMeters>14130.0</DistanceMeters>
            <Extensions>
              <ns3:TPX>
                <ns3:RunCadence>81</ns3:RunCadence>
              </ns3:TPX>
            </Extensions>
            <Cadence>81</Cadence>
          </Trackpoint>
          <Trackpoint>
            <Time>2020-01-06T01:18:35Z</Time>
            <Position>
              <LatitudeDegrees>25.426032</LatitudeDegrees>
              <LongitudeDegrees>111.851794</LongitudeDegrees>
            </Position>
            <AltitudeMeters>38.32</AltitudeMeters>
            <DistanceMeters>14145.0</DistanceMeters>
            <Extensions>
              <ns3:TPX>
                <ns3:RunCadence>81</ns3:RunCadence>
              </ns3:TPX>
            </Extensions>
            <Cadence>81</Cadence>
          </Trackpoint>
          <Trackpoint>
            <Time>2020-01-06T01:18:40Z</Time>
            <Position>
              <LatitudeDegrees>25.425950</LatitudeDegrees>
              <LongitudeDegrees>111.851913</LongitudeDegrees>
            </Position>
            <AltitudeMeters>38.36</AltitudeMeters>
            <DistanceMeters>14160.0</DistanceMeters>
            <Extensions>
              <ns3:TPX>
                <ns3:RunCadence>81</ns3:RunCadence>
              </ns3:TPX>
            </Extensions>
            <Cadence>81</Cadence>
          </Trackpoint>
          <Trackpoint>
            <Time>2020-01-06T01:18:45Z</Time>
            <Position>
              <LatitudeDegrees>25.425870</LatitudeDegrees>
              <LongitudeDegrees>111.852034</LongitudeDegrees>
            </Position>
            <AltitudeMeters>38.39</AltitudeMeters>
            <DistanceMeters>14175.0</DistanceMeters>
            <Extensions>
              <ns3:TPX>
                <ns3:RunCadence>82</ns3:RunCadence>
              </ns3:TPX>
            </Extensions>
            <Cadence>82</Cadence>
          </Trackpoint>
          <Trackpoint>
            <Time>2020-01-06T01:18:50Z</Time>
            <Position>
              <LatitudeDegrees>25.425795</LatitudeDegrees>
              <LongitudeDegrees>111.852157</LongitudeDegrees>
            </Position>
            <AltitudeMeters>38.43</AltitudeMeters>
            <DistanceMeters>14190.0</DistanceMeters>
            <Extensions>
              <ns3:TPX>
                <ns3:RunCadence>82</ns3:RunCadence>
              </ns3:TPX>
            </Extensions>
            <Cadence>82</Cadence>
          </Trackpoint>
          <Trackpoint>
            <Time>2020-01-06T01:18:55Z</Time>
            <Position>
              <LatitudeDegrees>25.425722</LatitudeDegrees>
              <LongitudeDegrees>111.852283</LongitudeDegrees>
            </Position>
            <AltitudeMeters>38.47</AltitudeMeters>
            <DistanceMeters>14205.0</DistanceMeters>
            <Extensions>
              <ns3:TPX>
                <ns3:RunCadence>82</ns3:RunCadence>
              </ns3:TPX>
            </Extensions>
            <Cadence>82</Cadence>
          </Trackpoint>
          <Trackpoint>
            <Time>2020-01-06T01:19:00Z</Time>
            <Position>
              <LatitudeDegrees>25.425654</LatitudeDegrees>
              <LongitudeDegrees>111.852412</LongitudeDegrees>
            </Position>
            <AltitudeMeters>38.52</AltitudeMeters>
            <DistanceMeters>14220.0</DistanceMeters>
            <Extensions>
              <ns3:TPX>
                <ns3:RunCadence>82</ns3:RunCadence>
              </ns3:TPX>
            </Extensions>
            <Cadence>82</Cadence>
          </Trackpoint>
          <Trackpoint>
            <Time>2020-01-06T01:19:05Z</Time>
            <Position>
              <LatitudeDegrees>25.425589</LatitudeDegrees>
              <LongitudeDegrees>111.85254</LongitudeDegrees>
            </Position>
            <AltitudeMeters>38.56</AltitudeMeters>
            <DistanceMeters>14235.0</DistanceMeters>
            <Extensions>
              <ns3:TPX>
                <ns3:RunCadence>82</ns3:RunCadence>
              </ns3:TPX>
            </Extensions>
            <Cadence>82</Cadence>
          </Trackpoint>
          <Trackpoint>
            <Time>2020-01-06T01:19:10Z</Time>
            <Position>
              <LatitudeDegrees>25.425527</LatitudeDegrees>
              <LongitudeDegrees>111.852676</LongitudeDegrees>
            </Position>
            <AltitudeMeters>38.61</AltitudeMeters>
            <DistanceMeters>14250.0</DistanceMeters>
            <Extensions>
              <ns3:TPX>
                <ns3:RunCadence>82</ns3:RunCadence>
              </ns3:TPX>
            </Extensions>
            <Cadence>82</Cadence>
          </Trackpoint>
          <Trackpoint>
            <Time>2020-01-06T01:19:15Z</Time>
            <Position>
              <LatitudeDegrees>25.425470</LatitudeDegrees>
              <LongitudeDegrees>111.852811</LongitudeDegrees>
            </Position>
            <AltitudeMeters>38.65</AltitudeMeters>
            <DistanceMeters>14265.0</DistanceMeters>
            <Extensions>
              <ns3:TPX>
                <ns3:RunCadence>82</ns3:RunCadence>
              </ns3:TPX>
            </Extensions>
            <Cadence>82</Cadence>
          </Trackpoint>
          <Trackpoint>
            <Time>2020-01-06T01:19:20Z</Time>
            <Position>
              <LatitudeDegrees>25.425416</LatitudeDegrees>
              <LongitudeDegrees>111.852948</LongitudeDegrees>
            </Position>
            <AltitudeMeters>38.70</AltitudeMeters>
            <DistanceMeters>14280.0</DistanceMeters>
            <Extensions>
              <ns3:TPX>
                <ns3:RunCadence>82</ns3:RunCadence>
              </ns3:TPX>
            </Extensions>
            <Cadence>82</Cadence>
          </Trackpoint>
          <Trackpoint>
            <Time>2020-01-06T01:19:25Z</Time>
            <Position>
              <LatitudeDegrees>25.425366</LatitudeDegrees>
              <LongitudeDegrees>111.853086</LongitudeDegrees>
            </Position>
            <AltitudeMeters>38.75</AltitudeMeters>
            <DistanceMeters>14295.0</DistanceMeters>
            <Extensions>
              <ns3:TPX>
                <ns3:RunCadence>83</ns3:RunCadence>
              </ns3:TPX>
            </Extensions>
            <Cadence>83</Cadence>
          </Trackpoint>
          <Trackpoint>
            <Time>2020-01-06T01:19:30Z</Time>
            <Position>
              <LatitudeDegrees>25.425320</LatitudeDegrees>
              <LongitudeDegrees>111.853227</LongitudeDegrees>
            </Position>
            <AltitudeMeters>38.80</AltitudeMeters>
            <DistanceMeters>14310.0</DistanceMeters>
            <Extensions>
              <ns3:TPX>
                <ns3:RunCadence>83</ns3:RunCadence>
              </ns3:TPX>
            </Extensions>
            <Cadence>83</Cadence>
          </Trackpoint>
          <Trackpoint>
            <Time>2020-01-06T01:19:35Z</Time>
            <Position>
              <LatitudeDegrees>25.425277</LatitudeDegrees>
              <LongitudeDegrees>111.853369</LongitudeDegrees>
            </Position>
            <AltitudeMeters>38.86</AltitudeMeters>
            <DistanceMeters>14325.0</DistanceMeters>
            <Extensions>
              <ns3:TPX>
                <ns3:RunCadence>83</ns3:RunCadence>
              </ns3:TPX>
            </Extensions>
            <Cadence>83</Cadence>
          </Trackpoint>
          <Trackpoint>
            <Time>2020-01-06T01:19:40Z</Time>
            <Position>
              <LatitudeDegrees>25.425239</LatitudeDegrees>
              <LongitudeDegrees>111.853512</LongitudeDegrees>
            </Position>
            <AltitudeMeters>38.91</AltitudeMeters>
            <DistanceMeters>14340.0</DistanceMeters>
            <Extensions>
              <ns3:TPX>
                <ns3:RunCadence>83</ns3:RunCadence>
              </ns3:TPX>
            </Extensions>
            <Cadence>83</Cadence>
          </Trackpoint>
          <Trackpoint>
            <Time>2020-01-06T01:19:45Z</Time>
            <Position>
              <LatitudeDegrees>25.425205</LatitudeDegrees>
              <LongitudeDegrees>111.853656</LongitudeDegrees>
            </Position>
            <AltitudeMeters>38.96</AltitudeMeters>
            <DistanceMeters>14355.0</DistanceMeters>
            <Extensions>
              <ns3:TPX>
                <ns3:RunCadence>83</ns3:RunCadence>
              </ns3:TPX>
            </Extensions>
            <Cadence>83</Cadence>
          </Trackpoint>
          <Trackpoint>
            <Time>2020-01-06T01:19:50Z</Time>
            <Position>
              <LatitudeDegrees>25.425175</LatitudeDegrees>
              <LongitudeDegrees>111.853802</LongitudeDegrees>
            </Position>
            <AltitudeMeters>39.02</AltitudeMeters>
            <DistanceMeters>14370.0</DistanceMeters>
            <Extensions>
              <ns3:TPX>
                <ns3:RunCadence>83</ns3:RunCadence>
              </ns3:TPX>
            </Extensions>
            <Cadence>83</Cadence>
          </Trackpoint>
          <Trackpoint>
            <Time>2020-01-06T01:19:55Z</Time>
            <Position>
              <LatitudeDegrees>25.425149</LatitudeDegrees>
              <LongitudeDegrees>111.85395</LongitudeDegrees>
            </Position>
            <AltitudeMeters>39.08</AltitudeMeters>
            <DistanceMeters>14385.0</DistanceMeters>
            <Extensions>
              <ns3:TPX>
                <ns3:RunCadence>84</ns3:RunCadence>
              </ns3:TPX>
            </Extensions>
            <Cadence>84</Cadence>
          </Trackpoint>
          <Trackpoint>
            <Time>2020-01-06T01:20:00Z</Time>
            <Position>
              <LatitudeDegrees>25.425127</LatitudeDegrees>
              <LongitudeDegrees>111.85410</LongitudeDegrees>
            </Position>
            <AltitudeMeters>39.13</AltitudeMeters>
            <DistanceMeters>14400.0</DistanceMeters>
            <Extensions>
              <ns3:TPX>
                <ns3:RunCadence>84</ns3:RunCadence>
              </ns3:TPX>
            </Extensions>
            <Cadence>84</Cadence>
          </Trackpoint>
          <Trackpoint>
            <Time>2020-01-06T01:20:05Z</Time>
            <Position>
              <LatitudeDegrees>25.42511</LatitudeDegrees>
              <LongitudeDegrees>111.854244</LongitudeDegrees>
            </Position>
            <AltitudeMeters>39.19</AltitudeMeters>
            <DistanceMeters>14415.0</DistanceMeters>
            <Extensions>
              <ns3:TPX>
                <ns3:RunCadence>84</ns3:RunCadence>
              </ns3:TPX>
            </Extensions>
            <Cadence>84</Cadence>
          </Trackpoint>
          <Trackpoint>
            <Time>2020-01-06T01:20:10Z</Time>
            <Position>
              <LatitudeDegrees>25.425095</LatitudeDegrees>
              <LongitudeDegrees>111.854392</LongitudeDegrees>
            </Position>
            <AltitudeMeters>39.3</AltitudeMeters>
            <DistanceMeters>14430.0</DistanceMeters>
            <Extensions>
              <ns3:TPX>
                <ns3:RunCadence>84</ns3:RunCadence>
              </ns3:TPX>
            </Extensions>
            <Cadence>84</Cadence>
          </Trackpoint>
          <Trackpoint>
            <Time>2020-01-06T01:20:15Z</Time>
            <Position>
              <LatitudeDegrees>25.425086</LatitudeDegrees>
              <LongitudeDegrees>111.854541</LongitudeDegrees>
            </Position>
            <AltitudeMeters>39.31</AltitudeMeters>
            <DistanceMeters>14445.0</DistanceMeters>
            <Extensions>
              <ns3:TPX>
                <ns3:RunCadence>84</ns3:RunCadence>
              </ns3:TPX>
            </Extensions>
            <Cadence>84</Cadence>
          </Trackpoint>
          <Trackpoint>
            <Time>2020-01-06T01:20:20Z</Time>
            <Position>
              <LatitudeDegrees>25.425081</LatitudeDegrees>
              <LongitudeDegrees>111.854691</LongitudeDegrees>
            </Position>
            <AltitudeMeters>39.37</AltitudeMeters>
            <DistanceMeters>14460.0</DistanceMeters>
            <Extensions>
              <ns3:TPX>
                <ns3:RunCadence>84</ns3:RunCadence>
              </ns3:TPX>
            </Extensions>
            <Cadence>84</Cadence>
          </Trackpoint>
          <Trackpoint>
            <Time>2020-01-06T01:20:25Z</Time>
            <Position>
              <LatitudeDegrees>25.425079</LatitudeDegrees>
              <LongitudeDegrees>111.854840</LongitudeDegrees>
            </Position>
            <AltitudeMeters>39.43</AltitudeMeters>
            <DistanceMeters>14475.0</DistanceMeters>
            <Extensions>
              <ns3:TPX>
                <ns3:RunCadence>85</ns3:RunCadence>
              </ns3:TPX>
            </Extensions>
            <Cadence>85</Cadence>
          </Trackpoint>
          <Trackpoint>
            <Time>2020-01-06T01:20:30Z</Time>
            <Position>
              <LatitudeDegrees>25.425082</LatitudeDegrees>
              <LongitudeDegrees>111.854989</LongitudeDegrees>
            </Position>
            <AltitudeMeters>39.50</AltitudeMeters>
            <DistanceMeters>14490.0</DistanceMeters>
            <Extensions>
              <ns3:TPX>
                <ns3:RunCadence>85</ns3:RunCadence>
              </ns3:TPX>
            </Extensions>
            <Cadence>85</Cadence>
          </Trackpoint>
          <Trackpoint>
            <Time>2020-01-06T01:20:35Z</Time>
            <Position>
              <LatitudeDegrees>25.425090</LatitudeDegrees>
              <LongitudeDegrees>111.855139</LongitudeDegrees>
            </Position>
            <AltitudeMeters>39.56</AltitudeMeters>
            <DistanceMeters>14505.0</DistanceMeters>
            <Extensions>
              <ns3:TPX>
                <ns3:RunCadence>85</ns3:RunCadence>
              </ns3:TPX>
            </Extensions>
            <Cadence>85</Cadence>
          </Trackpoint>
          <Trackpoint>
            <Time>2020-01-06T01:20:40Z</Time>
            <Position>
              <LatitudeDegrees>25.425101</LatitudeDegrees>
              <LongitudeDegrees>111.855287</LongitudeDegrees>
            </Position>
            <AltitudeMeters>39.62</AltitudeMeters>
            <DistanceMeters>14520.0</DistanceMeters>
            <Extensions>
              <ns3:TPX>
                <ns3:RunCadence>85</ns3:RunCadence>
              </ns3:TPX>
            </Extensions>
            <Cadence>85</Cadence>
          </Trackpoint>
          <Trackpoint>
            <Time>2020-01-06T01:20:45Z</Time>
            <Position>
              <LatitudeDegrees>25.42512</LatitudeDegrees>
              <LongitudeDegrees>111.855436</LongitudeDegrees>
            </Position>
            <AltitudeMeters>39.69</AltitudeMeters>
            <DistanceMeters>14535.0</DistanceMeters>
            <Extensions>
              <ns3:TPX>
                <ns3:RunCadence>85</ns3:RunCadence>
              </ns3:TPX>
            </Extensions>
            <Cadence>85</Cadence>
          </Trackpoint>
          <Trackpoint>
            <Time>2020-01-06T01:20:50Z</Time>
            <Position>
              <LatitudeDegrees>25.425136</LatitudeDegrees>
              <LongitudeDegrees>111.855584</LongitudeDegrees>
            </Position>
            <AltitudeMeters>39.75</AltitudeMeters>
            <DistanceMeters>14550.0</DistanceMeters>
            <Extensions>
              <ns3:TPX>
                <ns3:RunCadence>85</ns3:RunCadence>
              </ns3:TPX>
            </Extensions>
            <Cadence>85</Cadence>
          </Trackpoint>
          <Trackpoint>
            <Time>2020-01-06T01:20:55Z</Time>
            <Position>
              <LatitudeDegrees>25.425160</LatitudeDegrees>
              <LongitudeDegrees>111.855731</LongitudeDegrees>
            </Position>
            <AltitudeMeters>39.81</AltitudeMeters>
            <DistanceMeters>14565.0</DistanceMeters>
            <Extensions>
              <ns3:TPX>
                <ns3:RunCadence>86</ns3:RunCadence>
              </ns3:TPX>
            </Extensions>
            <Cadence>86</Cadence>
          </Trackpoint>
          <Trackpoint>
            <Time>2020-01-06T01:21:00Z</Time>
            <Position>
              <LatitudeDegrees>25.425188</LatitudeDegrees>
              <LongitudeDegrees>111.855877</LongitudeDegrees>
            </Position>
            <AltitudeMeters>39.88</AltitudeMeters>
            <DistanceMeters>14580.0</DistanceMeters>
            <Extensions>
              <ns3:TPX>
                <ns3:RunCadence>86</ns3:RunCadence>
              </ns3:TPX>
            </Extensions>
            <Cadence>86</Cadence>
          </Trackpoint>
          <Trackpoint>
            <Time>2020-01-06T01:21:05Z</Time>
            <Position>
              <LatitudeDegrees>25.425220</LatitudeDegrees>
              <LongitudeDegrees>111.856022</LongitudeDegrees>
            </Position>
            <AltitudeMeters>39.94</AltitudeMeters>
            <DistanceMeters>14595.0</DistanceMeters>
            <Extensions>
              <ns3:TPX>
                <ns3:RunCadence>86</ns3:RunCadence>
              </ns3:TPX>
            </Extensions>
            <Cadence>86</Cadence>
          </Trackpoint>
          <Trackpoint>
            <Time>2020-01-06T01:21:10Z</Time>
            <Position>
              <LatitudeDegrees>25.42526</LatitudeDegrees>
              <LongitudeDegrees>111.856166</LongitudeDegrees>
            </Position>
            <AltitudeMeters>40.01</AltitudeMeters>
            <DistanceMeters>14610.0</DistanceMeters>
            <Extensions>
              <ns3:TPX>
                <ns3:RunCadence>86</ns3:RunCadence>
              </ns3:TPX>
            </Extensions>
            <Cadence>86</Cadence>
          </Trackpoint>
          <Trackpoint>
            <Time>2020-01-06T01:21:15Z</Time>
            <Position>
              <LatitudeDegrees>25.425296</LatitudeDegrees>
              <LongitudeDegrees>111.856308</LongitudeDegrees>
            </Position>
            <AltitudeMeters>40.1</AltitudeMeters>
            <DistanceMeters>14625.0</DistanceMeters>
            <Extensions>
              <ns3:TPX>
                <ns3:RunCadence>86</ns3:RunCadence>
              </ns3:TPX>
            </Extensions>
            <Cadence>86</Cadence>
          </Trackpoint>
          <Trackpoint>
            <Time>2020-01-06T01:21:20Z</Time>
            <Position>
              <LatitudeDegrees>25.425339</LatitudeDegrees>
              <LongitudeDegrees>111.856450</LongitudeDegrees>
            </Position>
            <AltitudeMeters>40.14</AltitudeMeters>
            <DistanceMeters>14640.0</DistanceMeters>
            <Extensions>
              <ns3:TPX>
                <ns3:RunCadence>86</ns3:RunCadence>
              </ns3:TPX>
            </Extensions>
            <Cadence>86</Cadence>
          </Trackpoint>
          <Trackpoint>
            <Time>2020-01-06T01:21:25Z</Time>
            <Position>
              <LatitudeDegrees>25.425387</LatitudeDegrees>
              <LongitudeDegrees>111.856589</LongitudeDegrees>
            </Position>
            <AltitudeMeters>40.20</AltitudeMeters>
            <DistanceMeters>14655.0</DistanceMeters>
            <Extensions>
              <ns3:TPX>
                <ns3:RunCadence>86</ns3:RunCadence>
              </ns3:TPX>
            </Extensions>
            <Cadence>86</Cadence>
          </Trackpoint>
          <Trackpoint>
            <Time>2020-01-06T01:21:30Z</Time>
            <Position>
              <LatitudeDegrees>25.42544</LatitudeDegrees>
              <LongitudeDegrees>111.856727</LongitudeDegrees>
            </Position>
            <AltitudeMeters>40.26</AltitudeMeters>
            <DistanceMeters>14670.0</DistanceMeters>
            <Extensions>
              <ns3:TPX>
                <ns3:RunCadence>86</ns3:RunCadence>
              </ns3:TPX>
            </Extensions>
            <Cadence>86</Cadence>
          </Trackpoint>
          <Trackpoint>
            <Time>2020-01-06T01:21:35Z</Time>
            <Position>
              <LatitudeDegrees>25.425495</LatitudeDegrees>
              <LongitudeDegrees>111.856863</LongitudeDegrees>
            </Position>
            <AltitudeMeters>40.33</AltitudeMeters>
            <DistanceMeters>14685.0</DistanceMeters>
            <Extensions>
              <ns3:TPX>
                <ns3:RunCadence>87</ns3:RunCadence>
              </ns3:TPX>
            </Extensions>
            <Cadence>87</Cadence>
          </Trackpoint>
          <Trackpoint>
            <Time>2020-01-06T01:21:40Z</Time>
            <Position>
              <LatitudeDegrees>25.425554</LatitudeDegrees>
              <LongitudeDegrees>111.856998</LongitudeDegrees>
            </Position>
            <AltitudeMeters>40.39</AltitudeMeters>
            <DistanceMeters>14700.0</DistanceMeters>
            <Extensions>
              <ns3:TPX>
                <ns3:RunCadence>87</ns3:RunCadence>
              </ns3:TPX>
            </Extensions>
            <Cadence>87</Cadence>
          </Trackpoint>
          <Trackpoint>
            <Time>2020-01-06T01:21:45Z</Time>
            <Position>
              <LatitudeDegrees>25.425617</LatitudeDegrees>
              <LongitudeDegrees>111.857130</LongitudeDegrees>
            </Position>
            <AltitudeMeters>40.45</AltitudeMeters>
            <DistanceMeters>14715.0</DistanceMeters>
            <Extensions>
              <ns3:TPX>
                <ns3:RunCadence>87</ns3:RunCadence>
              </ns3:TPX>
            </Extensions>
            <Cadence>87</Cadence>
          </Trackpoint>
          <Trackpoint>
            <Time>2020-01-06T01:21:50Z</Time>
            <Position>
              <LatitudeDegrees>25.42568</LatitudeDegrees>
              <LongitudeDegrees>111.857259</LongitudeDegrees>
            </Position>
            <AltitudeMeters>40.5</AltitudeMeters>
            <DistanceMeters>14730.0</DistanceMeters>
            <Extensions>
              <ns3:TPX>
                <ns3:RunCadence>87</ns3:RunCadence>
              </ns3:TPX>
            </Extensions>
            <Cadence>87</Cadence>
          </Trackpoint>
          <Trackpoint>
            <Time>2020-01-06T01:21:55Z</Time>
            <Position>
              <LatitudeDegrees>25.425754</LatitudeDegrees>
              <LongitudeDegrees>111.85739</LongitudeDegrees>
            </Position>
            <AltitudeMeters>40.58</AltitudeMeters>
            <DistanceMeters>14745.0</DistanceMeters>
            <Extensions>
              <ns3:TPX>
                <ns3:RunCadence>87</ns3:RunCadence>
              </ns3:TPX>
            </Extensions>
            <Cadence>87</Cadence>
          </Trackpoint>
          <Trackpoint>
            <Time>2020-01-06T01:22:00Z</Time>
            <Position>
              <LatitudeDegrees>25.425828</LatitudeDegrees>
              <LongitudeDegrees>111.857512</LongitudeDegrees>
            </Position>
            <AltitudeMeters>40.64</AltitudeMeters>
            <DistanceMeters>14760.0</DistanceMeters>
            <Extensions>
              <ns3:TPX>
                <ns3:RunCadence>87</ns3:RunCadence>
              </ns3:TPX>
            </Extensions>
            <Cadence>87</Cadence>
          </Trackpoint>
          <Trackpoint>
            <Time>2020-01-06T01:22:05Z</Time>
            <Position>
              <LatitudeDegrees>25.425905</LatitudeDegrees>
              <LongitudeDegrees>111.857634</LongitudeDegrees>
            </Position>
            <AltitudeMeters>40.70</AltitudeMeters>
            <DistanceMeters>14775.0</DistanceMeters>
            <Extensions>
              <ns3:TPX>
                <ns3:RunCadence>87</ns3:RunCadence>
              </ns3:TPX>
            </Extensions>
            <Cadence>87</Cadence>
          </Trackpoint>
          <Trackpoint>
            <Time>2020-01-06T01:22:10Z</Time>
            <Position>
              <LatitudeDegrees>25.425986</LatitudeDegrees>
              <LongitudeDegrees>111.85775</LongitudeDegrees>
            </Position>
            <AltitudeMeters>40.8</AltitudeMeters>
            <DistanceMeters>14790.0</DistanceMeters>
            <Extensions>
              <ns3:TPX>
                <ns3:RunCadence>87</ns3:RunCadence>
              </ns3:TPX>
            </Extensions>
            <Cadence>87</Cadence>
          </Trackpoint>
          <Trackpoint>
            <Time>2020-01-06T01:22:15Z</Time>
            <Position>
              <LatitudeDegrees>25.426070</LatitudeDegrees>
              <LongitudeDegrees>111.857871</LongitudeDegrees>
            </Position>
            <AltitudeMeters>40.82</AltitudeMeters>
            <DistanceMeters>14805.0</DistanceMeters>
            <Extensions>
              <ns3:TPX>
                <ns3:RunCadence>87</ns3:RunCadence>
              </ns3:TPX>
            </Extensions>
            <Cadence>87</Cadence>
          </Trackpoint>
          <Trackpoint>
            <Time>2020-01-06T01:22:20Z</Time>
            <Position>
              <LatitudeDegrees>25.426157</LatitudeDegrees>
              <LongitudeDegrees>111.857985</LongitudeDegrees>
            </Position>
            <AltitudeMeters>40.88</AltitudeMeters>
            <DistanceMeters>14820.0</DistanceMeters>
            <Extensions>
              <ns3:TPX>
                <ns3:RunCadence>87</ns3:RunCadence>
              </ns3:TPX>
            </Extensions>
            <Cadence>87</Cadence>
          </Trackpoint>
          <Trackpoint>
            <Time>2020-01-06T01:22:25Z</Time>
            <Position>
              <LatitudeDegrees>25.426247</LatitudeDegrees>
              <LongitudeDegrees>111.858096</LongitudeDegrees>
            </Position>
            <AltitudeMeters>40.94</AltitudeMeters>
            <DistanceMeters>14835.0</DistanceMeters>
            <Extensions>
              <ns3:TPX>
                <ns3:RunCadence>87</ns3:RunCadence>
              </ns3:TPX>
            </Extensions>
            <Cadence>87</Cadence>
          </Trackpoint>
          <Trackpoint>
            <Time>2020-01-06T01:22:30Z</Time>
            <Position>
              <LatitudeDegrees>25.426341</LatitudeDegrees>
              <LongitudeDegrees>111.858204</LongitudeDegrees>
            </Position>
            <AltitudeMeters>40.99</AltitudeMeters>
            <DistanceMeters>14850.0</DistanceMeters>
            <Extensions>
              <ns3:TPX>
                <ns3:RunCadence>87</ns3:RunCadence>
              </ns3:TPX>
            </Extensions>
            <Cadence>87</Cadence>
          </Trackpoint>
          <Trackpoint>
            <Time>2020-01-06T01:22:35Z</Time>
            <Position>
              <LatitudeDegrees>25.426437</LatitudeDegrees>
              <LongitudeDegrees>111.858308</LongitudeDegrees>
            </Position>
            <AltitudeMeters>41.05</AltitudeMeters>
            <DistanceMeters>14865.0</DistanceMeters>
            <Extensions>
              <ns3:TPX>
                <ns3:RunCadence>87</ns3:RunCadence>
              </ns3:TPX>
            </Extensions>
            <Cadence>87</Cadence>
          </Trackpoint>
          <Trackpoint>
            <Time>2020-01-06T01:22:40Z</Time>
            <Position>
              <LatitudeDegrees>25.426536</LatitudeDegrees>
              <LongitudeDegrees>111.858409</LongitudeDegrees>
            </Position>
            <AltitudeMeters>41.10</AltitudeMeters>
            <DistanceMeters>14880.0</DistanceMeters>
            <Extensions>
              <ns3:TPX>
                <ns3:RunCadence>87</ns3:RunCadence>
              </ns3:TPX>
            </Extensions>
            <Cadence>87</Cadence>
          </Trackpoint>
          <Trackpoint>
            <Time>2020-01-06T01:22:45Z</Time>
            <Position>
              <LatitudeDegrees>25.42664</LatitudeDegrees>
              <LongitudeDegrees>111.858507</LongitudeDegrees>
            </Position>
            <AltitudeMeters>41.16</AltitudeMeters>
            <DistanceMeters>14895.0</DistanceMeters>
            <Extensions>
              <ns3:TPX>
                <ns3:RunCadence>87</ns3:RunCadence>
              </ns3:TPX>
            </Extensions>
            <Cadence>87</Cadence>
          </Trackpoint>
          <Trackpoint>
            <Time>2020-01-06T01:22:50Z</Time>
            <Position>
              <LatitudeDegrees>25.426743</LatitudeDegrees>
              <LongitudeDegrees>111.858601</LongitudeDegrees>
            </Position>
            <AltitudeMeters>41.21</AltitudeMeters>
            <DistanceMeters>14910.0</DistanceMeters>
            <Extensions>
              <ns3:TPX>
                <ns3:RunCadence>87</ns3:RunCadence>
              </ns3:TPX>
            </Extensions>
            <Cadence>87</Cadence>
          </Trackpoint>
          <Trackpoint>
            <Time>2020-01-06T01:22:55Z</Time>
            <Position>
              <LatitudeDegrees>25.42685</LatitudeDegrees>
              <LongitudeDegrees>111.858692</LongitudeDegrees>
            </Position>
            <AltitudeMeters>41.26</AltitudeMeters>
            <DistanceMeters>14925.0</DistanceMeters>
            <Extensions>
              <ns3:TPX>
                <ns3:RunCadence>87</ns3:RunCadence>
              </ns3:TPX>
            </Extensions>
            <Cadence>87</Cadence>
          </Trackpoint>
          <Trackpoint>
            <Time>2020-01-06T01:23:00Z</Time>
            <Position>
              <LatitudeDegrees>25.426960</LatitudeDegrees>
              <LongitudeDegrees>111.858779</LongitudeDegrees>
            </Position>
            <AltitudeMeters>41.31</AltitudeMeters>
            <DistanceMeters>14940.0</DistanceMeters>
            <Extensions>
              <ns3:TPX>
                <ns3:RunCadence>87</ns3:RunCadence>
              </ns3:TPX>
            </Extensions>
            <Cadence>87</Cadence>
          </Trackpoint>
          <Trackpoint>
            <Time>2020-01-06T01:23:05Z</Time>
            <Position>
              <LatitudeDegrees>25.427072</LatitudeDegrees>
              <LongitudeDegrees>111.8589</LongitudeDegrees>
            </Position>
            <AltitudeMeters>41.36</AltitudeMeters>
            <DistanceMeters>14955.0</DistanceMeters>
            <Extensions>
              <ns3:TPX>
                <ns3:RunCadence>87</ns3:RunCadence>
              </ns3:TPX>
            </Extensions>
            <Cadence>87</Cadence>
          </Trackpoint>
          <Trackpoint>
            <Time>2020-01-06T01:23:10Z</Time>
            <Position>
              <LatitudeDegrees>25.427187</LatitudeDegrees>
              <LongitudeDegrees>111.858941</LongitudeDegrees>
            </Position>
            <AltitudeMeters>41.40</AltitudeMeters>
            <DistanceMeters>14970.0</DistanceMeters>
            <Extensions>
              <ns3:TPX>
                <ns3:RunCadence>86</ns3:RunCadence>
              </ns3:TPX>
            </Extensions>
            <Cadence>86</Cadence>
          </Trackpoint>
          <Trackpoint>
            <Time>2020-01-06T01:23:15Z</Time>
            <Position>
              <LatitudeDegrees>25.427303</LatitudeDegrees>
              <LongitudeDegrees>111.859016</LongitudeDegrees>
            </Position>
            <AltitudeMeters>41.45</AltitudeMeters>
            <DistanceMeters>14985.0</DistanceMeters>
            <Extensions>
              <ns3:TPX>
                <ns3:RunCadence>86</ns3:RunCadence>
              </ns3:TPX>
            </Extensions>
            <Cadence>86</Cadence>
          </Trackpoint>
          <Trackpoint>
            <Time>2020-01-06T01:23:20Z</Time>
            <Position>
              <LatitudeDegrees>25.42742</LatitudeDegrees>
              <LongitudeDegrees>111.859087</LongitudeDegrees>
            </Position>
            <AltitudeMeters>41.49</AltitudeMeters>
            <DistanceMeters>15000.0</DistanceMeters>
            <Extensions>
              <ns3:TPX>
                <ns3:RunCadence>86</ns3:RunCadence>
              </ns3:TPX>
            </Extensions>
            <Cadence>86</Cadence>
          </Trackpoint>
          <Trackpoint>
            <Time>2020-01-06T01:23:25Z</Time>
            <Position>
              <LatitudeDegrees>25.427542</LatitudeDegrees>
              <LongitudeDegrees>111.85915</LongitudeDegrees>
            </Position>
            <AltitudeMeters>41.53</AltitudeMeters>
            <DistanceMeters>15015.0</DistanceMeters>
            <Extensions>
              <ns3:TPX>
                <ns3:RunCadence>86</ns3:RunCadence>
              </ns3:TPX>
            </Extensions>
            <Cadence>86</Cadence>
          </Trackpoint>
          <Trackpoint>
            <Time>2020-01-06T01:23:30Z</Time>
            <Position>
              <LatitudeDegrees>25.427665</LatitudeDegrees>
              <LongitudeDegrees>111.859217</LongitudeDegrees>
            </Position>
            <AltitudeMeters>41.57</AltitudeMeters>
            <DistanceMeters>15030.0</DistanceMeters>
            <Extensions>
              <ns3:TPX>
                <ns3:RunCadence>86</ns3:RunCadence>
              </ns3:TPX>
            </Extensions>
            <Cadence>86</Cadence>
          </Trackpoint>
          <Trackpoint>
            <Time>2020-01-06T01:23:35Z</Time>
            <Position>
              <LatitudeDegrees>25.427789</LatitudeDegrees>
              <LongitudeDegrees>111.859276</LongitudeDegrees>
            </Position>
            <AltitudeMeters>41.61</AltitudeMeters>
            <DistanceMeters>15045.0</DistanceMeters>
            <Extensions>
              <ns3:TPX>
                <ns3:RunCadence>86</ns3:RunCadence>
              </ns3:TPX>
            </Extensions>
            <Cadence>86</Cadence>
          </Trackpoint>
          <Trackpoint>
            <Time>2020-01-06T01:23:40Z</Time>
            <Position>
              <LatitudeDegrees>25.427914</LatitudeDegrees>
              <LongitudeDegrees>111.859330</LongitudeDegrees>
            </Position>
            <AltitudeMeters>41.65</AltitudeMeters>
            <DistanceMeters>15060.0</DistanceMeters>
            <Extensions>
              <ns3:TPX>
                <ns3:RunCadence>86</ns3:RunCadence>
              </ns3:TPX>
            </Extensions>
            <Cadence>86</Cadence>
          </Trackpoint>
          <Trackpoint>
            <Time>2020-01-06T01:23:45Z</Time>
            <Position>
              <LatitudeDegrees>25.428041</LatitudeDegrees>
              <LongitudeDegrees>111.85938</LongitudeDegrees>
            </Position>
            <AltitudeMeters>41.69</AltitudeMeters>
            <DistanceMeters>15075.0</DistanceMeters>
            <Extensions>
              <ns3:TPX>
                <ns3:RunCadence>86</ns3:RunCadence>
              </ns3:TPX>
            </Extensions>
            <Cadence>86</Cadence>
          </Trackpoint>
          <Trackpoint>
            <Time>2020-01-06T01:23:50Z</Time>
            <Position>
              <LatitudeDegrees>25.428170</LatitudeDegrees>
              <LongitudeDegrees>111.859426</LongitudeDegrees>
            </Position>
            <AltitudeMeters>41.72</AltitudeMeters>
            <DistanceMeters>15090.0</DistanceMeters>
            <Extensions>
              <ns3:TPX>
                <ns3:RunCadence>85</ns3:RunCadence>
              </ns3:TPX>
            </Extensions>
            <Cadence>85</Cadence>
          </Trackpoint>
          <Trackpoint>
            <Time>2020-01-06T01:23:55Z</Time>
            <Position>
              <LatitudeDegrees>25.428299</LatitudeDegrees>
              <LongitudeDegrees>111.859467</LongitudeDegrees>
            </Position>
            <AltitudeMeters>41.75</AltitudeMeters>
            <DistanceMeters>15105.0</DistanceMeters>
            <Extensions>
              <ns3:TPX>
                <ns3:RunCadence>85</ns3:RunCadence>
              </ns3:TPX>
            </Extensions>
            <Cadence>85</Cadence>
          </Trackpoint>
          <Trackpoint>
            <Time>2020-01-06T01:24:00Z</Time>
            <Position>
              <LatitudeDegrees>25.428430</LatitudeDegrees>
              <LongitudeDegrees>111.859504</LongitudeDegrees>
            </Position>
            <AltitudeMeters>41.78</AltitudeMeters>
            <DistanceMeters>15120.0</DistanceMeters>
            <Extensions>
              <ns3:TPX>
                <ns3:RunCadence>85</ns3:RunCadence>
              </ns3:TPX>
            </Extensions>
            <Cadence>85</Cadence>
          </Trackpoint>
          <Trackpoint>
            <Time>2020-01-06T01:24:05Z</Time>
            <Position>
              <LatitudeDegrees>25.42856</LatitudeDegrees>
              <LongitudeDegrees>111.859537</LongitudeDegrees>
            </Position>
            <AltitudeMeters>41.81</AltitudeMeters>
            <DistanceMeters>15135.0</DistanceMeters>
            <Extensions>
              <ns3:TPX>
                <ns3:RunCadence>85</ns3:RunCadence>
              </ns3:TPX>
            </Extensions>
            <Cadence>85</Cadence>
          </Trackpoint>
          <Trackpoint>
            <Time>2020-01-06T01:24:10Z</Time>
            <Position>
              <LatitudeDegrees>25.428694</LatitudeDegrees>
              <LongitudeDegrees>111.859564</LongitudeDegrees>
            </Position>
            <AltitudeMeters>41.84</AltitudeMeters>
            <DistanceMeters>15150.0</DistanceMeters>
            <Extensions>
              <ns3:TPX>
                <ns3:RunCadence>85</ns3:RunCadence>
              </ns3:TPX>
            </Extensions>
            <Cadence>85</Cadence>
          </Trackpoint>
          <Trackpoint>
            <Time>2020-01-06T01:24:15Z</Time>
            <Position>
              <LatitudeDegrees>25.428828</LatitudeDegrees>
              <LongitudeDegrees>111.859588</LongitudeDegrees>
            </Position>
            <AltitudeMeters>41.86</AltitudeMeters>
            <DistanceMeters>15165.0</DistanceMeters>
            <Extensions>
              <ns3:TPX>
                <ns3:RunCadence>85</ns3:RunCadence>
              </ns3:TPX>
            </Extensions>
            <Cadence>85</Cadence>
          </Trackpoint>
          <Trackpoint>
            <Time>2020-01-06T01:24:20Z</Time>
            <Position>
              <LatitudeDegrees>25.428961</LatitudeDegrees>
              <LongitudeDegrees>111.859606</LongitudeDegrees>
            </Position>
            <AltitudeMeters>41.88</AltitudeMeters>
            <DistanceMeters>15180.0</DistanceMeters>
            <Extensions>
              <ns3:TPX>
                <ns3:RunCadence>84</ns3:RunCadence>
              </ns3:TPX>
            </Extensions>
            <Cadence>84</Cadence>
          </Trackpoint>
          <Trackpoint>
            <Time>2020-01-06T01:24:25Z</Time>
            <Position>
              <LatitudeDegrees>25.429096</LatitudeDegrees>
              <LongitudeDegrees>111.859620</LongitudeDegrees>
            </Position>
            <AltitudeMeters>41.9</AltitudeMeters>
            <DistanceMeters>15195.0</DistanceMeters>
            <Extensions>
              <ns3:TPX>
                <ns3:RunCadence>84</ns3:RunCadence>
              </ns3:TPX>
            </Extensions>
            <Cadence>84</Cadence>
          </Trackpoint>
          <Trackpoint>
            <Time>2020-01-06T01:24:30Z</Time>
            <Position>
              <LatitudeDegrees>25.429230</LatitudeDegrees>
              <LongitudeDegrees>111.85963</LongitudeDegrees>
            </Position>
            <AltitudeMeters>41.92</AltitudeMeters>
            <DistanceMeters>15210.0</DistanceMeters>
            <Extensions>
              <ns3:TPX>
                <ns3:RunCadence>84</ns3:RunCadence>
              </ns3:TPX>
            </Extensions>
            <Cadence>84</Cadence>
          </Trackpoint>
          <Trackpoint>
            <Time>2020-01-06T01:24:35Z</Time>
            <Position>
              <LatitudeDegrees>25.429365</LatitudeDegrees>
              <LongitudeDegrees>111.859635</LongitudeDegrees>
            </Position>
            <AltitudeMeters>41.94</AltitudeMeters>
            <DistanceMeters>15225.0</DistanceMeters>
            <Extensions>
              <ns3:TPX>
                <ns3:RunCadence>84</ns3:RunCadence>
              </ns3:TPX>
            </Extensions>
            <Cadence>84</Cadence>
          </Trackpoint>
          <Trackpoint>
            <Time>2020-01-06T01:24:40Z</Time>
            <Position>
              <LatitudeDegrees>25.429500</LatitudeDegrees>
              <LongitudeDegrees>111.859635</LongitudeDegrees>
            </Position>
            <AltitudeMeters>41.96</AltitudeMeters>
            <DistanceMeters>15240.0</DistanceMeters>
            <Extensions>
              <ns3:TPX>
                <ns3:RunCadence>84</ns3:RunCadence>
              </ns3:TPX>
            </Extensions>
            <Cadence>84</Cadence>
          </Trackpoint>
          <Trackpoint>
            <Time>2020-01-06T01:24:45Z</Time>
            <Position>
              <LatitudeDegrees>25.429635</LatitudeDegrees>
              <LongitudeDegrees>111.859631</LongitudeDegrees>
            </Position>
            <AltitudeMeters>41.97</AltitudeMeters>
            <DistanceMeters>15255.0</DistanceMeters>
            <Extensions>
              <ns3:TPX>
                <ns3:RunCadence>84</ns3:RunCadence>
              </ns3:TPX>
            </Extensions>
            <Cadence>84</Cadence>
          </Trackpoint>
          <Trackpoint>
            <Time>2020-01-06T01:24:50Z</Time>
            <Position>
              <LatitudeDegrees>25.429769</LatitudeDegrees>
              <LongitudeDegrees>111.859622</LongitudeDegrees>
            </Position>
            <AltitudeMeters>41.98</AltitudeMeters>
            <DistanceMeters>15270.0</DistanceMeters>
            <Extensions>
              <ns3:TPX>
                <ns3:RunCadence>83</ns3:RunCadence>
              </ns3:TPX>
            </Extensions>
            <Cadence>83</Cadence>
          </Trackpoint>
          <Trackpoint>
            <Time>2020-01-06T01:24:55Z</Time>
            <Position>
              <LatitudeDegrees>25.429904</LatitudeDegrees>
              <LongitudeDegrees>111.859608</LongitudeDegrees>
            </Position>
            <AltitudeMeters>41.99</AltitudeMeters>
            <DistanceMeters>15285.0</DistanceMeters>
            <Extensions>
              <ns3:TPX>
                <ns3:RunCadence>83</ns3:RunCadence>
              </ns3:TPX>
            </Extensions>
            <Cadence>83</Cadence>
          </Trackpoint>
          <Trackpoint>
            <Time>2020-01-06T01:25:00Z</Time>
            <Position>
              <LatitudeDegrees>25.430038</LatitudeDegrees>
              <LongitudeDegrees>111.85959</LongitudeDegrees>
            </Position>
            <AltitudeMeters>41.99</AltitudeMeters>
            <DistanceMeters>15300.0</DistanceMeters>
            <Extensions>
              <ns3:TPX>
                <ns3:RunCadence>83</ns3:RunCadence>
              </ns3:TPX>
            </Extensions>
            <Cadence>83</Cadence>
          </Trackpoint>
          <Trackpoint>
            <Time>2020-01-06T01:25:05Z</Time>
            <Position>
              <LatitudeDegrees>25.430171</LatitudeDegrees>
              <LongitudeDegrees>111.859567</LongitudeDegrees>
            </Position>
            <AltitudeMeters>42.00</AltitudeMeters>
            <DistanceMeters>15315.0</DistanceMeters>
            <Extensions>
              <ns3:TPX>
                <ns3:RunCadence>83</ns3:RunCadence>
              </ns3:TPX>
            </Extensions>
            <Cadence>83</Cadence>
          </Trackpoint>
          <Trackpoint>
            <Time>2020-01-06T01:25:10Z</Time>
            <Position>
              <LatitudeDegrees>25.430304</LatitudeDegrees>
              <LongitudeDegrees>111.859540</LongitudeDegrees>
            </Position>
            <AltitudeMeters>42.00</AltitudeMeters>
            <DistanceMeters>15330.0</DistanceMeters>
            <Extensions>
              <ns3:TPX>
                <ns3:RunCadence>83</ns3:RunCadence>
              </ns3:TPX>
            </Extensions>
            <Cadence>83</Cadence>
          </Trackpoint>
          <Trackpoint>
            <Time>2020-01-06T01:25:15Z</Time>
            <Position>
              <LatitudeDegrees>25.430435</LatitudeDegrees>
              <LongitudeDegrees>111.859508</LongitudeDegrees>
            </Position>
            <AltitudeMeters>42.00</AltitudeMeters>
            <DistanceMeters>15345.0</DistanceMeters>
            <Extensions>
              <ns3:TPX>
                <ns3:RunCadence>83</ns3:RunCadence>
              </ns3:TPX>
            </Extensions>
            <Cadence>83</Cadence>
          </Trackpoint>
          <Trackpoint>
            <Time>2020-01-06T01:25:20Z</Time>
            <Position>
              <LatitudeDegrees>25.430566</LatitudeDegrees>
              <LongitudeDegrees>111.859472</LongitudeDegrees>
            </Position>
            <AltitudeMeters>42.00</AltitudeMeters>
            <DistanceMeters>15360.0</DistanceMeters>
            <Extensions>
              <ns3:TPX>
                <ns3:RunCadence>82</ns3:RunCadence>
              </ns3:TPX>
            </Extensions>
            <Cadence>82</Cadence>
          </Trackpoint>
          <Trackpoint>
            <Time>2020-01-06T01:25:25Z</Time>
            <Position>
              <LatitudeDegrees>25.430696</LatitudeDegrees>
              <LongitudeDegrees>111.859431</LongitudeDegrees>
            </Position>
            <AltitudeMeters>41.99</AltitudeMeters>
            <DistanceMeters>15375.0</DistanceMeters>
            <Extensions>
              <ns3:TPX>
                <ns3:RunCadence>82</ns3:RunCadence>
              </ns3:TPX>
            </Extensions>
            <Cadence>82</Cadence>
          </Trackpoint>
          <Trackpoint>
            <Time>2020-01-06T01:25:30Z</Time>
            <Position>
              <LatitudeDegrees>25.430825</LatitudeDegrees>
              <LongitudeDegrees>111.859386</LongitudeDegrees>
            </Position>
            <AltitudeMeters>41.99</AltitudeMeters>
            <DistanceMeters>15390.0</DistanceMeters>
            <Extensions>
              <ns3:TPX>
                <ns3:RunCadence>82</ns3:RunCadence>
              </ns3:TPX>
            </Extensions>
            <Cadence>82</Cadence>
          </Trackpoint>
          <Trackpoint>
            <Time>2020-01-06T01:25:35Z</Time>
            <Position>
              <LatitudeDegrees>25.430952</LatitudeDegrees>
              <LongitudeDegrees>111.859336</LongitudeDegrees>
            </Position>
            <AltitudeMeters>41.98</AltitudeMeters>
            <DistanceMeters>15405.0</DistanceMeters>
            <Extensions>
              <ns3:TPX>
                <ns3:RunCadence>82</ns3:RunCadence>
              </ns3:TPX>
            </Extensions>
            <Cadence>82</Cadence>
          </Trackpoint>
          <Trackpoint>
            <Time>2020-01-06T01:25:40Z</Time>
            <Position>
              <LatitudeDegrees>25.431078</LatitudeDegrees>
              <LongitudeDegrees>111.859282</LongitudeDegrees>
            </Position>
            <AltitudeMeters>42.0</AltitudeMeters>
            <DistanceMeters>15420.0</DistanceMeters>
            <Extensions>
              <ns3:TPX>
                <ns3:RunCadence>82</ns3:RunCadence>
              </ns3:TPX>
            </Extensions>
            <Cadence>82</Cadence>
          </Trackpoint>
          <Trackpoint>
            <Time>2020-01-06T01:25:45Z</Time>
            <Position>
              <LatitudeDegrees>25.431202</LatitudeDegrees>
              <LongitudeDegrees>111.85922</LongitudeDegrees>
            </Position>
            <AltitudeMeters>41.96</AltitudeMeters>
            <DistanceMeters>15435.0</DistanceMeters>
            <Extensions>
              <ns3:TPX>
                <ns3:RunCadence>82</ns3:RunCadence>
              </ns3:TPX>
            </Extensions>
            <Cadence>82</Cadence>
          </Trackpoint>
          <Trackpoint>
            <Time>2020-01-06T01:25:50Z</Time>
            <Position>
              <LatitudeDegrees>25.431324</LatitudeDegrees>
              <LongitudeDegrees>111.859161</LongitudeDegrees>
            </Position>
            <AltitudeMeters>41.94</AltitudeMeters>
            <DistanceMeters>15450.0</DistanceMeters>
            <Extensions>
              <ns3:TPX>
                <ns3:RunCadence>82</ns3:RunCadence>
              </ns3:TPX>
            </Extensions>
            <Cadence>82</Cadence>
          </Trackpoint>
          <Trackpoint>
            <Time>2020-01-06T01:25:55Z</Time>
            <Position>
              <LatitudeDegrees>25.431445</LatitudeDegrees>
              <LongitudeDegrees>111.859095</LongitudeDegrees>
            </Position>
            <AltitudeMeters>41.93</AltitudeMeters>
            <DistanceMeters>15465.0</DistanceMeters>
            <Extensions>
              <ns3:TPX>
                <ns3:RunCadence>82</ns3:RunCadence>
              </ns3:TPX>
            </Extensions>
            <Cadence>82</Cadence>
          </Trackpoint>
          <Trackpoint>
            <Time>2020-01-06T01:26:00Z</Time>
            <Position>
              <LatitudeDegrees>25.431564</LatitudeDegrees>
              <LongitudeDegrees>111.859024</LongitudeDegrees>
            </Position>
            <AltitudeMeters>41.9</AltitudeMeters>
            <DistanceMeters>15480.0</DistanceMeters>
            <Extensions>
              <ns3:TPX>
                <ns3:RunCadence>81</ns3:RunCadence>
              </ns3:TPX>
            </Extensions>
            <Cadence>81</Cadence>
          </Trackpoint>
          <Trackpoint>
            <Time>2020-01-06T01:26:05Z</Time>
            <Position>
              <LatitudeDegrees>25.431681</LatitudeDegrees>
              <LongitudeDegrees>111.858949</LongitudeDegrees>
            </Position>
            <AltitudeMeters>41.89</AltitudeMeters>
            <DistanceMeters>15495.0</DistanceMeters>
            <Extensions>
              <ns3:TPX>
                <ns3:RunCadence>81</ns3:RunCadence>
              </ns3:TPX>
            </Extensions>
            <Cadence>81</Cadence>
          </Trackpoint>
          <Trackpoint>
            <Time>2020-01-06T01:26:10Z</Time>
            <Position>
              <LatitudeDegrees>25.431795</LatitudeDegrees>
              <LongitudeDegrees>111.85887</LongitudeDegrees>
            </Position>
            <AltitudeMeters>41.87</AltitudeMeters>
            <DistanceMeters>15510.0</DistanceMeters>
            <Extensions>
              <ns3:TPX>
                <ns3:RunCadence>81</ns3:RunCadence>
              </ns3:TPX>
            </Extensions>
            <Cadence>81</Cadence>
          </Trackpoint>
          <Trackpoint>
            <Time>2020-01-06T01:26:15Z</Time>
            <Position>
              <LatitudeDegrees>25.431908</LatitudeDegrees>
              <LongitudeDegrees>111.85879</LongitudeDegrees>
            </Position>
            <AltitudeMeters>41.84</AltitudeMeters>
            <DistanceMeters>15525.0</DistanceMeters>
            <Extensions>
              <ns3:TPX>
                <ns3:RunCadence>81</ns3:RunCadence>
              </ns3:TPX>
            </Extensions>
            <Cadence>81</Cadence>
          </Trackpoint>
          <Trackpoint>
            <Time>2020-01-06T01:26:20Z</Time>
            <Position>
              <LatitudeDegrees>25.432018</LatitudeDegrees>
              <LongitudeDegrees>111.858702</LongitudeDegrees>
            </Position>
            <AltitudeMeters>41.82</AltitudeMeters>
            <DistanceMeters>15540.0</DistanceMeters>
            <Extensions>
              <ns3:TPX>
                <ns3:RunCadence>81</ns3:RunCadence>
              </ns3:TPX>
            </Extensions>
            <Cadence>81</Cadence>
          </Trackpoint>
          <Trackpoint>
            <Time>2020-01-06T01:26:25Z</Time>
            <Position>
              <LatitudeDegrees>25.432125</LatitudeDegrees>
              <LongitudeDegrees>111.858611</LongitudeDegrees>
            </Position>
            <AltitudeMeters>41.79</AltitudeMeters>
            <DistanceMeters>15555.0</DistanceMeters>
            <Extensions>
              <ns3:TPX>
                <ns3:RunCadence>81</ns3:RunCadence>
              </ns3:TPX>
            </Extensions>
            <Cadence>81</Cadence>
          </Trackpoint>
          <Trackpoint>
            <Time>2020-01-06T01:26:30Z</Time>
            <Position>
              <LatitudeDegrees>25.432230</LatitudeDegrees>
              <LongitudeDegrees>111.8585</LongitudeDegrees>
            </Position>
            <AltitudeMeters>41.76</AltitudeMeters>
            <DistanceMeters>15570.0</DistanceMeters>
            <Extensions>
              <ns3:TPX>
                <ns3:RunCadence>81</ns3:RunCadence>
              </ns3:TPX>
            </Extensions>
            <Cadence>81</Cadence>
          </Trackpoint>
          <Trackpoint>
            <Time>2020-01-06T01:26:35Z</Time>
            <Position>
              <LatitudeDegrees>25.432333</LatitudeDegrees>
              <LongitudeDegrees>111.858420</LongitudeDegrees>
            </Position>
            <AltitudeMeters>41.73</AltitudeMeters>
            <DistanceMeters>15585.0</DistanceMeters>
            <Extensions>
              <ns3:TPX>
                <ns3:RunCadence>81</ns3:RunCadence>
              </ns3:TPX>
            </Extensions>
            <Cadence>81</Cadence>
          </Trackpoint>
          <Trackpoint>
            <Time>2020-01-06T01:26:40Z</Time>
            <Position>
              <LatitudeDegrees>25.432432</LatitudeDegrees>
              <LongitudeDegrees>111.858320</LongitudeDegrees>
            </Position>
            <AltitudeMeters>41.69</AltitudeMeters>
            <DistanceMeters>15600.0</DistanceMeters>
            <Extensions>
              <ns3:TPX>
                <ns3:RunCadence>81</ns3:RunCadence>
              </ns3:TPX>
            </Extensions>
            <Cadence>81</Cadence>
          </Trackpoint>
          <Trackpoint>
            <Time>2020-01-06T01:26:45Z</Time>
            <Position>
              <LatitudeDegrees>25.432529</LatitudeDegrees>
              <LongitudeDegrees>111.858215</LongitudeDegrees>
            </Position>
            <AltitudeMeters>41.66</AltitudeMeters>
            <DistanceMeters>15615.0</DistanceMeters>
            <Extensions>
              <ns3:TPX>
                <ns3:RunCadence>81</ns3:RunCadence>
              </ns3:TPX>
            </Extensions>
            <Cadence>81</Cadence>
          </Trackpoint>
          <Trackpoint>
            <Time>2020-01-06T01:26:50Z</Time>
            <Position>
              <LatitudeDegrees>25.432623</LatitudeDegrees>
              <LongitudeDegrees>111.858108</LongitudeDegrees>
            </Position>
            <AltitudeMeters>41.62</AltitudeMeters>
            <DistanceMeters>15630.0</DistanceMeters>
            <Extensions>
              <ns3:TPX>
                <ns3:RunCadence>81</ns3:RunCadence>
              </ns3:TPX>
            </Extensions>
            <Cadence>81</Cadence>
          </Trackpoint>
          <Trackpoint>
            <Time>2020-01-06T01:26:55Z</Time>
            <Position>
              <LatitudeDegrees>25.432713</LatitudeDegrees>
              <LongitudeDegrees>111.857997</LongitudeDegrees>
            </Position>
            <AltitudeMeters>41.58</AltitudeMeters>
            <DistanceMeters>15645.0</DistanceMeters>
            <Extensions>
              <ns3:TPX>
                <ns3:RunCadence>81</ns3:RunCadence>
              </ns3:TPX>
            </Extensions>
            <Cadence>81</Cadence>
          </Trackpoint>
          <Trackpoint>
            <Time>2020-01-06T01:27:00Z</Time>
            <Position>
              <LatitudeDegrees>25.432801</LatitudeDegrees>
              <LongitudeDegrees>111.857884</LongitudeDegrees>
            </Position>
            <AltitudeMeters>41.54</AltitudeMeters>
            <DistanceMeters>15660.0</DistanceMeters>
            <Extensions>
              <ns3:TPX>
                <ns3:RunCadence>81</ns3:RunCadence>
              </ns3:TPX>
            </Extensions>
            <Cadence>81</Cadence>
          </Trackpoint>
          <Trackpoint>
            <Time>2020-01-06T01:27:05Z</Time>
            <Position>
              <LatitudeDegrees>25.432885</LatitudeDegrees>
              <LongitudeDegrees>111.857767</LongitudeDegrees>
            </Position>
            <AltitudeMeters>41.50</AltitudeMeters>
            <DistanceMeters>15675.0</DistanceMeters>
            <Extensions>
              <ns3:TPX>
                <ns3:RunCadence>81</ns3:RunCadence>
              </ns3:TPX>
            </Extensions>
            <Cadence>81</Cadence>
          </Trackpoint>
          <Trackpoint>
            <Time>2020-01-06T01:27:10Z</Time>
            <Position>
              <LatitudeDegrees>25.432966</LatitudeDegrees>
              <LongitudeDegrees>111.857648</LongitudeDegrees>
            </Position>
            <AltitudeMeters>41.46</AltitudeMeters>
            <DistanceMeters>15690.0</DistanceMeters>
            <Extensions>
              <ns3:TPX>
                <ns3:RunCadence>81</ns3:RunCadence>
              </ns3:TPX>
            </Extensions>
            <Cadence>81</Cadence>
          </Trackpoint>
          <Trackpoint>
            <Time>2020-01-06T01:27:15Z</Time>
            <Position>
              <LatitudeDegrees>25.433044</LatitudeDegrees>
              <LongitudeDegrees>111.857526</LongitudeDegrees>
            </Position>
            <AltitudeMeters>41.41</AltitudeMeters>
            <DistanceMeters>15705.0</DistanceMeters>
            <Extensions>
              <ns3:TPX>
                <ns3:RunCadence>81</ns3:RunCadence>
              </ns3:TPX>
            </Extensions>
            <Cadence>81</Cadence>
          </Trackpoint>
          <Trackpoint>
            <Time>2020-01-06T01:27:20Z</Time>
            <Position>
              <LatitudeDegrees>25.433118</LatitudeDegrees>
              <LongitudeDegrees>111.857401</LongitudeDegrees>
            </Position>
            <AltitudeMeters>41.36</AltitudeMeters>
            <DistanceMeters>15720.0</DistanceMeters>
            <Extensions>
              <ns3:TPX>
                <ns3:RunCadence>81</ns3:RunCadence>
              </ns3:TPX>
            </Extensions>
            <Cadence>81</Cadence>
          </Trackpoint>
          <Trackpoint>
            <Time>2020-01-06T01:27:25Z</Time>
            <Position>
              <LatitudeDegrees>25.433189</LatitudeDegrees>
              <LongitudeDegrees>111.857274</LongitudeDegrees>
            </Position>
            <AltitudeMeters>41.3</AltitudeMeters>
            <DistanceMeters>15735.0</DistanceMeters>
            <Extensions>
              <ns3:TPX>
                <ns3:RunCadence>81</ns3:RunCadence>
              </ns3:TPX>
            </Extensions>
            <Cadence>81</Cadence>
          </Trackpoint>
          <Trackpoint>
            <Time>2020-01-06T01:27:30Z</Time>
            <Position>
              <LatitudeDegrees>25.433256</LatitudeDegrees>
              <LongitudeDegrees>111.857144</LongitudeDegrees>
            </Position>
            <AltitudeMeters>41.3</AltitudeMeters>
            <DistanceMeters>15750.0</DistanceMeters>
            <Extensions>
              <ns3:TPX>
                <ns3:RunCadence>81</ns3:RunCadence>
              </ns3:TPX>
            </Extensions>
            <Cadence>81</Cadence>
          </Trackpoint>
          <Trackpoint>
            <Time>2020-01-06T01:27:35Z</Time>
            <Position>
              <LatitudeDegrees>25.433319</LatitudeDegrees>
              <LongitudeDegrees>111.857012</LongitudeDegrees>
            </Position>
            <AltitudeMeters>41.22</AltitudeMeters>
            <DistanceMeters>15765.0</DistanceMeters>
            <Extensions>
              <ns3:TPX>
                <ns3:RunCadence>81</ns3:RunCadence>
              </ns3:TPX>
            </Extensions>
            <Cadence>81</Cadence>
          </Trackpoint>
          <Trackpoint>
            <Time>2020-01-06T01:27:40Z</Time>
            <Position>
              <LatitudeDegrees>25.43338</LatitudeDegrees>
              <LongitudeDegrees>111.856879</LongitudeDegrees>
            </Position>
            <AltitudeMeters>41.17</AltitudeMeters>
            <DistanceMeters>15780.0</DistanceMeters>
            <Extensions>
              <ns3:TPX>
                <ns3:RunCadence>82</ns3:RunCadence>
              </ns3:TPX>
            </Extensions>
            <Cadence>82</Cadence>
          </Trackpoint>
          <Trackpoint>
            <Time>2020-01-06T01:27:45Z</Time>
            <Position>
              <LatitudeDegrees>25.433435</LatitudeDegrees>
              <LongitudeDegrees>111.856743</LongitudeDegrees>
            </Position>
            <AltitudeMeters>41.11</AltitudeMeters>
            <DistanceMeters>15795.0</DistanceMeters>
            <Extensions>
              <ns3:TPX>
                <ns3:RunCadence>82</ns3:RunCadence>
              </ns3:TPX>
            </Extensions>
            <Cadence>82</Cadence>
          </Trackpoint>
          <Trackpoint>
            <Time>2020-01-06T01:27:50Z</Time>
            <Position>
              <LatitudeDegrees>25.433487</LatitudeDegrees>
              <LongitudeDegrees>111.856605</LongitudeDegrees>
            </Position>
            <AltitudeMeters>41.06</AltitudeMeters>
            <DistanceMeters>15810.0</DistanceMeters>
            <Extensions>
              <ns3:TPX>
                <ns3:RunCadence>82</ns3:RunCadence>
              </ns3:TPX>
            </Extensions>
            <Cadence>82</Cadence>
          </Trackpoint>
          <Trackpoint>
            <Time>2020-01-06T01:27:55Z</Time>
            <Position>
              <LatitudeDegrees>25.433536</LatitudeDegrees>
              <LongitudeDegrees>111.856465</LongitudeDegrees>
            </Position>
            <AltitudeMeters>41.00</AltitudeMeters>
            <DistanceMeters>15825.0</DistanceMeters>
            <Extensions>
              <ns3:TPX>
                <ns3:RunCadence>82</ns3:RunCadence>
              </ns3:TPX>
            </Extensions>
            <Cadence>82</Cadence>
          </Trackpoint>
          <Trackpoint>
            <Time>2020-01-06T01:28:00Z</Time>
            <Position>
              <LatitudeDegrees>25.433580</LatitudeDegrees>
              <LongitudeDegrees>111.856324</LongitudeDegrees>
            </Position>
            <AltitudeMeters>40.95</AltitudeMeters>
            <DistanceMeters>15840.0</DistanceMeters>
            <Extensions>
              <ns3:TPX>
                <ns3:RunCadence>82</ns3:RunCadence>
              </ns3:TPX>
            </Extensions>
            <Cadence>82</Cadence>
          </Trackpoint>
          <Trackpoint>
            <Time>2020-01-06T01:28:05Z</Time>
            <Position>
              <LatitudeDegrees>25.433620</LatitudeDegrees>
              <LongitudeDegrees>111.856182</LongitudeDegrees>
            </Position>
            <AltitudeMeters>40.89</AltitudeMeters>
            <DistanceMeters>15855.0</DistanceMeters>
            <Extensions>
              <ns3:TPX>
                <ns3:RunCadence>82</ns3:RunCadence>
              </ns3:TPX>
            </Extensions>
            <Cadence>82</Cadence>
          </Trackpoint>
          <Trackpoint>
            <Time>2020-01-06T01:28:10Z</Time>
            <Position>
              <LatitudeDegrees>25.433657</LatitudeDegrees>
              <LongitudeDegrees>111.85604</LongitudeDegrees>
            </Position>
            <AltitudeMeters>40.83</AltitudeMeters>
            <DistanceMeters>15870.0</DistanceMeters>
            <Extensions>
              <ns3:TPX>
                <ns3:RunCadence>82</ns3:RunCadence>
              </ns3:TPX>
            </Extensions>
            <Cadence>82</Cadence>
          </Trackpoint>
          <Trackpoint>
            <Time>2020-01-06T01:28:15Z</Time>
            <Position>
              <LatitudeDegrees>25.433689</LatitudeDegrees>
              <LongitudeDegrees>111.85589</LongitudeDegrees>
            </Position>
            <AltitudeMeters>40.8</AltitudeMeters>
            <DistanceMeters>15885.0</DistanceMeters>
            <Extensions>
              <ns3:TPX>
                <ns3:RunCadence>82</ns3:RunCadence>
              </ns3:TPX>
            </Extensions>
            <Cadence>82</Cadence>
          </Trackpoint>
          <Trackpoint>
            <Time>2020-01-06T01:28:20Z</Time>
            <Position>
              <LatitudeDegrees>25.433717</LatitudeDegrees>
              <LongitudeDegrees>111.855747</LongitudeDegrees>
            </Position>
            <AltitudeMeters>40.71</AltitudeMeters>
            <DistanceMeters>15900.0</DistanceMeters>
            <Extensions>
              <ns3:TPX>
                <ns3:RunCadence>83</ns3:RunCadence>
              </ns3:TPX>
            </Extensions>
            <Cadence>83</Cadence>
          </Trackpoint>
          <Trackpoint>
            <Time>2020-01-06T01:28:25Z</Time>
            <Position>
              <LatitudeDegrees>25.433742</LatitudeDegrees>
              <LongitudeDegrees>111.855600</LongitudeDegrees>
            </Position>
            <AltitudeMeters>40.65</AltitudeMeters>
            <DistanceMeters>15915.0</DistanceMeters>
            <Extensions>
              <ns3:TPX>
                <ns3:RunCadence>83</ns3:RunCadence>
              </ns3:TPX>
            </Extensions>
            <Cadence>83</Cadence>
          </Trackpoint>
          <Trackpoint>
            <Time>2020-01-06T01:28:30Z</Time>
            <Position>
              <LatitudeDegrees>25.433762</LatitudeDegrees>
              <LongitudeDegrees>111.855452</LongitudeDegrees>
            </Position>
            <AltitudeMeters>40.59</AltitudeMeters>
            <DistanceMeters>15930.0</DistanceMeters>
            <Extensions>
              <ns3:TPX>
                <ns3:RunCadence>83</ns3:RunCadence>
              </ns3:TPX>
            </Extensions>
            <Cadence>83</Cadence>
          </Trackpoint>
          <Trackpoint>
            <Time>2020-01-06T01:28:35Z</Time>
            <Position>
              <LatitudeDegrees>25.433778</LatitudeDegrees>
              <LongitudeDegrees>111.855304</LongitudeDegrees>
            </Position>
            <AltitudeMeters>40.53</AltitudeMeters>
            <DistanceMeters>15945.0</DistanceMeters>
            <Extensions>
              <ns3:TPX>
                <ns3:RunCadence>83</ns3:RunCadence>
              </ns3:TPX>
            </Extensions>
            <Cadence>83</Cadence>
          </Trackpoint>
          <Trackpoint>
            <Time>2020-01-06T01:28:40Z</Time>
            <Position>
              <LatitudeDegrees>25.433789</LatitudeDegrees>
              <LongitudeDegrees>111.855155</LongitudeDegrees>
            </Position>
            <AltitudeMeters>40.47</AltitudeMeters>
            <DistanceMeters>15960.0</DistanceMeters>
            <Extensions>
              <ns3:TPX>
                <ns3:RunCadence>83</ns3:RunCadence>
              </ns3:TPX>
            </Extensions>
            <Cadence>83</Cadence>
          </Trackpoint>
          <Trackpoint>
            <Time>2020-01-06T01:28:45Z</Time>
            <Position>
              <LatitudeDegrees>25.433797</LatitudeDegrees>
              <LongitudeDegrees>111.855006</LongitudeDegrees>
            </Position>
            <AltitudeMeters>40.40</AltitudeMeters>
            <DistanceMeters>15975.0</DistanceMeters>
            <Extensions>
              <ns3:TPX>
                <ns3:RunCadence>83</ns3:RunCadence>
              </ns3:TPX>
            </Extensions>
            <Cadence>83</Cadence>
          </Trackpoint>
          <Trackpoint>
            <Time>2020-01-06T01:28:50Z</Time>
            <Position>
              <LatitudeDegrees>25.433801</LatitudeDegrees>
              <LongitudeDegrees>111.854857</LongitudeDegrees>
            </Position>
            <AltitudeMeters>40.34</AltitudeMeters>
            <DistanceMeters>15990.0</DistanceMeters>
            <Extensions>
              <ns3:TPX>
                <ns3:RunCadence>84</ns3:RunCadence>
              </ns3:TPX>
            </Extensions>
            <Cadence>84</Cadence>
          </Trackpoint>
          <Trackpoint>
            <Time>2020-01-06T01:28:55Z</Time>
            <Position>
              <LatitudeDegrees>25.433800</LatitudeDegrees>
              <LongitudeDegrees>111.85471</LongitudeDegrees>
            </Position>
            <AltitudeMeters>40.28</AltitudeMeters>
            <DistanceMeters>16005.0</DistanceMeters>
            <Extensions>
              <ns3:TPX>
                <ns3:RunCadence>84</ns3:RunCadence>
              </ns3:TPX>
            </Extensions>
            <Cadence>84</Cadence>
          </Trackpoint>
          <Trackpoint>
            <Time>2020-01-06T01:29:00Z</Time>
            <Position>
              <LatitudeDegrees>25.433795</LatitudeDegrees>
              <LongitudeDegrees>111.854558</LongitudeDegrees>
            </Position>
            <AltitudeMeters>40.21</AltitudeMeters>
            <DistanceMeters>16020.0</DistanceMeters>
            <Extensions>
              <ns3:TPX>
                <ns3:RunCadence>84</ns3:RunCadence>
              </ns3:TPX>
            </Extensions>
            <Cadence>84</Cadence>
          </Trackpoint>
          <Trackpoint>
            <Time>2020-01-06T01:29:05Z</Time>
            <Position>
              <LatitudeDegrees>25.433786</LatitudeDegrees>
              <LongitudeDegrees>111.854409</LongitudeDegrees>
            </Position>
            <AltitudeMeters>40.15</AltitudeMeters>
            <DistanceMeters>16035.0</DistanceMeters>
            <Extensions>
              <ns3:TPX>
                <ns3:RunCadence>84</ns3:RunCadence>
              </ns3:TPX>
            </Extensions>
            <Cadence>84</Cadence>
          </Trackpoint>
          <Trackpoint>
            <Time>2020-01-06T01:29:10Z</Time>
            <Position>
              <LatitudeDegrees>25.433773</LatitudeDegrees>
              <LongitudeDegrees>111.854261</LongitudeDegrees>
            </Position>
            <AltitudeMeters>40.1</AltitudeMeters>
            <DistanceMeters>16050.0</DistanceMeters>
            <Extensions>
              <ns3:TPX>
                <ns3:RunCadence>84</ns3:RunCadence>
              </ns3:TPX>
            </Extensions>
            <Cadence>84</Cadence>
          </Trackpoint>
          <Trackpoint>
            <Time>2020-01-06T01:29:15Z</Time>
            <Position>
              <LatitudeDegrees>25.433756</LatitudeDegrees>
              <LongitudeDegrees>111.854112</LongitudeDegrees>
            </Position>
            <AltitudeMeters>40.02</AltitudeMeters>
            <DistanceMeters>16065.0</DistanceMeters>
            <Extensions>
              <ns3:TPX>
                <ns3:RunCadence>85</ns3:RunCadence>
              </ns3:TPX>
            </Extensions>
            <Cadence>85</Cadence>
          </Trackpoint>
          <Trackpoint>
            <Time>2020-01-06T01:29:20Z</Time>
            <Position>
              <LatitudeDegrees>25.433734</LatitudeDegrees>
              <LongitudeDegrees>111.853965</LongitudeDegrees>
            </Position>
            <AltitudeMeters>39.95</AltitudeMeters>
            <DistanceMeters>16080.0</DistanceMeters>
            <Extensions>
              <ns3:TPX>
                <ns3:RunCadence>85</ns3:RunCadence>
              </ns3:TPX>
            </Extensions>
            <Cadence>85</Cadence>
          </Trackpoint>
          <Trackpoint>
            <Time>2020-01-06T01:29:25Z</Time>
            <Position>
              <LatitudeDegrees>25.43371</LatitudeDegrees>
              <LongitudeDegrees>111.85382</LongitudeDegrees>
            </Position>
            <AltitudeMeters>39.89</AltitudeMeters>
            <DistanceMeters>16095.0</DistanceMeters>
            <Extensions>
              <ns3:TPX>
                <ns3:RunCadence>85</ns3:RunCadence>
              </ns3:TPX>
            </Extensions>
            <Cadence>85</Cadence>
          </Trackpoint>
          <Trackpoint>
            <Time>2020-01-06T01:29:30Z</Time>
            <Position>
              <LatitudeDegrees>25.433679</LatitudeDegrees>
              <LongitudeDegrees>111.853673</LongitudeDegrees>
            </Position>
            <AltitudeMeters>39.82</AltitudeMeters>
            <DistanceMeters>16110.0</DistanceMeters>
            <Extensions>
              <ns3:TPX>
                <ns3:RunCadence>85</ns3:RunCadence>
              </ns3:TPX>
            </Extensions>
            <Cadence>85</Cadence>
          </Trackpoint>
          <Trackpoint>
            <Time>2020-01-06T01:29:35Z</Time>
            <Position>
              <LatitudeDegrees>25.433645</LatitudeDegrees>
              <LongitudeDegrees>111.85353</LongitudeDegrees>
            </Position>
            <AltitudeMeters>39.8</AltitudeMeters>
            <DistanceMeters>16125.0</DistanceMeters>
            <Extensions>
              <ns3:TPX>
                <ns3:RunCadence>85</ns3:RunCadence>
              </ns3:TPX>
            </Extensions>
            <Cadence>85</Cadence>
          </Trackpoint>
          <Trackpoint>
            <Time>2020-01-06T01:29:40Z</Time>
            <Position>
              <LatitudeDegrees>25.433607</LatitudeDegrees>
              <LongitudeDegrees>111.853385</LongitudeDegrees>
            </Position>
            <AltitudeMeters>39.70</AltitudeMeters>
            <DistanceMeters>16140.0</DistanceMeters>
            <Extensions>
              <ns3:TPX>
                <ns3:RunCadence>85</ns3:RunCadence>
              </ns3:TPX>
            </Extensions>
            <Cadence>85</Cadence>
          </Trackpoint>
          <Trackpoint>
            <Time>2020-01-06T01:29:45Z</Time>
            <Position>
              <LatitudeDegrees>25.433566</LatitudeDegrees>
              <LongitudeDegrees>111.853243</LongitudeDegrees>
            </Position>
            <AltitudeMeters>39.63</AltitudeMeters>
            <DistanceMeters>16155.0</DistanceMeters>
            <Extensions>
              <ns3:TPX>
                <ns3:RunCadence>85</ns3:RunCadence>
              </ns3:TPX>
            </Extensions>
            <Cadence>85</Cadence>
          </Trackpoint>
          <Trackpoint>
            <Time>2020-01-06T01:29:50Z</Time>
            <Position>
              <LatitudeDegrees>25.433520</LatitudeDegrees>
              <LongitudeDegrees>111.853102</LongitudeDegrees>
            </Position>
            <AltitudeMeters>39.57</AltitudeMeters>
            <DistanceMeters>16170.0</DistanceMeters>
            <Extensions>
              <ns3:TPX>
                <ns3:RunCadence>86</ns3:RunCadence>
              </ns3:TPX>
            </Extensions>
            <Cadence>86</Cadence>
          </Trackpoint>
          <Trackpoint>
            <Time>2020-01-06T01:29:55Z</Time>
            <Position>
              <LatitudeDegrees>25.433470</LatitudeDegrees>
              <LongitudeDegrees>111.852963</LongitudeDegrees>
            </Position>
            <AltitudeMeters>39.51</AltitudeMeters>
            <DistanceMeters>16185.0</DistanceMeters>
            <Extensions>
              <ns3:TPX>
                <ns3:RunCadence>86</ns3:RunCadence>
              </ns3:TPX>
            </Extensions>
            <Cadence>86</Cadence>
          </Trackpoint>
          <Trackpoint>
            <Time>2020-01-06T01:30:00Z</Time>
            <Position>
              <LatitudeDegrees>25.433417</LatitudeDegrees>
              <LongitudeDegrees>111.852826</LongitudeDegrees>
            </Position>
            <AltitudeMeters>39.45</AltitudeMeters>
            <DistanceMeters>16200.0</DistanceMeters>
            <Extensions>
              <ns3:TPX>
                <ns3:RunCadence>86</ns3:RunCadence>
              </ns3:TPX>
            </Extensions>
            <Cadence>86</Cadence>
          </Trackpoint>
          <Trackpoint>
            <Time>2020-01-06T01:30:05Z</Time>
            <Position>
              <LatitudeDegrees>25.43336</LatitudeDegrees>
              <LongitudeDegrees>111.852691</LongitudeDegrees>
            </Position>
            <AltitudeMeters>39.38</AltitudeMeters>
            <DistanceMeters>16215.0</DistanceMeters>
            <Extensions>
              <ns3:TPX>
                <ns3:RunCadence>86</ns3:RunCadence>
              </ns3:TPX>
            </Extensions>
            <Cadence>86</Cadence>
          </Trackpoint>
          <Trackpoint>
            <Time>2020-01-06T01:30:10Z</Time>
            <Position>
              <LatitudeDegrees>25.433299</LatitudeDegrees>
              <LongitudeDegrees>111.852557</LongitudeDegrees>
            </Position>
            <AltitudeMeters>39.32</AltitudeMeters>
            <DistanceMeters>16230.0</DistanceMeters>
            <Extensions>
              <ns3:TPX>
                <ns3:RunCadence>86</ns3:RunCadence>
              </ns3:TPX>
            </Extensions>
            <Cadence>86</Cadence>
          </Trackpoint>
          <Trackpoint>
            <Time>2020-01-06T01:30:15Z</Time>
            <Position>
              <LatitudeDegrees>25.433234</LatitudeDegrees>
              <LongitudeDegrees>111.852426</LongitudeDegrees>
            </Position>
            <AltitudeMeters>39.26</AltitudeMeters>
            <DistanceMeters>16245.0</DistanceMeters>
            <Extensions>
              <ns3:TPX>
                <ns3:RunCadence>86</ns3:RunCadence>
              </ns3:TPX>
            </Extensions>
            <Cadence>86</Cadence>
          </Trackpoint>
          <Trackpoint>
            <Time>2020-01-06T01:30:20Z</Time>
            <Position>
              <LatitudeDegrees>25.433166</LatitudeDegrees>
              <LongitudeDegrees>111.852298</LongitudeDegrees>
            </Position>
            <AltitudeMeters>39.20</AltitudeMeters>
            <DistanceMeters>16260.0</DistanceMeters>
            <Extensions>
              <ns3:TPX>
                <ns3:RunCadence>86</ns3:RunCadence>
              </ns3:TPX>
            </Extensions>
            <Cadence>86</Cadence>
          </Trackpoint>
          <Trackpoint>
            <Time>2020-01-06T01:30:25Z</Time>
            <Position>
              <LatitudeDegrees>25.433094</LatitudeDegrees>
              <LongitudeDegrees>111.852171</LongitudeDegrees>
            </Position>
            <AltitudeMeters>39.14</AltitudeMeters>
            <DistanceMeters>16275.0</DistanceMeters>
            <Extensions>
              <ns3:TPX>
                <ns3:RunCadence>87</ns3:RunCadence>
              </ns3:TPX>
            </Extensions>
            <Cadence>87</Cadence>
          </Trackpoint>
          <Trackpoint>
            <Time>2020-01-06T01:30:30Z</Time>
            <Position>
              <LatitudeDegrees>25.433018</LatitudeDegrees>
              <LongitudeDegrees>111.852047</LongitudeDegrees>
            </Position>
            <AltitudeMeters>39.09</AltitudeMeters>
            <DistanceMeters>16290.0</DistanceMeters>
            <Extensions>
              <ns3:TPX>
                <ns3:RunCadence>87</ns3:RunCadence>
              </ns3:TPX>
            </Extensions>
            <Cadence>87</Cadence>
          </Trackpoint>
          <Trackpoint>
            <Time>2020-01-06T01:30:35Z</Time>
            <Position>
              <LatitudeDegrees>25.432940</LatitudeDegrees>
              <LongitudeDegrees>111.851926</LongitudeDegrees>
            </Position>
            <AltitudeMeters>39.03</AltitudeMeters>
            <DistanceMeters>16305.0</DistanceMeters>
            <Extensions>
              <ns3:TPX>
                <ns3:RunCadence>87</ns3:RunCadence>
              </ns3:TPX>
            </Extensions>
            <Cadence>87</Cadence>
          </Trackpoint>
          <Trackpoint>
            <Time>2020-01-06T01:30:40Z</Time>
            <Position>
              <LatitudeDegrees>25.432858</LatitudeDegrees>
              <LongitudeDegrees>111.851808</LongitudeDegrees>
            </Position>
            <AltitudeMeters>38.97</AltitudeMeters>
            <DistanceMeters>16320.0</DistanceMeters>
            <Extensions>
              <ns3:TPX>
                <ns3:RunCadence>87</ns3:RunCadence>
              </ns3:TPX>
            </Extensions>
            <Cadence>87</Cadence>
          </Trackpoint>
          <Trackpoint>
            <Time>2020-01-06T01:30:45Z</Time>
            <Position>
              <LatitudeDegrees>25.432772</LatitudeDegrees>
              <LongitudeDegrees>111.851692</LongitudeDegrees>
            </Position>
            <AltitudeMeters>38.92</AltitudeMeters>
            <DistanceMeters>16335.0</DistanceMeters>
            <Extensions>
              <ns3:TPX>
                <ns3:RunCadence>87</ns3:RunCadence>
              </ns3:TPX>
            </Extensions>
            <Cadence>87</Cadence>
          </Trackpoint>
          <Trackpoint>
            <Time>2020-01-06T01:30:50Z</Time>
            <Position>
              <LatitudeDegrees>25.432684</LatitudeDegrees>
              <LongitudeDegrees>111.851579</LongitudeDegrees>
            </Position>
            <AltitudeMeters>38.86</AltitudeMeters>
            <DistanceMeters>16350.0</DistanceMeters>
            <Extensions>
              <ns3:TPX>
                <ns3:RunCadence>87</ns3:RunCadence>
              </ns3:TPX>
            </Extensions>
            <Cadence>87</Cadence>
          </Trackpoint>
          <Trackpoint>
            <Time>2020-01-06T01:30:55Z</Time>
            <Position>
              <LatitudeDegrees>25.432592</LatitudeDegrees>
              <LongitudeDegrees>111.851470</LongitudeDegrees>
            </Position>
            <AltitudeMeters>38.8</AltitudeMeters>
            <DistanceMeters>16365.0</DistanceMeters>
            <Extensions>
              <ns3:TPX>
                <ns3:RunCadence>87</ns3:RunCadence>
              </ns3:TPX>
            </Extensions>
            <Cadence>87</Cadence>
          </Trackpoint>
          <Trackpoint>
            <Time>2020-01-06T01:31:00Z</Time>
            <Position>
              <LatitudeDegrees>25.432497</LatitudeDegrees>
              <LongitudeDegrees>111.85136</LongitudeDegrees>
            </Position>
            <AltitudeMeters>38.76</AltitudeMeters>
            <DistanceMeters>16380.0</DistanceMeters>
            <Extensions>
              <ns3:TPX>
                <ns3:RunCadence>87</ns3:RunCadence>
              </ns3:TPX>
            </Extensions>
            <Cadence>87</Cadence>
          </Trackpoint>
          <Trackpoint>
            <Time>2020-01-06T01:31:05Z</Time>
            <Position>
              <LatitudeDegrees>25.432399</LatitudeDegrees>
              <LongitudeDegrees>111.851260</LongitudeDegrees>
            </Position>
            <AltitudeMeters>38.71</AltitudeMeters>
            <DistanceMeters>16395.0</DistanceMeters>
            <Extensions>
              <ns3:TPX>
                <ns3:RunCadence>87</ns3:RunCadence>
              </ns3:TPX>
            </Extensions>
            <Cadence>87</Cadence>
          </Trackpoint>
          <Trackpoint>
            <Time>2020-01-06T01:31:10Z</Time>
            <Position>
              <LatitudeDegrees>25.43230</LatitudeDegrees>
              <LongitudeDegrees>111.851161</LongitudeDegrees>
            </Position>
            <AltitudeMeters>38.66</AltitudeMeters>
            <DistanceMeters>16410.0</DistanceMeters>
            <Extensions>
              <ns3:TPX>
                <ns3:RunCadence>87</ns3:RunCadence>
              </ns3:TPX>
            </Extensions>
            <Cadence>87</Cadence>
          </Trackpoint>
          <Trackpoint>
            <Time>2020-01-06T01:31:15Z</Time>
            <Position>
              <LatitudeDegrees>25.432196</LatitudeDegrees>
              <LongitudeDegrees>111.851065</LongitudeDegrees>
            </Position>
            <AltitudeMeters>38.61</AltitudeMeters>
            <DistanceMeters>16425.0</DistanceMeters>
            <Extensions>
              <ns3:TPX>
                <ns3:RunCadence>87</ns3:RunCadence>
              </ns3:TPX>
            </Extensions>
            <Cadence>87</Cadence>
          </Trackpoint>
          <Trackpoint>
            <Time>2020-01-06T01:31:20Z</Time>
            <Position>
              <LatitudeDegrees>25.432090</LatitudeDegrees>
              <LongitudeDegrees>111.850972</LongitudeDegrees>
            </Position>
            <AltitudeMeters>38.57</AltitudeMeters>
            <DistanceMeters>16440.0</DistanceMeters>
            <Extensions>
              <ns3:TPX>
                <ns3:RunCadence>87</ns3:RunCadence>
              </ns3:TPX>
            </Extensions>
            <Cadence>87</Cadence>
          </Trackpoint>
          <Trackpoint>
            <Time>2020-01-06T01:31:25Z</Time>
            <Position>
              <LatitudeDegrees>25.43198</LatitudeDegrees>
              <LongitudeDegrees>111.850883</LongitudeDegrees>
            </Position>
            <AltitudeMeters>38.52</AltitudeMeters>
            <DistanceMeters>16455.0</DistanceMeters>
            <Extensions>
              <ns3:TPX>
                <ns3:RunCadence>87</ns3:RunCadence>
              </ns3:TPX>
            </Extensions>
            <Cadence>87</Cadence>
          </Trackpoint>
          <Trackpoint>
            <Time>2020-01-06T01:31:30Z</Time>
            <Position>
              <LatitudeDegrees>25.431871</LatitudeDegrees>
              <LongitudeDegrees>111.850798</LongitudeDegrees>
            </Position>
            <AltitudeMeters>38.48</AltitudeMeters>
            <DistanceMeters>16470.0</DistanceMeters>
            <Extensions>
              <ns3:TPX>
                <ns3:RunCadence>87</ns3:RunCadence>
              </ns3:TPX>
            </Extensions>
            <Cadence>87</Cadence>
          </Trackpoint>
          <Trackpoint>
            <Time>2020-01-06T01:31:35Z</Time>
            <Position>
              <LatitudeDegrees>25.431758</LatitudeDegrees>
              <LongitudeDegrees>111.850717</LongitudeDegrees>
            </Position>
            <AltitudeMeters>38.44</AltitudeMeters>
            <DistanceMeters>16485.0</DistanceMeters>
            <Extensions>
              <ns3:TPX>
                <ns3:RunCadence>87</ns3:RunCadence>
              </ns3:TPX>
            </Extensions>
            <Cadence>87</Cadence>
          </Trackpoint>
          <Trackpoint>
            <Time>2020-01-06T01:31:40Z</Time>
            <Position>
              <LatitudeDegrees>25.431642</LatitudeDegrees>
              <LongitudeDegrees>111.850639</LongitudeDegrees>
            </Position>
            <AltitudeMeters>38.40</AltitudeMeters>
            <DistanceMeters>16500.0</DistanceMeters>
            <Extensions>
              <ns3:TPX>
                <ns3:RunCadence>87</ns3:RunCadence>
              </ns3:TPX>
            </Extensions>
            <Cadence>87</Cadence>
          </Trackpoint>
          <Trackpoint>
            <Time>2020-01-06T01:31:45Z</Time>
            <Position>
              <LatitudeDegrees>25.431525</LatitudeDegrees>
              <LongitudeDegrees>111.850566</LongitudeDegrees>
            </Position>
            <AltitudeMeters>38.36</AltitudeMeters>
            <DistanceMeters>16515.0</DistanceMeters>
            <Extensions>
              <ns3:TPX>
                <ns3:RunCadence>87</ns3:RunCadence>
              </ns3:TPX>
            </Extensions>
            <Cadence>87</Cadence>
          </Trackpoint>
          <Trackpoint>
            <Time>2020-01-06T01:31:50Z</Time>
            <Position>
              <LatitudeDegrees>25.431405</LatitudeDegrees>
              <LongitudeDegrees>111.850496</LongitudeDegrees>
            </Position>
            <AltitudeMeters>38.33</AltitudeMeters>
            <DistanceMeters>16530.0</DistanceMeters>
            <Extensions>
              <ns3:TPX>
                <ns3:RunCadence>87</ns3:RunCadence>
              </ns3:TPX>
            </Extensions>
            <Cadence>87</Cadence>
          </Trackpoint>
          <Trackpoint>
            <Time>2020-01-06T01:31:55Z</Time>
            <Position>
              <LatitudeDegrees>25.431284</LatitudeDegrees>
              <LongitudeDegrees>111.850431</LongitudeDegrees>
            </Position>
            <AltitudeMeters>38.29</AltitudeMeters>
            <DistanceMeters>16545.0</DistanceMeters>
            <Extensions>
              <ns3:TPX>
                <ns3:RunCadence>87</ns3:RunCadence>
              </ns3:TPX>
            </Extensions>
            <Cadence>87</Cadence>
          </Trackpoint>
          <Trackpoint>
            <Time>2020-01-06T01:32:00Z</Time>
            <Position>
              <LatitudeDegrees>25.431161</LatitudeDegrees>
              <LongitudeDegrees>111.850370</LongitudeDegrees>
            </Position>
            <AltitudeMeters>38.26</AltitudeMeters>
            <DistanceMeters>16560.0</DistanceMeters>
            <Extensions>
              <ns3:TPX>
                <ns3:RunCadence>87</ns3:RunCadence>
              </ns3:TPX>
            </Extensions>
            <Cadence>87</Cadence>
          </Trackpoint>
          <Trackpoint>
            <Time>2020-01-06T01:32:05Z</Time>
            <Position>
              <LatitudeDegrees>25.431036</LatitudeDegrees>
              <LongitudeDegrees>111.850313</LongitudeDegrees>
            </Position>
            <AltitudeMeters>38.23</AltitudeMeters>
            <DistanceMeters>16575.0</DistanceMeters>
            <Extensions>
              <ns3:TPX>
                <ns3:RunCadence>86</ns3:RunCadence>
              </ns3:TPX>
            </Extensions>
            <Cadence>86</Cadence>
          </Trackpoint>
          <Trackpoint>
            <Time>2020-01-06T01:32:10Z</Time>
            <Position>
              <LatitudeDegrees>25.430910</LatitudeDegrees>
              <LongitudeDegrees>111.850261</LongitudeDegrees>
            </Position>
            <AltitudeMeters>38.20</AltitudeMeters>
            <DistanceMeters>16590.0</DistanceMeters>
            <Extensions>
              <ns3:TPX>
                <ns3:RunCadence>86</ns3:RunCadence>
              </ns3:TPX>
            </Extensions>
            <Cadence>86</Cadence>
          </Trackpoint>
          <Trackpoint>
            <Time>2020-01-06T01:32:15Z</Time>
            <Position>
              <LatitudeDegrees>25.430782</LatitudeDegrees>
              <LongitudeDegrees>111.850213</LongitudeDegrees>
            </Position>
            <AltitudeMeters>38.17</AltitudeMeters>
            <DistanceMeters>16605.0</DistanceMeters>
            <Extensions>
              <ns3:TPX>
                <ns3:RunCadence>86</ns3:RunCadence>
              </ns3:TPX>
            </Extensions>
            <Cadence>86</Cadence>
          </Trackpoint>
          <Trackpoint>
            <Time>2020-01-06T01:32:20Z</Time>
            <Position>
              <LatitudeDegrees>25.430653</LatitudeDegrees>
              <LongitudeDegrees>111.850169</LongitudeDegrees>
            </Position>
            <AltitudeMeters>38.15</AltitudeMeters>
            <DistanceMeters>16620.0</DistanceMeters>
            <Extensions>
              <ns3:TPX>
                <ns3:RunCadence>86</ns3:RunCadence>
              </ns3:TPX>
            </Extensions>
            <Cadence>86</Cadence>
          </Trackpoint>
          <Trackpoint>
            <Time>2020-01-06T01:32:25Z</Time>
            <Position>
              <LatitudeDegrees>25.430523</LatitudeDegrees>
              <LongitudeDegrees>111.85013</LongitudeDegrees>
            </Position>
            <AltitudeMeters>38.12</AltitudeMeters>
            <DistanceMeters>16635.0</DistanceMeters>
            <Extensions>
              <ns3:TPX>
                <ns3:RunCadence>86</ns3:RunCadence>
              </ns3:TPX>
            </Extensions>
            <Cadence>86</Cadence>
          </Trackpoint>
          <Trackpoint>
            <Time>2020-01-06T01:32:30Z</Time>
            <Position>
              <LatitudeDegrees>25.430392</LatitudeDegrees>
              <LongitudeDegrees>111.850095</LongitudeDegrees>
            </Position>
            <AltitudeMeters>38.10</AltitudeMeters>
            <DistanceMeters>16650.0</DistanceMeters>
            <Extensions>
              <ns3:TPX>
                <ns3:RunCadence>86</ns3:RunCadence>
              </ns3:TPX>
            </Extensions>
            <Cadence>86</Cadence>
          </Trackpoint>
          <Trackpoint>
            <Time>2020-01-06T01:32:35Z</Time>
            <Position>
              <LatitudeDegrees>25.430260</LatitudeDegrees>
              <LongitudeDegrees>111.850064</LongitudeDegrees>
            </Position>
            <AltitudeMeters>38.1</AltitudeMeters>
            <DistanceMeters>16665.0</DistanceMeters>
            <Extensions>
              <ns3:TPX>
                <ns3:RunCadence>86</ns3:RunCadence>
              </ns3:TPX>
            </Extensions>
            <Cadence>86</Cadence>
          </Trackpoint>
          <Trackpoint>
            <Time>2020-01-06T01:32:40Z</Time>
            <Position>
              <LatitudeDegrees>25.430127</LatitudeDegrees>
              <LongitudeDegrees>111.850039</LongitudeDegrees>
            </Position>
            <AltitudeMeters>38.07</AltitudeMeters>
            <DistanceMeters>16680.0</DistanceMeters>
            <Extensions>
              <ns3:TPX>
                <ns3:RunCadence>86</ns3:RunCadence>
              </ns3:TPX>
            </Extensions>
            <Cadence>86</Cadence>
          </Trackpoint>
          <Trackpoint>
            <Time>2020-01-06T01:32:45Z</Time>
            <Position>
              <LatitudeDegrees>25.429993</LatitudeDegrees>
              <LongitudeDegrees>111.850017</LongitudeDegrees>
            </Position>
            <AltitudeMeters>38.05</AltitudeMeters>
            <DistanceMeters>16695.0</DistanceMeters>
            <Extensions>
              <ns3:TPX>
                <ns3:RunCadence>85</ns3:RunCadence>
              </ns3:TPX>
            </Extensions>
            <Cadence>85</Cadence>
          </Trackpoint>
          <Trackpoint>
            <Time>2020-01-06T01:32:50Z</Time>
            <Position>
              <LatitudeDegrees>25.429859</LatitudeDegrees>
              <LongitudeDegrees>111.850001</LongitudeDegrees>
            </Position>
            <AltitudeMeters>38.04</AltitudeMeters>
            <DistanceMeters>16710.0</DistanceMeters>
            <Extensions>
              <ns3:TPX>
                <ns3:RunCadence>85</ns3:RunCadence>
              </ns3:TPX>
            </Extensions>
            <Cadence>85</Cadence>
          </Trackpoint>
          <Trackpoint>
            <Time>2020-01-06T01:32:55Z</Time>
            <Position>
              <LatitudeDegrees>25.42972</LatitudeDegrees>
              <LongitudeDegrees>111.849989</LongitudeDegrees>
            </Position>
            <AltitudeMeters>38.03</AltitudeMeters>
            <DistanceMeters>16725.0</DistanceMeters>
            <Extensions>
              <ns3:TPX>
                <ns3:RunCadence>85</ns3:RunCadence>
              </ns3:TPX>
            </Extensions>
            <Cadence>85</Cadence>
          </Trackpoint>
          <Trackpoint>
            <Time>2020-01-06T01:33:00Z</Time>
            <Position>
              <LatitudeDegrees>25.429590</LatitudeDegrees>
              <LongitudeDegrees>111.849981</LongitudeDegrees>
            </Position>
            <AltitudeMeters>38.02</AltitudeMeters>
            <DistanceMeters>16740.0</DistanceMeters>
            <Extensions>
              <ns3:TPX>
                <ns3:RunCadence>85</ns3:RunCadence>
              </ns3:TPX>
            </Extensions>
            <Cadence>85</Cadence>
          </Trackpoint>
          <Trackpoint>
            <Time>2020-01-06T01:33:05Z</Time>
            <Position>
              <LatitudeDegrees>25.429455</LatitudeDegrees>
              <LongitudeDegrees>111.849978</LongitudeDegrees>
            </Position>
            <AltitudeMeters>38.01</AltitudeMeters>
            <DistanceMeters>16755.0</DistanceMeters>
            <Extensions>
              <ns3:TPX>
                <ns3:RunCadence>85</ns3:RunCadence>
              </ns3:TPX>
            </Extensions>
            <Cadence>85</Cadence>
          </Trackpoint>
          <Trackpoint>
            <Time>2020-01-06T01:33:10Z</Time>
            <Position>
              <LatitudeDegrees>25.429320</LatitudeDegrees>
              <LongitudeDegrees>111.849980</LongitudeDegrees>
            </Position>
            <AltitudeMeters>38.00</AltitudeMeters>
            <DistanceMeters>16770.0</DistanceMeters>
            <Extensions>
              <ns3:TPX>
                <ns3:RunCadence>85</ns3:RunCadence>
              </ns3:TPX>
            </Extensions>
            <Cadence>85</Cadence>
          </Trackpoint>
          <Trackpoint>
            <Time>2020-01-06T01:33:15Z</Time>
            <Position>
              <LatitudeDegrees>25.42919</LatitudeDegrees>
              <LongitudeDegrees>111.849987</LongitudeDegrees>
            </Position>
            <AltitudeMeters>38.00</AltitudeMeters>
            <DistanceMeters>16785.0</DistanceMeters>
            <Extensions>
              <ns3:TPX>
                <ns3:RunCadence>84</ns3:RunCadence>
              </ns3:TPX>
            </Extensions>
            <Cadence>84</Cadence>
          </Trackpoint>
          <Trackpoint>
            <Time>2020-01-06T01:33:20Z</Time>
            <Position>
              <LatitudeDegrees>25.42905</LatitudeDegrees>
              <LongitudeDegrees>111.849998</LongitudeDegrees>
            </Position>
            <AltitudeMeters>38.00</AltitudeMeters>
            <DistanceMeters>16800.0</DistanceMeters>
            <Extensions>
              <ns3:TPX>
                <ns3:RunCadence>84</ns3:RunCadence>
              </ns3:TPX>
            </Extensions>
            <Cadence>84</Cadence>
          </Trackpoint>
          <Trackpoint>
            <Time>2020-01-06T01:33:25Z</Time>
            <Position>
              <LatitudeDegrees>25.42892</LatitudeDegrees>
              <LongitudeDegrees>111.850013</LongitudeDegrees>
            </Position>
            <AltitudeMeters>38.00</AltitudeMeters>
            <DistanceMeters>16815.0</DistanceMeters>
            <Extensions>
              <ns3:TPX>
                <ns3:RunCadence>84</ns3:RunCadence>
              </ns3:TPX>
            </Extensions>
            <Cadence>84</Cadence>
          </Trackpoint>
          <Trackpoint>
            <Time>2020-01-06T01:33:30Z</Time>
            <Position>
              <LatitudeDegrees>25.428783</LatitudeDegrees>
              <LongitudeDegrees>111.850033</LongitudeDegrees>
            </Position>
            <AltitudeMeters>38.00</AltitudeMeters>
            <DistanceMeters>16830.0</DistanceMeters>
            <Extensions>
              <ns3:TPX>
                <ns3:RunCadence>84</ns3:RunCadence>
              </ns3:TPX>
            </Extensions>
            <Cadence>84</Cadence>
          </Trackpoint>
          <Trackpoint>
            <Time>2020-01-06T01:33:35Z</Time>
            <Position>
              <LatitudeDegrees>25.428650</LatitudeDegrees>
              <LongitudeDegrees>111.850058</LongitudeDegrees>
            </Position>
            <AltitudeMeters>38.01</AltitudeMeters>
            <DistanceMeters>16845.0</DistanceMeters>
            <Extensions>
              <ns3:TPX>
                <ns3:RunCadence>84</ns3:RunCadence>
              </ns3:TPX>
            </Extensions>
            <Cadence>84</Cadence>
          </Trackpoint>
          <Trackpoint>
            <Time>2020-01-06T01:33:40Z</Time>
            <Position>
              <LatitudeDegrees>25.428518</LatitudeDegrees>
              <LongitudeDegrees>111.850088</LongitudeDegrees>
            </Position>
            <AltitudeMeters>38.02</AltitudeMeters>
            <DistanceMeters>16860.0</DistanceMeters>
            <Extensions>
              <ns3:TPX>
                <ns3:RunCadence>84</ns3:RunCadence>
              </ns3:TPX>
            </Extensions>
            <Cadence>84</Cadence>
          </Trackpoint>
          <Trackpoint>
            <Time>2020-01-06T01:33:45Z</Time>
            <Position>
              <LatitudeDegrees>25.428387</LatitudeDegrees>
              <LongitudeDegrees>111.850121</LongitudeDegrees>
            </Position>
            <AltitudeMeters>38.03</AltitudeMeters>
            <DistanceMeters>16875.0</DistanceMeters>
            <Extensions>
              <ns3:TPX>
                <ns3:RunCadence>83</ns3:RunCadence>
              </ns3:TPX>
            </Extensions>
            <Cadence>83</Cadence>
          </Trackpoint>
          <Trackpoint>
            <Time>2020-01-06T01:33:50Z</Time>
            <Position>
              <LatitudeDegrees>25.428256</LatitudeDegrees>
              <LongitudeDegrees>111.850160</LongitudeDegrees>
            </Position>
            <AltitudeMeters>38.04</AltitudeMeters>
            <DistanceMeters>16890.0</DistanceMeters>
            <Extensions>
              <ns3:TPX>
                <ns3:RunCadence>83</ns3:RunCadence>
              </ns3:TPX>
            </Extensions>
            <Cadence>83</Cadence>
          </Trackpoint>
          <Trackpoint>
            <Time>2020-01-06T01:33:55Z</Time>
            <Position>
              <LatitudeDegrees>25.428127</LatitudeDegrees>
              <LongitudeDegrees>111.850203</LongitudeDegrees>
            </Position>
            <AltitudeMeters>38.05</AltitudeMeters>
            <DistanceMeters>16905.0</DistanceMeters>
            <Extensions>
              <ns3:TPX>
                <ns3:RunCadence>83</ns3:RunCadence>
              </ns3:TPX>
            </Extensions>
            <Cadence>83</Cadence>
          </Trackpoint>
          <Trackpoint>
            <Time>2020-01-06T01:34:00Z</Time>
            <Position>
              <LatitudeDegrees>25.427999</LatitudeDegrees>
              <LongitudeDegrees>111.85025</LongitudeDegrees>
            </Position>
            <AltitudeMeters>38.07</AltitudeMeters>
            <DistanceMeters>16920.0</DistanceMeters>
            <Extensions>
              <ns3:TPX>
                <ns3:RunCadence>83</ns3:RunCadence>
              </ns3:TPX>
            </Extensions>
            <Cadence>83</Cadence>
          </Trackpoint>
          <Trackpoint>
            <Time>2020-01-06T01:34:05Z</Time>
            <Position>
              <LatitudeDegrees>25.427872</LatitudeDegrees>
              <LongitudeDegrees>111.850301</LongitudeDegrees>
            </Position>
            <AltitudeMeters>38.08</AltitudeMeters>
            <DistanceMeters>16935.0</DistanceMeters>
            <Extensions>
              <ns3:TPX>
                <ns3:RunCadence>83</ns3:RunCadence>
              </ns3:TPX>
            </Extensions>
            <Cadence>83</Cadence>
          </Trackpoint>
          <Trackpoint>
            <Time>2020-01-06T01:34:10Z</Time>
            <Position>
              <LatitudeDegrees>25.427747</LatitudeDegrees>
              <LongitudeDegrees>111.850357</LongitudeDegrees>
            </Position>
            <AltitudeMeters>38.10</AltitudeMeters>
            <DistanceMeters>16950.0</DistanceMeters>
            <Extensions>
              <ns3:TPX>
                <ns3:RunCadence>83</ns3:RunCadence>
              </ns3:TPX>
            </Extensions>
            <Cadence>83</Cadence>
          </Trackpoint>
          <Trackpoint>
            <Time>2020-01-06T01:34:15Z</Time>
            <Position>
              <LatitudeDegrees>25.427624</LatitudeDegrees>
              <LongitudeDegrees>111.850417</LongitudeDegrees>
            </Position>
            <AltitudeMeters>38.13</AltitudeMeters>
            <DistanceMeters>16965.0</DistanceMeters>
            <Extensions>
              <ns3:TPX>
                <ns3:RunCadence>82</ns3:RunCadence>
              </ns3:TPX>
            </Extensions>
            <Cadence>82</Cadence>
          </Trackpoint>
          <Trackpoint>
            <Time>2020-01-06T01:34:20Z</Time>
            <Position>
              <LatitudeDegrees>25.427502</LatitudeDegrees>
              <LongitudeDegrees>111.850482</LongitudeDegrees>
            </Position>
            <AltitudeMeters>38.1</AltitudeMeters>
            <DistanceMeters>16980.0</DistanceMeters>
            <Extensions>
              <ns3:TPX>
                <ns3:RunCadence>82</ns3:RunCadence>
              </ns3:TPX>
            </Extensions>
            <Cadence>82</Cadence>
          </Trackpoint>
          <Trackpoint>
            <Time>2020-01-06T01:34:25Z</Time>
            <Position>
              <LatitudeDegrees>25.427382</LatitudeDegrees>
              <LongitudeDegrees>111.850550</LongitudeDegrees>
            </Position>
            <AltitudeMeters>38.17</AltitudeMeters>
            <DistanceMeters>16995.0</DistanceMeters>
            <Extensions>
              <ns3:TPX>
                <ns3:RunCadence>82</ns3:RunCadence>
              </ns3:TPX>
            </Extensions>
            <Cadence>82</Cadence>
          </Trackpoint>
          <Trackpoint>
            <Time>2020-01-06T01:34:30Z</Time>
            <Position>
              <LatitudeDegrees>25.427264</LatitudeDegrees>
              <LongitudeDegrees>111.850622</LongitudeDegrees>
            </Position>
            <AltitudeMeters>38.20</AltitudeMeters>
            <DistanceMeters>17010.0</DistanceMeters>
            <Extensions>
              <ns3:TPX>
                <ns3:RunCadence>82</ns3:RunCadence>
              </ns3:TPX>
            </Extensions>
            <Cadence>82</Cadence>
          </Trackpoint>
          <Trackpoint>
            <Time>2020-01-06T01:34:35Z</Time>
            <Position>
              <LatitudeDegrees>25.427148</LatitudeDegrees>
              <LongitudeDegrees>111.850699</LongitudeDegrees>
            </Position>
            <AltitudeMeters>38.23</AltitudeMeters>
            <DistanceMeters>17025.0</DistanceMeters>
            <Extensions>
              <ns3:TPX>
                <ns3:RunCadence>82</ns3:RunCadence>
              </ns3:TPX>
            </Extensions>
            <Cadence>82</Cadence>
          </Trackpoint>
          <Trackpoint>
            <Time>2020-01-06T01:34:40Z</Time>
            <Position>
              <LatitudeDegrees>25.427035</LatitudeDegrees>
              <LongitudeDegrees>111.850779</LongitudeDegrees>
            </Position>
            <AltitudeMeters>38.26</AltitudeMeters>
            <DistanceMeters>17040.0</DistanceMeters>
            <Extensions>
              <ns3:TPX>
                <ns3:RunCadence>82</ns3:RunCadence>
              </ns3:TPX>
            </Extensions>
            <Cadence>82</Cadence>
          </Trackpoint>
          <Trackpoint>
            <Time>2020-01-06T01:34:45Z</Time>
            <Position>
              <LatitudeDegrees>25.426923</LatitudeDegrees>
              <LongitudeDegrees>111.850864</LongitudeDegrees>
            </Position>
            <AltitudeMeters>38.3</AltitudeMeters>
            <DistanceMeters>17055.0</DistanceMeters>
            <Extensions>
              <ns3:TPX>
                <ns3:RunCadence>82</ns3:RunCadence>
              </ns3:TPX>
            </Extensions>
            <Cadence>82</Cadence>
          </Trackpoint>
          <Trackpoint>
            <Time>2020-01-06T01:34:50Z</Time>
            <Position>
              <LatitudeDegrees>25.42681</LatitudeDegrees>
              <LongitudeDegrees>111.850952</LongitudeDegrees>
            </Position>
            <AltitudeMeters>38.33</AltitudeMeters>
            <DistanceMeters>17070.0</DistanceMeters>
            <Extensions>
              <ns3:TPX>
                <ns3:RunCadence>82</ns3:RunCadence>
              </ns3:TPX>
            </Extensions>
            <Cadence>82</Cadence>
          </Trackpoint>
          <Trackpoint>
            <Time>2020-01-06T01:34:55Z</Time>
            <Position>
              <LatitudeDegrees>25.426708</LatitudeDegrees>
              <LongitudeDegrees>111.851044</LongitudeDegrees>
            </Position>
            <AltitudeMeters>38.36</AltitudeMeters>
            <DistanceMeters>17085.0</DistanceMeters>
            <Extensions>
              <ns3:TPX>
                <ns3:RunCadence>81</ns3:RunCadence>
              </ns3:TPX>
            </Extensions>
            <Cadence>81</Cadence>
          </Trackpoint>
          <Trackpoint>
            <Time>2020-01-06T01:35:00Z</Time>
            <Position>
              <LatitudeDegrees>25.426604</LatitudeDegrees>
              <LongitudeDegrees>111.851139</LongitudeDegrees>
            </Position>
            <AltitudeMeters>38.40</AltitudeMeters>
            <DistanceMeters>17100.0</DistanceMeters>
            <Extensions>
              <ns3:TPX>
                <ns3:RunCadence>81</ns3:RunCadence>
              </ns3:TPX>
            </Extensions>
            <Cadence>81</Cadence>
          </Trackpoint>
          <Trackpoint>
            <Time>2020-01-06T01:35:05Z</Time>
            <Position>
              <LatitudeDegrees>25.426503</LatitudeDegrees>
              <LongitudeDegrees>111.851238</LongitudeDegrees>
            </Position>
            <AltitudeMeters>38.4</AltitudeMeters>
            <DistanceMeters>17115.0</DistanceMeters>
            <Extensions>
              <ns3:TPX>
                <ns3:RunCadence>81</ns3:RunCadence>
              </ns3:TPX>
            </Extensions>
            <Cadence>81</Cadence>
          </Trackpoint>
          <Trackpoint>
            <Time>2020-01-06T01:35:10Z</Time>
            <Position>
              <LatitudeDegrees>25.426405</LatitudeDegrees>
              <LongitudeDegrees>111.851340</LongitudeDegrees>
            </Position>
            <AltitudeMeters>38.48</AltitudeMeters>
            <DistanceMeters>17130.0</DistanceMeters>
            <Extensions>
              <ns3:TPX>
                <ns3:RunCadence>81</ns3:RunCadence>
              </ns3:TPX>
            </Extensions>
            <Cadence>81</Cadence>
          </Trackpoint>
          <Trackpoint>
            <Time>2020-01-06T01:35:15Z</Time>
            <Position>
              <LatitudeDegrees>25.426309</LatitudeDegrees>
              <LongitudeDegrees>111.851446</LongitudeDegrees>
            </Position>
            <AltitudeMeters>38.53</AltitudeMeters>
            <DistanceMeters>17145.0</DistanceMeters>
            <Extensions>
              <ns3:TPX>
                <ns3:RunCadence>81</ns3:RunCadence>
              </ns3:TPX>
            </Extensions>
            <Cadence>81</Cadence>
          </Trackpoint>
          <Trackpoint>
            <Time>2020-01-06T01:35:20Z</Time>
            <Position>
              <LatitudeDegrees>25.42622</LatitudeDegrees>
              <LongitudeDegrees>111.851555</LongitudeDegrees>
            </Position>
            <AltitudeMeters>38.57</AltitudeMeters>
            <DistanceMeters>17160.0</DistanceMeters>
            <Extensions>
              <ns3:TPX>
                <ns3:RunCadence>81</ns3:RunCadence>
              </ns3:TPX>
            </Extensions>
            <Cadence>81</Cadence>
          </Trackpoint>
          <Trackpoint>
            <Time>2020-01-06T01:35:25Z</Time>
            <Position>
              <LatitudeDegrees>25.426128</LatitudeDegrees>
              <LongitudeDegrees>111.851667</LongitudeDegrees>
            </Position>
            <AltitudeMeters>38.62</AltitudeMeters>
            <DistanceMeters>17175.0</DistanceMeters>
            <Extensions>
              <ns3:TPX>
                <ns3:RunCadence>81</ns3:RunCadence>
              </ns3:TPX>
            </Extensions>
            <Cadence>81</Cadence>
          </Trackpoint>
          <Trackpoint>
            <Time>2020-01-06T01:35:30Z</Time>
            <Position>
              <LatitudeDegrees>25.426042</LatitudeDegrees>
              <LongitudeDegrees>111.851782</LongitudeDegrees>
            </Position>
            <AltitudeMeters>38.66</AltitudeMeters>
            <DistanceMeters>17190.0</DistanceMeters>
            <Extensions>
              <ns3:TPX>
                <ns3:RunCadence>81</ns3:RunCadence>
              </ns3:TPX>
            </Extensions>
            <Cadence>81</Cadence>
          </Trackpoint>
          <Trackpoint>
            <Time>2020-01-06T01:35:35Z</Time>
            <Position>
              <LatitudeDegrees>25.425959</LatitudeDegrees>
              <LongitudeDegrees>111.851899</LongitudeDegrees>
            </Position>
            <AltitudeMeters>38.71</AltitudeMeters>
            <DistanceMeters>17205.0</DistanceMeters>
            <Extensions>
              <ns3:TPX>
                <ns3:RunCadence>81</ns3:RunCadence>
              </ns3:TPX>
            </Extensions>
            <Cadence>81</Cadence>
          </Trackpoint>
          <Trackpoint>
            <Time>2020-01-06T01:35:40Z</Time>
            <Position>
              <LatitudeDegrees>25.42588</LatitudeDegrees>
              <LongitudeDegrees>111.852020</LongitudeDegrees>
            </Position>
            <AltitudeMeters>38.76</AltitudeMeters>
            <DistanceMeters>17220.0</DistanceMeters>
            <Extensions>
              <ns3:TPX>
                <ns3:RunCadence>81</ns3:RunCadence>
              </ns3:TPX>
            </Extensions>
            <Cadence>81</Cadence>
          </Trackpoint>
          <Trackpoint>
            <Time>2020-01-06T01:35:45Z</Time>
            <Position>
              <LatitudeDegrees>25.425803</LatitudeDegrees>
              <LongitudeDegrees>111.852143</LongitudeDegrees>
            </Position>
            <AltitudeMeters>38.81</AltitudeMeters>
            <DistanceMeters>17235.0</DistanceMeters>
            <Extensions>
              <ns3:TPX>
                <ns3:RunCadence>81</ns3:RunCadence>
              </ns3:TPX>
            </Extensions>
            <Cadence>81</Cadence>
          </Trackpoint>
          <Trackpoint>
            <Time>2020-01-06T01:35:50Z</Time>
            <Position>
              <LatitudeDegrees>25.425730</LatitudeDegrees>
              <LongitudeDegrees>111.852269</LongitudeDegrees>
            </Position>
            <AltitudeMeters>38.87</AltitudeMeters>
            <DistanceMeters>17250.0</DistanceMeters>
            <Extensions>
              <ns3:TPX>
                <ns3:RunCadence>81</ns3:RunCadence>
              </ns3:TPX>
            </Extensions>
            <Cadence>81</Cadence>
          </Trackpoint>
          <Trackpoint>
            <Time>2020-01-06T01:35:55Z</Time>
            <Position>
              <LatitudeDegrees>25.42566</LatitudeDegrees>
              <LongitudeDegrees>111.852397</LongitudeDegrees>
            </Position>
            <AltitudeMeters>38.92</AltitudeMeters>
            <DistanceMeters>17265.0</DistanceMeters>
            <Extensions>
              <ns3:TPX>
                <ns3:RunCadence>81</ns3:RunCadence>
              </ns3:TPX>
            </Extensions>
            <Cadence>81</Cadence>
          </Trackpoint>
          <Trackpoint>
            <Time>2020-01-06T01:36:00Z</Time>
            <Position>
              <LatitudeDegrees>25.425596</LatitudeDegrees>
              <LongitudeDegrees>111.852528</LongitudeDegrees>
            </Position>
            <AltitudeMeters>38.98</AltitudeMeters>
            <DistanceMeters>17280.0</DistanceMeters>
            <Extensions>
              <ns3:TPX>
                <ns3:RunCadence>81</ns3:RunCadence>
              </ns3:TPX>
            </Extensions>
            <Cadence>81</Cadence>
          </Trackpoint>
          <Trackpoint>
            <Time>2020-01-06T01:36:05Z</Time>
            <Position>
              <LatitudeDegrees>25.425534</LatitudeDegrees>
              <LongitudeDegrees>111.852661</LongitudeDegrees>
            </Position>
            <AltitudeMeters>39.03</AltitudeMeters>
            <DistanceMeters>17295.0</DistanceMeters>
            <Extensions>
              <ns3:TPX>
                <ns3:RunCadence>81</ns3:RunCadence>
              </ns3:TPX>
            </Extensions>
            <Cadence>81</Cadence>
          </Trackpoint>
          <Trackpoint>
            <Time>2020-01-06T01:36:10Z</Time>
            <Position>
              <LatitudeDegrees>25.425476</LatitudeDegrees>
              <LongitudeDegrees>111.85280</LongitudeDegrees>
            </Position>
            <AltitudeMeters>39.09</AltitudeMeters>
            <DistanceMeters>17310.0</DistanceMeters>
            <Extensions>
              <ns3:TPX>
                <ns3:RunCadence>81</ns3:RunCadence>
              </ns3:TPX>
            </Extensions>
            <Cadence>81</Cadence>
          </Trackpoint>
          <Trackpoint>
            <Time>2020-01-06T01:36:15Z</Time>
            <Position>
              <LatitudeDegrees>25.42542</LatitudeDegrees>
              <LongitudeDegrees>111.852932</LongitudeDegrees>
            </Position>
            <AltitudeMeters>39.15</AltitudeMeters>
            <DistanceMeters>17325.0</DistanceMeters>
            <Extensions>
              <ns3:TPX>
                <ns3:RunCadence>81</ns3:RunCadence>
              </ns3:TPX>
            </Extensions>
            <Cadence>81</Cadence>
          </Trackpoint>
          <Trackpoint>
            <Time>2020-01-06T01:36:20Z</Time>
            <Position>
              <LatitudeDegrees>25.425371</LatitudeDegrees>
              <LongitudeDegrees>111.853071</LongitudeDegrees>
            </Position>
            <AltitudeMeters>39.2</AltitudeMeters>
            <DistanceMeters>17340.0</DistanceMeters>
            <Extensions>
              <ns3:TPX>
                <ns3:RunCadence>81</ns3:RunCadence>
              </ns3:TPX>
            </Extensions>
            <Cadence>81</Cadence>
          </Trackpoint>
          <Trackpoint>
            <Time>2020-01-06T01:36:25Z</Time>
            <Position>
              <LatitudeDegrees>25.425324</LatitudeDegrees>
              <LongitudeDegrees>111.853211</LongitudeDegrees>
            </Position>
            <AltitudeMeters>39.26</AltitudeMeters>
            <DistanceMeters>17355.0</DistanceMeters>
            <Extensions>
              <ns3:TPX>
                <ns3:RunCadence>81</ns3:RunCadence>
              </ns3:TPX>
            </Extensions>
            <Cadence>81</Cadence>
          </Trackpoint>
          <Trackpoint>
            <Time>2020-01-06T01:36:30Z</Time>
            <Position>
              <LatitudeDegrees>25.425282</LatitudeDegrees>
              <LongitudeDegrees>111.853353</LongitudeDegrees>
            </Position>
            <AltitudeMeters>39.32</AltitudeMeters>
            <DistanceMeters>17370.0</DistanceMeters>
            <Extensions>
              <ns3:TPX>
                <ns3:RunCadence>81</ns3:RunCadence>
              </ns3:TPX>
            </Extensions>
            <Cadence>81</Cadence>
          </Trackpoint>
          <Trackpoint>
            <Time>2020-01-06T01:36:35Z</Time>
            <Position>
              <LatitudeDegrees>25.42524</LatitudeDegrees>
              <LongitudeDegrees>111.853496</LongitudeDegrees>
            </Position>
            <AltitudeMeters>39.39</AltitudeMeters>
            <DistanceMeters>17385.0</DistanceMeters>
            <Extensions>
              <ns3:TPX>
                <ns3:RunCadence>82</ns3:RunCadence>
              </ns3:TPX>
            </Extensions>
            <Cadence>82</Cadence>
          </Trackpoint>
          <Trackpoint>
            <Time>2020-01-06T01:36:40Z</Time>
            <Position>
              <LatitudeDegrees>25.42521</LatitudeDegrees>
              <LongitudeDegrees>111.853640</LongitudeDegrees>
            </Position>
            <AltitudeMeters>39.45</AltitudeMeters>
            <DistanceMeters>17400.0</DistanceMeters>
            <Extensions>
              <ns3:TPX>
                <ns3:RunCadence>82</ns3:RunCadence>
              </ns3:TPX>
            </Extensions>
            <Cadence>82</Cadence>
          </Trackpoint>
          <Trackpoint>
            <Time>2020-01-06T01:36:45Z</Time>
            <Position>
              <LatitudeDegrees>25.42518</LatitudeDegrees>
              <LongitudeDegrees>111.853786</LongitudeDegrees>
            </Position>
            <AltitudeMeters>39.51</AltitudeMeters>
            <DistanceMeters>17415.0</DistanceMeters>
            <Extensions>
              <ns3:TPX>
                <ns3:RunCadence>82</ns3:RunCadence>
              </ns3:TPX>
            </Extensions>
            <Cadence>82</Cadence>
          </Trackpoint>
          <Trackpoint>
            <Time>2020-01-06T01:36:50Z</Time>
            <Position>
              <LatitudeDegrees>25.425152</LatitudeDegrees>
              <LongitudeDegrees>111.853932</LongitudeDegrees>
            </Position>
            <AltitudeMeters>39.57</AltitudeMeters>
            <DistanceMeters>17430.0</DistanceMeters>
            <Extensions>
              <ns3:TPX>
                <ns3:RunCadence>82</ns3:RunCadence>
              </ns3:TPX>
            </Extensions>
            <Cadence>82</Cadence>
          </Trackpoint>
          <Trackpoint>
            <Time>2020-01-06T01:36:55Z</Time>
            <Position>
              <LatitudeDegrees>25.425129</LatitudeDegrees>
              <LongitudeDegrees>111.854079</LongitudeDegrees>
            </Position>
            <AltitudeMeters>39.6</AltitudeMeters>
            <DistanceMeters>17445.0</DistanceMeters>
            <Extensions>
              <ns3:TPX>
                <ns3:RunCadence>82</ns3:RunCadence>
              </ns3:TPX>
            </Extensions>
            <Cadence>82</Cadence>
          </Trackpoint>
          <Trackpoint>
            <Time>2020-01-06T01:37:00Z</Time>
            <Position>
              <LatitudeDegrees>25.425111</LatitudeDegrees>
              <LongitudeDegrees>111.854227</LongitudeDegrees>
            </Position>
            <AltitudeMeters>39.70</AltitudeMeters>
            <DistanceMeters>17460.0</DistanceMeters>
            <Extensions>
              <ns3:TPX>
                <ns3:RunCadence>82</ns3:RunCadence>
              </ns3:TPX>
            </Extensions>
            <Cadence>82</Cadence>
          </Trackpoint>
          <Trackpoint>
            <Time>2020-01-06T01:37:05Z</Time>
            <Position>
              <LatitudeDegrees>25.425097</LatitudeDegrees>
              <LongitudeDegrees>111.854376</LongitudeDegrees>
            </Position>
            <AltitudeMeters>39.76</AltitudeMeters>
            <DistanceMeters>17475.0</DistanceMeters>
            <Extensions>
              <ns3:TPX>
                <ns3:RunCadence>82</ns3:RunCadence>
              </ns3:TPX>
            </Extensions>
            <Cadence>82</Cadence>
          </Trackpoint>
          <Trackpoint>
            <Time>2020-01-06T01:37:10Z</Time>
            <Position>
              <LatitudeDegrees>25.425087</LatitudeDegrees>
              <LongitudeDegrees>111.854525</LongitudeDegrees>
            </Position>
            <AltitudeMeters>39.83</AltitudeMeters>
            <DistanceMeters>17490.0</DistanceMeters>
            <Extensions>
              <ns3:TPX>
                <ns3:RunCadence>82</ns3:RunCadence>
              </ns3:TPX>
            </Extensions>
            <Cadence>82</Cadence>
          </Trackpoint>
          <Trackpoint>
            <Time>2020-01-06T01:37:15Z</Time>
            <Position>
              <LatitudeDegrees>25.425081</LatitudeDegrees>
              <LongitudeDegrees>111.854674</LongitudeDegrees>
            </Position>
            <AltitudeMeters>39.89</AltitudeMeters>
            <DistanceMeters>17505.0</DistanceMeters>
            <Extensions>
              <ns3:TPX>
                <ns3:RunCadence>83</ns3:RunCadence>
              </ns3:TPX>
            </Extensions>
            <Cadence>83</Cadence>
          </Trackpoint>
          <Trackpoint>
            <Time>2020-01-06T01:37:20Z</Time>
            <Position>
              <LatitudeDegrees>25.425079</LatitudeDegrees>
              <LongitudeDegrees>111.854823</LongitudeDegrees>
            </Position>
            <AltitudeMeters>39.96</AltitudeMeters>
            <DistanceMeters>17520.0</DistanceMeters>
            <Extensions>
              <ns3:TPX>
                <ns3:RunCadence>83</ns3:RunCadence>
              </ns3:TPX>
            </Extensions>
            <Cadence>83</Cadence>
          </Trackpoint>
          <Trackpoint>
            <Time>2020-01-06T01:37:25Z</Time>
            <Position>
              <LatitudeDegrees>25.425082</LatitudeDegrees>
              <LongitudeDegrees>111.854973</LongitudeDegrees>
            </Position>
            <AltitudeMeters>40.02</AltitudeMeters>
            <DistanceMeters>17535.0</DistanceMeters>
            <Extensions>
              <ns3:TPX>
                <ns3:RunCadence>83</ns3:RunCadence>
              </ns3:TPX>
            </Extensions>
            <Cadence>83</Cadence>
          </Trackpoint>
          <Trackpoint>
            <Time>2020-01-06T01:37:30Z</Time>
            <Position>
              <LatitudeDegrees>25.425089</LatitudeDegrees>
              <LongitudeDegrees>111.855122</LongitudeDegrees>
            </Position>
            <AltitudeMeters>40.1</AltitudeMeters>
            <DistanceMeters>17550.0</DistanceMeters>
            <Extensions>
              <ns3:TPX>
                <ns3:RunCadence>83</ns3:RunCadence>
              </ns3:TPX>
            </Extensions>
            <Cadence>83</Cadence>
          </Trackpoint>
          <Trackpoint>
            <Time>2020-01-06T01:37:35Z</Time>
            <Position>
              <LatitudeDegrees>25.425100</LatitudeDegrees>
              <LongitudeDegrees>111.855271</LongitudeDegrees>
            </Position>
            <AltitudeMeters>40.15</AltitudeMeters>
            <DistanceMeters>17565.0</DistanceMeters>
            <Extensions>
              <ns3:TPX>
                <ns3:RunCadence>83</ns3:RunCadence>
              </ns3:TPX>
            </Extensions>
            <Cadence>83</Cadence>
          </Trackpoint>
          <Trackpoint>
            <Time>2020-01-06T01:37:40Z</Time>
            <Position>
              <LatitudeDegrees>25.425115</LatitudeDegrees>
              <LongitudeDegrees>111.855419</LongitudeDegrees>
            </Position>
            <AltitudeMeters>40.21</AltitudeMeters>
            <DistanceMeters>17580.0</DistanceMeters>
            <Extensions>
              <ns3:TPX>
                <ns3:RunCadence>83</ns3:RunCadence>
              </ns3:TPX>
            </Extensions>
            <Cadence>83</Cadence>
          </Trackpoint>
          <Trackpoint>
            <Time>2020-01-06T01:37:45Z</Time>
            <Position>
              <LatitudeDegrees>25.42513</LatitudeDegrees>
              <LongitudeDegrees>111.85557</LongitudeDegrees>
            </Position>
            <AltitudeMeters>40.28</AltitudeMeters>
            <DistanceMeters>17595.0</DistanceMeters>
            <Extensions>
              <ns3:TPX>
                <ns3:RunCadence>84</ns3:RunCadence>
              </ns3:TPX>
            </Extensions>
            <Cadence>84</Cadence>
          </Trackpoint>
          <Trackpoint>
            <Time>2020-01-06T01:37:50Z</Time>
            <Position>
              <LatitudeDegrees>25.425157</LatitudeDegrees>
              <LongitudeDegrees>111.855714</LongitudeDegrees>
            </Position>
            <AltitudeMeters>40.34</AltitudeMeters>
            <DistanceMeters>17610.0</DistanceMeters>
            <Extensions>
              <ns3:TPX>
                <ns3:RunCadence>84</ns3:RunCadence>
              </ns3:TPX>
            </Extensions>
            <Cadence>84</Cadence>
          </Trackpoint>
          <Trackpoint>
            <Time>2020-01-06T01:37:55Z</Time>
            <Position>
              <LatitudeDegrees>25.425184</LatitudeDegrees>
              <LongitudeDegrees>111.855860</LongitudeDegrees>
            </Position>
            <AltitudeMeters>40.41</AltitudeMeters>
            <DistanceMeters>17625.0</DistanceMeters>
            <Extensions>
              <ns3:TPX>
                <ns3:RunCadence>84</ns3:RunCadence>
              </ns3:TPX>
            </Extensions>
            <Cadence>84</Cadence>
          </Trackpoint>
          <Trackpoint>
            <Time>2020-01-06T01:38:00Z</Time>
            <Position>
              <LatitudeDegrees>25.425216</LatitudeDegrees>
              <LongitudeDegrees>111.856006</LongitudeDegrees>
            </Position>
            <AltitudeMeters>40.47</AltitudeMeters>
            <DistanceMeters>17640.0</DistanceMeters>
            <Extensions>
              <ns3:TPX>
                <ns3:RunCadence>84</ns3:RunCadence>
              </ns3:TPX>
            </Extensions>
            <Cadence>84</Cadence>
          </Trackpoint>
          <Trackpoint>
            <Time>2020-01-06T01:38:05Z</Time>
            <Position>
              <LatitudeDegrees>25.425251</LatitudeDegrees>
              <LongitudeDegrees>111.856150</LongitudeDegrees>
            </Position>
            <AltitudeMeters>40.5</AltitudeMeters>
            <DistanceMeters>17655.0</DistanceMeters>
            <Extensions>
              <ns3:TPX>
                <ns3:RunCadence>84</ns3:RunCadence>
              </ns3:TPX>
            </Extensions>
            <Cadence>84</Cadence>
          </Trackpoint>
          <Trackpoint>
            <Time>2020-01-06T01:38:10Z</Time>
            <Position>
              <LatitudeDegrees>25.425291</LatitudeDegrees>
              <LongitudeDegrees>111.856293</LongitudeDegrees>
            </Position>
            <AltitudeMeters>40.59</AltitudeMeters>
            <DistanceMeters>17670.0</DistanceMeters>
            <Extensions>
              <ns3:TPX>
                <ns3:RunCadence>85</ns3:RunCadence>
              </ns3:TPX>
            </Extensions>
            <Cadence>85</Cadence>
          </Trackpoint>
          <Trackpoint>
            <Time>2020-01-06T01:38:15Z</Time>
            <Position>
              <LatitudeDegrees>25.425334</LatitudeDegrees>
              <LongitudeDegrees>111.856434</LongitudeDegrees>
            </Position>
            <AltitudeMeters>40.65</AltitudeMeters>
            <DistanceMeters>17685.0</DistanceMeters>
            <Extensions>
              <ns3:TPX>
                <ns3:RunCadence>85</ns3:RunCadence>
              </ns3:TPX>
            </Extensions>
            <Cadence>85</Cadence>
          </Trackpoint>
          <Trackpoint>
            <Time>2020-01-06T01:38:20Z</Time>
            <Position>
              <LatitudeDegrees>25.425382</LatitudeDegrees>
              <LongitudeDegrees>111.856574</LongitudeDegrees>
            </Position>
            <AltitudeMeters>40.71</AltitudeMeters>
            <DistanceMeters>17700.0</DistanceMeters>
            <Extensions>
              <ns3:TPX>
                <ns3:RunCadence>85</ns3:RunCadence>
              </ns3:TPX>
            </Extensions>
            <Cadence>85</Cadence>
          </Trackpoint>
          <Trackpoint>
            <Time>2020-01-06T01:38:25Z</Time>
            <Position>
              <LatitudeDegrees>25.425433</LatitudeDegrees>
              <LongitudeDegrees>111.856712</LongitudeDegrees>
            </Position>
            <AltitudeMeters>40.77</AltitudeMeters>
            <DistanceMeters>17715.0</DistanceMeters>
            <Extensions>
              <ns3:TPX>
                <ns3:RunCadence>85</ns3:RunCadence>
              </ns3:TPX>
            </Extensions>
            <Cadence>85</Cadence>
          </Trackpoint>
          <Trackpoint>
            <Time>2020-01-06T01:38:30Z</Time>
            <Position>
              <LatitudeDegrees>25.425488</LatitudeDegrees>
              <LongitudeDegrees>111.856848</LongitudeDegrees>
            </Position>
            <AltitudeMeters>40.83</AltitudeMeters>
            <DistanceMeters>17730.0</DistanceMeters>
            <Extensions>
              <ns3:TPX>
                <ns3:RunCadence>85</ns3:RunCadence>
              </ns3:TPX>
            </Extensions>
            <Cadence>85</Cadence>
          </Trackpoint>
          <Trackpoint>
            <Time>2020-01-06T01:38:35Z</Time>
            <Position>
              <LatitudeDegrees>25.425547</LatitudeDegrees>
              <LongitudeDegrees>111.856983</LongitudeDegrees>
            </Position>
            <AltitudeMeters>40.89</AltitudeMeters>
            <DistanceMeters>17745.0</DistanceMeters>
            <Extensions>
              <ns3:TPX>
                <ns3:RunCadence>85</ns3:RunCadence>
              </ns3:TPX>
            </Extensions>
            <Cadence>85</Cadence>
          </Trackpoint>
          <Trackpoint>
            <Time>2020-01-06T01:38:40Z</Time>
            <Position>
              <LatitudeDegrees>25.425610</LatitudeDegrees>
              <LongitudeDegrees>111.857115</LongitudeDegrees>
            </Position>
            <AltitudeMeters>40.95</AltitudeMeters>
            <DistanceMeters>17760.0</DistanceMeters>
            <Extensions>
              <ns3:TPX>
                <ns3:RunCadence>86</ns3:RunCadence>
              </ns3:TPX>
            </Extensions>
            <Cadence>86</Cadence>
          </Trackpoint>
          <Trackpoint>
            <Time>2020-01-06T01:38:45Z</Time>
            <Position>
              <LatitudeDegrees>25.425676</LatitudeDegrees>
              <LongitudeDegrees>111.857245</LongitudeDegrees>
            </Position>
            <AltitudeMeters>41.01</AltitudeMeters>
            <DistanceMeters>17775.0</DistanceMeters>
            <Extensions>
              <ns3:TPX>
                <ns3:RunCadence>86</ns3:RunCadence>
              </ns3:TPX>
            </Extensions>
            <Cadence>86</Cadence>
          </Trackpoint>
          <Trackpoint>
            <Time>2020-01-06T01:38:50Z</Time>
            <Position>
              <LatitudeDegrees>25.425746</LatitudeDegrees>
              <LongitudeDegrees>111.857373</LongitudeDegrees>
            </Position>
            <AltitudeMeters>41.06</AltitudeMeters>
            <DistanceMeters>17790.0</DistanceMeters>
            <Extensions>
              <ns3:TPX>
                <ns3:RunCadence>86</ns3:RunCadence>
              </ns3:TPX>
            </Extensions>
            <Cadence>86</Cadence>
          </Trackpoint>
          <Trackpoint>
            <Time>2020-01-06T01:38:55Z</Time>
            <Position>
              <LatitudeDegrees>25.4258</LatitudeDegrees>
              <LongitudeDegrees>111.857498</LongitudeDegrees>
            </Position>
            <AltitudeMeters>41.11</AltitudeMeters>
            <DistanceMeters>17805.0</DistanceMeters>
            <Extensions>
              <ns3:TPX>
                <ns3:RunCadence>86</ns3:RunCadence>
              </ns3:TPX>
            </Extensions>
            <Cadence>86</Cadence>
          </Trackpoint>
          <Trackpoint>
            <Time>2020-01-06T01:39:00Z</Time>
            <Position>
              <LatitudeDegrees>25.425896</LatitudeDegrees>
              <LongitudeDegrees>111.857621</LongitudeDegrees>
            </Position>
            <AltitudeMeters>41.17</AltitudeMeters>
            <DistanceMeters>17820.0</DistanceMeters>
            <Extensions>
              <ns3:TPX>
                <ns3:RunCadence>86</ns3:RunCadence>
              </ns3:TPX>
            </Extensions>
            <Cadence>86</Cadence>
          </Trackpoint>
          <Trackpoint>
            <Time>2020-01-06T01:39:05Z</Time>
            <Position>
              <LatitudeDegrees>25.425977</LatitudeDegrees>
              <LongitudeDegrees>111.857741</LongitudeDegrees>
            </Position>
            <AltitudeMeters>41.22</AltitudeMeters>
            <DistanceMeters>17835.0</DistanceMeters>
            <Extensions>
              <ns3:TPX>
                <ns3:RunCadence>86</ns3:RunCadence>
              </ns3:TPX>
            </Extensions>
            <Cadence>86</Cadence>
          </Trackpoint>
          <Trackpoint>
            <Time>2020-01-06T01:39:10Z</Time>
            <Position>
              <LatitudeDegrees>25.426060</LatitudeDegrees>
              <LongitudeDegrees>111.857858</LongitudeDegrees>
            </Position>
            <AltitudeMeters>41.27</AltitudeMeters>
            <DistanceMeters>17850.0</DistanceMeters>
            <Extensions>
              <ns3:TPX>
                <ns3:RunCadence>86</ns3:RunCadence>
              </ns3:TPX>
            </Extensions>
            <Cadence>86</Cadence>
          </Trackpoint>
          <Trackpoint>
            <Time>2020-01-06T01:39:15Z</Time>
            <Position>
              <LatitudeDegrees>25.426147</LatitudeDegrees>
              <LongitudeDegrees>111.857972</LongitudeDegrees>
            </Position>
            <AltitudeMeters>41.32</AltitudeMeters>
            <DistanceMeters>17865.0</DistanceMeters>
            <Extensions>
              <ns3:TPX>
                <ns3:RunCadence>86</ns3:RunCadence>
              </ns3:TPX>
            </Extensions>
            <Cadence>86</Cadence>
          </Trackpoint>
          <Trackpoint>
            <Time>2020-01-06T01:39:20Z</Time>
            <Position>
              <LatitudeDegrees>25.426237</LatitudeDegrees>
              <LongitudeDegrees>111.858084</LongitudeDegrees>
            </Position>
            <AltitudeMeters>41.37</AltitudeMeters>
            <DistanceMeters>17880.0</DistanceMeters>
            <Extensions>
              <ns3:TPX>
                <ns3:RunCadence>87</ns3:RunCadence>
              </ns3:TPX>
            </Extensions>
            <Cadence>87</Cadence>
          </Trackpoint>
          <Trackpoint>
            <Time>2020-01-06T01:39:25Z</Time>
            <Position>
              <LatitudeDegrees>25.426330</LatitudeDegrees>
              <LongitudeDegrees>111.858192</LongitudeDegrees>
            </Position>
            <AltitudeMeters>41.41</AltitudeMeters>
            <DistanceMeters>17895.0</DistanceMeters>
            <Extensions>
              <ns3:TPX>
                <ns3:RunCadence>87</ns3:RunCadence>
              </ns3:TPX>
            </Extensions>
            <Cadence>87</Cadence>
          </Trackpoint>
          <Trackpoint>
            <Time>2020-01-06T01:39:30Z</Time>
            <Position>
              <LatitudeDegrees>25.426426</LatitudeDegrees>
              <LongitudeDegrees>111.858297</LongitudeDegrees>
            </Position>
            <AltitudeMeters>41.46</AltitudeMeters>
            <DistanceMeters>17910.0</DistanceMeters>
            <Extensions>
              <ns3:TPX>
                <ns3:RunCadence>87</ns3:RunCadence>
              </ns3:TPX>
            </Extensions>
            <Cadence>87</Cadence>
          </Trackpoint>
          <Trackpoint>
            <Time>2020-01-06T01:39:35Z</Time>
            <Position>
              <LatitudeDegrees>25.426525</LatitudeDegrees>
              <LongitudeDegrees>111.85840</LongitudeDegrees>
            </Position>
            <AltitudeMeters>41.50</AltitudeMeters>
            <DistanceMeters>17925.0</DistanceMeters>
            <Extensions>
              <ns3:TPX>
                <ns3:RunCadence>87</ns3:RunCadence>
              </ns3:TPX>
            </Extensions>
            <Cadence>87</Cadence>
          </Trackpoint>
          <Trackpoint>
            <Time>2020-01-06T01:39:40Z</Time>
            <Position>
              <LatitudeDegrees>25.426627</LatitudeDegrees>
              <LongitudeDegrees>111.858496</LongitudeDegrees>
            </Position>
            <AltitudeMeters>41.54</AltitudeMeters>
            <DistanceMeters>17940.0</DistanceMeters>
            <Extensions>
              <ns3:TPX>
                <ns3:RunCadence>87</ns3:RunCadence>
              </ns3:TPX>
            </Extensions>
            <Cadence>87</Cadence>
          </Trackpoint>
          <Trackpoint>
            <Time>2020-01-06T01:39:45Z</Time>
            <Position>
              <LatitudeDegrees>25.426731</LatitudeDegrees>
              <LongitudeDegrees>111.858591</LongitudeDegrees>
            </Position>
            <AltitudeMeters>41.6</AltitudeMeters>
            <DistanceMeters>17955.0</DistanceMeters>
            <Extensions>
              <ns3:TPX>
                <ns3:RunCadence>87</ns3:RunCadence>
              </ns3:TPX>
            </Extensions>
            <Cadence>87</Cadence>
          </Trackpoint>
          <Trackpoint>
            <Time>2020-01-06T01:39:50Z</Time>
            <Position>
              <LatitudeDegrees>25.426838</LatitudeDegrees>
              <LongitudeDegrees>111.858682</LongitudeDegrees>
            </Position>
            <AltitudeMeters>41.62</AltitudeMeters>
            <DistanceMeters>17970.0</DistanceMeters>
            <Extensions>
              <ns3:TPX>
                <ns3:RunCadence>87</ns3:RunCadence>
              </ns3:TPX>
            </Extensions>
            <Cadence>87</Cadence>
          </Trackpoint>
          <Trackpoint>
            <Time>2020-01-06T01:39:55Z</Time>
            <Position>
              <LatitudeDegrees>25.426948</LatitudeDegrees>
              <LongitudeDegrees>111.858769</LongitudeDegrees>
            </Position>
            <AltitudeMeters>41.7</AltitudeMeters>
            <DistanceMeters>17985.0</DistanceMeters>
            <Extensions>
              <ns3:TPX>
                <ns3:RunCadence>87</ns3:RunCadence>
              </ns3:TPX>
            </Extensions>
            <Cadence>87</Cadence>
          </Trackpoint>
          <Trackpoint>
            <Time>2020-01-06T01:40:00Z</Time>
            <Position>
              <LatitudeDegrees>25.427060</LatitudeDegrees>
              <LongitudeDegrees>111.858853</LongitudeDegrees>
            </Position>
            <AltitudeMeters>41.69</AltitudeMeters>
            <DistanceMeters>18000.0</DistanceMeters>
            <Extensions>
              <ns3:TPX>
                <ns3:RunCadence>87</ns3:RunCadence>
              </ns3:TPX>
            </Extensions>
            <Cadence>87</Cadence>
          </Trackpoint>
          <Trackpoint>
            <Time>2020-01-06T01:40:05Z</Time>
            <Position>
              <LatitudeDegrees>25.427174</LatitudeDegrees>
              <LongitudeDegrees>111.858932</LongitudeDegrees>
            </Position>
            <AltitudeMeters>41.73</AltitudeMeters>
            <DistanceMeters>18015.0</DistanceMeters>
            <Extensions>
              <ns3:TPX>
                <ns3:RunCadence>87</ns3:RunCadence>
              </ns3:TPX>
            </Extensions>
            <Cadence>87</Cadence>
          </Trackpoint>
          <Trackpoint>
            <Time>2020-01-06T01:40:10Z</Time>
            <Position>
              <LatitudeDegrees>25.427290</LatitudeDegrees>
              <LongitudeDegrees>111.859008</LongitudeDegrees>
            </Position>
            <AltitudeMeters>41.76</AltitudeMeters>
            <DistanceMeters>18030.0</DistanceMeters>
            <Extensions>
              <ns3:TPX>
                <ns3:RunCadence>87</ns3:RunCadence>
              </ns3:TPX>
            </Extensions>
            <Cadence>87</Cadence>
          </Trackpoint>
          <Trackpoint>
            <Time>2020-01-06T01:40:15Z</Time>
            <Position>
              <LatitudeDegrees>25.42741</LatitudeDegrees>
              <LongitudeDegrees>111.859079</LongitudeDegrees>
            </Position>
            <AltitudeMeters>41.79</AltitudeMeters>
            <DistanceMeters>18045.0</DistanceMeters>
            <Extensions>
              <ns3:TPX>
                <ns3:RunCadence>87</ns3:RunCadence>
              </ns3:TPX>
            </Extensions>
            <Cadence>87</Cadence>
          </Trackpoint>
          <Trackpoint>
            <Time>2020-01-06T01:40:20Z</Time>
            <Position>
              <LatitudeDegrees>25.427529</LatitudeDegrees>
              <LongitudeDegrees>111.859147</LongitudeDegrees>
            </Position>
            <AltitudeMeters>41.82</AltitudeMeters>
            <DistanceMeters>18060.0</DistanceMeters>
            <Extensions>
              <ns3:TPX>
                <ns3:RunCadence>87</ns3:RunCadence>
              </ns3:TPX>
            </Extensions>
            <Cadence>87</Cadence>
          </Trackpoint>
          <Trackpoint>
            <Time>2020-01-06T01:40:25Z</Time>
            <Position>
              <LatitudeDegrees>25.427651</LatitudeDegrees>
              <LongitudeDegrees>111.85921</LongitudeDegrees>
            </Position>
            <AltitudeMeters>41.84</AltitudeMeters>
            <DistanceMeters>18075.0</DistanceMeters>
            <Extensions>
              <ns3:TPX>
                <ns3:RunCadence>87</ns3:RunCadence>
              </ns3:TPX>
            </Extensions>
            <Cadence>87</Cadence>
          </Trackpoint>
          <Trackpoint>
            <Time>2020-01-06T01:40:30Z</Time>
            <Position>
              <LatitudeDegrees>25.427775</LatitudeDegrees>
              <LongitudeDegrees>111.859269</LongitudeDegrees>
            </Position>
            <AltitudeMeters>41.87</AltitudeMeters>
            <DistanceMeters>18090.0</DistanceMeters>
            <Extensions>
              <ns3:TPX>
                <ns3:RunCadence>87</ns3:RunCadence>
              </ns3:TPX>
            </Extensions>
            <Cadence>87</Cadence>
          </Trackpoint>
          <Trackpoint>
            <Time>2020-01-06T01:40:35Z</Time>
            <Position>
              <LatitudeDegrees>25.427900</LatitudeDegrees>
              <LongitudeDegrees>111.859324</LongitudeDegrees>
            </Position>
            <AltitudeMeters>41.89</AltitudeMeters>
            <DistanceMeters>18105.0</DistanceMeters>
            <Extensions>
              <ns3:TPX>
                <ns3:RunCadence>87</ns3:RunCadence>
              </ns3:TPX>
            </Extensions>
            <Cadence>87</Cadence>
          </Trackpoint>
          <Trackpoint>
            <Time>2020-01-06T01:40:40Z</Time>
            <Position>
              <LatitudeDegrees>25.428027</LatitudeDegrees>
              <LongitudeDegrees>111.859375</LongitudeDegrees>
            </Position>
            <AltitudeMeters>41.91</AltitudeMeters>
            <DistanceMeters>18120.0</DistanceMeters>
            <Extensions>
              <ns3:TPX>
                <ns3:RunCadence>87</ns3:RunCadence>
              </ns3:TPX>
            </Extensions>
            <Cadence>87</Cadence>
          </Trackpoint>
          <Trackpoint>
            <Time>2020-01-06T01:40:45Z</Time>
            <Position>
              <LatitudeDegrees>25.428155</LatitudeDegrees>
              <LongitudeDegrees>111.859421</LongitudeDegrees>
            </Position>
            <AltitudeMeters>41.93</AltitudeMeters>
            <DistanceMeters>18135.0</DistanceMeters>
            <Extensions>
              <ns3:TPX>
                <ns3:RunCadence>87</ns3:RunCadence>
              </ns3:TPX>
            </Extensions>
            <Cadence>87</Cadence>
          </Trackpoint>
          <Trackpoint>
            <Time>2020-01-06T01:40:50Z</Time>
            <Position>
              <LatitudeDegrees>25.428285</LatitudeDegrees>
              <LongitudeDegrees>111.859463</LongitudeDegrees>
            </Position>
            <AltitudeMeters>41.94</AltitudeMeters>
            <DistanceMeters>18150.0</DistanceMeters>
            <Extensions>
              <ns3:TPX>
                <ns3:RunCadence>87</ns3:RunCadence>
              </ns3:TPX>
            </Extensions>
            <Cadence>87</Cadence>
          </Trackpoint>
          <Trackpoint>
            <Time>2020-01-06T01:40:55Z</Time>
            <Position>
              <LatitudeDegrees>25.428415</LatitudeDegrees>
              <LongitudeDegrees>111.859500</LongitudeDegrees>
            </Position>
            <AltitudeMeters>41.96</AltitudeMeters>
            <DistanceMeters>18165.0</DistanceMeters>
            <Extensions>
              <ns3:TPX>
                <ns3:RunCadence>87</ns3:RunCadence>
              </ns3:TPX>
            </Extensions>
            <Cadence>87</Cadence>
          </Trackpoint>
          <Trackpoint>
            <Time>2020-01-06T01:41:00Z</Time>
            <Position>
              <LatitudeDegrees>25.428547</LatitudeDegrees>
              <LongitudeDegrees>111.859533</LongitudeDegrees>
            </Position>
            <AltitudeMeters>41.97</AltitudeMeters>
            <DistanceMeters>18180.0</DistanceMeters>
            <Extensions>
              <ns3:TPX>
                <ns3:RunCadence>86</ns3:RunCadence>
              </ns3:TPX>
            </Extensions>
            <Cadence>86</Cadence>
          </Trackpoint>
          <Trackpoint>
            <Time>2020-01-06T01:41:05Z</Time>
            <Position>
              <LatitudeDegrees>25.428680</LatitudeDegrees>
              <LongitudeDegrees>111.859561</LongitudeDegrees>
            </Position>
            <AltitudeMeters>41.98</AltitudeMeters>
            <DistanceMeters>18195.0</DistanceMeters>
            <Extensions>
              <ns3:TPX>
                <ns3:RunCadence>86</ns3:RunCadence>
              </ns3:TPX>
            </Extensions>
            <Cadence>86</Cadence>
          </Trackpoint>
          <Trackpoint>
            <Time>2020-01-06T01:41:10Z</Time>
            <Position>
              <LatitudeDegrees>25.428813</LatitudeDegrees>
              <LongitudeDegrees>111.859585</LongitudeDegrees>
            </Position>
            <AltitudeMeters>41.99</AltitudeMeters>
            <DistanceMeters>18210.0</DistanceMeters>
            <Extensions>
              <ns3:TPX>
                <ns3:RunCadence>86</ns3:RunCadence>
              </ns3:TPX>
            </Extensions>
            <Cadence>86</Cadence>
          </Trackpoint>
          <Trackpoint>
            <Time>2020-01-06T01:41:15Z</Time>
            <Position>
              <LatitudeDegrees>25.428946</LatitudeDegrees>
              <LongitudeDegrees>111.859604</LongitudeDegrees>
            </Position>
            <AltitudeMeters>41.99</AltitudeMeters>
            <DistanceMeters>18225.0</DistanceMeters>
            <Extensions>
              <ns3:TPX>
                <ns3:RunCadence>86</ns3:RunCadence>
              </ns3:TPX>
            </Extensions>
            <Cadence>86</Cadence>
          </Trackpoint>
          <Trackpoint>
            <Time>2020-01-06T01:41:20Z</Time>
            <Position>
              <LatitudeDegrees>25.429081</LatitudeDegrees>
              <LongitudeDegrees>111.859619</LongitudeDegrees>
            </Position>
            <AltitudeMeters>42.0</AltitudeMeters>
            <DistanceMeters>18240.0</DistanceMeters>
            <Extensions>
              <ns3:TPX>
                <ns3:RunCadence>86</ns3:RunCadence>
              </ns3:TPX>
            </Extensions>
            <Cadence>86</Cadence>
          </Trackpoint>
          <Trackpoint>
            <Time>2020-01-06T01:41:25Z</Time>
            <Position>
              <LatitudeDegrees>25.429215</LatitudeDegrees>
              <LongitudeDegrees>111.859629</LongitudeDegrees>
            </Position>
            <AltitudeMeters>42.00</AltitudeMeters>
            <DistanceMeters>18255.0</DistanceMeters>
            <Extensions>
              <ns3:TPX>
                <ns3:RunCadence>86</ns3:RunCadence>
              </ns3:TPX>
            </Extensions>
            <Cadence>86</Cadence>
          </Trackpoint>
          <Trackpoint>
            <Time>2020-01-06T01:41:30Z</Time>
            <Position>
              <LatitudeDegrees>25.429350</LatitudeDegrees>
              <LongitudeDegrees>111.859634</LongitudeDegrees>
            </Position>
            <AltitudeMeters>42.00</AltitudeMeters>
            <DistanceMeters>18270.0</DistanceMeters>
            <Extensions>
              <ns3:TPX>
                <ns3:RunCadence>86</ns3:RunCadence>
              </ns3:TPX>
            </Extensions>
            <Cadence>86</Cadence>
          </Trackpoint>
          <Trackpoint>
            <Time>2020-01-06T01:41:35Z</Time>
            <Position>
              <LatitudeDegrees>25.429485</LatitudeDegrees>
              <LongitudeDegrees>111.85964</LongitudeDegrees>
            </Position>
            <AltitudeMeters>42.00</AltitudeMeters>
            <DistanceMeters>18285.0</DistanceMeters>
            <Extensions>
              <ns3:TPX>
                <ns3:RunCadence>86</ns3:RunCadence>
              </ns3:TPX>
            </Extensions>
            <Cadence>86</Cadence>
          </Trackpoint>
          <Trackpoint>
            <Time>2020-01-06T01:41:40Z</Time>
            <Position>
              <LatitudeDegrees>25.429620</LatitudeDegrees>
              <LongitudeDegrees>111.859631</LongitudeDegrees>
            </Position>
            <AltitudeMeters>41.99</AltitudeMeters>
            <DistanceMeters>18300.0</DistanceMeters>
            <Extensions>
              <ns3:TPX>
                <ns3:RunCadence>85</ns3:RunCadence>
              </ns3:TPX>
            </Extensions>
            <Cadence>85</Cadence>
          </Trackpoint>
          <Trackpoint>
            <Time>2020-01-06T01:41:45Z</Time>
            <Position>
              <LatitudeDegrees>25.429755</LatitudeDegrees>
              <LongitudeDegrees>111.859623</LongitudeDegrees>
            </Position>
            <AltitudeMeters>41.99</AltitudeMeters>
            <DistanceMeters>18315.0</DistanceMeters>
            <Extensions>
              <ns3:TPX>
                <ns3:RunCadence>85</ns3:RunCadence>
              </ns3:TPX>
            </Extensions>
            <Cadence>85</Cadence>
          </Trackpoint>
          <Trackpoint>
            <Time>2020-01-06T01:41:50Z</Time>
            <Position>
              <LatitudeDegrees>25.429889</LatitudeDegrees>
              <LongitudeDegrees>111.859610</LongitudeDegrees>
            </Position>
            <AltitudeMeters>41.98</AltitudeMeters>
            <DistanceMeters>18330.0</DistanceMeters>
            <Extensions>
              <ns3:TPX>
                <ns3:RunCadence>85</ns3:RunCadence>
              </ns3:TPX>
            </Extensions>
            <Cadence>85</Cadence>
          </Trackpoint>
          <Trackpoint>
            <Time>2020-01-06T01:41:55Z</Time>
            <Position>
              <LatitudeDegrees>25.430023</LatitudeDegrees>
              <LongitudeDegrees>111.859592</LongitudeDegrees>
            </Position>
            <AltitudeMeters>41.97</AltitudeMeters>
            <DistanceMeters>18345.0</DistanceMeters>
            <Extensions>
              <ns3:TPX>
                <ns3:RunCadence>85</ns3:RunCadence>
              </ns3:TPX>
            </Extensions>
            <Cadence>85</Cadence>
          </Trackpoint>
          <Trackpoint>
            <Time>2020-01-06T01:42:00Z</Time>
            <Position>
              <LatitudeDegrees>25.430156</LatitudeDegrees>
              <LongitudeDegrees>111.859570</LongitudeDegrees>
            </Position>
            <AltitudeMeters>41.95</AltitudeMeters>
            <DistanceMeters>18360.0</DistanceMeters>
            <Extensions>
              <ns3:TPX>
                <ns3:RunCadence>85</ns3:RunCadence>
              </ns3:TPX>
            </Extensions>
            <Cadence>85</Cadence>
          </Trackpoint>
          <Trackpoint>
            <Time>2020-01-06T01:42:05Z</Time>
            <Position>
              <LatitudeDegrees>25.430289</LatitudeDegrees>
              <LongitudeDegrees>111.859543</LongitudeDegrees>
            </Position>
            <AltitudeMeters>41.94</AltitudeMeters>
            <DistanceMeters>18375.0</DistanceMeters>
            <Extensions>
              <ns3:TPX>
                <ns3:RunCadence>85</ns3:RunCadence>
              </ns3:TPX>
            </Extensions>
            <Cadence>85</Cadence>
          </Trackpoint>
          <Trackpoint>
            <Time>2020-01-06T01:42:10Z</Time>
            <Position>
              <LatitudeDegrees>25.430421</LatitudeDegrees>
              <LongitudeDegrees>111.859512</LongitudeDegrees>
            </Position>
            <AltitudeMeters>41.92</AltitudeMeters>
            <DistanceMeters>18390.0</DistanceMeters>
            <Extensions>
              <ns3:TPX>
                <ns3:RunCadence>84</ns3:RunCadence>
              </ns3:TPX>
            </Extensions>
            <Cadence>84</Cadence>
          </Trackpoint>
          <Trackpoint>
            <Time>2020-01-06T01:42:15Z</Time>
            <Position>
              <LatitudeDegrees>25.430552</LatitudeDegrees>
              <LongitudeDegrees>111.859476</LongitudeDegrees>
            </Position>
            <AltitudeMeters>41.90</AltitudeMeters>
            <DistanceMeters>18405.0</DistanceMeters>
            <Extensions>
              <ns3:TPX>
                <ns3:RunCadence>84</ns3:RunCadence>
              </ns3:TPX>
            </Extensions>
            <Cadence>84</Cadence>
          </Trackpoint>
          <Trackpoint>
            <Time>2020-01-06T01:42:20Z</Time>
            <Position>
              <LatitudeDegrees>25.43068</LatitudeDegrees>
              <LongitudeDegrees>111.859436</LongitudeDegrees>
            </Position>
            <AltitudeMeters>41.88</AltitudeMeters>
            <DistanceMeters>18420.0</DistanceMeters>
            <Extensions>
              <ns3:TPX>
                <ns3:RunCadence>84</ns3:RunCadence>
              </ns3:TPX>
            </Extensions>
            <Cadence>84</Cadence>
          </Trackpoint>
          <Trackpoint>
            <Time>2020-01-06T01:42:25Z</Time>
            <Position>
              <LatitudeDegrees>25.430810</LatitudeDegrees>
              <LongitudeDegrees>111.859391</LongitudeDegrees>
            </Position>
            <AltitudeMeters>41.86</AltitudeMeters>
            <DistanceMeters>18435.0</DistanceMeters>
            <Extensions>
              <ns3:TPX>
                <ns3:RunCadence>84</ns3:RunCadence>
              </ns3:TPX>
            </Extensions>
            <Cadence>84</Cadence>
          </Trackpoint>
          <Trackpoint>
            <Time>2020-01-06T01:42:30Z</Time>
            <Position>
              <LatitudeDegrees>25.430938</LatitudeDegrees>
              <LongitudeDegrees>111.859342</LongitudeDegrees>
            </Position>
            <AltitudeMeters>41.84</AltitudeMeters>
            <DistanceMeters>18450.0</DistanceMeters>
            <Extensions>
              <ns3:TPX>
                <ns3:RunCadence>84</ns3:RunCadence>
              </ns3:TPX>
            </Extensions>
            <Cadence>84</Cadence>
          </Trackpoint>
          <Trackpoint>
            <Time>2020-01-06T01:42:35Z</Time>
            <Position>
              <LatitudeDegrees>25.431064</LatitudeDegrees>
              <LongitudeDegrees>111.859288</LongitudeDegrees>
            </Position>
            <AltitudeMeters>41.81</AltitudeMeters>
            <DistanceMeters>18465.0</DistanceMeters>
            <Extensions>
              <ns3:TPX>
                <ns3:RunCadence>84</ns3:RunCadence>
              </ns3:TPX>
            </Extensions>
            <Cadence>84</Cadence>
          </Trackpoint>
          <Trackpoint>
            <Time>2020-01-06T01:42:40Z</Time>
            <Position>
              <LatitudeDegrees>25.43119</LatitudeDegrees>
              <LongitudeDegrees>111.859231</LongitudeDegrees>
            </Position>
            <AltitudeMeters>41.78</AltitudeMeters>
            <DistanceMeters>18480.0</DistanceMeters>
            <Extensions>
              <ns3:TPX>
                <ns3:RunCadence>83</ns3:RunCadence>
              </ns3:TPX>
            </Extensions>
            <Cadence>83</Cadence>
          </Trackpoint>
          <Trackpoint>
            <Time>2020-01-06T01:42:45Z</Time>
            <Position>
              <LatitudeDegrees>25.431311</LatitudeDegrees>
              <LongitudeDegrees>111.859169</LongitudeDegrees>
            </Position>
            <AltitudeMeters>41.75</AltitudeMeters>
            <DistanceMeters>18495.0</DistanceMeters>
            <Extensions>
              <ns3:TPX>
                <ns3:RunCadence>83</ns3:RunCadence>
              </ns3:TPX>
            </Extensions>
            <Cadence>83</Cadence>
          </Trackpoint>
          <Trackpoint>
            <Time>2020-01-06T01:42:50Z</Time>
            <Position>
              <LatitudeDegrees>25.431432</LatitudeDegrees>
              <LongitudeDegrees>111.859102</LongitudeDegrees>
            </Position>
            <AltitudeMeters>41.7</AltitudeMeters>
            <DistanceMeters>18510.0</DistanceMeters>
            <Extensions>
              <ns3:TPX>
                <ns3:RunCadence>83</ns3:RunCadence>
              </ns3:TPX>
            </Extensions>
            <Cadence>83</Cadence>
          </Trackpoint>
          <Trackpoint>
            <Time>2020-01-06T01:42:55Z</Time>
            <Position>
              <LatitudeDegrees>25.431551</LatitudeDegrees>
              <LongitudeDegrees>111.859032</LongitudeDegrees>
            </Position>
            <AltitudeMeters>41.69</AltitudeMeters>
            <DistanceMeters>18525.0</DistanceMeters>
            <Extensions>
              <ns3:TPX>
                <ns3:RunCadence>83</ns3:RunCadence>
              </ns3:TPX>
            </Extensions>
            <Cadence>83</Cadence>
          </Trackpoint>
          <Trackpoint>
            <Time>2020-01-06T01:43:00Z</Time>
            <Position>
              <LatitudeDegrees>25.431668</LatitudeDegrees>
              <LongitudeDegrees>111.858958</LongitudeDegrees>
            </Position>
            <AltitudeMeters>41.65</AltitudeMeters>
            <DistanceMeters>18540.0</DistanceMeters>
            <Extensions>
              <ns3:TPX>
                <ns3:RunCadence>83</ns3:RunCadence>
              </ns3:TPX>
            </Extensions>
            <Cadence>83</Cadence>
          </Trackpoint>
          <Trackpoint>
            <Time>2020-01-06T01:43:05Z</Time>
            <Position>
              <LatitudeDegrees>25.431783</LatitudeDegrees>
              <LongitudeDegrees>111.858880</LongitudeDegrees>
            </Position>
            <AltitudeMeters>41.61</AltitudeMeters>
            <DistanceMeters>18555.0</DistanceMeters>
            <Extensions>
              <ns3:TPX>
                <ns3:RunCadence>83</ns3:RunCadence>
              </ns3:TPX>
            </Extensions>
            <Cadence>83</Cadence>
          </Trackpoint>
          <Trackpoint>
            <Time>2020-01-06T01:43:10Z</Time>
            <Position>
              <LatitudeDegrees>25.431895</LatitudeDegrees>
              <LongitudeDegrees>111.858797</LongitudeDegrees>
            </Position>
            <AltitudeMeters>41.57</AltitudeMeters>
            <DistanceMeters>18570.0</DistanceMeters>
            <Extensions>
              <ns3:TPX>
                <ns3:RunCadence>82</ns3:RunCadence>
              </ns3:TPX>
            </Extensions>
            <Cadence>82</Cadence>
          </Trackpoint>
          <Trackpoint>
            <Time>2020-01-06T01:43:15Z</Time>
            <Position>
              <LatitudeDegrees>25.432006</LatitudeDegrees>
              <LongitudeDegrees>111.858711</LongitudeDegrees>
            </Position>
            <AltitudeMeters>41.53</AltitudeMeters>
            <DistanceMeters>18585.0</DistanceMeters>
            <Extensions>
              <ns3:TPX>
                <ns3:RunCadence>82</ns3:RunCadence>
              </ns3:TPX>
            </Extensions>
            <Cadence>82</Cadence>
          </Trackpoint>
          <Trackpoint>
            <Time>2020-01-06T01:43:20Z</Time>
            <Position>
              <LatitudeDegrees>25.432113</LatitudeDegrees>
              <LongitudeDegrees>111.858622</LongitudeDegrees>
            </Position>
            <AltitudeMeters>41.49</AltitudeMeters>
            <DistanceMeters>18600.0</DistanceMeters>
            <Extensions>
              <ns3:TPX>
                <ns3:RunCadence>82</ns3:RunCadence>
              </ns3:TPX>
            </Extensions>
            <Cadence>82</Cadence>
          </Trackpoint>
          <Trackpoint>
            <Time>2020-01-06T01:43:25Z</Time>
            <Position>
              <LatitudeDegrees>25.432219</LatitudeDegrees>
              <LongitudeDegrees>111.858528</LongitudeDegrees>
            </Position>
            <AltitudeMeters>41.45</AltitudeMeters>
            <DistanceMeters>18615.0</DistanceMeters>
            <Extensions>
              <ns3:TPX>
                <ns3:RunCadence>82</ns3:RunCadence>
              </ns3:TPX>
            </Extensions>
            <Cadence>82</Cadence>
          </Trackpoint>
          <Trackpoint>
            <Time>2020-01-06T01:43:30Z</Time>
            <Position>
              <LatitudeDegrees>25.432321</LatitudeDegrees>
              <LongitudeDegrees>111.858431</LongitudeDegrees>
            </Position>
            <AltitudeMeters>41.40</AltitudeMeters>
            <DistanceMeters>18630.0</DistanceMeters>
            <Extensions>
              <ns3:TPX>
                <ns3:RunCadence>82</ns3:RunCadence>
              </ns3:TPX>
            </Extensions>
            <Cadence>82</Cadence>
          </Trackpoint>
          <Trackpoint>
            <Time>2020-01-06T01:43:35Z</Time>
            <Position>
              <LatitudeDegrees>25.432421</LatitudeDegrees>
              <LongitudeDegrees>111.858331</LongitudeDegrees>
            </Position>
            <AltitudeMeters>41.35</AltitudeMeters>
            <DistanceMeters>18645.0</DistanceMeters>
            <Extensions>
              <ns3:TPX>
                <ns3:RunCadence>82</ns3:RunCadence>
              </ns3:TPX>
            </Extensions>
            <Cadence>82</Cadence>
          </Trackpoint>
          <Trackpoint>
            <Time>2020-01-06T01:43:40Z</Time>
            <Position>
              <LatitudeDegrees>25.432518</LatitudeDegrees>
              <LongitudeDegrees>111.858227</LongitudeDegrees>
            </Position>
            <AltitudeMeters>41.31</AltitudeMeters>
            <DistanceMeters>18660.0</DistanceMeters>
            <Extensions>
              <ns3:TPX>
                <ns3:RunCadence>82</ns3:RunCadence>
              </ns3:TPX>
            </Extensions>
            <Cadence>82</Cadence>
          </Trackpoint>
          <Trackpoint>
            <Time>2020-01-06T01:43:45Z</Time>
            <Position>
              <LatitudeDegrees>25.432612</LatitudeDegrees>
              <LongitudeDegrees>111.858120</LongitudeDegrees>
            </Position>
            <AltitudeMeters>41.26</AltitudeMeters>
            <DistanceMeters>18675.0</DistanceMeters>
            <Extensions>
              <ns3:TPX>
                <ns3:RunCadence>82</ns3:RunCadence>
              </ns3:TPX>
            </Extensions>
            <Cadence>82</Cadence>
          </Trackpoint>
          <Trackpoint>
            <Time>2020-01-06T01:43:50Z</Time>
            <Position>
              <LatitudeDegrees>25.432703</LatitudeDegrees>
              <LongitudeDegrees>111.858010</LongitudeDegrees>
            </Position>
            <AltitudeMeters>41.21</AltitudeMeters>
            <DistanceMeters>18690.0</DistanceMeters>
            <Extensions>
              <ns3:TPX>
                <ns3:RunCadence>81</ns3:RunCadence>
              </ns3:TPX>
            </Extensions>
            <Cadence>81</Cadence>
          </Trackpoint>
          <Trackpoint>
            <Time>2020-01-06T01:43:55Z</Time>
            <Position>
              <LatitudeDegrees>25.432791</LatitudeDegrees>
              <LongitudeDegrees>111.8579</LongitudeDegrees>
            </Position>
            <AltitudeMeters>41.15</AltitudeMeters>
            <DistanceMeters>18705.0</DistanceMeters>
            <Extensions>
              <ns3:TPX>
                <ns3:RunCadence>81</ns3:RunCadence>
              </ns3:TPX>
            </Extensions>
            <Cadence>81</Cadence>
          </Trackpoint>
          <Trackpoint>
            <Time>2020-01-06T01:44:00Z</Time>
            <Position>
              <LatitudeDegrees>25.432876</LatitudeDegrees>
              <LongitudeDegrees>111.857780</LongitudeDegrees>
            </Position>
            <AltitudeMeters>41.10</AltitudeMeters>
            <DistanceMeters>18720.0</DistanceMeters>
            <Extensions>
              <ns3:TPX>
                <ns3:RunCadence>81</ns3:RunCadence>
              </ns3:TPX>
            </Extensions>
            <Cadence>81</Cadence>
          </Trackpoint>
          <Trackpoint>
            <Time>2020-01-06T01:44:05Z</Time>
            <Position>
              <LatitudeDegrees>25.432957</LatitudeDegrees>
              <LongitudeDegrees>111.857661</LongitudeDegrees>
            </Position>
            <AltitudeMeters>41.05</AltitudeMeters>
            <DistanceMeters>18735.0</DistanceMeters>
            <Extensions>
              <ns3:TPX>
                <ns3:RunCadence>81</ns3:RunCadence>
              </ns3:TPX>
            </Extensions>
            <Cadence>81</Cadence>
          </Trackpoint>
          <Trackpoint>
            <Time>2020-01-06T01:44:10Z</Time>
            <Position>
              <LatitudeDegrees>25.433035</LatitudeDegrees>
              <LongitudeDegrees>111.857539</LongitudeDegrees>
            </Position>
            <AltitudeMeters>40.99</AltitudeMeters>
            <DistanceMeters>18750.0</DistanceMeters>
            <Extensions>
              <ns3:TPX>
                <ns3:RunCadence>81</ns3:RunCadence>
              </ns3:TPX>
            </Extensions>
            <Cadence>81</Cadence>
          </Trackpoint>
          <Trackpoint>
            <Time>2020-01-06T01:44:15Z</Time>
            <Position>
              <LatitudeDegrees>25.433110</LatitudeDegrees>
              <LongitudeDegrees>111.857415</LongitudeDegrees>
            </Position>
            <AltitudeMeters>40.93</AltitudeMeters>
            <DistanceMeters>18765.0</DistanceMeters>
            <Extensions>
              <ns3:TPX>
                <ns3:RunCadence>81</ns3:RunCadence>
              </ns3:TPX>
            </Extensions>
            <Cadence>81</Cadence>
          </Trackpoint>
          <Trackpoint>
            <Time>2020-01-06T01:44:20Z</Time>
            <Position>
              <LatitudeDegrees>25.433181</LatitudeDegrees>
              <LongitudeDegrees>111.857288</LongitudeDegrees>
            </Position>
            <AltitudeMeters>40.88</AltitudeMeters>
            <DistanceMeters>18780.0</DistanceMeters>
            <Extensions>
              <ns3:TPX>
                <ns3:RunCadence>81</ns3:RunCadence>
              </ns3:TPX>
            </Extensions>
            <Cadence>81</Cadence>
          </Trackpoint>
          <Trackpoint>
            <Time>2020-01-06T01:44:25Z</Time>
            <Position>
              <LatitudeDegrees>25.433249</LatitudeDegrees>
              <LongitudeDegrees>111.857159</LongitudeDegrees>
            </Position>
            <AltitudeMeters>40.82</AltitudeMeters>
            <DistanceMeters>18795.0</DistanceMeters>
            <Extensions>
              <ns3:TPX>
                <ns3:RunCadence>81</ns3:RunCadence>
              </ns3:TPX>
            </Extensions>
            <Cadence>81</Cadence>
          </Trackpoint>
          <Trackpoint>
            <Time>2020-01-06T01:44:30Z</Time>
            <Position>
              <LatitudeDegrees>25.433313</LatitudeDegrees>
              <LongitudeDegrees>111.857027</LongitudeDegrees>
            </Position>
            <AltitudeMeters>40.76</AltitudeMeters>
            <DistanceMeters>18810.0</DistanceMeters>
            <Extensions>
              <ns3:TPX>
                <ns3:RunCadence>81</ns3:RunCadence>
              </ns3:TPX>
            </Extensions>
            <Cadence>81</Cadence>
          </Trackpoint>
          <Trackpoint>
            <Time>2020-01-06T01:44:35Z</Time>
            <Position>
              <LatitudeDegrees>25.433373</LatitudeDegrees>
              <LongitudeDegrees>111.856894</LongitudeDegrees>
            </Position>
            <AltitudeMeters>40.70</AltitudeMeters>
            <DistanceMeters>18825.0</DistanceMeters>
            <Extensions>
              <ns3:TPX>
                <ns3:RunCadence>81</ns3:RunCadence>
              </ns3:TPX>
            </Extensions>
            <Cadence>81</Cadence>
          </Trackpoint>
          <Trackpoint>
            <Time>2020-01-06T01:44:40Z</Time>
            <Position>
              <LatitudeDegrees>25.43343</LatitudeDegrees>
              <LongitudeDegrees>111.856758</LongitudeDegrees>
            </Position>
            <AltitudeMeters>40.64</AltitudeMeters>
            <DistanceMeters>18840.0</DistanceMeters>
            <Extensions>
              <ns3:TPX>
                <ns3:RunCadence>81</ns3:RunCadence>
              </ns3:TPX>
            </Extensions>
            <Cadence>81</Cadence>
          </Trackpoint>
          <Trackpoint>
            <Time>2020-01-06T01:44:45Z</Time>
            <Position>
              <LatitudeDegrees>25.433482</LatitudeDegrees>
              <LongitudeDegrees>111.856620</LongitudeDegrees>
            </Position>
            <AltitudeMeters>40.58</AltitudeMeters>
            <DistanceMeters>18855.0</DistanceMeters>
            <Extensions>
              <ns3:TPX>
                <ns3:RunCadence>81</ns3:RunCadence>
              </ns3:TPX>
            </Extensions>
            <Cadence>81</Cadence>
          </Trackpoint>
          <Trackpoint>
            <Time>2020-01-06T01:44:50Z</Time>
            <Position>
              <LatitudeDegrees>25.433530</LatitudeDegrees>
              <LongitudeDegrees>111.856481</LongitudeDegrees>
            </Position>
            <AltitudeMeters>40.51</AltitudeMeters>
            <DistanceMeters>18870.0</DistanceMeters>
            <Extensions>
              <ns3:TPX>
                <ns3:RunCadence>81</ns3:RunCadence>
              </ns3:TPX>
            </Extensions>
            <Cadence>81</Cadence>
          </Trackpoint>
          <Trackpoint>
            <Time>2020-01-06T01:44:55Z</Time>
            <Position>
              <LatitudeDegrees>25.433575</LatitudeDegrees>
              <LongitudeDegrees>111.856340</LongitudeDegrees>
            </Position>
            <AltitudeMeters>40.45</AltitudeMeters>
            <DistanceMeters>18885.0</DistanceMeters>
            <Extensions>
              <ns3:TPX>
                <ns3:RunCadence>81</ns3:RunCadence>
              </ns3:TPX>
            </Extensions>
            <Cadence>81</Cadence>
          </Trackpoint>
          <Trackpoint>
            <Time>2020-01-06T01:45:00Z</Time>
            <Position>
              <LatitudeDegrees>25.433616</LatitudeDegrees>
              <LongitudeDegrees>111.856198</LongitudeDegrees>
            </Position>
            <AltitudeMeters>40.39</AltitudeMeters>
            <DistanceMeters>18900.0</DistanceMeters>
            <Extensions>
              <ns3:TPX>
                <ns3:RunCadence>81</ns3:RunCadence>
              </ns3:TPX>
            </Extensions>
            <Cadence>81</Cadence>
          </Trackpoint>
          <Trackpoint>
            <Time>2020-01-06T01:45:05Z</Time>
            <Position>
              <LatitudeDegrees>25.433653</LatitudeDegrees>
              <LongitudeDegrees>111.856054</LongitudeDegrees>
            </Position>
            <AltitudeMeters>40.33</AltitudeMeters>
            <DistanceMeters>18915.0</DistanceMeters>
            <Extensions>
              <ns3:TPX>
                <ns3:RunCadence>81</ns3:RunCadence>
              </ns3:TPX>
            </Extensions>
            <Cadence>81</Cadence>
          </Trackpoint>
          <Trackpoint>
            <Time>2020-01-06T01:45:10Z</Time>
            <Position>
              <LatitudeDegrees>25.433686</LatitudeDegrees>
              <LongitudeDegrees>111.85591</LongitudeDegrees>
            </Position>
            <AltitudeMeters>40.26</AltitudeMeters>
            <DistanceMeters>18930.0</DistanceMeters>
          </Trackpoint>
          <Trackpoint>
            <Time>2020-01-06T01:45:15Z</Time>
            <Position>
              <LatitudeDegrees>25.433714</LatitudeDegrees>
              <LongitudeDegrees>111.855763</LongitudeDegrees>
            </Position>
            <AltitudeMeters>40.20</AltitudeMeters>
            <DistanceMeters>18945.0</DistanceMeters>
            <Extensions>
              <ns3:TPX>
                <ns3:RunCadence>81</ns3:RunCadence>
              </ns3:TPX>
            </Extensions>
            <Cadence>81</Cadence>
          </Trackpoint>
          <Trackpoint>
            <Time>2020-01-06T01:45:20Z</Time>
            <Position>
              <LatitudeDegrees>25.433739</LatitudeDegrees>
              <LongitudeDegrees>111.855616</LongitudeDegrees>
            </Position>
            <AltitudeMeters>40.13</AltitudeMeters>
            <DistanceMeters>18960.0</DistanceMeters>
            <Extensions>
              <ns3:TPX>
                <ns3:RunCadence>81</ns3:RunCadence>
              </ns3:TPX>
            </Extensions>
            <Cadence>81</Cadence>
          </Trackpoint>
          <Trackpoint>
            <Time>2020-01-06T01:45:25Z</Time>
            <Position>
              <LatitudeDegrees>25.433760</LatitudeDegrees>
              <LongitudeDegrees>111.855469</LongitudeDegrees>
            </Position>
            <AltitudeMeters>40.07</AltitudeMeters>
            <DistanceMeters>18975.0</DistanceMeters>
            <Extensions>
              <ns3:TPX>
                <ns3:RunCadence>81</ns3:RunCadence>
              </ns3:TPX>
            </Extensions>
            <Cadence>81</Cadence>
          </Trackpoint>
          <Trackpoint>
            <Time>2020-01-06T01:45:30Z</Time>
            <Position>
              <LatitudeDegrees>25.433776</LatitudeDegrees>
              <LongitudeDegrees>111.855321</LongitudeDegrees>
            </Position>
            <AltitudeMeters>40.00</AltitudeMeters>
            <DistanceMeters>18990.0</DistanceMeters>
            <Extensions>
              <ns3:TPX>
                <ns3:RunCadence>82</ns3:RunCadence>
              </ns3:TPX>
            </Extensions>
            <Cadence>82</Cadence>
          </Trackpoint>
          <Trackpoint>
            <Time>2020-01-06T01:45:35Z</Time>
            <Position>
              <LatitudeDegrees>25.433788</LatitudeDegrees>
              <LongitudeDegrees>111.855172</LongitudeDegrees>
            </Position>
            <AltitudeMeters>39.94</AltitudeMeters>
            <DistanceMeters>19005.0</DistanceMeters>
            <Extensions>
              <ns3:TPX>
                <ns3:RunCadence>82</ns3:RunCadence>
              </ns3:TPX>
            </Extensions>
            <Cadence>82</Cadence>
          </Trackpoint>
          <Trackpoint>
            <Time>2020-01-06T01:45:40Z</Time>
            <Position>
              <LatitudeDegrees>25.433796</LatitudeDegrees>
              <LongitudeDegrees>111.855023</LongitudeDegrees>
            </Position>
            <AltitudeMeters>39.88</AltitudeMeters>
            <DistanceMeters>19020.0</DistanceMeters>
            <Extensions>
              <ns3:TPX>
                <ns3:RunCadence>82</ns3:RunCadence>
              </ns3:TPX>
            </Extensions>
            <Cadence>82</Cadence>
          </Trackpoint>
          <Trackpoint>
            <Time>2020-01-06T01:45:45Z</Time>
            <Position>
              <LatitudeDegrees>25.433800</LatitudeDegrees>
              <LongitudeDegrees>111.854873</LongitudeDegrees>
            </Position>
            <AltitudeMeters>39.81</AltitudeMeters>
            <DistanceMeters>19035.0</DistanceMeters>
            <Extensions>
              <ns3:TPX>
                <ns3:RunCadence>82</ns3:RunCadence>
              </ns3:TPX>
            </Extensions>
            <Cadence>82</Cadence>
          </Trackpoint>
          <Trackpoint>
            <Time>2020-01-06T01:45:50Z</Time>
            <Position>
              <LatitudeDegrees>25.433800</LatitudeDegrees>
              <LongitudeDegrees>111.854724</LongitudeDegrees>
            </Position>
            <AltitudeMeters>39.75</AltitudeMeters>
            <DistanceMeters>19050.0</DistanceMeters>
            <Extensions>
              <ns3:TPX>
                <ns3:RunCadence>82</ns3:RunCadence>
              </ns3:TPX>
            </Extensions>
            <Cadence>82</Cadence>
          </Trackpoint>
          <Trackpoint>
            <Time>2020-01-06T01:45:55Z</Time>
            <Position>
              <LatitudeDegrees>25.433796</LatitudeDegrees>
              <LongitudeDegrees>111.854575</LongitudeDegrees>
            </Position>
            <AltitudeMeters>39.68</AltitudeMeters>
            <DistanceMeters>19065.0</DistanceMeters>
            <Extensions>
              <ns3:TPX>
                <ns3:RunCadence>82</ns3:RunCadence>
              </ns3:TPX>
            </Extensions>
            <Cadence>82</Cadence>
          </Trackpoint>
          <Trackpoint>
            <Time>2020-01-06T01:46:00Z</Time>
            <Position>
              <LatitudeDegrees>25.433787</LatitudeDegrees>
              <LongitudeDegrees>111.854426</LongitudeDegrees>
            </Position>
            <AltitudeMeters>39.6</AltitudeMeters>
            <DistanceMeters>19080.0</DistanceMeters>
            <Extensions>
              <ns3:TPX>
                <ns3:RunCadence>82</ns3:RunCadence>
              </ns3:TPX>
            </Extensions>
            <Cadence>82</Cadence>
          </Trackpoint>
          <Trackpoint>
            <Time>2020-01-06T01:46:05Z</Time>
            <Position>
              <LatitudeDegrees>25.433775</LatitudeDegrees>
              <LongitudeDegrees>111.854277</LongitudeDegrees>
            </Position>
            <AltitudeMeters>39.56</AltitudeMeters>
            <DistanceMeters>19095.0</DistanceMeters>
            <Extensions>
              <ns3:TPX>
                <ns3:RunCadence>83</ns3:RunCadence>
              </ns3:TPX>
            </Extensions>
            <Cadence>83</Cadence>
          </Trackpoint>
          <Trackpoint>
            <Time>2020-01-06T01:46:10Z</Time>
            <Position>
              <LatitudeDegrees>25.43376</LatitudeDegrees>
              <LongitudeDegrees>111.854129</LongitudeDegrees>
            </Position>
            <AltitudeMeters>39.49</AltitudeMeters>
            <DistanceMeters>19110.0</DistanceMeters>
            <Extensions>
              <ns3:TPX>
                <ns3:RunCadence>83</ns3:RunCadence>
              </ns3:TPX>
            </Extensions>
            <Cadence>83</Cadence>
          </Trackpoint>
          <Trackpoint>
            <Time>2020-01-06T01:46:15Z</Time>
            <Position>
              <LatitudeDegrees>25.433737</LatitudeDegrees>
              <LongitudeDegrees>111.853981</LongitudeDegrees>
            </Position>
            <AltitudeMeters>39.43</AltitudeMeters>
            <DistanceMeters>19125.0</DistanceMeters>
            <Extensions>
              <ns3:TPX>
                <ns3:RunCadence>83</ns3:RunCadence>
              </ns3:TPX>
            </Extensions>
            <Cadence>83</Cadence>
          </Trackpoint>
          <Trackpoint>
            <Time>2020-01-06T01:46:20Z</Time>
            <Position>
              <LatitudeDegrees>25.433712</LatitudeDegrees>
              <LongitudeDegrees>111.853835</LongitudeDegrees>
            </Position>
            <AltitudeMeters>39.37</AltitudeMeters>
            <DistanceMeters>19140.0</DistanceMeters>
            <Extensions>
              <ns3:TPX>
                <ns3:RunCadence>83</ns3:RunCadence>
              </ns3:TPX>
            </Extensions>
            <Cadence>83</Cadence>
          </Trackpoint>
          <Trackpoint>
            <Time>2020-01-06T01:46:25Z</Time>
            <Position>
              <LatitudeDegrees>25.433682</LatitudeDegrees>
              <LongitudeDegrees>111.853689</LongitudeDegrees>
            </Position>
            <AltitudeMeters>39.31</AltitudeMeters>
            <DistanceMeters>19155.0</DistanceMeters>
            <Extensions>
              <ns3:TPX>
                <ns3:RunCadence>83</ns3:RunCadence>
              </ns3:TPX>
            </Extensions>
            <Cadence>83</Cadence>
          </Trackpoint>
          <Trackpoint>
            <Time>2020-01-06T01:46:30Z</Time>
            <Position>
              <LatitudeDegrees>25.433649</LatitudeDegrees>
              <LongitudeDegrees>111.85354</LongitudeDegrees>
            </Position>
            <AltitudeMeters>39.25</AltitudeMeters>
            <DistanceMeters>19170.0</DistanceMeters>
            <Extensions>
              <ns3:TPX>
                <ns3:RunCadence>83</ns3:RunCadence>
              </ns3:TPX>
            </Extensions>
            <Cadence>83</Cadence>
          </Trackpoint>
          <Trackpoint>
            <Time>2020-01-06T01:46:35Z</Time>
            <Position>
              <LatitudeDegrees>25.433612</LatitudeDegrees>
              <LongitudeDegrees>111.853400</LongitudeDegrees>
            </Position>
            <AltitudeMeters>39.19</AltitudeMeters>
            <DistanceMeters>19185.0</DistanceMeters>
            <Extensions>
              <ns3:TPX>
                <ns3:RunCadence>84</ns3:RunCadence>
              </ns3:TPX>
            </Extensions>
            <Cadence>84</Cadence>
          </Trackpoint>
          <Trackpoint>
            <Time>2020-01-06T01:46:40Z</Time>
            <Position>
              <LatitudeDegrees>25.433570</LatitudeDegrees>
              <LongitudeDegrees>111.853258</LongitudeDegrees>
            </Position>
            <AltitudeMeters>39.1</AltitudeMeters>
            <DistanceMeters>19200.0</DistanceMeters>
            <Extensions>
              <ns3:TPX>
                <ns3:RunCadence>84</ns3:RunCadence>
              </ns3:TPX>
            </Extensions>
            <Cadence>84</Cadence>
          </Trackpoint>
          <Trackpoint>
            <Time>2020-01-06T01:46:45Z</Time>
            <Position>
              <LatitudeDegrees>25.433525</LatitudeDegrees>
              <LongitudeDegrees>111.853118</LongitudeDegrees>
            </Position>
            <AltitudeMeters>39.07</AltitudeMeters>
            <DistanceMeters>19215.0</DistanceMeters>
            <Extensions>
              <ns3:TPX>
                <ns3:RunCadence>84</ns3:RunCadence>
              </ns3:TPX>
            </Extensions>
            <Cadence>84</Cadence>
          </Trackpoint>
          <Trackpoint>
            <Time>2020-01-06T01:46:50Z</Time>
            <Position>
              <LatitudeDegrees>25.433476</LatitudeDegrees>
              <LongitudeDegrees>111.852978</LongitudeDegrees>
            </Position>
            <AltitudeMeters>39.02</AltitudeMeters>
            <DistanceMeters>19230.0</DistanceMeters>
            <Extensions>
              <ns3:TPX>
                <ns3:RunCadence>84</ns3:RunCadence>
              </ns3:TPX>
            </Extensions>
            <Cadence>84</Cadence>
          </Trackpoint>
          <Trackpoint>
            <Time>2020-01-06T01:46:55Z</Time>
            <Position>
              <LatitudeDegrees>25.433423</LatitudeDegrees>
              <LongitudeDegrees>111.852841</LongitudeDegrees>
            </Position>
            <AltitudeMeters>39.0</AltitudeMeters>
            <DistanceMeters>19245.0</DistanceMeters>
            <Extensions>
              <ns3:TPX>
                <ns3:RunCadence>84</ns3:RunCadence>
              </ns3:TPX>
            </Extensions>
            <Cadence>84</Cadence>
          </Trackpoint>
          <Trackpoint>
            <Time>2020-01-06T01:47:00Z</Time>
            <Position>
              <LatitudeDegrees>25.433366</LatitudeDegrees>
              <LongitudeDegrees>111.852706</LongitudeDegrees>
            </Position>
            <AltitudeMeters>38.9</AltitudeMeters>
            <DistanceMeters>19260.0</DistanceMeters>
            <Extensions>
              <ns3:TPX>
                <ns3:RunCadence>84</ns3:RunCadence>
              </ns3:TPX>
            </Extensions>
            <Cadence>84</Cadence>
          </Trackpoint>
          <Trackpoint>
            <Time>2020-01-06T01:47:05Z</Time>
            <Position>
              <LatitudeDegrees>25.433306</LatitudeDegrees>
              <LongitudeDegrees>111.852572</LongitudeDegrees>
            </Position>
            <AltitudeMeters>38.9</AltitudeMeters>
            <DistanceMeters>19275.0</DistanceMeters>
            <Extensions>
              <ns3:TPX>
                <ns3:RunCadence>85</ns3:RunCadence>
              </ns3:TPX>
            </Extensions>
            <Cadence>85</Cadence>
          </Trackpoint>
          <Trackpoint>
            <Time>2020-01-06T01:47:10Z</Time>
            <Position>
              <LatitudeDegrees>25.433241</LatitudeDegrees>
              <LongitudeDegrees>111.852441</LongitudeDegrees>
            </Position>
            <AltitudeMeters>38.80</AltitudeMeters>
            <DistanceMeters>19290.0</DistanceMeters>
            <Extensions>
              <ns3:TPX>
                <ns3:RunCadence>85</ns3:RunCadence>
              </ns3:TPX>
            </Extensions>
            <Cadence>85</Cadence>
          </Trackpoint>
          <Trackpoint>
            <Time>2020-01-06T01:47:15Z</Time>
            <Position>
              <LatitudeDegrees>25.433173</LatitudeDegrees>
              <LongitudeDegrees>111.852312</LongitudeDegrees>
            </Position>
            <AltitudeMeters>38.75</AltitudeMeters>
            <DistanceMeters>19305.0</DistanceMeters>
            <Extensions>
              <ns3:TPX>
                <ns3:RunCadence>85</ns3:RunCadence>
              </ns3:TPX>
            </Extensions>
            <Cadence>85</Cadence>
          </Trackpoint>
          <Trackpoint>
            <Time>2020-01-06T01:47:20Z</Time>
            <Position>
              <LatitudeDegrees>25.433102</LatitudeDegrees>
              <LongitudeDegrees>111.852185</LongitudeDegrees>
            </Position>
            <AltitudeMeters>38.70</AltitudeMeters>
            <DistanceMeters>19320.0</DistanceMeters>
            <Extensions>
              <ns3:TPX>
                <ns3:RunCadence>85</ns3:RunCadence>
              </ns3:TPX>
            </Extensions>
            <Cadence>85</Cadence>
          </Trackpoint>
          <Trackpoint>
            <Time>2020-01-06T01:47:25Z</Time>
            <Position>
              <LatitudeDegrees>25.433027</LatitudeDegrees>
              <LongitudeDegrees>111.852061</LongitudeDegrees>
            </Position>
            <AltitudeMeters>38.65</AltitudeMeters>
            <DistanceMeters>19335.0</DistanceMeters>
            <Extensions>
              <ns3:TPX>
                <ns3:RunCadence>85</ns3:RunCadence>
              </ns3:TPX>
            </Extensions>
            <Cadence>85</Cadence>
          </Trackpoint>
          <Trackpoint>
            <Time>2020-01-06T01:47:30Z</Time>
            <Position>
              <LatitudeDegrees>25.432949</LatitudeDegrees>
              <LongitudeDegrees>111.851939</LongitudeDegrees>
            </Position>
            <AltitudeMeters>38.60</AltitudeMeters>
            <DistanceMeters>19350.0</DistanceMeters>
            <Extensions>
              <ns3:TPX>
                <ns3:RunCadence>85</ns3:RunCadence>
              </ns3:TPX>
            </Extensions>
            <Cadence>85</Cadence>
          </Trackpoint>
          <Trackpoint>
            <Time>2020-01-06T01:47:35Z</Time>
            <Position>
              <LatitudeDegrees>25.432867</LatitudeDegrees>
              <LongitudeDegrees>111.851821</LongitudeDegrees>
            </Position>
            <AltitudeMeters>38.56</AltitudeMeters>
            <DistanceMeters>19365.0</DistanceMeters>
            <Extensions>
              <ns3:TPX>
                <ns3:RunCadence>86</ns3:RunCadence>
              </ns3:TPX>
            </Extensions>
            <Cadence>86</Cadence>
          </Trackpoint>
          <Trackpoint>
            <Time>2020-01-06T01:47:40Z</Time>
            <Position>
              <LatitudeDegrees>25.4328</LatitudeDegrees>
              <LongitudeDegrees>111.851705</LongitudeDegrees>
            </Position>
            <AltitudeMeters>38.52</AltitudeMeters>
            <DistanceMeters>19380.0</DistanceMeters>
            <Extensions>
              <ns3:TPX>
                <ns3:RunCadence>86</ns3:RunCadence>
              </ns3:TPX>
            </Extensions>
            <Cadence>86</Cadence>
          </Trackpoint>
          <Trackpoint>
            <Time>2020-01-06T01:47:45Z</Time>
            <Position>
              <LatitudeDegrees>25.432694</LatitudeDegrees>
              <LongitudeDegrees>111.851592</LongitudeDegrees>
            </Position>
            <AltitudeMeters>38.47</AltitudeMeters>
            <DistanceMeters>19395.0</DistanceMeters>
            <Extensions>
              <ns3:TPX>
                <ns3:RunCadence>86</ns3:RunCadence>
              </ns3:TPX>
            </Extensions>
            <Cadence>86</Cadence>
          </Trackpoint>
          <Trackpoint>
            <Time>2020-01-06T01:47:50Z</Time>
            <Position>
              <LatitudeDegrees>25.432602</LatitudeDegrees>
              <LongitudeDegrees>111.851482</LongitudeDegrees>
            </Position>
            <AltitudeMeters>38.43</AltitudeMeters>
            <DistanceMeters>19410.0</DistanceMeters>
            <Extensions>
              <ns3:TPX>
                <ns3:RunCadence>86</ns3:RunCadence>
              </ns3:TPX>
            </Extensions>
            <Cadence>86</Cadence>
          </Trackpoint>
          <Trackpoint>
            <Time>2020-01-06T01:47:55Z</Time>
            <Position>
              <LatitudeDegrees>25.432508</LatitudeDegrees>
              <LongitudeDegrees>111.851375</LongitudeDegrees>
            </Position>
            <AltitudeMeters>38.39</AltitudeMeters>
            <DistanceMeters>19425.0</DistanceMeters>
            <Extensions>
              <ns3:TPX>
                <ns3:RunCadence>86</ns3:RunCadence>
              </ns3:TPX>
            </Extensions>
            <Cadence>86</Cadence>
          </Trackpoint>
          <Trackpoint>
            <Time>2020-01-06T01:48:00Z</Time>
            <Position>
              <LatitudeDegrees>25.432410</LatitudeDegrees>
              <LongitudeDegrees>111.851272</LongitudeDegrees>
            </Position>
            <AltitudeMeters>38.36</AltitudeMeters>
            <DistanceMeters>19440.0</DistanceMeters>
            <Extensions>
              <ns3:TPX>
                <ns3:RunCadence>86</ns3:RunCadence>
              </ns3:TPX>
            </Extensions>
            <Cadence>86</Cadence>
          </Trackpoint>
          <Trackpoint>
            <Time>2020-01-06T01:48:05Z</Time>
            <Position>
              <LatitudeDegrees>25.432310</LatitudeDegrees>
              <LongitudeDegrees>111.85117</LongitudeDegrees>
            </Position>
            <AltitudeMeters>38.32</AltitudeMeters>
            <DistanceMeters>19455.0</DistanceMeters>
            <Extensions>
              <ns3:TPX>
                <ns3:RunCadence>86</ns3:RunCadence>
              </ns3:TPX>
            </Extensions>
            <Cadence>86</Cadence>
          </Trackpoint>
          <Trackpoint>
            <Time>2020-01-06T01:48:10Z</Time>
            <Position>
              <LatitudeDegrees>25.432207</LatitudeDegrees>
              <LongitudeDegrees>111.851075</LongitudeDegrees>
            </Position>
            <AltitudeMeters>38.3</AltitudeMeters>
            <DistanceMeters>19470.0</DistanceMeters>
            <Extensions>
              <ns3:TPX>
                <ns3:RunCadence>86</ns3:RunCadence>
              </ns3:TPX>
            </Extensions>
            <Cadence>86</Cadence>
          </Trackpoint>
          <Trackpoint>
            <Time>2020-01-06T01:48:15Z</Time>
            <Position>
              <LatitudeDegrees>25.432102</LatitudeDegrees>
              <LongitudeDegrees>111.850982</LongitudeDegrees>
            </Position>
            <AltitudeMeters>38.25</AltitudeMeters>
            <DistanceMeters>19485.0</DistanceMeters>
            <Extensions>
              <ns3:TPX>
                <ns3:RunCadence>87</ns3:RunCadence>
              </ns3:TPX>
            </Extensions>
            <Cadence>87</Cadence>
          </Trackpoint>
          <Trackpoint>
            <Time>2020-01-06T01:48:20Z</Time>
            <Position>
              <LatitudeDegrees>25.431994</LatitudeDegrees>
              <LongitudeDegrees>111.850893</LongitudeDegrees>
            </Position>
            <AltitudeMeters>38.22</AltitudeMeters>
            <DistanceMeters>19500.0</DistanceMeters>
            <Extensions>
              <ns3:TPX>
                <ns3:RunCadence>87</ns3:RunCadence>
              </ns3:TPX>
            </Extensions>
            <Cadence>87</Cadence>
          </Trackpoint>
          <Trackpoint>
            <Time>2020-01-06T01:48:25Z</Time>
            <Position>
              <LatitudeDegrees>25.431883</LatitudeDegrees>
              <LongitudeDegrees>111.850807</LongitudeDegrees>
            </Position>
            <AltitudeMeters>38.19</AltitudeMeters>
            <DistanceMeters>19515.0</DistanceMeters>
            <Extensions>
              <ns3:TPX>
                <ns3:RunCadence>87</ns3:RunCadence>
              </ns3:TPX>
            </Extensions>
            <Cadence>87</Cadence>
          </Trackpoint>
          <Trackpoint>
            <Time>2020-01-06T01:48:30Z</Time>
            <Position>
              <LatitudeDegrees>25.431770</LatitudeDegrees>
              <LongitudeDegrees>111.850726</LongitudeDegrees>
            </Position>
            <AltitudeMeters>38.17</AltitudeMeters>
            <DistanceMeters>19530.0</DistanceMeters>
            <Extensions>
              <ns3:TPX>
                <ns3:RunCadence>87</ns3:RunCadence>
              </ns3:TPX>
            </Extensions>
            <Cadence>87</Cadence>
          </Trackpoint>
          <Trackpoint>
            <Time>2020-01-06T01:48:35Z</Time>
            <Position>
              <LatitudeDegrees>25.431655</LatitudeDegrees>
              <LongitudeDegrees>111.850648</LongitudeDegrees>
            </Position>
            <AltitudeMeters>38.1</AltitudeMeters>
            <DistanceMeters>19545.0</DistanceMeters>
            <Extensions>
              <ns3:TPX>
                <ns3:RunCadence>87</ns3:RunCadence>
              </ns3:TPX>
            </Extensions>
            <Cadence>87</Cadence>
          </Trackpoint>
          <Trackpoint>
            <Time>2020-01-06T01:48:40Z</Time>
            <Position>
              <LatitudeDegrees>25.431538</LatitudeDegrees>
              <LongitudeDegrees>111.850574</LongitudeDegrees>
            </Position>
            <AltitudeMeters>38.12</AltitudeMeters>
            <DistanceMeters>19560.0</DistanceMeters>
            <Extensions>
              <ns3:TPX>
                <ns3:RunCadence>87</ns3:RunCadence>
              </ns3:TPX>
            </Extensions>
            <Cadence>87</Cadence>
          </Trackpoint>
          <Trackpoint>
            <Time>2020-01-06T01:48:45Z</Time>
            <Position>
              <LatitudeDegrees>25.431419</LatitudeDegrees>
              <LongitudeDegrees>111.850504</LongitudeDegrees>
            </Position>
            <AltitudeMeters>38.10</AltitudeMeters>
            <DistanceMeters>19575.0</DistanceMeters>
            <Extensions>
              <ns3:TPX>
                <ns3:RunCadence>87</ns3:RunCadence>
              </ns3:TPX>
            </Extensions>
            <Cadence>87</Cadence>
          </Trackpoint>
          <Trackpoint>
            <Time>2020-01-06T01:48:50Z</Time>
            <Position>
              <LatitudeDegrees>25.431297</LatitudeDegrees>
              <LongitudeDegrees>111.850438</LongitudeDegrees>
            </Position>
            <AltitudeMeters>38.08</AltitudeMeters>
            <DistanceMeters>19590.0</DistanceMeters>
            <Extensions>
              <ns3:TPX>
                <ns3:RunCadence>87</ns3:RunCadence>
              </ns3:TPX>
            </Extensions>
            <Cadence>87</Cadence>
          </Trackpoint>
          <Trackpoint>
            <Time>2020-01-06T01:48:55Z</Time>
            <Position>
              <LatitudeDegrees>25.431175</LatitudeDegrees>
              <LongitudeDegrees>111.850377</LongitudeDegrees>
            </Position>
            <AltitudeMeters>38.06</AltitudeMeters>
            <DistanceMeters>19605.0</DistanceMeters>
            <Extensions>
              <ns3:TPX>
                <ns3:RunCadence>87</ns3:RunCadence>
              </ns3:TPX>
            </Extensions>
            <Cadence>87</Cadence>
          </Trackpoint>
          <Trackpoint>
            <Time>2020-01-06T01:49:00Z</Time>
            <Position>
              <LatitudeDegrees>25.431050</LatitudeDegrees>
              <LongitudeDegrees>111.850319</LongitudeDegrees>
            </Position>
            <AltitudeMeters>38.05</AltitudeMeters>
            <DistanceMeters>19620.0</DistanceMeters>
            <Extensions>
              <ns3:TPX>
                <ns3:RunCadence>87</ns3:RunCadence>
              </ns3:TPX>
            </Extensions>
            <Cadence>87</Cadence>
          </Trackpoint>
          <Trackpoint>
            <Time>2020-01-06T01:49:05Z</Time>
            <Position>
              <LatitudeDegrees>25.43092</LatitudeDegrees>
              <LongitudeDegrees>111.850266</LongitudeDegrees>
            </Position>
            <AltitudeMeters>38.03</AltitudeMeters>
            <DistanceMeters>19635.0</DistanceMeters>
          </Trackpoint>
          <Trackpoint>
            <Time>2020-01-06T01:49:10Z</Time>
            <Position>
              <LatitudeDegrees>25.430796</LatitudeDegrees>
              <LongitudeDegrees>111.850218</LongitudeDegrees>
            </Position>
            <AltitudeMeters>38.02</AltitudeMeters>
            <DistanceMeters>19650.0</DistanceMeters>
            <Extensions>
              <ns3:TPX>
                <ns3:RunCadence>87</ns3:RunCadence>
              </ns3:TPX>
            </Extensions>
            <Cadence>87</Cadence>
          </Trackpoint>
          <Trackpoint>
            <Time>2020-01-06T01:49:15Z</Time>
            <Position>
              <LatitudeDegrees>25.430667</LatitudeDegrees>
              <LongitudeDegrees>111.850174</LongitudeDegrees>
            </Position>
            <AltitudeMeters>38.01</AltitudeMeters>
            <DistanceMeters>19665.0</DistanceMeters>
            <Extensions>
              <ns3:TPX>
                <ns3:RunCadence>87</ns3:RunCadence>
              </ns3:TPX>
            </Extensions>
            <Cadence>87</Cadence>
          </Trackpoint>
          <Trackpoint>
            <Time>2020-01-06T01:49:20Z</Time>
            <Position>
              <LatitudeDegrees>25.43054</LatitudeDegrees>
              <LongitudeDegrees>111.850134</LongitudeDegrees>
            </Position>
            <AltitudeMeters>38.01</AltitudeMeters>
            <DistanceMeters>19680.0</DistanceMeters>
            <Extensions>
              <ns3:TPX>
                <ns3:RunCadence>87</ns3:RunCadence>
              </ns3:TPX>
            </Extensions>
            <Cadence>87</Cadence>
          </Trackpoint>
          <Trackpoint>
            <Time>2020-01-06T01:49:25Z</Time>
            <Position>
              <LatitudeDegrees>25.430406</LatitudeDegrees>
              <LongitudeDegrees>111.850098</LongitudeDegrees>
            </Position>
            <AltitudeMeters>38.00</AltitudeMeters>
            <DistanceMeters>19695.0</DistanceMeters>
            <Extensions>
              <ns3:TPX>
                <ns3:RunCadence>87</ns3:RunCadence>
              </ns3:TPX>
            </Extensions>
            <Cadence>87</Cadence>
          </Trackpoint>
          <Trackpoint>
            <Time>2020-01-06T01:49:30Z</Time>
            <Position>
              <LatitudeDegrees>25.430274</LatitudeDegrees>
              <LongitudeDegrees>111.850068</LongitudeDegrees>
            </Position>
            <AltitudeMeters>38.00</AltitudeMeters>
            <DistanceMeters>19710.0</DistanceMeters>
            <Extensions>
              <ns3:TPX>
                <ns3:RunCadence>87</ns3:RunCadence>
              </ns3:TPX>
            </Extensions>
            <Cadence>87</Cadence>
          </Trackpoint>
          <Trackpoint>
            <Time>2020-01-06T01:49:35Z</Time>
            <Position>
              <LatitudeDegrees>25.430142</LatitudeDegrees>
              <LongitudeDegrees>111.850041</LongitudeDegrees>
            </Position>
            <AltitudeMeters>38.00</AltitudeMeters>
            <DistanceMeters>19725.0</DistanceMeters>
            <Extensions>
              <ns3:TPX>
                <ns3:RunCadence>87</ns3:RunCadence>
              </ns3:TPX>
            </Extensions>
            <Cadence>87</Cadence>
          </Trackpoint>
          <Trackpoint>
            <Time>2020-01-06T01:49:40Z</Time>
            <Position>
              <LatitudeDegrees>25.430008</LatitudeDegrees>
              <LongitudeDegrees>111.850020</LongitudeDegrees>
            </Position>
            <AltitudeMeters>38.00</AltitudeMeters>
            <DistanceMeters>19740.0</DistanceMeters>
          </Trackpoint>
          <Trackpoint>
            <Time>2020-01-06T01:49:45Z</Time>
            <Position>
              <LatitudeDegrees>25.429874</LatitudeDegrees>
              <LongitudeDegrees>111.850002</LongitudeDegrees>
            </Position>
            <AltitudeMeters>38.01</AltitudeMeters>
            <DistanceMeters>19755.0</DistanceMeters>
          </Trackpoint>
          <Trackpoint>
            <Time>2020-01-06T01:49:50Z</Time>
            <Position>
              <LatitudeDegrees>25.429740</LatitudeDegrees>
              <LongitudeDegrees>111.849990</LongitudeDegrees>
            </Position>
            <AltitudeMeters>38.01</AltitudeMeters>
            <DistanceMeters>19770.0</DistanceMeters>
            <Extensions>
              <ns3:TPX>
                <ns3:RunCadence>87</ns3:RunCadence>
              </ns3:TPX>
            </Extensions>
            <Cadence>87</Cadence>
          </Trackpoint>
          <Trackpoint>
            <Time>2020-01-06T01:49:55Z</Time>
            <Position>
              <LatitudeDegrees>25.429605</LatitudeDegrees>
              <LongitudeDegrees>111.849982</LongitudeDegrees>
            </Position>
            <AltitudeMeters>38.02</AltitudeMeters>
            <DistanceMeters>19785.0</DistanceMeters>
          </Trackpoint>
          <Trackpoint>
            <Time>2020-01-06T01:50:00Z</Time>
            <Position>
              <LatitudeDegrees>25.429470</LatitudeDegrees>
              <LongitudeDegrees>111.849979</LongitudeDegrees>
            </Position>
            <AltitudeMeters>38.03</AltitudeMeters>
            <DistanceMeters>19800.0</DistanceMeters>
            <Extensions>
              <ns3:TPX>
                <ns3:RunCadence>86</ns3:RunCadence>
              </ns3:TPX>
            </Extensions>
            <Cadence>86</Cadence>
          </Trackpoint>
          <Trackpoint>
            <Time>2020-01-06T01:50:05Z</Time>
            <Position>
              <LatitudeDegrees>25.429335</LatitudeDegrees>
              <LongitudeDegrees>111.849980</LongitudeDegrees>
            </Position>
            <AltitudeMeters>38.04</AltitudeMeters>
            <DistanceMeters>19815.0</DistanceMeters>
            <Extensions>
              <ns3:TPX>
                <ns3:RunCadence>86</ns3:RunCadence>
              </ns3:TPX>
            </Extensions>
            <Cadence>86</Cadence>
          </Trackpoint>
          <Trackpoint>
            <Time>2020-01-06T01:50:10Z</Time>
            <Position>
              <LatitudeDegrees>25.429201</LatitudeDegrees>
              <LongitudeDegrees>111.849986</LongitudeDegrees>
            </Position>
            <AltitudeMeters>38.05</AltitudeMeters>
            <DistanceMeters>19830.0</DistanceMeters>
            <Extensions>
              <ns3:TPX>
                <ns3:RunCadence>86</ns3:RunCadence>
              </ns3:TPX>
            </Extensions>
            <Cadence>86</Cadence>
          </Trackpoint>
          <Trackpoint>
            <Time>2020-01-06T01:50:15Z</Time>
            <Position>
              <LatitudeDegrees>25.429066</LatitudeDegrees>
              <LongitudeDegrees>111.849996</LongitudeDegrees>
            </Position>
            <AltitudeMeters>38.07</AltitudeMeters>
            <DistanceMeters>19845.0</DistanceMeters>
            <Extensions>
              <ns3:TPX>
                <ns3:RunCadence>86</ns3:RunCadence>
              </ns3:TPX>
            </Extensions>
            <Cadence>86</Cadence>
          </Trackpoint>
          <Trackpoint>
            <Time>2020-01-06T01:50:20Z</Time>
            <Position>
              <LatitudeDegrees>25.428932</LatitudeDegrees>
              <LongitudeDegrees>111.850011</LongitudeDegrees>
            </Position>
            <AltitudeMeters>38.09</AltitudeMeters>
            <DistanceMeters>19860.0</DistanceMeters>
            <Extensions>
              <ns3:TPX>
                <ns3:RunCadence>86</ns3:RunCadence>
              </ns3:TPX>
            </Extensions>
            <Cadence>86</Cadence>
          </Trackpoint>
          <Trackpoint>
            <Time>2020-01-06T01:50:25Z</Time>
            <Position>
              <LatitudeDegrees>25.428798</LatitudeDegrees>
              <LongitudeDegrees>111.850031</LongitudeDegrees>
            </Position>
            <AltitudeMeters>38.11</AltitudeMeters>
            <DistanceMeters>19875.0</DistanceMeters>
            <Extensions>
              <ns3:TPX>
                <ns3:RunCadence>86</ns3:RunCadence>
              </ns3:TPX>
            </Extensions>
            <Cadence>86</Cadence>
          </Trackpoint>
          <Trackpoint>
            <Time>2020-01-06T01:50:30Z</Time>
            <Position>
              <LatitudeDegrees>25.428665</LatitudeDegrees>
              <LongitudeDegrees>111.85006</LongitudeDegrees>
            </Position>
            <AltitudeMeters>38.13</AltitudeMeters>
            <DistanceMeters>19890.0</DistanceMeters>
            <Extensions>
              <ns3:TPX>
                <ns3:RunCadence>86</ns3:RunCadence>
              </ns3:TPX>
            </Extensions>
            <Cadence>86</Cadence>
          </Trackpoint>
          <Trackpoint>
            <Time>2020-01-06T01:50:35Z</Time>
            <Position>
              <LatitudeDegrees>25.428533</LatitudeDegrees>
              <LongitudeDegrees>111.850084</LongitudeDegrees>
            </Position>
            <AltitudeMeters>38.15</AltitudeMeters>
            <DistanceMeters>19905.0</DistanceMeters>
            <Extensions>
              <ns3:TPX>
                <ns3:RunCadence>85</ns3:RunCadence>
              </ns3:TPX>
            </Extensions>
            <Cadence>85</Cadence>
          </Trackpoint>
          <Trackpoint>
            <Time>2020-01-06T01:50:40Z</Time>
            <Position>
              <LatitudeDegrees>25.42840</LatitudeDegrees>
              <LongitudeDegrees>111.850117</LongitudeDegrees>
            </Position>
            <AltitudeMeters>38.18</AltitudeMeters>
            <DistanceMeters>19920.0</DistanceMeters>
            <Extensions>
              <ns3:TPX>
                <ns3:RunCadence>85</ns3:RunCadence>
              </ns3:TPX>
            </Extensions>
            <Cadence>85</Cadence>
          </Trackpoint>
          <Trackpoint>
            <Time>2020-01-06T01:50:45Z</Time>
            <Position>
              <LatitudeDegrees>25.428271</LatitudeDegrees>
              <LongitudeDegrees>111.850155</LongitudeDegrees>
            </Position>
            <AltitudeMeters>38.21</AltitudeMeters>
            <DistanceMeters>19935.0</DistanceMeters>
            <Extensions>
              <ns3:TPX>
                <ns3:RunCadence>85</ns3:RunCadence>
              </ns3:TPX>
            </Extensions>
            <Cadence>85</Cadence>
          </Trackpoint>
          <Trackpoint>
            <Time>2020-01-06T01:50:50Z</Time>
            <Position>
              <LatitudeDegrees>25.428141</LatitudeDegrees>
              <LongitudeDegrees>111.85020</LongitudeDegrees>
            </Position>
            <AltitudeMeters>38.24</AltitudeMeters>
            <DistanceMeters>19950.0</DistanceMeters>
            <Extensions>
              <ns3:TPX>
                <ns3:RunCadence>85</ns3:RunCadence>
              </ns3:TPX>
            </Extensions>
            <Cadence>85</Cadence>
          </Trackpoint>
          <Trackpoint>
            <Time>2020-01-06T01:50:55Z</Time>
            <Position>
              <LatitudeDegrees>25.428013</LatitudeDegrees>
              <LongitudeDegrees>111.850244</LongitudeDegrees>
            </Position>
            <AltitudeMeters>38.27</AltitudeMeters>
            <DistanceMeters>19965.0</DistanceMeters>
            <Extensions>
              <ns3:TPX>
                <ns3:RunCadence>85</ns3:RunCadence>
              </ns3:TPX>
            </Extensions>
            <Cadence>85</Cadence>
          </Trackpoint>
          <Trackpoint>
            <Time>2020-01-06T01:51:00Z</Time>
            <Position>
              <LatitudeDegrees>25.427886</LatitudeDegrees>
              <LongitudeDegrees>111.850295</LongitudeDegrees>
            </Position>
            <AltitudeMeters>38.3</AltitudeMeters>
            <DistanceMeters>19980.0</DistanceMeters>
            <Extensions>
              <ns3:TPX>
                <ns3:RunCadence>85</ns3:RunCadence>
              </ns3:TPX>
            </Extensions>
            <Cadence>85</Cadence>
          </Trackpoint>
          <Trackpoint>
            <Time>2020-01-06T01:51:05Z</Time>
            <Position>
              <LatitudeDegrees>25.427761</LatitudeDegrees>
              <LongitudeDegrees>111.850351</LongitudeDegrees>
            </Position>
            <AltitudeMeters>38.34</AltitudeMeters>
            <DistanceMeters>19995.0</DistanceMeters>
            <Extensions>
              <ns3:TPX>
                <ns3:RunCadence>84</ns3:RunCadence>
              </ns3:TPX>
            </Extensions>
            <Cadence>84</Cadence>
          </Trackpoint>
          <Trackpoint>
            <Time>2020-01-06T01:51:10Z</Time>
            <Position>
              <LatitudeDegrees>25.427637</LatitudeDegrees>
              <LongitudeDegrees>111.850410</LongitudeDegrees>
            </Position>
            <AltitudeMeters>38.37</AltitudeMeters>
            <DistanceMeters>20010.0</DistanceMeters>
            <Extensions>
              <ns3:TPX>
                <ns3:RunCadence>84</ns3:RunCadence>
              </ns3:TPX>
            </Extensions>
            <Cadence>84</Cadence>
          </Trackpoint>
          <Trackpoint>
            <Time>2020-01-06T01:51:15Z</Time>
            <Position>
              <LatitudeDegrees>25.427515</LatitudeDegrees>
              <LongitudeDegrees>111.850474</LongitudeDegrees>
            </Position>
            <AltitudeMeters>38.41</AltitudeMeters>
            <DistanceMeters>20025.0</DistanceMeters>
            <Extensions>
              <ns3:TPX>
                <ns3:RunCadence>84</ns3:RunCadence>
              </ns3:TPX>
            </Extensions>
            <Cadence>84</Cadence>
          </Trackpoint>
          <Trackpoint>
            <Time>2020-01-06T01:51:20Z</Time>
            <Position>
              <LatitudeDegrees>25.427395</LatitudeDegrees>
              <LongitudeDegrees>111.850542</LongitudeDegrees>
            </Position>
            <AltitudeMeters>38.45</AltitudeMeters>
            <DistanceMeters>20040.0</DistanceMeters>
            <Extensions>
              <ns3:TPX>
                <ns3:RunCadence>84</ns3:RunCadence>
              </ns3:TPX>
            </Extensions>
            <Cadence>84</Cadence>
          </Trackpoint>
          <Trackpoint>
            <Time>2020-01-06T01:51:25Z</Time>
            <Position>
              <LatitudeDegrees>25.427277</LatitudeDegrees>
              <LongitudeDegrees>111.850614</LongitudeDegrees>
            </Position>
            <AltitudeMeters>38.49</AltitudeMeters>
            <DistanceMeters>20055.0</DistanceMeters>
            <Extensions>
              <ns3:TPX>
                <ns3:RunCadence>84</ns3:RunCadence>
              </ns3:TPX>
            </Extensions>
            <Cadence>84</Cadence>
          </Trackpoint>
          <Trackpoint>
            <Time>2020-01-06T01:51:30Z</Time>
            <Position>
              <LatitudeDegrees>25.427161</LatitudeDegrees>
              <LongitudeDegrees>111.850690</LongitudeDegrees>
            </Position>
            <AltitudeMeters>38.54</AltitudeMeters>
            <DistanceMeters>20070.0</DistanceMeters>
            <Extensions>
              <ns3:TPX>
                <ns3:RunCadence>84</ns3:RunCadence>
              </ns3:TPX>
            </Extensions>
            <Cadence>84</Cadence>
          </Trackpoint>
          <Trackpoint>
            <Time>2020-01-06T01:51:35Z</Time>
            <Position>
              <LatitudeDegrees>25.427047</LatitudeDegrees>
              <LongitudeDegrees>111.85077</LongitudeDegrees>
            </Position>
            <AltitudeMeters>38.58</AltitudeMeters>
            <DistanceMeters>20085.0</DistanceMeters>
            <Extensions>
              <ns3:TPX>
                <ns3:RunCadence>83</ns3:RunCadence>
              </ns3:TPX>
            </Extensions>
            <Cadence>83</Cadence>
          </Trackpoint>
          <Trackpoint>
            <Time>2020-01-06T01:51:40Z</Time>
            <Position>
              <LatitudeDegrees>25.426936</LatitudeDegrees>
              <LongitudeDegrees>111.85085</LongitudeDegrees>
            </Position>
            <AltitudeMeters>38.63</AltitudeMeters>
            <DistanceMeters>20100.0</DistanceMeters>
            <Extensions>
              <ns3:TPX>
                <ns3:RunCadence>83</ns3:RunCadence>
              </ns3:TPX>
            </Extensions>
            <Cadence>83</Cadence>
          </Trackpoint>
          <Trackpoint>
            <Time>2020-01-06T01:51:45Z</Time>
            <Position>
              <LatitudeDegrees>25.426826</LatitudeDegrees>
              <LongitudeDegrees>111.850942</LongitudeDegrees>
            </Position>
            <AltitudeMeters>38.67</AltitudeMeters>
            <DistanceMeters>20115.0</DistanceMeters>
            <Extensions>
              <ns3:TPX>
                <ns3:RunCadence>83</ns3:RunCadence>
              </ns3:TPX>
            </Extensions>
            <Cadence>83</Cadence>
          </Trackpoint>
          <Trackpoint>
            <Time>2020-01-06T01:51:50Z</Time>
            <Position>
              <LatitudeDegrees>25.426720</LatitudeDegrees>
              <LongitudeDegrees>111.851033</LongitudeDegrees>
            </Position>
            <AltitudeMeters>38.72</AltitudeMeters>
            <DistanceMeters>20130.0</DistanceMeters>
            <Extensions>
              <ns3:TPX>
                <ns3:RunCadence>83</ns3:RunCadence>
              </ns3:TPX>
            </Extensions>
            <Cadence>83</Cadence>
          </Trackpoint>
          <Trackpoint>
            <Time>2020-01-06T01:51:55Z</Time>
            <Position>
              <LatitudeDegrees>25.426616</LatitudeDegrees>
              <LongitudeDegrees>111.851128</LongitudeDegrees>
            </Position>
            <AltitudeMeters>38.77</AltitudeMeters>
            <DistanceMeters>20145.0</DistanceMeters>
            <Extensions>
              <ns3:TPX>
                <ns3:RunCadence>83</ns3:RunCadence>
              </ns3:TPX>
            </Extensions>
            <Cadence>83</Cadence>
          </Trackpoint>
          <Trackpoint>
            <Time>2020-01-06T01:52:00Z</Time>
            <Position>
              <LatitudeDegrees>25.426514</LatitudeDegrees>
              <LongitudeDegrees>111.851227</LongitudeDegrees>
            </Position>
            <AltitudeMeters>38.83</AltitudeMeters>
            <DistanceMeters>20160.0</DistanceMeters>
            <Extensions>
              <ns3:TPX>
                <ns3:RunCadence>83</ns3:RunCadence>
              </ns3:TPX>
            </Extensions>
            <Cadence>83</Cadence>
          </Trackpoint>
        </Track>
      </Lap>
    </Activity>
  </Activities>
</TrainingCenterDatabase>
